metadata,key,value
metadata,evidence_contract,gpu02s-persistent-session-v1
metadata,base_revision,1d0625589a6bb5b7744fe7319183c55a3032ff10
metadata,status,incomplete_until_completion_record
metadata,evidence_kind,canonical
metadata,automatic_dispatch_authorized,false
metadata,production_acceptance_authorized,false
metadata,speedup_claim,false
metadata,workload_representation,compiler-derived synthetic session envelope
metadata,command,/home/adam/.cache/bazel/_bazel_adam/eecd01b58056b0b7acbaf3efb8be965c/execroot/_main/bazel-out/k8-opt/bin/cuda/gpu02s_session_benchmark --corpus=replays/prepared_ac/session_v1/corpus.csv --source=./.bazelrc --source=./.bazelversion --source=./BUILD.bazel --source=./MODULE.bazel --source=./MODULE.bazel.lock --source=./README.md --source=docs/BUILDING.md --source=docs/adr/ADR-001-cpp-cuda-migration.md --source=docs/roadmap.md --source=cpp/BUILD.bazel --source=cpp/benchmarks/prepared_ac_session.cc --source=cpp/benchmarks/prepared_ac_session.h --source=cpp/include/ohmnivore/compiler.h --source=cpp/include/ohmnivore/ir.h --source=cpp/include/ohmnivore/prepared_ac.h --source=cpp/include/ohmnivore/solver.h --source=cpp/include/ohmnivore/sparse.h --source=cpp/include/ohmnivore/status.h --source=cpp/src/compiler.cc --source=cpp/src/prepared_ac.cc --source=cpp/src/prepared_ac_internal.h --source=cpp/src/solver.cc --source=cuda/gpu02s_session_benchmark.cc --source=cuda/prepared_ac_cuda.cu --source=cuda/prepared_ac_cuda.h --source=cuda/BUILD.bazel --source=replays/prepared_ac/session_v1/corpus.csv --source=replays/prepared_ac/session_v1/BUILD.bazel --source=replays/prepared_ac/session_v1/README.md --source=third_party/cudss/BUILD.bazel --source=third_party/cudss/BUILD.cudss.bazel --source=third_party/cudss/PROVENANCE.md --source=third_party/suitesparse/BUILD.bazel --source=third_party/suitesparse/BUILD.suitesparse.bazel --source=third_party/suitesparse/PROVENANCE.md --warmups=3 --repetitions=20 --persistent-sessions=20
metadata,start_utc,2026-08-19T07:17:42Z
metadata,manifest_fingerprint,v1-de52b10506655ec327cab7e010fbe106
metadata,source_fingerprint,v1-3fd5bc5a942844e720117d9a43d50c6c
metadata,binary_fingerprint,v1-ae9c40b2e86de2649b7f3958533d3839
metadata,source_input_count,35
metadata,source_identity_scope,governing_docs+benchmark+session_corpus+prepared_contract+compiler+solver+cuda_executor+bazel_module_lock+vendor_build_inputs
metadata,bazel_version,9.2.0
metadata,compiler,15.2.0
metadata,build_mode,optimized_cuda
metadata,bazel_configuration,opt+cuda
metadata,canonical_bazel_invocation,bazel run -c opt --config=cuda //cuda:gpu02s_session_benchmark -- --warmups=3 --repetitions=20 --persistent-sessions=20
metadata,host_toolchain,nvcc-13.0.88+gcc-15.2.0
metadata,suitesparse_version,7.12.3
metadata,suitesparse_archive_sha256,158ee4ed2ce3fdcbf52c4e47e94b0d1a8ae13344b4a835991d78a3ad20f08086
metadata,klu_version,2.3.6
metadata,cudss_version,0.8.0.10
metadata,cudss_archive_sha256,ba18f5fd80dcbbe905d158caac5b3061d848442bb5abd477b5f296b4257a4937
metadata,cudss_execution_shape,uniform_batch_all_members
metadata,cudss_matching,disabled
metadata,cudss_deterministic_mode,disabled
metadata,cudss_fp64_iterative_refinement_steps,1
metadata,cudss_reordering,default
metadata,cudss_factorization,default
metadata,cuda_toolkit_redist_version,13.0.2
metadata,nvcc_redist_version,13.0.88
metadata,cublas_redist_version,13.1.0.3
metadata,cublas_archive_sha256,88bc951efd906032a371153ca61975e0d9c4761e4012169169a6b3a47931606e
metadata,cuda_architectures,compute_120+sm_120
metadata,cuda_runtime_linkage,static
metadata,kernel,Linux 6.18.33.2-microsoft-standard-WSL2 x86_64
metadata,cpu,AMD Ryzen 9 9950X3D 16-Core Processor
metadata,hardware_threads,32
metadata,gpu,NVIDIA GeForce RTX 5080
metadata,gpu_uuid,12fc46ca1e10bfc0099784b0fa735418
metadata,compute_capability,12.0
metadata,driver_api,13030
metadata,runtime_api,13000
metadata,gpu_global_memory_bytes,17094475776
metadata,warmups,3
metadata,repetitions,20
metadata,persistent_steady_sessions,20
metadata,expected_raw_sessions,320
metadata,expected_raw_prefixes,1280
metadata,expected_persistent_samples,336
metadata,quantile_rule,nearest_rank_sorted_ceil_pn_minus_1
metadata,clock,std::chrono::steady_clock
metadata,fork_overhead_in_timing,false
metadata,memory_boundary,"isolated_child_ru_maxrss+max(controlled_plus_cudss_peak,cuda_mem_info_batch_delta)"
metadata,validation_boundary,all_results_residual_checked+fresh_cpu_klu_componentwise_certified
metadata,cuda_phase_boundary,host_intervals_nonoverlapping;remainder=complete_execute_wall_minus_classified_intervals
metadata,cuda_device_telemetry_boundary,event_elapsed_overlaps_host_submit_and_sync_intervals
metadata,cold_boundary,fresh_child_one_context_per_session
metadata,steady_boundary,later_same-structure corners
metadata,candidate_boundary,execute+residual_validation;fresh KLU certification measured separately and mandatory
metadata,inline_boundary,execute+complete fresh KLU certification
metadata,technical_crossover_thresholds,median=1.25;p95=1.10;gpu_peak_bytes=2147483648
sample,case_id,workload_class,mode,repetition,prefix_corners,dimension,nnz,batch,accepted_members,participating_threads,preparation_ns,executor_create_ns,execute_ns,runtime_validation_ns,excluded_certification_ns,lane_total_ns,certified_total_ns,first_corner_ns,later_corner_median_ns,later_corner_p95_ns,cpu_symbolic_analyses,backend_solves,certification_solves,structure_preparations,structure_uploads,values_rhs_uploads,same_structure_refreshes,cuda_analyses,factorization_calls,solve_calls,context_setup_ns,library_setup_ns,host_pack_ns,upload_ns,matrix_setup_ns,analysis_ns,factor_solve_ns,analysis_device_ns,factor_solve_device_ns,readback_ns,phase_status_ns,memory_accounting_ns,result_assembly_ns,release_ns,cuda_execute_phase_remainder_ns,cpu_peak_rss_bytes,gpu_peak_batch_bytes,outstanding_device_bytes,failures
persistent_sample,case_id,workload_class,mode,phase,ordinal,corner_count,accepted_members,participating_threads,cpu_symbolic_analyses,backend_solves,certification_solves,preparation_ns,executor_create_ns,execute_ns,runtime_validation_ns,excluded_certification_ns,lane_total_ns,certified_total_ns,first_corner_ns,later_corner_median_ns,later_corner_p95_ns,context_setup_ns,library_setup_ns,structure_preparations,structure_uploads,values_rhs_uploads,same_structure_refreshes,cuda_analyses,factorization_calls,solve_calls,host_pack_ns,upload_ns,matrix_setup_ns,analysis_ns,factor_solve_ns,analysis_device_ns,factor_solve_device_ns,readback_ns,phase_status_ns,memory_accounting_ns,result_assembly_ns,cuda_execute_phase_remainder_ns,cpu_peak_rss_bytes,gpu_peak_batch_bytes,failures
identity,case_id,corner_ordinal,structure_fingerprint,batch_fingerprint,aggregate_member_fingerprint,member_count
case,case_id,workload_class,topology,node_count,branch_count,dimension,nnz,batch,corner_count
summary,case_id,workload_class,mode,prefix_corners,sample_count,min_total_ns,median_total_ns,p95_total_ns,max_total_ns,certified_median_ns,first_corner_median_ns,later_corner_median_ns,later_corner_p95_ns,median_throughput_members_per_second,peak_cpu_bytes,peak_gpu_bytes
crossover,case_id,lane,status,first_prefix_corners,first_accepted_members
persistent_summary,case_id,workload_class,mode,cold_total_ns,steady_sample_count,steady_min_ns,steady_median_ns,steady_p95_ns,steady_max_ns,steady_certified_median_ns,steady_median_throughput_members_per_second,steady_peak_cpu_bytes,steady_peak_gpu_bytes,cold_to_steady_ratio,release_ns,outstanding_device_bytes
case,tree_session_control,session_control,binary_tree,256,1,257,768,64,4
identity,tree_session_control,0,v1-b7dbae64c3b47c80919d1f9a135cb449,v1-944885829915d0a64a2e55f5f547d477,v1-a78388075811b2da71da8957f6e21b25,64
identity,tree_session_control,1,v1-b7dbae64c3b47c80919d1f9a135cb449,v1-f3e43cae737a0c58716fd22289374485,v1-6bcc459185e8ae6a11b2cd98033f470d,64
identity,tree_session_control,2,v1-b7dbae64c3b47c80919d1f9a135cb449,v1-00a28829c51e7b5308590fca454ee2ae,v1-0cda82fd4604786f0ab829565a9013d0,64
identity,tree_session_control,3,v1-b7dbae64c3b47c80919d1f9a135cb449,v1-842bd8a6cfc0998f48357f6d3400210e,v1-7c096f3e2c58567533ebbd0760c4c866,64
sample,tree_session_control,session_control,parallel_inline_certified,0,1,257,768,64,64,32,3220366,2997582,3546234,8411622,0,18175804,18175804,18175804,0,0,32,64,64,0,0,0,0,0,0,0,0,0,0,0,0,0,0,0,0,0,0,0,0,0,0,108843008,0,0,0
sample,tree_session_control,session_control,parallel_inline_certified,0,2,257,768,64,128,32,5705265,2997582,5203211,16733985,0,30640043,30640043,18175804,12464239,12464239,32,128,128,0,0,0,0,0,0,0,0,0,0,0,0,0,0,0,0,0,0,0,0,0,0,108843008,0,0,0
sample,tree_session_control,session_control,parallel_inline_certified,0,3,257,768,64,192,32,7919379,2997582,6843676,25150959,0,42911596,42911596,18175804,12271553,12464239,32,192,192,0,0,0,0,0,0,0,0,0,0,0,0,0,0,0,0,0,0,0,0,0,0,108843008,0,0,0
sample,tree_session_control,session_control,parallel_inline_certified,0,4,257,768,64,256,32,10132592,2997582,8512736,33632364,0,55275274,55275274,18175804,12363678,12464239,32,256,256,0,0,0,0,0,0,0,0,0,0,0,0,0,0,0,0,0,0,0,0,1040606,0,108843008,0,0,0
sample,tree_session_control,session_control,parallel_inline_certified,1,1,257,768,64,64,32,3099325,2918442,3483145,8186686,0,17687598,17687598,17687598,0,0,32,64,64,0,0,0,0,0,0,0,0,0,0,0,0,0,0,0,0,0,0,0,0,0,0,109629440,0,0,0
sample,tree_session_control,session_control,parallel_inline_certified,1,2,257,768,64,128,32,5458164,2918442,5093543,16334619,0,29804768,29804768,17687598,12117170,12117170,32,128,128,0,0,0,0,0,0,0,0,0,0,0,0,0,0,0,0,0,0,0,0,0,0,109629440,0,0,0
sample,tree_session_control,session_control,parallel_inline_certified,1,3,257,768,64,192,32,7574573,2918442,6883853,24497510,0,41874378,41874378,17687598,12069610,12117170,32,192,192,0,0,0,0,0,0,0,0,0,0,0,0,0,0,0,0,0,0,0,0,0,0,109629440,0,0,0
sample,tree_session_control,session_control,parallel_inline_certified,1,4,257,768,64,256,32,9695030,2918442,8673401,32713821,0,54000694,54000694,17687598,12117170,12126316,32,256,256,0,0,0,0,0,0,0,0,0,0,0,0,0,0,0,0,0,0,0,0,831940,0,109629440,0,0,0
sample,tree_session_control,session_control,parallel_inline_certified,2,1,257,768,64,64,32,3221268,2956734,3447707,8374071,0,17999780,17999780,17999780,0,0,32,64,64,0,0,0,0,0,0,0,0,0,0,0,0,0,0,0,0,0,0,0,0,0,0,109105152,0,0,0
sample,tree_session_control,session_control,parallel_inline_certified,2,2,257,768,64,128,32,5695387,2956734,5280888,16924037,0,30857046,30857046,17999780,12857266,12857266,32,128,128,0,0,0,0,0,0,0,0,0,0,0,0,0,0,0,0,0,0,0,0,0,0,109105152,0,0,0
sample,tree_session_control,session_control,parallel_inline_certified,2,3,257,768,64,192,32,7879344,2956734,7019720,25470016,0,43325814,43325814,17999780,12468768,12857266,32,192,192,0,0,0,0,0,0,0,0,0,0,0,0,0,0,0,0,0,0,0,0,0,0,109105152,0,0,0
sample,tree_session_control,session_control,parallel_inline_certified,2,4,257,768,64,256,32,10043994,2956734,8864844,33816255,0,55681827,55681827,17999780,12468768,12857266,32,256,256,0,0,0,0,0,0,0,0,0,0,0,0,0,0,0,0,0,0,0,0,939634,0,109105152,0,0,0
sample,tree_session_control,session_control,parallel_inline_certified,3,1,257,768,64,64,32,3210156,3034101,3578315,8406253,0,18228825,18228825,18228825,0,0,32,64,64,0,0,0,0,0,0,0,0,0,0,0,0,0,0,0,0,0,0,0,0,0,0,109629440,0,0,0
sample,tree_session_control,session_control,parallel_inline_certified,3,2,257,768,64,128,32,5665038,3034101,5220564,16802146,0,30721849,30721849,18228825,12493024,12493024,32,128,128,0,0,0,0,0,0,0,0,0,0,0,0,0,0,0,0,0,0,0,0,0,0,109629440,0,0,0
sample,tree_session_control,session_control,parallel_inline_certified,3,3,257,768,64,192,32,7803579,3034101,7025231,25104210,0,42967121,42967121,18228825,12245272,12493024,32,192,192,0,0,0,0,0,0,0,0,0,0,0,0,0,0,0,0,0,0,0,0,0,0,109629440,0,0,0
sample,tree_session_control,session_control,parallel_inline_certified,3,4,257,768,64,256,32,10014778,3034101,8816744,33438967,0,55304590,55304590,18228825,12337469,12493024,32,256,256,0,0,0,0,0,0,0,0,0,0,0,0,0,0,0,0,0,0,0,0,1052579,0,109629440,0,0,0
sample,tree_session_control,session_control,parallel_inline_certified,4,1,257,768,64,64,32,3067004,3296600,3375629,8267018,0,18006251,18006251,18006251,0,0,32,64,64,0,0,0,0,0,0,0,0,0,0,0,0,0,0,0,0,0,0,0,0,0,0,109891584,0,0,0
sample,tree_session_control,session_control,parallel_inline_certified,4,2,257,768,64,128,32,5443697,3296600,4947854,16524929,0,30213080,30213080,18006251,12206829,12206829,32,128,128,0,0,0,0,0,0,0,0,0,0,0,0,0,0,0,0,0,0,0,0,0,0,109891584,0,0,0
sample,tree_session_control,session_control,parallel_inline_certified,4,3,257,768,64,192,32,7591205,3296600,6466799,24786737,0,42141341,42141341,18006251,11928261,12206829,32,192,192,0,0,0,0,0,0,0,0,0,0,0,0,0,0,0,0,0,0,0,0,0,0,109891584,0,0,0
sample,tree_session_control,session_control,parallel_inline_certified,4,4,257,768,64,256,32,9712213,3296600,8071506,33046302,0,54126621,54126621,18006251,11985280,12206829,32,256,256,0,0,0,0,0,0,0,0,0,0,0,0,0,0,0,0,0,0,0,0,838973,0,109891584,0,0,0
sample,tree_session_control,session_control,parallel_inline_certified,5,1,257,768,64,64,32,3052436,3000949,3521468,8211893,0,17786746,17786746,17786746,0,0,32,64,64,0,0,0,0,0,0,0,0,0,0,0,0,0,0,0,0,0,0,0,0,0,0,109105152,0,0,0
sample,tree_session_control,session_control,parallel_inline_certified,5,2,257,768,64,128,32,5442725,3000949,5180950,16415401,0,30040025,30040025,17786746,12253279,12253279,32,128,128,0,0,0,0,0,0,0,0,0,0,0,0,0,0,0,0,0,0,0,0,0,0,109105152,0,0,0
sample,tree_session_control,session_control,parallel_inline_certified,5,3,257,768,64,192,32,7542893,3000949,6877712,24569455,0,41991009,41991009,17786746,11950984,12253279,32,192,192,0,0,0,0,0,0,0,0,0,0,0,0,0,0,0,0,0,0,0,0,0,0,109105152,0,0,0
sample,tree_session_control,session_control,parallel_inline_certified,5,4,257,768,64,256,32,9653642,3000949,8599972,32757203,0,54011766,54011766,17786746,12020757,12253279,32,256,256,0,0,0,0,0,0,0,0,0,0,0,0,0,0,0,0,0,0,0,0,827291,0,109105152,0,0,0
sample,tree_session_control,session_control,parallel_inline_certified,6,1,257,768,64,64,32,3064509,3014645,3423621,8146299,0,17649074,17649074,17649074,0,0,32,64,64,0,0,0,0,0,0,0,0,0,0,0,0,0,0,0,0,0,0,0,0,0,0,109608960,0,0,0
sample,tree_session_control,session_control,parallel_inline_certified,6,2,257,768,64,128,32,5430361,3014645,5239429,16679653,0,30364088,30364088,17649074,12715014,12715014,32,128,128,0,0,0,0,0,0,0,0,0,0,0,0,0,0,0,0,0,0,0,0,0,0,109608960,0,0,0
sample,tree_session_control,session_control,parallel_inline_certified,6,3,257,768,64,192,32,7524618,3014645,6938716,24981507,0,42459486,42459486,17649074,12095398,12715014,32,192,192,0,0,0,0,0,0,0,0,0,0,0,0,0,0,0,0,0,0,0,0,0,0,109608960,0,0,0
sample,tree_session_control,session_control,parallel_inline_certified,6,4,257,768,64,256,32,9620838,3014645,8705932,33169887,0,54511302,54511302,17649074,12095398,12715014,32,256,256,0,0,0,0,0,0,0,0,0,0,0,0,0,0,0,0,0,0,0,0,866897,0,109608960,0,0,0
sample,tree_session_control,session_control,parallel_inline_certified,7,1,257,768,64,64,32,3075971,2936937,3243379,8184241,0,17440528,17440528,17440528,0,0,32,64,64,0,0,0,0,0,0,0,0,0,0,0,0,0,0,0,0,0,0,0,0,0,0,109629440,0,0,0
sample,tree_session_control,session_control,parallel_inline_certified,7,2,257,768,64,128,32,5474405,2936937,4953566,16498169,0,29863077,29863077,17440528,12422549,12422549,32,128,128,0,0,0,0,0,0,0,0,0,0,0,0,0,0,0,0,0,0,0,0,0,0,109629440,0,0,0
sample,tree_session_control,session_control,parallel_inline_certified,7,3,257,768,64,192,32,7617925,2936937,6550989,24800305,0,41906156,41906156,17440528,12043079,12422549,32,192,192,0,0,0,0,0,0,0,0,0,0,0,0,0,0,0,0,0,0,0,0,0,0,109629440,0,0,0
sample,tree_session_control,session_control,parallel_inline_certified,7,4,257,768,64,256,32,9742168,2936937,8145987,33049760,0,53874852,53874852,17440528,12043079,12422549,32,256,256,0,0,0,0,0,0,0,0,0,0,0,0,0,0,0,0,0,0,0,0,853311,0,109629440,0,0,0
sample,tree_session_control,session_control,parallel_inline_certified,8,1,257,768,64,64,32,3313221,3281461,3238521,8241370,0,18074573,18074573,18074573,0,0,32,64,64,0,0,0,0,0,0,0,0,0,0,0,0,0,0,0,0,0,0,0,0,0,0,110104576,0,0,0
sample,tree_session_control,session_control,parallel_inline_certified,8,2,257,768,64,128,32,5660098,3281461,4755741,16729017,0,30426317,30426317,18074573,12351744,12351744,32,128,128,0,0,0,0,0,0,0,0,0,0,0,0,0,0,0,0,0,0,0,0,0,0,110104576,0,0,0
sample,tree_session_control,session_control,parallel_inline_certified,8,3,257,768,64,192,32,7820952,3281461,6257052,25083110,0,42442575,42442575,18074573,12016258,12351744,32,192,192,0,0,0,0,0,0,0,0,0,0,0,0,0,0,0,0,0,0,0,0,0,0,110104576,0,0,0
sample,tree_session_control,session_control,parallel_inline_certified,8,4,257,768,64,256,32,10071255,3281461,7805072,33484344,0,54642132,54642132,18074573,12199557,12351744,32,256,256,0,0,0,0,0,0,0,0,0,0,0,0,0,0,0,0,0,0,0,0,904247,0,110104576,0,0,0
sample,tree_session_control,session_control,parallel_inline_certified,9,1,257,768,64,64,32,3171242,2944672,3445613,8299180,0,17860707,17860707,17860707,0,0,32,64,64,0,0,0,0,0,0,0,0,0,0,0,0,0,0,0,0,0,0,0,0,0,0,109367296,0,0,0
sample,tree_session_control,session_control,parallel_inline_certified,9,2,257,768,64,128,32,5536163,2944672,5028829,16633186,0,30142850,30142850,17860707,12282143,12282143,32,128,128,0,0,0,0,0,0,0,0,0,0,0,0,0,0,0,0,0,0,0,0,0,0,109367296,0,0,0
sample,tree_session_control,session_control,parallel_inline_certified,9,3,257,768,64,192,32,7695052,2944672,6720531,24868484,0,42228739,42228739,17860707,12085889,12282143,32,192,192,0,0,0,0,0,0,0,0,0,0,0,0,0,0,0,0,0,0,0,0,0,0,109367296,0,0,0
sample,tree_session_control,session_control,parallel_inline_certified,9,4,257,768,64,256,32,9841999,2944672,8391704,33139500,0,54317875,54317875,17860707,12089136,12282143,32,256,256,0,0,0,0,0,0,0,0,0,0,0,0,0,0,0,0,0,0,0,0,908414,0,109367296,0,0,0
sample,tree_session_control,session_control,parallel_inline_certified,10,1,257,768,64,64,32,3094686,2814465,3407741,8305943,0,17622835,17622835,17622835,0,0,32,64,64,0,0,0,0,0,0,0,0,0,0,0,0,0,0,0,0,0,0,0,0,0,0,109367296,0,0,0
sample,tree_session_control,session_control,parallel_inline_certified,10,2,257,768,64,128,32,5505704,2814465,5072282,16600334,0,29992785,29992785,17622835,12369950,12369950,32,128,128,0,0,0,0,0,0,0,0,0,0,0,0,0,0,0,0,0,0,0,0,0,0,109367296,0,0,0
sample,tree_session_control,session_control,parallel_inline_certified,10,3,257,768,64,192,32,7653383,2814465,6761840,24864156,0,42093844,42093844,17622835,12101059,12369950,32,192,192,0,0,0,0,0,0,0,0,0,0,0,0,0,0,0,0,0,0,0,0,0,0,109367296,0,0,0
sample,tree_session_control,session_control,parallel_inline_certified,10,4,257,768,64,256,32,9846387,2814465,8504910,33169498,0,54335260,54335260,17622835,12241416,12369950,32,256,256,0,0,0,0,0,0,0,0,0,0,0,0,0,0,0,0,0,0,0,0,814446,0,109367296,0,0,0
sample,tree_session_control,session_control,parallel_inline_certified,11,1,257,768,64,64,32,3103864,2957215,3295618,8203317,0,17560014,17560014,17560014,0,0,32,64,64,0,0,0,0,0,0,0,0,0,0,0,0,0,0,0,0,0,0,0,0,0,0,110153728,0,0,0
sample,tree_session_control,session_control,parallel_inline_certified,11,2,257,768,64,128,32,5475327,2957215,4891959,16387158,0,29711659,29711659,17560014,12151645,12151645,32,128,128,0,0,0,0,0,0,0,0,0,0,0,0,0,0,0,0,0,0,0,0,0,0,110153728,0,0,0
sample,tree_session_control,session_control,parallel_inline_certified,11,3,257,768,64,192,32,7617004,2957215,6499592,24594323,0,41668134,41668134,17560014,11956475,12151645,32,192,192,0,0,0,0,0,0,0,0,0,0,0,0,0,0,0,0,0,0,0,0,0,0,110153728,0,0,0
sample,tree_session_control,session_control,parallel_inline_certified,11,4,257,768,64,256,32,9743011,2957215,8177137,32770108,0,53647471,53647471,17560014,11979337,12151645,32,256,256,0,0,0,0,0,0,0,0,0,0,0,0,0,0,0,0,0,0,0,0,920348,0,110153728,0,0,0
sample,tree_session_control,session_control,parallel_inline_certified,12,1,257,768,64,64,32,3096109,2990559,3373897,10598146,0,20058711,20058711,20058711,0,0,32,64,64,0,0,0,0,0,0,0,0,0,0,0,0,0,0,0,0,0,0,0,0,0,0,109629440,0,0,0
sample,tree_session_control,session_control,parallel_inline_certified,12,2,257,768,64,128,32,5439238,2990559,4992450,18828064,0,32250311,32250311,20058711,12191600,12191600,32,128,128,0,0,0,0,0,0,0,0,0,0,0,0,0,0,0,0,0,0,0,0,0,0,109629440,0,0,0
sample,tree_session_control,session_control,parallel_inline_certified,12,3,257,768,64,192,32,7577770,2990559,6791697,27048313,0,44408339,44408339,20058711,12158028,12191600,32,192,192,0,0,0,0,0,0,0,0,0,0,0,0,0,0,0,0,0,0,0,0,0,0,109629440,0,0,0
sample,tree_session_control,session_control,parallel_inline_certified,12,4,257,768,64,256,32,9684891,2990559,8539125,35244467,0,56459042,56459042,20058711,12158028,12191600,32,256,256,0,0,0,0,0,0,0,0,0,0,0,0,0,0,0,0,0,0,0,0,1268529,0,109629440,0,0,0
sample,tree_session_control,session_control,parallel_inline_certified,13,1,257,768,64,64,32,3283916,3003362,3616649,8256177,0,18160104,18160104,18160104,0,0,32,64,64,0,0,0,0,0,0,0,0,0,0,0,0,0,0,0,0,0,0,0,0,0,0,109629440,0,0,0
sample,tree_session_control,session_control,parallel_inline_certified,13,2,257,768,64,128,32,5646943,3003362,5257124,16652441,0,30559870,30559870,18160104,12399766,12399766,32,128,128,0,0,0,0,0,0,0,0,0,0,0,0,0,0,0,0,0,0,0,0,0,0,109629440,0,0,0
sample,tree_session_control,session_control,parallel_inline_certified,13,3,257,768,64,192,32,7827363,3003362,7100415,24994602,0,42925742,42925742,18160104,12365872,12399766,32,192,192,0,0,0,0,0,0,0,0,0,0,0,0,0,0,0,0,0,0,0,0,0,0,109629440,0,0,0
sample,tree_session_control,session_control,parallel_inline_certified,13,4,257,768,64,256,32,10090851,3003362,8964310,33441206,0,55499729,55499729,18160104,12399766,12573987,32,256,256,0,0,0,0,0,0,0,0,0,0,0,0,0,0,0,0,0,0,0,0,922732,0,109629440,0,0,0
sample,tree_session_control,session_control,parallel_inline_certified,14,1,257,768,64,64,32,3135544,2948960,3452485,8480765,0,18017754,18017754,18017754,0,0,32,64,64,0,0,0,0,0,0,0,0,0,0,0,0,0,0,0,0,0,0,0,0,0,0,109891584,0,0,0
sample,tree_session_control,session_control,parallel_inline_certified,14,2,257,768,64,128,32,5523418,2948960,5069866,16683592,0,30225836,30225836,18017754,12208082,12208082,32,128,128,0,0,0,0,0,0,0,0,0,0,0,0,0,0,0,0,0,0,0,0,0,0,109891584,0,0,0
sample,tree_session_control,session_control,parallel_inline_certified,14,3,257,768,64,192,32,7622835,2948960,6867570,24947724,0,42387089,42387089,18017754,12161253,12208082,32,192,192,0,0,0,0,0,0,0,0,0,0,0,0,0,0,0,0,0,0,0,0,0,0,109891584,0,0,0
sample,tree_session_control,session_control,parallel_inline_certified,14,4,257,768,64,256,32,9751267,2948960,8632692,33312088,0,54645007,54645007,18017754,12208082,12257918,32,256,256,0,0,0,0,0,0,0,0,0,0,0,0,0,0,0,0,0,0,0,0,896482,0,109891584,0,0,0
sample,tree_session_control,session_control,parallel_inline_certified,15,1,257,768,64,64,32,3095188,2900749,3521958,8178570,0,17696465,17696465,17696465,0,0,32,64,64,0,0,0,0,0,0,0,0,0,0,0,0,0,0,0,0,0,0,0,0,0,0,108318720,0,0,0
sample,tree_session_control,session_control,parallel_inline_certified,15,2,257,768,64,128,32,5484936,2900749,5326174,16405422,0,30117281,30117281,17696465,12420816,12420816,32,128,128,0,0,0,0,0,0,0,0,0,0,0,0,0,0,0,0,0,0,0,0,0,0,108318720,0,0,0
sample,tree_session_control,session_control,parallel_inline_certified,15,3,257,768,64,192,32,7616924,2900749,7170697,24649187,0,42337557,42337557,17696465,12220276,12420816,32,192,192,0,0,0,0,0,0,0,0,0,0,0,0,0,0,0,0,0,0,0,0,0,0,108318720,0,0,0
sample,tree_session_control,session_control,parallel_inline_certified,15,4,257,768,64,256,32,9753501,2900749,8870815,32913509,0,54438574,54438574,17696465,12220276,12420816,32,256,256,0,0,0,0,0,0,0,0,0,0,0,0,0,0,0,0,0,0,0,0,861637,0,108318720,0,0,0
sample,tree_session_control,session_control,parallel_inline_certified,16,1,257,768,64,64,32,3077453,3324793,3489325,8171528,0,18063099,18063099,18063099,0,0,32,64,64,0,0,0,0,0,0,0,0,0,0,0,0,0,0,0,0,0,0,0,0,0,0,108843008,0,0,0
sample,tree_session_control,session_control,parallel_inline_certified,16,2,257,768,64,128,32,5462421,3324793,4981278,16400233,0,30168725,30168725,18063099,12105626,12105626,32,128,128,0,0,0,0,0,0,0,0,0,0,0,0,0,0,0,0,0,0,0,0,0,0,108843008,0,0,0
sample,tree_session_control,session_control,parallel_inline_certified,16,3,257,768,64,192,32,7595392,3324793,6599541,24632064,0,42151790,42151790,18063099,11983065,12105626,32,192,192,0,0,0,0,0,0,0,0,0,0,0,0,0,0,0,0,0,0,0,0,0,0,108843008,0,0,0
sample,tree_session_control,session_control,parallel_inline_certified,16,4,257,768,64,256,32,9734403,3324793,8226009,32855800,0,54141005,54141005,18063099,11989215,12105626,32,256,256,0,0,0,0,0,0,0,0,0,0,0,0,0,0,0,0,0,0,0,0,833492,0,108843008,0,0,0
sample,tree_session_control,session_control,parallel_inline_certified,17,1,257,768,64,64,32,3071683,5106437,3109003,8207966,0,19495089,19495089,19495089,0,0,32,64,64,0,0,0,0,0,0,0,0,0,0,0,0,0,0,0,0,0,0,0,0,0,0,110153728,0,0,0
sample,tree_session_control,session_control,parallel_inline_certified,17,2,257,768,64,128,32,5411527,5106437,4632877,16480153,0,31630994,31630994,19495089,12135905,12135905,32,128,128,0,0,0,0,0,0,0,0,0,0,0,0,0,0,0,0,0,0,0,0,0,0,110153728,0,0,0
sample,tree_session_control,session_control,parallel_inline_certified,17,3,257,768,64,192,32,7514510,5106437,6153163,24656179,0,43430289,43430289,19495089,11799295,12135905,32,192,192,0,0,0,0,0,0,0,0,0,0,0,0,0,0,0,0,0,0,0,0,0,0,110153728,0,0,0
sample,tree_session_control,session_control,parallel_inline_certified,17,4,257,768,64,256,32,9653892,5106437,7831871,32897328,0,55489528,55489528,19495089,12059239,12135905,32,256,256,0,0,0,0,0,0,0,0,0,0,0,0,0,0,0,0,0,0,0,0,856216,0,110153728,0,0,0
sample,tree_session_control,session_control,parallel_inline_certified,18,1,257,768,64,64,32,3051905,3223371,3399765,8170135,0,17845176,17845176,17845176,0,0,32,64,64,0,0,0,0,0,0,0,0,0,0,0,0,0,0,0,0,0,0,0,0,0,0,109891584,0,0,0
sample,tree_session_control,session_control,parallel_inline_certified,18,2,257,768,64,128,32,5377050,3223371,5172401,16373072,0,30145894,30145894,17845176,12300718,12300718,32,128,128,0,0,0,0,0,0,0,0,0,0,0,0,0,0,0,0,0,0,0,0,0,0,109891584,0,0,0
sample,tree_session_control,session_control,parallel_inline_certified,18,3,257,768,64,192,32,7512645,3223371,6940228,24553906,0,42230150,42230150,17845176,12084256,12300718,32,192,192,0,0,0,0,0,0,0,0,0,0,0,0,0,0,0,0,0,0,0,0,0,0,109891584,0,0,0
sample,tree_session_control,session_control,parallel_inline_certified,18,4,257,768,64,256,32,9653942,3223371,8677287,32705515,0,54260115,54260115,17845176,12084256,12300718,32,256,256,0,0,0,0,0,0,0,0,0,0,0,0,0,0,0,0,0,0,0,0,833733,0,109891584,0,0,0
sample,tree_session_control,session_control,parallel_inline_certified,19,1,257,768,64,64,32,3111239,2915808,3681941,8256639,0,17965627,17965627,17965627,0,0,32,64,64,0,0,0,0,0,0,0,0,0,0,0,0,0,0,0,0,0,0,0,0,0,0,109891584,0,0,0
sample,tree_session_control,session_control,parallel_inline_certified,19,2,257,768,64,128,32,5459879,2915808,5249428,16511414,0,30136529,30136529,17965627,12170902,12170902,32,128,128,0,0,0,0,0,0,0,0,0,0,0,0,0,0,0,0,0,0,0,0,0,0,109891584,0,0,0
sample,tree_session_control,session_control,parallel_inline_certified,19,3,257,768,64,192,32,7623628,2915808,6823087,24812237,0,42174760,42174760,17965627,12038231,12170902,32,192,192,0,0,0,0,0,0,0,0,0,0,0,0,0,0,0,0,0,0,0,0,0,0,109891584,0,0,0
sample,tree_session_control,session_control,parallel_inline_certified,19,4,257,768,64,256,32,9771767,2915808,8381938,32997099,0,54066612,54066612,17965627,12038231,12170902,32,256,256,0,0,0,0,0,0,0,0,0,0,0,0,0,0,0,0,0,0,0,0,816220,0,109891584,0,0,0
summary,tree_session_control,session_control,parallel_inline_certified,1,20,17440528,17965627,19495089,20058711,17965627,17965627,0,0,3555.599012876824,110153728,0
summary,tree_session_control,session_control,parallel_inline_certified,2,20,29711659,30168725,31630994,32250311,30168725,17965627,12282143,12715014,4236.5756817908004,110153728,0
summary,tree_session_control,session_control,parallel_inline_certified,3,20,41668134,42230150,43430289,44408339,42230150,17965627,12084256,12715014,4534.9806083520598,110153728,0
summary,tree_session_control,session_control,parallel_inline_certified,4,20,53647471,54335260,55681827,56459042,54335260,17965627,12095398,12715014,4702.5478661509396,110153728,0
sample,tree_session_control,session_control,parallel_candidate_runtime,0,1,257,768,64,64,32,3197532,3051866,3393334,4098052,8171077,13740784,21911861,13740784,0,0,32,64,64,0,0,0,0,0,0,0,0,0,0,0,0,0,0,0,0,0,0,0,0,0,0,109629440,0,0,0
sample,tree_session_control,session_control,parallel_candidate_runtime,0,2,257,768,64,128,32,5348977,3051866,5103101,8228134,16338447,21732078,38070525,13740784,7991294,7991294,32,128,128,0,0,0,0,0,0,0,0,0,0,0,0,0,0,0,0,0,0,0,0,0,0,109629440,0,0,0
sample,tree_session_control,session_control,parallel_candidate_runtime,0,3,257,768,64,192,32,7542081,3051866,6954827,12306508,24502530,29855282,54357812,13740784,7991294,8123204,32,192,192,0,0,0,0,0,0,0,0,0,0,0,0,0,0,0,0,0,0,0,0,0,0,109629440,0,0,0
sample,tree_session_control,session_control,parallel_candidate_runtime,0,4,257,768,64,256,32,9702083,3051866,8672168,16386726,32618081,37812843,70430924,13740784,7991294,8123204,32,256,256,0,0,0,0,0,0,0,0,0,0,0,0,0,0,0,0,0,0,0,0,939143,0,109629440,0,0,0
sample,tree_session_control,session_control,parallel_candidate_runtime,1,1,257,768,64,64,32,3299165,2989817,3160001,4213512,8449184,13662495,22111679,13662495,0,0,32,64,64,0,0,0,0,0,0,0,0,0,0,0,0,0,0,0,0,0,0,0,0,0,0,109629440,0,0,0
sample,tree_session_control,session_control,parallel_candidate_runtime,1,2,257,768,64,128,32,5502279,2989817,5005466,8434457,16783029,21932019,38715048,13662495,8269524,8269524,32,128,128,0,0,0,0,0,0,0,0,0,0,0,0,0,0,0,0,0,0,0,0,0,0,109629440,0,0,0
sample,tree_session_control,session_control,parallel_candidate_runtime,1,3,257,768,64,192,32,7787389,2989817,6581228,13022449,25158042,30380883,55538925,13662495,8269524,8448864,32,192,192,0,0,0,0,0,0,0,0,0,0,0,0,0,0,0,0,0,0,0,0,0,0,109629440,0,0,0
sample,tree_session_control,session_control,parallel_candidate_runtime,1,4,257,768,64,256,32,9928135,2989817,8112016,17202565,33427295,38232533,71659828,13662495,8269524,8448864,32,256,256,0,0,0,0,0,0,0,0,0,0,0,0,0,0,0,0,0,0,0,0,885782,0,109629440,0,0,0
sample,tree_session_control,session_control,parallel_candidate_runtime,2,1,257,768,64,64,32,3186611,2981171,3789426,4092431,8159745,14049639,22209384,14049639,0,0,32,64,64,0,0,0,0,0,0,0,0,0,0,0,0,0,0,0,0,0,0,0,0,0,0,109367296,0,0,0
sample,tree_session_control,session_control,parallel_candidate_runtime,2,2,257,768,64,128,32,5353065,2981171,5592289,8157039,16299903,22083564,38383467,14049639,8033925,8033925,32,128,128,0,0,0,0,0,0,0,0,0,0,0,0,0,0,0,0,0,0,0,0,0,0,109367296,0,0,0
sample,tree_session_control,session_control,parallel_candidate_runtime,2,3,257,768,64,192,32,7548203,2981171,7387338,12259540,24438547,30176252,54614799,14049639,8033925,8092688,32,192,192,0,0,0,0,0,0,0,0,0,0,0,0,0,0,0,0,0,0,0,0,0,0,109367296,0,0,0
sample,tree_session_control,session_control,parallel_candidate_runtime,2,4,257,768,64,256,32,9637330,2981171,9160315,16316424,32594364,38095240,70689604,14049639,8033925,8092688,32,256,256,0,0,0,0,0,0,0,0,0,0,0,0,0,0,0,0,0,0,0,0,915939,0,109367296,0,0,0
sample,tree_session_control,session_control,parallel_candidate_runtime,3,1,257,768,64,64,32,3263307,3088454,3564969,4186620,8390322,14103350,22493672,14103350,0,0,32,64,64,0,0,0,0,0,0,0,0,0,0,0,0,0,0,0,0,0,0,0,0,0,0,108793856,0,0,0
sample,tree_session_control,session_control,parallel_candidate_runtime,3,2,257,768,64,128,32,5490837,3088454,5392019,8331310,16732533,22302620,39035153,14103350,8199270,8199270,32,128,128,0,0,0,0,0,0,0,0,0,0,0,0,0,0,0,0,0,0,0,0,0,0,108793856,0,0,0
sample,tree_session_control,session_control,parallel_candidate_runtime,3,3,257,768,64,192,32,7751260,3088454,7094582,12451604,25098069,30385900,55483969,14103350,8083280,8199270,32,192,192,0,0,0,0,0,0,0,0,0,0,0,0,0,0,0,0,0,0,0,0,0,0,108793856,0,0,0
sample,tree_session_control,session_control,parallel_candidate_runtime,3,4,257,768,64,256,32,9948042,3088454,8868671,16666598,33340652,38571765,71912417,14103350,8185865,8199270,32,256,256,0,0,0,0,0,0,0,0,0,0,0,0,0,0,0,0,0,0,0,0,847851,0,108793856,0,0,0
sample,tree_session_control,session_control,parallel_candidate_runtime,4,1,257,768,64,64,32,3319423,3547085,3860010,4115846,8378600,14842364,23220964,14842364,0,0,32,64,64,0,0,0,0,0,0,0,0,0,0,0,0,0,0,0,0,0,0,0,0,0,0,108548096,0,0,0
sample,tree_session_control,session_control,parallel_candidate_runtime,4,2,257,768,64,128,32,5564036,3547085,5488603,8275435,16702596,22875159,39577755,14842364,8032795,8032795,32,128,128,0,0,0,0,0,0,0,0,0,0,0,0,0,0,0,0,0,0,0,0,0,0,108548096,0,0,0
sample,tree_session_control,session_control,parallel_candidate_runtime,4,3,257,768,64,192,32,7871388,3547085,7262521,12418613,25066878,31099607,56166485,14842364,8032795,8224448,32,192,192,0,0,0,0,0,0,0,0,0,0,0,0,0,0,0,0,0,0,0,0,0,0,108548096,0,0,0
sample,tree_session_control,session_control,parallel_candidate_runtime,4,4,257,768,64,256,32,10035277,3547085,8952430,16655379,33407065,39190171,72597236,14842364,8090564,8224448,32,256,256,0,0,0,0,0,0,0,0,0,0,0,0,0,0,0,0,0,0,0,0,873869,0,108548096,0,0,0
sample,tree_session_control,session_control,parallel_candidate_runtime,5,1,257,768,64,64,32,3228531,3546145,3343158,4091038,8213698,14208872,22422570,14208872,0,0,32,64,64,0,0,0,0,0,0,0,0,0,0,0,0,0,0,0,0,0,0,0,0,0,0,108056576,0,0,0
sample,tree_session_control,session_control,parallel_candidate_runtime,5,2,257,768,64,128,32,5387781,3546145,4885797,8209748,16432967,22029471,38462438,14208872,7820599,7820599,32,128,128,0,0,0,0,0,0,0,0,0,0,0,0,0,0,0,0,0,0,0,0,0,0,108056576,0,0,0
sample,tree_session_control,session_control,parallel_candidate_runtime,5,3,257,768,64,192,32,7590634,3546145,6620141,12283022,24692542,30039942,54732484,14208872,7820599,8010471,32,192,192,0,0,0,0,0,0,0,0,0,0,0,0,0,0,0,0,0,0,0,0,0,0,108056576,0,0,0
sample,tree_session_control,session_control,parallel_candidate_runtime,5,4,257,768,64,256,32,9690832,3546145,8266568,16367858,33277285,37871403,71148688,14208872,7831461,8010471,32,256,256,0,0,0,0,0,0,0,0,0,0,0,0,0,0,0,0,0,0,0,0,850806,0,108056576,0,0,0
sample,tree_session_control,session_control,parallel_candidate_runtime,6,1,257,768,64,64,32,3195998,3048820,3183544,4120435,8292998,13548797,21841795,13548797,0,0,32,64,64,0,0,0,0,0,0,0,0,0,0,0,0,0,0,0,0,0,0,0,0,0,0,109056000,0,0,0
sample,tree_session_control,session_control,parallel_candidate_runtime,6,2,257,768,64,128,32,5463554,3048820,4901726,8270947,16753403,21685047,38438450,13548797,8136250,8136250,32,128,128,0,0,0,0,0,0,0,0,0,0,0,0,0,0,0,0,0,0,0,0,0,0,109056000,0,0,0
sample,tree_session_control,session_control,parallel_candidate_runtime,6,3,257,768,64,192,32,7715169,3048820,6624017,12428883,25114249,29816889,54931138,13548797,8131842,8136250,32,192,192,0,0,0,0,0,0,0,0,0,0,0,0,0,0,0,0,0,0,0,0,0,0,109056000,0,0,0
sample,tree_session_control,session_control,parallel_candidate_runtime,6,4,257,768,64,256,32,9849111,3048820,8417904,16573955,33467210,37889790,71357000,13548797,8131842,8136250,32,256,256,0,0,0,0,0,0,0,0,0,0,0,0,0,0,0,0,0,0,0,0,893196,0,109056000,0,0,0
sample,tree_session_control,session_control,parallel_candidate_runtime,7,1,257,768,64,64,32,3212079,3393624,3396850,4089415,8263933,14091968,22355901,14091968,0,0,32,64,64,0,0,0,0,0,0,0,0,0,0,0,0,0,0,0,0,0,0,0,0,0,0,109371392,0,0,0
sample,tree_session_control,session_control,parallel_candidate_runtime,7,2,257,768,64,128,32,5365008,3393624,5181338,8170695,16489834,22110665,38600499,14091968,8018697,8018697,32,128,128,0,0,0,0,0,0,0,0,0,0,0,0,0,0,0,0,0,0,0,0,0,0,109371392,0,0,0
sample,tree_session_control,session_control,parallel_candidate_runtime,7,3,257,768,64,192,32,7597507,3393624,6953053,12240032,24666001,30184216,54850217,14091968,8018697,8073551,32,192,192,0,0,0,0,0,0,0,0,0,0,0,0,0,0,0,0,0,0,0,0,0,0,109371392,0,0,0
sample,tree_session_control,session_control,parallel_candidate_runtime,7,4,257,768,64,256,32,9691694,3393624,8721852,16297546,32815437,38104716,70920153,14091968,8018697,8073551,32,256,256,0,0,0,0,0,0,0,0,0,0,0,0,0,0,0,0,0,0,0,0,845125,0,109371392,0,0,0
sample,tree_session_control,session_control,parallel_candidate_runtime,8,1,257,768,64,64,32,3158428,3009515,3405397,4128680,8207505,13702020,21909525,13702020,0,0,32,64,64,0,0,0,0,0,0,0,0,0,0,0,0,0,0,0,0,0,0,0,0,0,0,108843008,0,0,0
sample,tree_session_control,session_control,parallel_candidate_runtime,8,2,257,768,64,128,32,5327457,3009515,5232878,8225219,16448083,21795069,38243152,13702020,8093049,8093049,32,128,128,0,0,0,0,0,0,0,0,0,0,0,0,0,0,0,0,0,0,0,0,0,0,108843008,0,0,0
sample,tree_session_control,session_control,parallel_candidate_runtime,8,3,257,768,64,192,32,7513409,3009515,6971099,12305798,24581277,29799821,54381098,13702020,8004752,8093049,32,192,192,0,0,0,0,0,0,0,0,0,0,0,0,0,0,0,0,0,0,0,0,0,0,108843008,0,0,0
sample,tree_session_control,session_control,parallel_candidate_runtime,8,4,257,768,64,256,32,9634687,3009515,8627615,16369886,32727405,37641703,70369108,13702020,8004752,8093049,32,256,256,0,0,0,0,0,0,0,0,0,0,0,0,0,0,0,0,0,0,0,0,868860,0,108843008,0,0,0
sample,tree_session_control,session_control,parallel_candidate_runtime,9,1,257,768,64,64,32,3098444,3214085,3404494,4121477,8507776,13838500,22346276,13838500,0,0,32,64,64,0,0,0,0,0,0,0,0,0,0,0,0,0,0,0,0,0,0,0,0,0,0,109056000,0,0,0
sample,tree_session_control,session_control,parallel_candidate_runtime,9,2,257,768,64,128,32,5230292,3214085,5033086,8180033,16711295,21657496,38368791,13838500,7818996,7818996,32,128,128,0,0,0,0,0,0,0,0,0,0,0,0,0,0,0,0,0,0,0,0,0,0,109056000,0,0,0
sample,tree_session_control,session_control,parallel_candidate_runtime,9,3,257,768,64,192,32,7436682,3214085,6852681,12241906,24850200,29745354,54595554,13838500,7818996,8087858,32,192,192,0,0,0,0,0,0,0,0,0,0,0,0,0,0,0,0,0,0,0,0,0,0,109056000,0,0,0
sample,tree_session_control,session_control,parallel_candidate_runtime,9,4,257,768,64,256,32,9547601,3214085,8687835,16336933,33004825,37786454,70791279,13838500,8041100,8087858,32,256,256,0,0,0,0,0,0,0,0,0,0,0,0,0,0,0,0,0,0,0,0,845866,0,109056000,0,0,0
sample,tree_session_control,session_control,parallel_candidate_runtime,10,1,257,768,64,64,32,3154330,2939703,3733501,4071852,8185663,13899386,22085049,13899386,0,0,32,64,64,0,0,0,0,0,0,0,0,0,0,0,0,0,0,0,0,0,0,0,0,0,0,109105152,0,0,0
sample,tree_session_control,session_control,parallel_candidate_runtime,10,2,257,768,64,128,32,5273885,2939703,5393824,8131250,16354234,21738662,38092896,13899386,7839276,7839276,32,128,128,0,0,0,0,0,0,0,0,0,0,0,0,0,0,0,0,0,0,0,0,0,0,109105152,0,0,0
sample,tree_session_control,session_control,parallel_candidate_runtime,10,3,257,768,64,192,32,7461861,2939703,7149428,12204314,24498670,29755306,54253976,13899386,7839276,8016644,32,192,192,0,0,0,0,0,0,0,0,0,0,0,0,0,0,0,0,0,0,0,0,0,0,109105152,0,0,0
sample,tree_session_control,session_control,parallel_candidate_runtime,10,4,257,768,64,256,32,9571247,2939703,8934689,16303077,32617346,37748716,70366062,13899386,7993410,8016644,32,256,256,0,0,0,0,0,0,0,0,0,0,0,0,0,0,0,0,0,0,0,0,833723,0,109105152,0,0,0
sample,tree_session_control,session_control,parallel_candidate_runtime,11,1,257,768,64,64,32,3064018,2858760,3417409,4101589,8275224,13441776,21717000,13441776,0,0,32,64,64,0,0,0,0,0,0,0,0,0,0,0,0,0,0,0,0,0,0,0,0,0,0,108843008,0,0,0
sample,tree_session_control,session_control,parallel_candidate_runtime,11,2,257,768,64,128,32,5203100,2858760,5071440,8246560,16518538,21379860,37898398,13441776,7938084,7938084,32,128,128,0,0,0,0,0,0,0,0,0,0,0,0,0,0,0,0,0,0,0,0,0,0,108843008,0,0,0
sample,tree_session_control,session_control,parallel_candidate_runtime,11,3,257,768,64,192,32,7420119,2858760,6855548,12300397,24751783,29434824,54186607,13441776,7938084,8054964,32,192,192,0,0,0,0,0,0,0,0,0,0,0,0,0,0,0,0,0,0,0,0,0,0,108843008,0,0,0
sample,tree_session_control,session_control,parallel_candidate_runtime,11,4,257,768,64,256,32,9537299,2858760,8638804,16409169,32858958,37444032,70302990,13441776,8009208,8054964,32,256,256,0,0,0,0,0,0,0,0,0,0,0,0,0,0,0,0,0,0,0,0,820367,0,108843008,0,0,0
sample,tree_session_control,session_control,parallel_candidate_runtime,12,1,257,768,64,64,32,3242588,3022759,3745463,4122328,8362329,14133138,22495467,14133138,0,0,32,64,64,0,0,0,0,0,0,0,0,0,0,0,0,0,0,0,0,0,0,0,0,0,0,109367296,0,0,0
sample,tree_session_control,session_control,parallel_candidate_runtime,12,2,257,768,64,128,32,5431955,3022759,5438297,8257210,16727975,22150221,38878196,14133138,8017083,8017083,32,128,128,0,0,0,0,0,0,0,0,0,0,0,0,0,0,0,0,0,0,0,0,0,0,109367296,0,0,0
sample,tree_session_control,session_control,parallel_candidate_runtime,12,3,257,768,64,192,32,7716313,3022759,7208137,12398603,25104120,30345812,55449932,14133138,8017083,8195591,32,192,192,0,0,0,0,0,0,0,0,0,0,0,0,0,0,0,0,0,0,0,0,0,0,109367296,0,0,0
sample,tree_session_control,session_control,parallel_candidate_runtime,12,4,257,768,64,256,32,9864643,3022759,9024446,16596805,34101455,38508653,72610108,14133138,8162841,8195591,32,256,256,0,0,0,0,0,0,0,0,0,0,0,0,0,0,0,0,0,0,0,0,910739,0,109367296,0,0,0
sample,tree_session_control,session_control,parallel_candidate_runtime,13,1,257,768,64,64,32,3584988,2890919,3433199,4159990,8381726,14069096,22450822,14069096,0,0,32,64,64,0,0,0,0,0,0,0,0,0,0,0,0,0,0,0,0,0,0,0,0,0,0,107712512,0,0,0
sample,tree_session_control,session_control,parallel_candidate_runtime,13,2,257,768,64,128,32,5787700,2890919,5214651,8381898,16798809,22275168,39073977,14069096,8206072,8206072,32,128,128,0,0,0,0,0,0,0,0,0,0,0,0,0,0,0,0,0,0,0,0,0,0,107712512,0,0,0
sample,tree_session_control,session_control,parallel_candidate_runtime,13,3,257,768,64,192,32,8045347,2890919,6829227,12538842,25188881,30304335,55493216,14069096,8029167,8206072,32,192,192,0,0,0,0,0,0,0,0,0,0,0,0,0,0,0,0,0,0,0,0,0,0,107712512,0,0,0
sample,tree_session_control,session_control,parallel_candidate_runtime,13,4,257,768,64,256,32,10189559,2890919,8596603,16700525,33555358,38377606,71932964,14069096,8073271,8206072,32,256,256,0,0,0,0,0,0,0,0,0,0,0,0,0,0,0,0,0,0,0,0,1006672,0,107712512,0,0,0
sample,tree_session_control,session_control,parallel_candidate_runtime,14,1,257,768,64,64,32,3177093,2955773,3355792,4199073,8372268,13687731,22059999,13687731,0,0,32,64,64,0,0,0,0,0,0,0,0,0,0,0,0,0,0,0,0,0,0,0,0,0,0,108580864,0,0,0
sample,tree_session_control,session_control,parallel_candidate_runtime,14,2,257,768,64,128,32,5351763,2955773,5138357,8397876,16846240,21843769,38690009,13687731,8156038,8156038,32,128,128,0,0,0,0,0,0,0,0,0,0,0,0,0,0,0,0,0,0,0,0,0,0,108580864,0,0,0
sample,tree_session_control,session_control,parallel_candidate_runtime,14,3,257,768,64,192,32,7603198,2955773,6765767,12544430,25230241,29869168,55099409,13687731,8025399,8156038,32,192,192,0,0,0,0,0,0,0,0,0,0,0,0,0,0,0,0,0,0,0,0,0,0,108580864,0,0,0
sample,tree_session_control,session_control,parallel_candidate_runtime,14,4,257,768,64,256,32,9754092,2955773,8531350,16685493,33634982,37926708,71561690,13687731,8057540,8156038,32,256,256,0,0,0,0,0,0,0,0,0,0,0,0,0,0,0,0,0,0,0,0,953500,0,108580864,0,0,0
sample,tree_session_control,session_control,parallel_candidate_runtime,15,1,257,768,64,64,32,3346746,2914383,3689918,4136896,8145878,14087943,22233821,14087943,0,0,32,64,64,0,0,0,0,0,0,0,0,0,0,0,0,0,0,0,0,0,0,0,0,0,0,109105152,0,0,0
sample,tree_session_control,session_control,parallel_candidate_runtime,15,2,257,768,64,128,32,5470710,2914383,5227818,8208478,16312705,21821389,38134094,14087943,7733446,7733446,32,128,128,0,0,0,0,0,0,0,0,0,0,0,0,0,0,0,0,0,0,0,0,0,0,109105152,0,0,0
sample,tree_session_control,session_control,parallel_candidate_runtime,15,3,257,768,64,192,32,7727675,2914383,6777381,12286192,24483480,29705631,54189111,14087943,7733446,7884242,32,192,192,0,0,0,0,0,0,0,0,0,0,0,0,0,0,0,0,0,0,0,0,0,0,109105152,0,0,0
sample,tree_session_control,session_control,parallel_candidate_runtime,15,4,257,768,64,256,32,9867318,2914383,8540299,16343657,32637093,37665657,70302750,14087943,7884242,7960026,32,256,256,0,0,0,0,0,0,0,0,0,0,0,0,0,0,0,0,0,0,0,0,852509,0,109105152,0,0,0
sample,tree_session_control,session_control,parallel_candidate_runtime,16,1,257,768,64,64,32,3162836,2932739,3677433,4103693,8143053,13876701,22019754,13876701,0,0,32,64,64,0,0,0,0,0,0,0,0,0,0,0,0,0,0,0,0,0,0,0,0,0,0,110153728,0,0,0
sample,tree_session_control,session_control,parallel_candidate_runtime,16,2,257,768,64,128,32,5299072,2932739,5447484,8182088,16293851,21861383,38155234,13876701,7984682,7984682,32,128,128,0,0,0,0,0,0,0,0,0,0,0,0,0,0,0,0,0,0,0,0,0,0,110153728,0,0,0
sample,tree_session_control,session_control,parallel_candidate_runtime,16,3,257,768,64,192,32,7530459,2932739,7142803,12262606,24424441,29868607,54293048,13876701,7984682,8007224,32,192,192,0,0,0,0,0,0,0,0,0,0,0,0,0,0,0,0,0,0,0,0,0,0,110153728,0,0,0
sample,tree_session_control,session_control,parallel_candidate_runtime,16,4,257,768,64,256,32,9652348,2932739,8813104,16338316,32602882,37736507,70339389,13876701,7984682,8007224,32,256,256,0,0,0,0,0,0,0,0,0,0,0,0,0,0,0,0,0,0,0,0,942158,0,110153728,0,0,0
sample,tree_session_control,session_control,parallel_candidate_runtime,17,1,257,768,64,64,32,3216288,3007872,3381923,4079196,8161507,13685279,21846786,13685279,0,0,32,64,64,0,0,0,0,0,0,0,0,0,0,0,0,0,0,0,0,0,0,0,0,0,0,109334528,0,0,0
sample,tree_session_control,session_control,parallel_candidate_runtime,17,2,257,768,64,128,32,5413761,3007872,5136635,8131591,16326321,21689859,38016180,13685279,8004580,8004580,32,128,128,0,0,0,0,0,0,0,0,0,0,0,0,0,0,0,0,0,0,0,0,0,0,109334528,0,0,0
sample,tree_session_control,session_control,parallel_candidate_runtime,17,3,257,768,64,192,32,7652443,3007872,6752594,12198944,24500061,29611853,54111914,13685279,7921994,8004580,32,192,192,0,0,0,0,0,0,0,0,0,0,0,0,0,0,0,0,0,0,0,0,0,0,109334528,0,0,0
sample,tree_session_control,session_control,parallel_candidate_runtime,17,4,257,768,64,256,32,9845448,3007872,8353164,16295412,32655407,37501896,70157303,13685279,7921994,8004580,32,256,256,0,0,0,0,0,0,0,0,0,0,0,0,0,0,0,0,0,0,0,0,839054,0,109334528,0,0,0
sample,tree_session_control,session_control,parallel_candidate_runtime,18,1,257,768,64,64,32,4049208,2929653,3385157,4319161,8305942,14683179,22989121,14683179,0,0,32,64,64,0,0,0,0,0,0,0,0,0,0,0,0,0,0,0,0,0,0,0,0,0,0,109936640,0,0,0
sample,tree_session_control,session_control,parallel_candidate_runtime,18,2,257,768,64,128,32,6243325,2929653,5100795,8427002,16491606,22700775,39192381,14683179,8017596,8017596,32,128,128,0,0,0,0,0,0,0,0,0,0,0,0,0,0,0,0,0,0,0,0,0,0,109936640,0,0,0
sample,tree_session_control,session_control,parallel_candidate_runtime,18,3,257,768,64,192,32,8437001,2929653,6848604,12499455,24660679,30714713,55375392,14683179,8013938,8017596,32,192,192,0,0,0,0,0,0,0,0,0,0,0,0,0,0,0,0,0,0,0,0,0,0,109936640,0,0,0
sample,tree_session_control,session_control,parallel_candidate_runtime,18,4,257,768,64,256,32,10563108,2929653,8612884,16640358,32811127,38746003,71557130,14683179,8017596,8031290,32,256,256,0,0,0,0,0,0,0,0,0,0,0,0,0,0,0,0,0,0,0,0,895581,0,109936640,0,0,0
sample,tree_session_control,session_control,parallel_candidate_runtime,19,1,257,768,64,64,32,3204225,3026938,3502671,4105726,8177388,13839560,22016948,13839560,0,0,32,64,64,0,0,0,0,0,0,0,0,0,0,0,0,0,0,0,0,0,0,0,0,0,0,109891584,0,0,0
sample,tree_session_control,session_control,parallel_candidate_runtime,19,2,257,768,64,128,32,5338788,3026938,5204974,8190693,16365897,21761393,38127290,13839560,7921833,7921833,32,128,128,0,0,0,0,0,0,0,0,0,0,0,0,0,0,0,0,0,0,0,0,0,0,109891584,0,0,0
sample,tree_session_control,session_control,parallel_candidate_runtime,19,3,257,768,64,192,32,7518437,3026938,6894733,12277564,24542664,29717672,54260336,13839560,7921833,7956279,32,192,192,0,0,0,0,0,0,0,0,0,0,0,0,0,0,0,0,0,0,0,0,0,0,109891584,0,0,0
sample,tree_session_control,session_control,parallel_candidate_runtime,19,4,257,768,64,256,32,9614558,3026938,8630389,16350107,32725653,37621992,70347645,13839560,7921833,7956279,32,256,256,0,0,0,0,0,0,0,0,0,0,0,0,0,0,0,0,0,0,0,0,858520,0,109891584,0,0,0
summary,tree_session_control,session_control,parallel_candidate_runtime,1,20,13441776,13876701,14683179,14842364,22111679,13876701,0,0,4604.5199406650045,110153728,0
summary,tree_session_control,session_control,parallel_candidate_runtime,2,20,21379860,21843769,22700775,22875159,38383467,13876701,8017083,8206072,5855.0733043742021,110153728,0
summary,tree_session_control,session_control,parallel_candidate_runtime,3,20,29434824,29868607,30714713,31099607,54614799,13876701,8004752,8224448,6428.0330808009112,110153728,0
summary,tree_session_control,session_control,parallel_candidate_runtime,4,20,37444032,37871403,38746003,39190171,70791279,13876701,8017596,8224448,6756.4375521743459,110153728,0
sample,tree_session_control,session_control,gpu_inline_certified,0,1,257,768,64,64,0,2799507,6222,238981167,8307645,0,250094541,250094541,250094541,0,0,0,64,64,1,1,1,0,1,1,1,194313136,3633901,386494,7735239,1343,15880866,15363274,15838751,15319296,57829,148492,146247,121751,0,1192595,290611200,33554432,0,0
sample,tree_session_control,session_control,gpu_inline_certified,0,2,257,768,64,128,0,5170159,6222,243295790,16451930,0,264924101,264924101,250094541,14829560,14829560,0,128,128,1,1,2,1,1,2,2,194313136,3633901,581454,7927996,1343,15880866,18184782,15838751,18092832,111000,257740,212473,164592,0,2026507,290611200,33554432,0,0
sample,tree_session_control,session_control,gpu_inline_certified,0,3,257,768,64,192,0,7215082,6222,247601797,24574523,0,279397624,279397624,250094541,14473523,14829560,0,192,192,1,1,3,2,1,3,3,194313136,3633901,764812,8102457,1343,15880866,21048919,15838751,20922623,162087,361277,279631,197795,0,2855573,290611200,33554432,0,0
sample,tree_session_control,session_control,gpu_inline_certified,0,4,257,768,64,256,0,9249315,6222,251934896,32685435,0,293875868,293875868,250094541,14478244,14829560,0,256,256,1,1,4,3,1,4,4,194313136,3633901,948480,8289964,1343,15880866,23900163,15838751,23736094,237460,456297,337020,227902,855464,3708364,290611200,33554432,0,0
sample,tree_session_control,session_control,gpu_inline_certified,1,1,257,768,64,64,0,3018081,9688,236388874,8414059,0,247830702,247830702,247830702,0,0,0,64,64,1,1,1,0,1,1,1,192111958,3732717,353982,7429908,1353,15816694,15290666,15772480,15235327,58532,149234,155715,114777,0,1173338,290611200,33554432,0,0
sample,tree_session_control,session_control,gpu_inline_certified,1,2,257,768,64,128,0,5293311,9688,240740368,16610294,0,262653661,262653661,247830702,14822959,14822959,0,128,128,1,1,2,1,1,2,2,192111958,3732717,550645,7614478,1353,15816694,18150658,15772480,18051965,113086,260004,227782,158070,0,2002923,290611200,33554432,0,0
sample,tree_session_control,session_control,gpu_inline_certified,1,3,257,768,64,192,0,7410842,9688,245068486,25101238,0,277590254,277590254,247830702,14822959,14936593,0,192,192,1,1,3,2,1,3,3,192111958,3732717,735095,7792406,1353,15816694,21029335,15772480,20890845,167299,365895,294498,190793,0,2830443,290611200,33554432,0,0
sample,tree_session_control,session_control,gpu_inline_certified,1,4,257,768,64,256,0,9459823,9688,249360445,33350923,0,292180879,292180879,247830702,14822959,14936593,0,256,256,1,1,4,3,1,4,4,192111958,3732717,918734,7965665,1353,15816694,23871892,15772480,23684187,220460,453332,362396,223766,838562,3681478,290611200,33554432,0,0
sample,tree_session_control,session_control,gpu_inline_certified,2,1,257,768,64,64,0,2716779,5831,237589596,8405060,0,248717266,248717266,248717266,0,0,0,64,64,1,1,1,0,1,1,1,193114500,3979837,352369,7509751,1593,15640670,15355870,15596544,15305344,54243,146197,149593,110540,0,1174433,290611200,33554432,0,0
sample,tree_session_control,session_control,gpu_inline_certified,2,2,257,768,64,128,0,4941924,5831,241897617,16563643,0,263409015,263409015,248717266,14691749,14691749,0,128,128,1,1,2,1,1,2,2,193114500,3979837,547350,7711594,1593,15640670,18166196,15596544,18079295,108135,250676,213735,151468,0,2011863,290611200,33554432,0,0
sample,tree_session_control,session_control,gpu_inline_certified,2,3,257,768,64,192,0,7090453,5831,246207671,24842054,0,278146009,278146009,248717266,14691749,14736994,0,192,192,1,1,3,2,1,3,3,193114500,3979837,731008,7903639,1593,15640670,21015618,15596544,20891869,159553,353531,281654,183940,0,2842128,290611200,33554432,0,0
sample,tree_session_control,session_control,gpu_inline_certified,2,4,257,768,64,256,0,9109066,5831,250451950,33014253,0,292581100,292581100,248717266,14691749,14736994,0,256,256,1,1,4,3,1,4,4,193114500,3979837,914727,8080745,1593,15640670,23828199,15596544,23671868,211251,448160,347719,212564,910078,3671985,290611200,33554432,0,0
sample,tree_session_control,session_control,gpu_inline_certified,3,1,257,768,64,64,0,2791972,5660,236972895,8385523,0,248156050,248156050,248156050,0,0,0,64,64,1,1,1,0,1,1,1,192854656,3691892,348392,7513346,1523,15601426,15310233,15561759,15250654,57630,141058,156928,111812,0,1183999,290611200,33554432,0,0
sample,tree_session_control,session_control,gpu_inline_certified,3,2,257,768,64,128,0,5046703,5660,241385003,16549195,0,262986561,262986561,248156050,14830511,14830511,0,128,128,1,1,2,1,1,2,2,192854656,3691892,543362,7713847,1523,15601426,18139645,15561759,18043516,206243,234455,227721,155245,0,2014988,290611200,33554432,0,0
sample,tree_session_control,session_control,gpu_inline_certified,3,3,257,768,64,192,0,7159425,5660,245684107,24719510,0,277568702,277568702,248156050,14582141,14830511,0,192,192,1,1,3,2,1,3,3,192854656,3691892,726960,7909248,1523,15601426,20963439,15561759,20826844,259505,319096,314596,189991,0,2851775,290611200,33554432,0,0
sample,tree_session_control,session_control,gpu_inline_certified,3,4,257,768,64,256,0,9175944,5660,249912818,37270614,0,296365036,296365036,248156050,14830511,18796334,0,256,256,1,1,4,3,1,4,4,192854656,3691892,910359,8076626,1523,15601426,23747786,15561759,23575259,311634,423325,380091,221020,904337,3692480,290611200,33554432,0,0
sample,tree_session_control,session_control,gpu_inline_certified,4,1,257,768,64,64,0,2745584,5401,234136919,8480965,0,245368869,245368869,245368869,0,0,0,64,64,1,1,1,0,1,1,1,189744341,3555572,352990,7469604,1363,15983752,15376379,15943840,15330111,63390,151116,140227,112233,0,1185952,290037760,33554432,0,0
sample,tree_session_control,session_control,gpu_inline_certified,4,2,257,768,64,128,0,5060379,5401,238471339,16708820,0,260245939,260245939,245368869,14877070,14877070,0,128,128,1,1,2,1,1,2,2,189744341,3555572,537650,7672389,1363,15983752,18201774,15943840,18119261,122472,237210,213676,158310,0,2042830,290037760,33554432,0,0
sample,tree_session_control,session_control,gpu_inline_certified,4,3,257,768,64,192,0,7193680,5401,242808093,24847585,0,274854759,274854759,245368869,14608820,14877070,0,192,192,1,1,3,2,1,3,3,189744341,3555572,731428,7878280,1363,15983752,21037680,15943840,20891709,184790,341468,283458,193206,0,2872755,290037760,33554432,0,0
sample,tree_session_control,session_control,gpu_inline_certified,4,4,257,768,64,256,0,9217142,5401,246969795,32997441,0,289189779,289189779,245368869,14608820,14877070,0,256,256,1,1,4,3,1,4,4,189744341,3555572,914826,8043063,1363,15983752,23773415,15943840,23590940,237060,438994,354503,224746,901974,3698160,290037760,33554432,0,0
sample,tree_session_control,session_control,gpu_inline_certified,5,1,257,768,64,64,0,3198033,5781,238793542,8511253,0,250508609,250508609,250508609,0,0,0,64,64,1,1,1,0,1,1,1,193729198,3579287,367658,7999922,1623,16011313,15428357,15971232,15371295,60104,153102,145055,111362,0,1206561,290611200,33554432,0,0
sample,tree_session_control,session_control,gpu_inline_certified,5,2,257,768,64,128,0,5662163,5781,243210099,16865907,0,265743950,265743950,250508609,15235341,15235341,0,128,128,1,1,2,1,1,2,2,193729198,3579287,552218,8223898,1623,16011313,18264743,15971232,18166751,112834,251679,209317,152921,0,2121068,290611200,33554432,0,0
sample,tree_session_control,session_control,gpu_inline_certified,5,3,257,768,64,192,0,7872039,5781,247532516,24991005,0,280401341,280401341,250508609,14657391,15235341,0,192,192,1,1,3,2,1,3,3,193729198,3579287,735987,8402027,1623,16011313,21045614,15971232,20900543,175983,370815,278248,186204,0,3016217,290611200,33554432,0,0
sample,tree_session_control,session_control,gpu_inline_certified,5,4,257,768,64,256,0,9896142,5781,251817914,33280256,0,295000093,295000093,250508609,14657391,15235341,0,256,256,1,1,4,3,1,4,4,193729198,3579287,920858,8576217,1623,16011313,23866421,15971232,23675423,227391,465955,345286,218205,1055194,3876160,290611200,33554432,0,0
sample,tree_session_control,session_control,gpu_inline_certified,6,1,257,768,64,64,0,2934303,6462,242660185,8355756,0,253956706,253956706,253956706,0,0,0,64,64,1,1,1,0,1,1,1,197942439,3777734,372247,7575374,1433,15692198,15550880,15649824,15495967,77117,157218,142501,112614,0,1258430,290611200,33554432,0,0
sample,tree_session_control,session_control,gpu_inline_certified,6,2,257,768,64,128,0,5185408,6462,246919023,16582287,0,268693180,268693180,253956706,14736474,14736474,0,128,128,1,1,2,1,1,2,2,197942439,3777734,567248,7748513,1433,15692198,18335859,15649824,18214397,130157,238663,211382,155135,0,2118262,290611200,33554432,0,0
sample,tree_session_control,session_control,gpu_inline_certified,6,3,257,768,64,192,0,7321133,6462,251232165,24802477,0,283362237,283362237,253956706,14669057,14736474,0,192,192,1,1,3,2,1,3,3,197942439,3777734,750977,7920079,1433,15692198,21176052,15649824,21010556,182717,343953,279192,200791,0,2964600,290611200,33554432,0,0
sample,tree_session_control,session_control,gpu_inline_certified,6,4,257,768,64,256,0,9341500,6462,255501332,32977711,0,297827005,297827005,253956706,14669057,14736474,0,256,256,1,1,4,3,1,4,4,197942439,3777734,964553,8075584,1433,15692198,23979095,15649824,23767675,233964,457719,349124,232541,899017,3794948,290611200,33554432,0,0
sample,tree_session_control,session_control,gpu_inline_certified,7,1,257,768,64,64,0,2824964,6142,237896770,8385734,0,249113610,249113610,249113610,0,0,0,64,64,1,1,1,0,1,1,1,193187692,3777323,358000,7373822,1392,15914000,15653105,15873279,15598879,53141,146177,149224,113926,0,1168968,290611200,33554432,0,0
sample,tree_session_control,session_control,gpu_inline_certified,7,2,257,768,64,128,0,5095666,6142,242182809,16594493,0,263879110,263879110,249113610,14765500,14765500,0,128,128,1,1,2,1,1,2,2,193187692,3777323,554052,7540519,1392,15914000,18472008,15873279,18348255,116902,234695,221431,157118,0,2005677,290611200,33554432,0,0
sample,tree_session_control,session_control,gpu_inline_certified,7,3,257,768,64,192,0,7226703,6142,246448058,24964407,0,278645310,278645310,249113610,14765500,14766200,0,192,192,1,1,3,2,1,3,3,193187692,3777323,737580,7717726,1392,15914000,21274058,15873279,21105181,167067,354883,289671,191693,0,2834973,290611200,33554432,0,0
sample,tree_session_control,session_control,gpu_inline_certified,7,4,257,768,64,256,0,9277257,6142,250701936,33361703,0,293347038,293347038,249113610,14765500,14766200,0,256,256,1,1,4,3,1,4,4,193187692,3777323,930957,7888871,1392,15914000,24088253,15873279,23873532,220078,447488,348613,225517,930707,3671752,290611200,33554432,0,0
sample,tree_session_control,session_control,gpu_inline_certified,8,1,257,768,64,64,0,3180460,5901,238206429,8878771,0,250271561,250271561,250271561,0,0,0,64,64,1,1,1,0,1,1,1,193274906,3656564,528815,7995693,1433,15742724,15365167,15704768,15323327,57119,139837,140526,116471,0,1187174,290611200,33554432,0,0
sample,tree_session_control,session_control,gpu_inline_certified,8,2,257,768,64,128,0,5544178,5901,242560186,17058965,0,265169230,265169230,250271561,14897669,14897669,0,128,128,1,1,2,1,1,2,2,193274906,3656564,727382,8204450,1433,15742724,18190993,15704768,18113214,111883,236651,212392,158781,0,2042027,290611200,33554432,0,0
sample,tree_session_control,session_control,gpu_inline_certified,8,3,257,768,64,192,0,7667340,5901,246873967,25509732,0,280056940,280056940,250271561,14887710,14897669,0,192,192,1,1,3,2,1,3,3,193274906,3656564,911030,8387498,1433,15742724,21046184,15704768,20929246,165004,340658,280251,193246,0,2874469,290611200,33554432,0,0
sample,tree_session_control,session_control,gpu_inline_certified,8,4,257,768,64,256,0,9711201,5901,251156408,33751303,0,294624813,294624813,250271561,14887710,14897669,0,256,256,1,1,4,3,1,4,4,193274906,3656564,1110389,8571728,1433,15742724,23834778,15704768,23673404,217814,442132,346897,229244,823483,3727799,290611200,33554432,0,0
sample,tree_session_control,session_control,gpu_inline_certified,9,1,257,768,64,64,0,2714025,5510,236807992,8547281,0,248074808,248074808,248074808,0,0,0,64,64,1,1,1,0,1,1,1,192350200,3653999,356647,7590364,1323,15926182,15286488,15884032,15236416,52680,157098,148191,113385,0,1171435,290611200,33554432,0,0
sample,tree_session_control,session_control,gpu_inline_certified,9,2,257,768,64,128,0,5117779,5510,241127705,20975682,0,267226676,267226676,248074808,19151868,19151868,0,128,128,1,1,2,1,1,2,2,192350200,3653999,550515,7790674,1323,15926182,18088479,15884032,17994719,107073,265705,210530,156657,0,2026368,290611200,33554432,0,0
sample,tree_session_control,session_control,gpu_inline_certified,9,3,257,768,64,192,0,7395134,5510,245464360,29379860,0,282244864,282244864,248074808,15018188,19151868,0,192,192,1,1,3,2,1,3,3,192350200,3653999,743842,7990974,1323,15926182,20917510,15884032,20787805,158360,368510,277156,194900,0,2881404,290611200,33554432,0,0
sample,tree_session_control,session_control,gpu_inline_certified,9,4,257,768,64,256,0,9448653,5510,249794653,37840936,0,297089752,297089752,248074808,15018188,19151868,0,256,256,1,1,4,3,1,4,4,192350200,3653999,927541,8193719,1323,15926182,23773653,15884032,23586365,208135,462990,343071,230247,1080402,3723593,290611200,33554432,0,0
sample,tree_session_control,session_control,gpu_inline_certified,10,1,257,768,64,64,0,2659542,5691,242817334,8420128,0,253902695,253902695,253902695,0,0,0,64,64,1,1,1,0,1,1,1,197477837,3557055,345065,7458754,1443,15763955,16519149,15724672,16468126,58912,154563,155807,113916,0,1210878,290349056,33554432,0,0
sample,tree_session_control,session_control,gpu_inline_certified,10,2,257,768,64,128,0,4925245,5691,247157327,16612033,0,268700296,268700296,253902695,14797601,14797601,0,128,128,1,1,2,1,1,2,2,197477837,3557055,529515,7667440,1443,15763955,19360244,15724672,19271549,115369,249303,223406,156888,0,2054872,290349056,33554432,0,0
sample,tree_session_control,session_control,gpu_inline_certified,10,3,257,768,64,192,0,7069587,5691,251462103,24803307,0,283340688,283340688,253902695,14640392,14797601,0,192,192,1,1,3,2,1,3,3,197477837,3557055,712964,7868582,1443,15763955,22195939,15724672,22059387,167418,350915,292608,191174,0,2882213,290349056,33554432,0,0
sample,tree_session_control,session_control,gpu_inline_certified,10,4,257,768,64,256,0,9107196,5691,255746037,32950036,0,297808960,297808960,253902695,14640392,14797601,0,256,256,1,1,4,3,1,4,4,197477837,3557055,896563,8071778,1443,15763955,25006917,15724672,24830778,220469,449773,361107,225179,901412,3713961,290349056,33554432,0,0
sample,tree_session_control,session_control,gpu_inline_certified,11,1,257,768,64,64,0,2721598,5861,232149478,8385162,0,243262099,243262099,243262099,0,0,0,64,64,1,1,1,0,1,1,1,188514428,3525344,346628,7361269,1573,15457854,15277151,15420960,15224510,55034,136288,151508,111842,0,1210559,290611200,33554432,0,0
sample,tree_session_control,session_control,gpu_inline_certified,11,2,257,768,64,128,0,5007329,5861,236419717,16552251,0,257985158,257985158,243262099,14723059,14723059,0,128,128,1,1,2,1,1,2,2,188514428,3525344,541368,7535921,1573,15457854,18081957,15420960,17993245,110610,231748,223214,156456,0,2039244,290611200,33554432,0,0
sample,tree_session_control,session_control,gpu_inline_certified,11,3,257,768,64,192,0,7138366,5861,240659228,24715582,0,272519037,272519037,243262099,14533879,14723059,0,192,192,1,1,3,2,1,3,3,188514428,3525344,725097,7694923,1573,15457854,20916329,15420960,20788187,162769,317170,290051,189799,0,2863891,290611200,33554432,0,0
sample,tree_session_control,session_control,gpu_inline_certified,11,4,257,768,64,256,0,9158894,5861,244911492,32871459,0,286947706,286947706,243262099,14533879,14723059,0,256,256,1,1,4,3,1,4,4,188514428,3525344,908425,7866118,1573,15457854,23735793,15420960,23574073,216111,405578,356817,222962,870724,3700489,290611200,33554432,0,0
sample,tree_session_control,session_control,gpu_inline_certified,12,1,257,768,64,64,0,2739223,5731,241440328,8336681,0,252521963,252521963,252521963,0,0,0,64,64,1,1,1,0,1,1,1,197106982,3518561,367518,7672290,1784,15774034,15336332,15733087,15291486,58591,152971,146448,114427,0,1190390,290525184,33554432,0,0
sample,tree_session_control,session_control,gpu_inline_certified,12,2,257,768,64,128,0,5020055,5731,245813533,16549817,0,267389136,267389136,252521963,14867173,14867173,0,128,128,1,1,2,1,1,2,2,197106982,3518561,562598,7859575,1784,15774034,18228133,15733087,18137085,122122,241349,213856,158250,0,2026289,290525184,33554432,0,0
sample,tree_session_control,session_control,gpu_inline_certified,12,3,257,768,64,192,0,7146213,5731,250053314,24685185,0,281890443,281890443,252521963,14501307,14867173,0,192,192,1,1,3,2,1,3,3,197106982,3518561,771224,8038875,1784,15774034,21009505,15733087,20881019,174652,328365,281435,192495,0,2855402,290525184,33554432,0,0
sample,tree_session_control,session_control,gpu_inline_certified,12,4,257,768,64,256,0,9205463,5731,254283177,32821816,0,296316187,296316187,252521963,14501307,14867173,0,256,256,1,1,4,3,1,4,4,197106982,3518561,954812,8215000,1784,15774034,23804354,15733087,23637658,226931,425139,346739,224826,879359,3684015,290525184,33554432,0,0
sample,tree_session_control,session_control,gpu_inline_certified,13,1,257,768,64,64,0,2825926,6101,235689570,8426362,0,246947959,246947959,246947959,0,0,0,64,64,1,1,1,0,1,1,1,191154520,3614233,351277,7649577,1723,15866780,15398751,15827743,15342910,53822,161397,137381,113486,0,1186623,290611200,33554432,0,0
sample,tree_session_control,session_control,gpu_inline_certified,13,2,257,768,64,128,0,5067072,6101,240007229,16638636,0,261719038,261719038,246947959,14771079,14771079,0,128,128,1,1,2,1,1,2,2,191154520,3614233,545986,7840490,1723,15866780,18244155,15827743,18112350,109718,254874,201413,157429,0,2015908,290611200,33554432,0,0
sample,tree_session_control,session_control,gpu_inline_certified,13,3,257,768,64,192,0,7185766,6101,244306924,24860378,0,276359169,276359169,246947959,14640131,14771079,0,192,192,1,1,3,2,1,3,3,191154520,3614233,729645,8046621,1723,15866780,21074430,15827743,20897532,163710,347620,264283,192075,0,2851284,290611200,33554432,0,0
sample,tree_session_control,session_control,gpu_inline_certified,13,4,257,768,64,256,0,9208648,6101,248702080,33266020,0,291182849,291182849,246947959,14771079,14823680,0,256,256,1,1,4,3,1,4,4,191154520,3614233,913264,8220742,1723,15866780,23913560,15827743,23695899,233372,469512,373811,262719,822873,3677844,290611200,33554432,0,0
sample,tree_session_control,session_control,gpu_inline_certified,14,1,257,768,64,64,0,2704186,5731,234900039,8347021,0,245956977,245956977,245956977,0,0,0,64,64,1,1,1,0,1,1,1,190179438,4003513,354002,7646480,1343,15780787,15296899,15743200,15247680,53662,142181,143183,112644,0,1185907,290611200,33554432,0,0
sample,tree_session_control,session_control,gpu_inline_certified,14,2,257,768,64,128,0,4992562,5731,239143457,16790686,0,260932436,260932436,245956977,14975459,14975459,0,128,128,1,1,2,1,1,2,2,190179438,4003513,549413,7814880,1343,15780787,18096365,15743200,18011840,107755,229997,212705,156547,0,2010714,290611200,33554432,0,0
sample,tree_session_control,session_control,gpu_inline_certified,14,3,257,768,64,192,0,7187410,5731,243476434,25143829,0,275813404,275813404,245956977,14880968,14975459,0,192,192,1,1,3,2,1,3,3,190179438,4003513,733101,8028406,1343,15780787,20910588,15743200,20774047,161688,332602,278469,191904,0,2874595,290611200,33554432,0,0
sample,tree_session_control,session_control,gpu_inline_certified,14,4,257,768,64,256,0,9278551,5731,247863944,33786742,0,290934968,290934968,245956977,14975459,15121564,0,256,256,1,1,4,3,1,4,4,190179438,4003513,917952,8211473,1343,15780787,23773275,15743200,23589693,219277,428063,364792,241038,901691,3742993,290611200,33554432,0,0
sample,tree_session_control,session_control,gpu_inline_certified,15,1,257,768,64,64,0,2833110,5370,235132561,8498057,0,246469098,246469098,246469098,0,0,0,64,64,1,1,1,0,1,1,1,190481933,3663756,357258,7853964,1784,15718788,15389874,15675840,15338560,53512,136539,142209,111442,0,1221502,290283520,33554432,0,0
sample,tree_session_control,session_control,gpu_inline_certified,15,2,257,768,64,128,0,5116386,5370,239458285,17175264,0,261755305,261755305,246469098,15286207,15286207,0,128,128,1,1,2,1,1,2,2,190481933,3663756,552118,8058703,1784,15718788,18202324,15675840,18110175,105330,227322,222392,172878,0,2050957,290283520,33554432,0,0
sample,tree_session_control,session_control,gpu_inline_certified,15,3,257,768,64,192,0,7308078,5370,243765875,25376988,0,276456311,276456311,246469098,14701006,15286207,0,192,192,1,1,3,2,1,3,3,190481933,3663756,752759,8261899,1784,15718788,21021007,15675840,20891102,157639,316141,286063,207012,0,2897094,290283520,33554432,0,0
sample,tree_session_control,session_control,gpu_inline_certified,15,4,257,768,64,256,0,9313586,5370,247966703,33528948,0,290814607,290814607,246469098,14701006,15286207,0,256,256,1,1,4,3,1,4,4,190481933,3663756,936167,8434196,1784,15718788,23793022,15675840,23632028,209076,404308,350826,238131,926590,3734716,290283520,33554432,0,0
sample,tree_session_control,session_control,gpu_inline_certified,16,1,257,768,64,64,0,2731317,5951,238087974,8461158,0,249286400,249286400,249286400,0,0,0,64,64,1,1,1,0,1,1,1,193840640,3451925,353842,7593790,1372,15737915,15479616,15697312,15427742,52630,144985,140266,112794,0,1178199,290611200,33554432,0,0
sample,tree_session_control,session_control,gpu_inline_certified,16,2,257,768,64,128,0,5004623,5951,242396215,16579685,0,263986474,263986474,249286400,14700074,14700074,0,128,128,1,1,2,1,1,2,2,193840640,3451925,549072,7774824,1372,15737915,18335279,15697312,18243933,104889,234815,205831,154553,0,2005100,290611200,33554432,0,0
sample,tree_session_control,session_control,gpu_inline_certified,16,3,257,768,64,192,0,7148063,5951,246645814,25084095,0,278883923,278883923,249286400,14700074,14897449,0,192,192,1,1,3,2,1,3,3,193840640,3451925,732621,7963492,1372,15737915,21110819,15697312,20968732,160024,322651,286434,203746,0,2834175,290611200,33554432,0,0
sample,tree_session_control,session_control,gpu_inline_certified,16,4,257,768,64,256,0,9198677,5951,250906675,33198484,0,293309787,293309787,249286400,14700074,14897449,0,256,256,1,1,4,3,1,4,4,193840640,3451925,916049,8143514,1372,15737915,23904984,15697312,23723195,218926,441588,351878,234935,856236,3662949,290611200,33554432,0,0
sample,tree_session_control,session_control,gpu_inline_certified,17,1,257,768,64,64,0,3225616,5500,233937873,8348533,0,245517522,245517522,245517522,0,0,0,64,64,1,1,1,0,1,1,1,189277526,3614824,355004,7832494,1463,15826874,15377751,15785023,15328223,59243,136268,137761,108506,0,1210159,290611200,33554432,0,0
sample,tree_session_control,session_control,gpu_inline_certified,17,2,257,768,64,128,0,5469066,5500,238215806,16599742,0,260290114,260290114,245517522,14772592,14772592,0,128,128,1,1,2,1,1,2,2,189277526,3614824,539183,8007427,1463,15826874,18153261,15785023,18068477,117794,251246,220829,169652,0,2035727,290611200,33554432,0,0
sample,tree_session_control,session_control,gpu_inline_certified,17,3,257,768,64,192,0,7592318,5500,242463322,24776499,0,274837639,274837639,245517522,14547525,14772592,0,192,192,1,1,3,2,1,3,3,189277526,3614824,722821,8158444,1463,15826874,20965160,15785023,20843676,171336,361295,287035,199739,0,2876805,290611200,33554432,0,0
sample,tree_session_control,session_control,gpu_inline_certified,17,4,257,768,64,256,0,9611743,5500,246718663,33219251,0,289555157,289555157,245517522,14717518,14772592,0,256,256,1,1,4,3,1,4,4,189277526,3614824,906500,8335741,1463,15826874,23785727,15785023,23627643,223114,461835,347550,230578,892665,3706931,290611200,33554432,0,0
sample,tree_session_control,session_control,gpu_inline_certified,18,1,257,768,64,64,0,3254241,5871,234668500,8331751,0,246260363,246260363,246260363,0,0,0,64,64,1,1,1,0,1,1,1,189398725,3633531,355435,7990002,1433,16124429,15523889,16084384,15478206,59113,142822,138443,113485,0,1187193,290611200,33554432,0,0
sample,tree_session_control,session_control,gpu_inline_certified,18,2,257,768,64,128,0,5471031,5871,238961070,16714080,0,261152052,261152052,246260363,14891689,14891689,0,128,128,1,1,2,1,1,2,2,189398725,3633531,540967,8192216,1433,16124429,18318767,16084384,18229788,112374,233713,203246,156026,0,2045643,290611200,33554432,0,0
sample,tree_session_control,session_control,gpu_inline_certified,18,3,257,768,64,192,0,7683914,5871,243306371,25324470,0,276320626,276320626,246260363,14891689,15168574,0,192,192,1,1,3,2,1,3,3,189398725,3633531,724586,8377367,1433,16124429,21147670,16084384,21007035,172648,338102,293578,190291,0,2904011,290611200,33554432,0,0
sample,tree_session_control,session_control,gpu_inline_certified,18,4,257,768,64,256,0,9752743,5871,247602980,33479475,0,290841069,290841069,246260363,14891689,15168574,0,256,256,1,1,4,3,1,4,4,189398725,3633531,909437,8572358,1433,16124429,23983334,16084384,23788377,225639,427912,359623,222863,833563,3743696,290611200,33554432,0,0
sample,tree_session_control,session_control,gpu_inline_certified,19,1,257,768,64,64,0,2848700,6032,235337781,8314299,0,246506812,246506812,246506812,0,0,0,64,64,1,1,1,0,1,1,1,191039512,3899074,363801,7299551,1323,15727997,15380456,15689503,15335359,52039,146538,137350,111552,0,1178588,290611200,33554432,0,0
sample,tree_session_control,session_control,gpu_inline_certified,19,2,257,768,64,128,0,5074927,6032,239580618,16495575,0,261157152,261157152,246506812,14650340,14650340,0,128,128,1,1,2,1,1,2,2,191039512,3899074,548211,7483049,1323,15727997,18163029,15689503,18082782,104749,249334,204257,151999,0,2008084,290611200,33554432,0,0
sample,tree_session_control,session_control,gpu_inline_certified,19,3,257,768,64,192,0,7182790,6032,243894329,24676129,0,275759280,275759280,246506812,14602128,14650340,0,192,192,1,1,3,2,1,3,3,191039512,3899074,732050,7663782,1323,15727997,21022789,15689503,20897950,156187,346799,269511,188187,0,2847118,290611200,33554432,0,0
sample,tree_session_control,session_control,gpu_inline_certified,19,4,257,768,64,256,0,9192786,6032,248164458,32856412,0,290219688,290219688,246506812,14602128,14650340,0,256,256,1,1,4,3,1,4,4,191039512,3899074,915388,7837121,1323,15727997,23840120,15689503,23676892,217263,457609,333272,221941,849674,3673838,290611200,33554432,0,0
summary,tree_session_control,session_control,gpu_inline_certified,1,20,243262099,248074808,253902695,253956706,248074808,248074808,0,0,257.90223530717867,290611200,33554432
summary,tree_session_control,session_control,gpu_inline_certified,2,20,257985158,262986561,268693180,268700296,262986561,248074808,14822959,15286207,485.93629189190813,290611200,33554432
summary,tree_session_control,session_control,gpu_inline_certified,3,20,272519037,277590254,283340688,283362237,277590254,248074808,14657391,15286207,690.28493592370762,290611200,33554432
summary,tree_session_control,session_control,gpu_inline_certified,4,20,286947706,292581100,297808960,297827005,292581100,248074808,14700074,18796334,872.79733355777864,290611200,33554432
sample,tree_session_control,session_control,gpu_candidate_runtime,0,1,257,768,64,64,0,2724975,6171,236813834,4172163,8296985,243717143,252014128,243717143,0,0,0,64,64,1,1,1,0,1,1,1,192174346,3567885,348131,7839025,1513,15847123,15386308,15806655,15338432,55204,147018,163040,113005,0,1171236,290611200,33554432,0,0
sample,tree_session_control,session_control,gpu_candidate_runtime,0,2,257,768,64,128,0,5089145,6171,241048246,8191084,16446090,254334646,270780736,243717143,10617503,10617503,0,128,128,1,1,2,1,1,2,2,192174346,3567885,532571,8030389,1513,15847123,18154985,15806655,18054592,107243,237440,230579,154904,0,2009268,290611200,33554432,0,0
sample,tree_session_control,session_control,gpu_candidate_runtime,0,3,257,768,64,192,0,7121684,6171,245368019,12569588,24862572,265065462,289928034,243717143,10617503,10730816,0,192,192,1,1,3,2,1,3,3,192174346,3567885,716511,8222093,1513,15847123,20954822,15806655,20802399,163750,332019,336140,202765,0,2849052,290611200,33554432,0,0
sample,tree_session_control,session_control,gpu_candidate_runtime,0,4,257,768,64,256,0,9128936,6171,249643428,16660247,33040220,275438782,308479002,243717143,10617503,10730816,0,256,256,1,1,4,3,1,4,4,192174346,3567885,910840,8383489,1513,15847123,23766621,15806655,23566621,221239,465623,402056,231910,946848,3670783,290611200,33554432,0,0
sample,tree_session_control,session_control,gpu_candidate_runtime,1,1,257,768,64,64,0,3252276,6312,239841103,4253738,8458071,247353429,255811500,247353429,0,0,0,64,64,1,1,1,0,1,1,1,193196236,3644041,364762,8343182,1382,16708399,15817415,16669984,15756992,55806,185993,141219,112053,0,1270615,290168832,33554432,0,0
sample,tree_session_control,session_control,gpu_candidate_runtime,1,2,257,768,64,128,0,5704752,6312,244246188,8390313,16822023,258347565,275169588,247353429,10994136,10994136,0,128,128,1,1,2,1,1,2,2,193196236,3644041,563650,8565264,1382,16708399,18649764,16669984,18547487,138814,271194,207124,153201,0,2147119,290168832,33554432,0,0
sample,tree_session_control,session_control,gpu_candidate_runtime,1,3,257,768,64,192,0,7781406,6312,248561161,12615596,24954116,268964475,293918591,247353429,10616910,10994136,0,192,192,1,1,3,2,1,3,3,193196236,3644041,757398,8748101,1382,16708399,21432989,16669984,21329118,197596,384048,274371,187026,0,3029574,290168832,33554432,0,0
sample,tree_session_control,session_control,gpu_candidate_runtime,1,4,257,768,64,256,0,9802865,6312,252824026,16638816,33083553,279272019,312355572,247353429,10616910,10994136,0,256,256,1,1,4,3,1,4,4,193196236,3644041,940837,8936488,1382,16708399,24242554,16669984,24093565,254684,493205,334175,216752,892956,3855273,290168832,33554432,0,0
sample,tree_session_control,session_control,gpu_candidate_runtime,2,1,257,768,64,64,0,3343528,6222,237969059,4261844,8321001,245580653,253901654,245580653,0,0,0,64,64,1,1,1,0,1,1,1,192755530,3648088,369141,8117844,1453,15849717,15547954,15811072,15490751,54604,161166,140447,114257,0,1208858,290611200,33554432,0,0
sample,tree_session_control,session_control,gpu_candidate_runtime,2,2,257,768,64,128,0,5714830,6222,242324899,8325411,16486336,256371362,272857698,245580653,10790709,10790709,0,128,128,1,1,2,1,1,2,2,192755530,3648088,582827,8317834,1453,15849717,18376627,15811072,18281887,109258,257740,210450,157799,0,2057576,290611200,33554432,0,0
sample,tree_session_control,session_control,gpu_candidate_runtime,2,3,257,768,64,192,0,7737501,6222,246604286,12359651,24695605,266707660,291403265,245580653,10336298,10790709,0,192,192,1,1,3,2,1,3,3,192755530,3648088,766426,8502454,1453,15849717,21206843,15811072,21074687,159123,349544,276546,191032,0,2897530,290611200,33554432,0,0
sample,tree_session_control,session_control,gpu_candidate_runtime,2,4,257,768,64,256,0,9751095,6222,250881499,16374144,32835252,277012960,309848212,245580653,10336298,10790709,0,256,256,1,1,4,3,1,4,4,192755530,3648088,949824,8697544,1453,15849717,24002964,15811072,23823358,215660,463901,343824,226850,916140,3726144,290611200,33554432,0,0
sample,tree_session_control,session_control,gpu_candidate_runtime,3,1,257,768,64,64,0,2725156,6052,235452339,4262635,8462880,242446182,250909062,242446182,0,0,0,64,64,1,1,1,0,1,1,1,190469589,3530555,368660,7618768,1654,15962611,15874655,15922112,15827871,52189,133964,136861,108466,0,1194367,290193408,33554432,0,0
sample,tree_session_control,session_control,gpu_candidate_runtime,3,2,257,768,64,128,0,5132668,6052,239871602,8351208,16835249,253361530,270196779,242446182,10915348,10915348,0,128,128,1,1,2,1,1,2,2,190469589,3530555,553281,7808829,1654,15962611,18780534,15922112,18685629,115269,248080,201143,149334,0,2050723,290193408,33554432,0,0
sample,tree_session_control,session_control,gpu_candidate_runtime,3,3,257,768,64,192,0,7216405,6052,244214989,12380610,24955870,263818056,288773926,242446182,10456526,10915348,0,192,192,1,1,3,2,1,3,3,190469589,3530555,736929,8010352,1654,15962611,21630986,15922112,21494557,167358,347308,269462,182386,0,2905799,290193408,33554432,0,0
sample,tree_session_control,session_control,gpu_candidate_runtime,3,4,257,768,64,256,0,9227804,6052,248417038,16417927,33135993,274068821,307204814,242446182,10456526,10915348,0,256,256,1,1,4,3,1,4,4,190469589,3530555,920487,8187228,1654,15962611,24405433,15922112,24231484,217423,443601,325488,212273,891283,3740696,290193408,33554432,0,0
sample,tree_session_control,session_control,gpu_candidate_runtime,4,1,257,768,64,64,0,2838690,6372,236618323,4152525,8189151,243615910,251805061,243615910,0,0,0,64,64,1,1,1,0,1,1,1,191272494,3631807,359222,8330970,1392,15883652,15522277,15842752,15474688,53161,152681,132271,111451,0,1166945,290611200,33554432,0,0
sample,tree_session_control,session_control,gpu_candidate_runtime,4,2,257,768,64,128,0,5225061,6372,240979435,11366774,16387619,257577642,273965261,243615910,13961732,13961732,0,128,128,1,1,2,1,1,2,2,191272494,3631807,554112,8546108,1392,15883652,18362530,15842752,18273600,113927,262831,199239,153902,0,1997441,290611200,33554432,0,0
sample,tree_session_control,session_control,gpu_candidate_runtime,4,3,257,768,64,192,0,7253192,6372,245347701,15445910,24566430,268053175,292619605,243615910,10475533,13961732,0,192,192,1,1,3,2,1,3,3,191272494,3631807,738973,8734987,1392,15883652,21244202,15842752,21116670,178420,356898,271316,189560,0,2844000,290611200,33554432,0,0
sample,tree_session_control,session_control,gpu_candidate_runtime,4,4,257,768,64,256,0,9301442,6372,249646264,20043991,32715505,278998069,311713574,243615910,10944894,13961732,0,256,256,1,1,4,3,1,4,4,191272494,3631807,923443,8944716,1392,15883652,24038238,15842752,23876445,234507,458370,350597,222633,898827,3684415,290611200,33554432,0,0
sample,tree_session_control,session_control,gpu_candidate_runtime,5,1,257,768,64,64,0,3029894,6232,235634054,4223810,8256880,242893990,251150870,242893990,0,0,0,64,64,1,1,1,0,1,1,1,191238139,3641345,351227,7469564,1322,15698140,15561479,15658592,15512159,54925,137531,150685,111592,0,1218105,290611200,33554432,0,0
sample,tree_session_control,session_control,gpu_candidate_runtime,5,2,257,768,64,128,0,5378995,6232,240005234,9170975,16439237,254561436,271000673,242893990,11667446,11667446,0,128,128,1,1,2,1,1,2,2,191238139,3641345,535808,7671387,1322,15698140,18395189,15658592,18301951,109058,223795,252298,174151,0,2064602,290611200,33554432,0,0
sample,tree_session_control,session_control,gpu_candidate_runtime,5,3,257,768,64,192,0,7406214,6232,244239084,13184296,24610733,264835826,289446559,242893990,10274390,11667446,0,192,192,1,1,3,2,1,3,3,191238139,3641345,719306,7829888,1322,15698140,21203853,15658592,21072863,159564,319636,319766,204649,0,2903476,290611200,33554432,0,0
sample,tree_session_control,session_control,gpu_candidate_runtime,5,4,257,768,64,256,0,9420719,6232,248498834,17441810,32869637,275367595,308237232,242893990,10531769,11667446,0,256,256,1,1,4,3,1,4,4,191238139,3641345,916711,8031601,1322,15698140,23985586,15658592,23816830,210701,414557,393306,236840,963720,3730586,290611200,33554432,0,0
sample,tree_session_control,session_control,gpu_candidate_runtime,6,1,257,768,64,64,0,3233440,6052,236084264,4168606,8266247,243492362,251758609,243492362,0,0,0,64,64,1,1,1,0,1,1,1,191150958,3581450,355946,7981527,1523,15923218,15490235,15885791,15440766,56398,143112,138292,110791,0,1150814,290611200,33554432,0,0
sample,tree_session_control,session_control,gpu_candidate_runtime,6,2,257,768,64,128,0,5605845,6052,240362748,8278581,16660708,254253226,270913934,243492362,10760864,10760864,0,128,128,1,1,2,1,1,2,2,191150958,3581450,550425,8173060,1523,15923218,18300051,15885791,18214941,110440,231149,203936,152891,0,1983647,290611200,33554432,0,0
sample,tree_session_control,session_control,gpu_candidate_runtime,6,3,257,768,64,192,0,7655066,6052,244640252,12290940,24797209,264592310,289389519,243492362,10339084,10760864,0,192,192,1,1,3,2,1,3,3,191150958,3581450,734024,8380464,1523,15923218,21097793,15885791,20970908,163140,330247,268549,184982,0,2823904,290611200,33554432,0,0
sample,tree_session_control,session_control,gpu_candidate_runtime,6,4,257,768,64,256,0,9687886,6052,248916522,16800374,32957224,275410834,308368058,243492362,10760864,10818524,0,256,256,1,1,4,3,1,4,4,191150958,3581450,917502,8567880,1523,15923218,23905214,15885791,23740346,218716,442110,333452,215420,911832,3659079,290611200,33554432,0,0
sample,tree_session_control,session_control,gpu_candidate_runtime,7,1,257,768,64,64,0,2808294,6482,234307299,4157846,8188971,241279921,249468892,241279921,0,0,0,64,64,1,1,1,0,1,1,1,189970886,3639812,351568,7888930,1393,15756371,15064176,15717663,15015167,53141,157218,151608,108376,0,1163820,290611200,33554432,0,0
sample,tree_session_control,session_control,gpu_candidate_runtime,7,2,257,768,64,128,0,5164939,6482,238626441,8173121,16361881,251970983,268332864,241279921,10691062,10691062,0,128,128,1,1,2,1,1,2,2,189970886,3639812,546408,8088509,1393,15756371,17889871,15717663,17803677,104970,264071,217553,150696,0,1995901,290611200,33554432,0,0
sample,tree_session_control,session_control,gpu_candidate_runtime,7,3,257,768,64,192,0,7175327,6482,242971130,12491802,24541244,262644741,287185985,241279921,10673758,10691062,0,192,192,1,1,3,2,1,3,3,189970886,3639812,731339,8289600,1393,15756371,20725906,15717663,20598492,155937,366025,296342,198727,0,2838792,290611200,33554432,0,0
sample,tree_session_control,session_control,gpu_candidate_runtime,7,4,257,768,64,256,0,9183590,6482,247331480,16939308,32693645,273460860,306154505,241279921,10691062,10816119,0,256,256,1,1,4,3,1,4,4,189970886,3639812,925528,8477266,1393,15756371,23587832,15717663,23381530,208547,459633,394919,244594,938723,3664699,290611200,33554432,0,0
sample,tree_session_control,session_control,gpu_candidate_runtime,8,1,257,768,64,64,0,2721828,6713,234891268,4173055,8246730,241792864,250039594,241792864,0,0,0,64,64,1,1,1,0,1,1,1,189593050,3706618,449424,7856289,1643,15563294,16090255,15524000,16043135,55937,139104,136439,110249,0,1188966,290611200,33554432,0,0
sample,tree_session_control,session_control,gpu_candidate_runtime,8,2,257,768,64,128,0,5068985,6713,239219517,8588881,16507967,252884096,269392063,241792864,11091232,11091232,0,128,128,1,1,2,1,1,2,2,189593050,3706618,644244,8046830,1643,15563294,18931749,15524000,18845310,108977,242801,205230,151077,0,2024004,290611200,33554432,0,0
sample,tree_session_control,session_control,gpu_candidate_runtime,8,3,257,768,64,192,0,7152432,6713,243534872,12603344,24631644,263297361,287929005,241792864,10413265,11091232,0,192,192,1,1,3,2,1,3,3,189593050,3706618,828013,8242612,1643,15563294,21763877,15524000,21637148,161237,338804,269391,184099,0,2882234,290611200,33554432,0,0
sample,tree_session_control,session_control,gpu_candidate_runtime,8,4,257,768,64,256,0,9198326,6713,247766687,16614632,32792160,273586358,306378518,241792864,10413265,11091232,0,256,256,1,1,4,3,1,4,4,189593050,3706618,1013796,8417444,1643,15563294,24575044,15524000,24407419,214429,427353,331559,213214,822812,3709243,290611200,33554432,0,0
sample,tree_session_control,session_control,gpu_candidate_runtime,9,1,257,768,64,64,0,2752326,6452,238416292,4310446,8572027,245485516,254057543,245485516,0,0,0,64,64,1,1,1,0,1,1,1,193202032,3661543,460755,7603508,1363,15655449,16202086,15614399,16151903,53863,141901,136980,129746,0,1167066,290611200,33554432,0,0
sample,tree_session_control,session_control,gpu_candidate_runtime,9,2,257,768,64,128,0,5159417,6452,242799686,8487237,16871007,256452792,273323799,245485516,10967276,10967276,0,128,128,1,1,2,1,1,2,2,193202032,3661543,654283,7808527,1363,15655449,19061524,15614399,18964862,114118,244526,199088,171906,0,2025327,290611200,33554432,0,0
sample,tree_session_control,session_control,gpu_candidate_runtime,9,3,257,768,64,192,0,7219659,6452,247178361,12544762,24997238,266949234,291946472,245485516,10496442,10967276,0,192,192,1,1,3,2,1,3,3,193202032,3661543,837941,8014068,1363,15655449,21923068,15614399,21777821,175094,360255,265564,204608,0,2877376,290611200,33554432,0,0
sample,tree_session_control,session_control,gpu_candidate_runtime,9,4,257,768,64,256,0,9249043,6452,251412361,16627896,33284615,277295752,310580367,245485516,10496442,10967276,0,256,256,1,1,4,3,1,4,4,193202032,3661543,1021289,8201344,1363,15655449,24715692,15614399,24531484,227894,453282,330598,238442,974651,3703433,290611200,33554432,0,0
sample,tree_session_control,session_control,gpu_candidate_runtime,10,1,257,768,64,64,0,3121308,9989,232231076,4205957,8251780,239568330,247820110,239568330,0,0,0,64,64,1,1,1,0,1,1,1,187794935,3591650,364211,7953222,1483,15526604,15362001,15487232,15300127,56317,162218,143342,110320,0,1164773,290611200,33554432,0,0
sample,tree_session_control,session_control,gpu_candidate_runtime,10,2,257,768,64,128,0,5456032,9989,236545428,8230068,16381528,250241517,266623045,239568330,10673187,10673187,0,128,128,1,1,2,1,1,2,2,187794935,3591650,558660,8145006,1483,15526604,18185011,15487232,18077406,116682,267648,211561,152701,0,1993487,290611200,33554432,0,0
sample,tree_session_control,session_control,gpu_candidate_runtime,10,3,257,768,64,192,0,7481649,9989,240870452,12307991,24544089,260670081,285214170,239568330,10428564,10673187,0,192,192,1,1,3,2,1,3,3,187794935,3591650,742128,8344214,1483,15526604,21026949,15487232,20879612,167188,367097,276193,184572,0,2847439,290611200,33554432,0,0
sample,tree_session_control,session_control,gpu_candidate_runtime,10,4,257,768,64,256,0,9480835,9989,245165359,16322224,32696009,270978407,303674416,239568330,10428564,10673187,0,256,256,1,1,4,3,1,4,4,187794935,3591650,925827,8549344,1483,15526604,23854949,15487232,23657340,230939,463519,337570,215230,909848,3673309,290611200,33554432,0,0
sample,tree_session_control,session_control,gpu_candidate_runtime,11,1,257,768,64,64,0,3146626,5731,235662943,4168386,8269373,242983686,251253059,242983686,0,0,0,64,64,1,1,1,0,1,1,1,190825549,3507832,351598,7708357,1603,16128979,15494363,16088607,15444863,56988,145225,128776,139144,0,1174529,290152448,33554432,0,0
sample,tree_session_control,session_control,gpu_candidate_runtime,11,2,257,768,64,128,0,5473145,5731,239959651,8257121,16670717,253695648,270366365,242983686,10711962,10711962,0,128,128,1,1,2,1,1,2,2,190825549,3507832,546338,7881897,1603,16128979,18346428,16088607,18258878,108386,228493,194219,180493,0,2009434,290152448,33554432,0,0
sample,tree_session_control,session_control,gpu_candidate_runtime,11,3,257,768,64,192,0,7550329,5731,244284935,12300279,25154998,264141274,289296272,242983686,10445626,10711962,0,192,192,1,1,3,2,1,3,3,190825549,3507832,730137,8073781,1603,16128979,21206971,16088607,21085150,161787,311671,261617,214678,0,2860330,290152448,33554432,0,0
sample,tree_session_control,session_control,gpu_candidate_runtime,11,4,257,768,64,256,0,9639777,5731,248683858,16401226,33493994,274730592,308224586,242983686,10589318,10711962,0,256,256,1,1,4,3,1,4,4,190825549,3507832,915689,8278230,1603,16128979,24072023,16088607,23910013,222442,437200,332000,247179,873759,3715132,290152448,33554432,0,0
sample,tree_session_control,session_control,gpu_candidate_runtime,12,1,257,768,64,64,0,2979078,10480,240692394,4164118,8251168,247846070,256097238,247846070,0,0,0,64,64,1,1,1,0,1,1,1,193990038,3522530,363530,7536892,1352,17855026,15790325,17814079,15736479,54834,144866,141630,111101,0,1180270,289955840,33554432,0,0
sample,tree_session_control,session_control,gpu_candidate_runtime,12,2,257,768,64,128,0,5803732,10480,245019291,8225370,16435009,259058873,275493882,247846070,11212803,11212803,0,128,128,1,1,2,1,1,2,2,193990038,3522530,548421,7739156,1352,17855026,18600922,17814079,18507679,107333,244626,209639,157278,0,2042970,289955840,33554432,0,0
sample,tree_session_control,session_control,gpu_candidate_runtime,12,3,257,768,64,192,0,7944317,10480,249294068,12241066,24628407,269489931,294118338,247846070,10431058,11212803,0,192,192,1,1,3,2,1,3,3,193990038,3522530,732070,7939627,1352,17855026,21403454,17814079,21266815,158390,354966,273350,190441,0,2872824,289955840,33554432,0,0
sample,tree_session_control,session_control,gpu_candidate_runtime,12,4,257,768,64,256,0,9953232,10480,253547224,16298572,32764326,279809508,312573834,247846070,10431058,11212803,0,256,256,1,1,4,3,1,4,4,193990038,3522530,924305,8114509,1352,17855026,24221023,17814079,24023262,210439,443403,337061,220929,880763,3706609,289955840,33554432,0,0
sample,tree_session_control,session_control,gpu_candidate_runtime,13,1,257,768,64,64,0,2827919,6352,236063665,4372412,8426622,243270348,251696970,243270348,0,0,0,64,64,1,1,1,0,1,1,1,190153003,3575439,380864,7996695,1403,16243916,15948795,16202943,15893472,53903,147932,137922,195361,0,1228432,290525184,33554432,0,0
sample,tree_session_control,session_control,gpu_candidate_runtime,13,2,257,768,64,128,0,5218729,6352,240498297,8392876,16555278,254116254,270671532,243270348,10845906,10845906,0,128,128,1,1,2,1,1,2,2,190153003,3575439,565915,8187337,1403,16243916,18811862,16202943,18717407,113817,249885,206913,236970,0,2151837,290525184,33554432,0,0
sample,tree_session_control,session_control,gpu_candidate_runtime,13,3,257,768,64,192,0,7276346,6352,244760300,12421646,24704142,264464644,289168786,243270348,10348390,10845906,0,192,192,1,1,3,2,1,3,3,190153003,3575439,749254,8369282,1403,16243916,21627447,16202943,21486431,166527,353662,271356,268450,0,2980561,290525184,33554432,0,0
sample,tree_session_control,session_control,gpu_candidate_runtime,13,4,257,768,64,256,0,9296141,6352,248965946,16432622,32844220,274701061,307545281,243270348,10348390,10845906,0,256,256,1,1,4,3,1,4,4,190153003,3575439,932542,8565966,1403,16243916,24373039,16202943,24190685,218566,461598,334826,297856,845987,3807792,290525184,33554432,0,0
sample,tree_session_control,session_control,gpu_candidate_runtime,14,1,257,768,64,64,0,2983025,5841,236638906,4264980,8248373,243892752,252141125,243892752,0,0,0,64,64,1,1,1,0,1,1,1,190965154,3758006,354002,7588049,1473,15923367,16342905,15879776,16289824,61156,168791,172207,121230,0,1182566,291155968,33554432,0,0
sample,tree_session_control,session_control,gpu_candidate_runtime,14,2,257,768,64,128,0,5318530,5841,241023953,8301174,16477370,254649498,271126868,243892752,10756746,10756746,0,128,128,1,1,2,1,1,2,2,190965154,3758006,541518,7779302,1473,15923367,19188628,15879776,19070463,125708,296643,252791,166686,0,2024677,291155968,33554432,0,0
sample,tree_session_control,session_control,gpu_candidate_runtime,14,3,257,768,64,192,0,7368443,5841,245196767,12349030,24636284,264920081,289556365,243892752,10270583,10756746,0,192,192,1,1,3,2,1,3,3,190965154,3758006,725527,7945418,1473,15923367,21940464,15879776,21787709,181574,386193,319417,198466,0,2851708,291155968,33554432,0,0
sample,tree_session_control,session_control,gpu_candidate_runtime,14,4,257,768,64,256,0,9386735,5841,249422972,16377350,32938319,275192898,308131217,243892752,10272817,10756746,0,256,256,1,1,4,3,1,4,4,190965154,3758006,909316,8094161,1473,15923367,24750009,15879776,24543773,234624,495802,384401,231979,819236,3674680,291155968,33554432,0,0
sample,tree_session_control,session_control,gpu_candidate_runtime,15,1,257,768,64,64,0,2792111,6813,234532988,4189586,8352261,241521498,249873759,241521498,0,0,0,64,64,1,1,1,0,1,1,1,189538015,3741735,360064,7548524,2023,15887569,15837485,15843071,15785919,54233,144865,135718,110690,0,1172067,290512896,33554432,0,0
sample,tree_session_control,session_control,gpu_candidate_runtime,15,2,257,768,64,128,0,5159186,6813,238837321,8252602,16523307,252255922,268779229,241521498,10734424,10734424,0,128,128,1,1,2,1,1,2,2,189538015,3741735,544384,7759094,2023,15887569,18643393,15843071,18545885,106082,247541,202795,150947,0,2013743,290512896,33554432,0,0
sample,tree_session_control,session_control,gpu_candidate_runtime,15,3,257,768,64,192,0,7212184,6813,243151043,12285279,24639420,262655319,287294739,241521498,10399397,10734424,0,192,192,1,1,3,2,1,3,3,189538015,3741735,727842,7961058,2023,15887569,21518974,15843071,21376541,156368,328534,267328,180863,0,2840734,290512896,33554432,0,0
sample,tree_session_control,session_control,gpu_candidate_runtime,15,4,257,768,64,256,0,9253720,6813,247469955,16300133,32788134,273030621,305818755,241521498,10399397,10734424,0,256,256,1,1,4,3,1,4,4,189538015,3741735,911120,8159726,2023,15887569,24343587,15843071,24158683,214819,449724,339405,208926,925667,3673306,290512896,33554432,0,0
sample,tree_session_control,session_control,gpu_candidate_runtime,16,1,257,768,64,64,0,2735695,6091,230443953,4217690,8328957,237403429,245732386,237403429,0,0,0,64,64,1,1,1,0,1,1,1,186241664,3634371,384630,7659816,1513,15529169,15363184,15488767,15314943,55506,147370,146268,113305,0,1167157,290611200,33554432,0,0
sample,tree_session_control,session_control,gpu_candidate_runtime,16,2,257,768,64,128,0,5076109,6091,234798561,8721653,16451751,248602414,265054165,237403429,11198985,11198985,0,128,128,1,1,2,1,1,2,2,186241664,3634371,570002,7871267,1513,15529169,18168681,15488767,18084573,108006,252058,232170,172929,0,2016731,290611200,33554432,0,0
sample,tree_session_control,session_control,gpu_candidate_runtime,16,3,257,768,64,192,0,7107025,6091,239137079,12734021,24586178,258984216,283570394,237403429,10381802,11198985,0,192,192,1,1,3,2,1,3,3,186241664,3634371,753330,8066898,1513,15529169,21033732,15488767,20913117,166528,359122,300549,204089,0,2846114,290611200,33554432,0,0
sample,tree_session_control,session_control,gpu_candidate_runtime,16,4,257,768,64,256,0,9154834,6091,243400364,16749347,32753968,269310636,302064604,237403429,10381802,11198985,0,256,256,1,1,4,3,1,4,4,186241664,3634371,938622,8261868,1513,15529169,23839640,15488767,23678139,218707,462999,365502,232213,938453,3674096,290611200,33554432,0,0
sample,tree_session_control,session_control,gpu_candidate_runtime,17,1,257,768,64,64,0,2828021,6843,234986799,4285077,8467900,242106740,250574640,242106740,0,0,0,64,64,1,1,1,0,1,1,1,189712084,3938910,369071,7489472,1302,15767202,16064776,15726048,16012479,52820,149364,136430,114087,0,1191281,290611200,33554432,0,0
sample,tree_session_control,session_control,gpu_candidate_runtime,17,2,257,768,64,128,0,5262805,6843,239303837,8393038,16915532,252966523,269882055,242106740,10859783,10859783,0,128,128,1,1,2,1,1,2,2,189712084,3938910,553682,7694220,1302,15767202,18885893,15726048,18794206,105720,233385,207395,154003,0,2050041,290611200,33554432,0,0
sample,tree_session_control,session_control,gpu_candidate_runtime,17,3,257,768,64,192,0,7338287,6843,243596858,12956433,25042094,263898421,288940515,242106740,10859783,10931898,0,192,192,1,1,3,2,1,3,3,189712084,3938910,737391,7900752,1302,15767202,21681131,15726048,21552700,156215,343584,271166,188359,0,2898762,290611200,33554432,0,0
sample,tree_session_control,session_control,gpu_candidate_runtime,17,4,257,768,64,256,0,9350608,6843,247847290,17083089,33174377,274287830,307462207,242106740,10859783,10931898,0,256,256,1,1,4,3,1,4,4,189712084,3938910,920870,8095522,1302,15767202,24484674,15726048,24312538,209075,452831,326762,215420,874441,3722638,290611200,33554432,0,0
sample,tree_session_control,session_control,gpu_candidate_runtime,18,1,257,768,64,64,0,2826387,6853,232684477,4188825,8239015,239706542,247945557,239706542,0,0,0,64,64,1,1,1,0,1,1,1,187491218,3567174,366195,8151019,1413,15785757,15670648,15746687,15626815,67478,150206,143202,112573,0,1177594,290611200,33554432,0,0
sample,tree_session_control,session_control,gpu_candidate_runtime,18,2,257,768,64,128,0,5157223,6853,237004060,8228516,16359125,250396652,266755777,239706542,10690110,10690110,0,128,128,1,1,2,1,1,2,2,187491218,3567174,561125,8337503,1413,15785757,18507294,15746687,18422622,127432,249624,213295,151156,0,2011069,290611200,33554432,0,0
sample,tree_session_control,session_control,gpu_candidate_runtime,18,3,257,768,64,192,0,7182359,6853,241298045,12284758,24506407,260772015,285278422,239706542,10375363,10690110,0,192,192,1,1,3,2,1,3,3,187491218,3567174,744804,8538224,1413,15785757,21351766,15746687,21227326,181635,332191,275994,182615,0,2845254,290611200,33554432,0,0
sample,tree_session_control,session_control,gpu_candidate_runtime,18,4,257,768,64,256,0,9188910,6853,245676760,16404020,32868024,271276543,304144567,239706542,10504528,10690110,0,256,256,1,1,4,3,1,4,4,187491218,3567174,1014476,8724668,1413,15785757,24199763,15746687,24037373,233012,433193,340337,214575,887205,3671174,290611200,33554432,0,0
sample,tree_session_control,session_control,gpu_candidate_runtime,19,1,257,768,64,64,0,2802901,6272,237010122,4281130,8251279,244100425,252351704,244100425,0,0,0,64,64,1,1,1,0,1,1,1,191911342,3772353,355175,7903979,1273,15758032,15673585,15715904,15625566,62719,148552,137441,110440,0,1175231,290611200,33554432,0,0
sample,tree_session_control,session_control,gpu_candidate_runtime,19,2,257,768,64,128,0,5152041,6272,241399607,8318857,16419250,254876777,271296027,244100425,10776352,10776352,0,128,128,1,1,2,1,1,2,2,191911342,3772353,539174,8120260,1273,15758032,18534650,15715904,18443997,114036,257920,195762,151158,0,2043647,290611200,33554432,0,0
sample,tree_session_control,session_control,gpu_candidate_runtime,19,3,257,768,64,192,0,7198808,6272,245707117,12353178,24654167,265265375,289919542,244100425,10388598,10776352,0,192,192,1,1,3,2,1,3,3,191911342,3772353,722923,8320040,1273,15758032,21362861,15715904,21210044,165955,371065,255866,185653,0,2879754,290611200,33554432,0,0
sample,tree_session_control,session_control,gpu_candidate_runtime,19,4,257,768,64,256,0,9205328,6272,250045356,16430040,33162103,275686996,308849099,244100425,10421621,10776352,0,256,256,1,1,4,3,1,4,4,191911342,3772353,907464,8507686,1273,15758032,24183067,15715904,23959066,226901,505410,325338,220108,953310,3726382,290611200,33554432,0,0
summary,tree_session_control,session_control,gpu_candidate_runtime,1,20,237403429,242983686,247353429,247846070,251253059,242983686,0,0,263.08179573122493,291155968,33554432
summary,tree_session_control,session_control,gpu_candidate_runtime,2,20,248602414,254116254,258347565,259058873,270671532,242983686,10790709,11667446,503.43510685681525,291155968,33554432
summary,tree_session_control,session_control,gpu_candidate_runtime,3,20,258984216,264464644,268964475,269489931,289296272,242983686,10413265,11667446,725.64467198612078,291155968,33554432
summary,tree_session_control,session_control,gpu_candidate_runtime,4,20,269310636,274730592,279272019,279809508,308131217,242983686,10456526,11667446,930.25656497864998,291155968,33554432
case,grid_33_session,session_grid_medium,square_grid,1089,1,1090,5315,512,4
identity,grid_33_session,0,v1-63822ed82e7701ddd501f728e75d304c,v1-aec8b61f33c90b18fe07e1dedb3e1127,v1-70f671d8ca545c680323b286998f8b87,512
identity,grid_33_session,1,v1-63822ed82e7701ddd501f728e75d304c,v1-68054feff22e9e5fb4657f7f7f6ef0e8,v1-4e58bfae516276cbd39b9c77eb1002b0,512
identity,grid_33_session,2,v1-63822ed82e7701ddd501f728e75d304c,v1-321fb2f12f804c524bff4c51b9cda9d9,v1-d839d10798d62c34bd67340c2cf7ae9f,512
identity,grid_33_session,3,v1-63822ed82e7701ddd501f728e75d304c,v1-5c75f6f1b4e8a7ed8924f41db708dd06,v1-5a94b25b83bbf5a532613f5e00e4476a,512
sample,grid_33_session,session_grid_medium,parallel_inline_certified,0,1,1090,5315,512,512,32,104739337,3090480,64702759,500655912,0,673188488,673188488,673188488,0,0,32,512,512,0,0,0,0,0,0,0,0,0,0,0,0,0,0,0,0,0,0,0,0,0,0,206462976,0,0,0
sample,grid_33_session,session_grid_medium,parallel_inline_certified,0,2,1090,5315,512,1024,32,207844309,3090480,130362014,1006093294,0,1347390097,1347390097,673188488,674201609,674201609,32,1024,1024,0,0,0,0,0,0,0,0,0,0,0,0,0,0,0,0,0,0,0,0,0,0,206462976,0,0,0
sample,grid_33_session,session_grid_medium,parallel_inline_certified,0,3,1090,5315,512,1536,32,310448702,3090480,197485680,1507135650,0,2018160512,2018160512,673188488,670770415,674201609,32,1536,1536,0,0,0,0,0,0,0,0,0,0,0,0,0,0,0,0,0,0,0,0,0,0,206462976,0,0,0
sample,grid_33_session,session_grid_medium,parallel_inline_certified,0,4,1090,5315,512,2048,32,414499382,3090480,262205560,2010504690,0,2690300112,2690300112,673188488,672139600,674201609,32,2048,2048,0,0,0,0,0,0,0,0,0,0,0,0,0,0,0,0,0,0,0,0,1099308,0,206462976,0,0,0
sample,grid_33_session,session_grid_medium,parallel_inline_certified,1,1,1090,5315,512,512,32,105846356,3375200,64486967,500697573,0,674406096,674406096,674406096,0,0,32,512,512,0,0,0,0,0,0,0,0,0,0,0,0,0,0,0,0,0,0,0,0,0,0,206192640,0,0,0
sample,grid_33_session,session_grid_medium,parallel_inline_certified,1,2,1090,5315,512,1024,32,209204857,3375200,130810031,999979988,0,1343370076,1343370076,674406096,668963980,668963980,32,1024,1024,0,0,0,0,0,0,0,0,0,0,0,0,0,0,0,0,0,0,0,0,0,0,206192640,0,0,0
sample,grid_33_session,session_grid_medium,parallel_inline_certified,1,3,1090,5315,512,1536,32,311614616,3375200,196452101,1502221362,0,2013663279,2013663279,674406096,668963980,670293203,32,1536,1536,0,0,0,0,0,0,0,0,0,0,0,0,0,0,0,0,0,0,0,0,0,0,206192640,0,0,0
sample,grid_33_session,session_grid_medium,parallel_inline_certified,1,4,1090,5315,512,2048,32,414503355,3375200,261666279,2001814157,0,2681358991,2681358991,674406096,668963980,670293203,32,2048,2048,0,0,0,0,0,0,0,0,0,0,0,0,0,0,0,0,0,0,0,0,1070293,0,206192640,0,0,0
sample,grid_33_session,session_grid_medium,parallel_inline_certified,2,1,1090,5315,512,512,32,105367756,3146625,64642473,502044981,0,675201835,675201835,675201835,0,0,32,512,512,0,0,0,0,0,0,0,0,0,0,0,0,0,0,0,0,0,0,0,0,0,0,206635008,0,0,0
sample,grid_33_session,session_grid_medium,parallel_inline_certified,2,2,1090,5315,512,1024,32,209358027,3146625,130733916,1002549166,0,1345787734,1345787734,675201835,670585899,670585899,32,1024,1024,0,0,0,0,0,0,0,0,0,0,0,0,0,0,0,0,0,0,0,0,0,0,206635008,0,0,0
sample,grid_33_session,session_grid_medium,parallel_inline_certified,2,3,1090,5315,512,1536,32,312571813,3146625,194486167,1505621669,0,2015826274,2015826274,675201835,670038540,670585899,32,1536,1536,0,0,0,0,0,0,0,0,0,0,0,0,0,0,0,0,0,0,0,0,0,0,206635008,0,0,0
sample,grid_33_session,session_grid_medium,parallel_inline_certified,2,4,1090,5315,512,2048,32,416336164,3146625,262203389,2007687478,0,2689373656,2689373656,675201835,670585899,673547382,32,2048,2048,0,0,0,0,0,0,0,0,0,0,0,0,0,0,0,0,0,0,0,0,1021650,0,206635008,0,0,0
sample,grid_33_session,session_grid_medium,parallel_inline_certified,3,1,1090,5315,512,512,32,105765792,3018702,65155596,501270019,0,675210109,675210109,675210109,0,0,32,512,512,0,0,0,0,0,0,0,0,0,0,0,0,0,0,0,0,0,0,0,0,0,0,205950976,0,0,0
sample,grid_33_session,session_grid_medium,parallel_inline_certified,3,2,1090,5315,512,1024,32,208694427,3018702,129918979,1001316505,0,1342948613,1342948613,675210109,667738504,667738504,32,1024,1024,0,0,0,0,0,0,0,0,0,0,0,0,0,0,0,0,0,0,0,0,0,0,205950976,0,0,0
sample,grid_33_session,session_grid_medium,parallel_inline_certified,3,3,1090,5315,512,1536,32,311778578,3018702,194859857,1499448366,0,2009105503,2009105503,675210109,666156890,667738504,32,1536,1536,0,0,0,0,0,0,0,0,0,0,0,0,0,0,0,0,0,0,0,0,0,0,205950976,0,0,0
sample,grid_33_session,session_grid_medium,parallel_inline_certified,3,4,1090,5315,512,2048,32,414843121,3018702,259091699,2006515092,0,2683468614,2683468614,675210109,667738504,674363111,32,2048,2048,0,0,0,0,0,0,0,0,0,0,0,0,0,0,0,0,0,0,0,0,979540,0,205950976,0,0,0
sample,grid_33_session,session_grid_medium,parallel_inline_certified,4,1,1090,5315,512,512,32,106092623,2969708,65389952,500989696,0,675441979,675441979,675441979,0,0,32,512,512,0,0,0,0,0,0,0,0,0,0,0,0,0,0,0,0,0,0,0,0,0,0,205557760,0,0,0
sample,grid_33_session,session_grid_medium,parallel_inline_certified,4,2,1090,5315,512,1024,32,214435579,2969708,128426985,1005897893,0,1351730165,1351730165,675441979,676288186,676288186,32,1024,1024,0,0,0,0,0,0,0,0,0,0,0,0,0,0,0,0,0,0,0,0,0,0,205557760,0,0,0
sample,grid_33_session,session_grid_medium,parallel_inline_certified,4,3,1090,5315,512,1536,32,317121843,2969708,190200980,1507764104,0,2018056635,2018056635,675441979,666326470,676288186,32,1536,1536,0,0,0,0,0,0,0,0,0,0,0,0,0,0,0,0,0,0,0,0,0,0,205557760,0,0,0
sample,grid_33_session,session_grid_medium,parallel_inline_certified,4,4,1090,5315,512,2048,32,420004019,2969708,256393836,2009049702,0,2688417265,2688417265,675441979,670360630,676288186,32,2048,2048,0,0,0,0,0,0,0,0,0,0,0,0,0,0,0,0,0,0,0,0,1051728,0,205557760,0,0,0
sample,grid_33_session,session_grid_medium,parallel_inline_certified,5,1,1090,5315,512,512,32,105667465,2969701,63783440,501071360,0,673491966,673491966,673491966,0,0,32,512,512,0,0,0,0,0,0,0,0,0,0,0,0,0,0,0,0,0,0,0,0,0,0,206626816,0,0,0
sample,grid_33_session,session_grid_medium,parallel_inline_certified,5,2,1090,5315,512,1024,32,208921948,2969701,130888548,1002332781,0,1345112978,1345112978,673491966,671621012,671621012,32,1024,1024,0,0,0,0,0,0,0,0,0,0,0,0,0,0,0,0,0,0,0,0,0,0,206626816,0,0,0
sample,grid_33_session,session_grid_medium,parallel_inline_certified,5,3,1090,5315,512,1536,32,312024112,2969701,194928426,1502596448,0,2012518687,2012518687,673491966,667405709,671621012,32,1536,1536,0,0,0,0,0,0,0,0,0,0,0,0,0,0,0,0,0,0,0,0,0,0,206626816,0,0,0
sample,grid_33_session,session_grid_medium,parallel_inline_certified,5,4,1090,5315,512,2048,32,414730534,2969701,260849495,2016608192,0,2695157922,2695157922,673491966,671621012,682639235,32,2048,2048,0,0,0,0,0,0,0,0,0,0,0,0,0,0,0,0,0,0,0,0,981264,0,206626816,0,0,0
sample,grid_33_session,session_grid_medium,parallel_inline_certified,6,1,1090,5315,512,512,32,105966824,3498884,64073210,500387742,0,673926660,673926660,673926660,0,0,32,512,512,0,0,0,0,0,0,0,0,0,0,0,0,0,0,0,0,0,0,0,0,0,0,206536704,0,0,0
sample,grid_33_session,session_grid_medium,parallel_inline_certified,6,2,1090,5315,512,1024,32,210142636,3498884,130163802,1002770363,0,1346575685,1346575685,673926660,672649025,672649025,32,1024,1024,0,0,0,0,0,0,0,0,0,0,0,0,0,0,0,0,0,0,0,0,0,0,206536704,0,0,0
sample,grid_33_session,session_grid_medium,parallel_inline_certified,6,3,1090,5315,512,1536,32,313418780,3498884,197693868,1507006493,0,2021618025,2021618025,673926660,672649025,675042340,32,1536,1536,0,0,0,0,0,0,0,0,0,0,0,0,0,0,0,0,0,0,0,0,0,0,206536704,0,0,0
sample,grid_33_session,session_grid_medium,parallel_inline_certified,6,4,1090,5315,512,2048,32,416384685,3498884,262628264,2007271641,0,2689783474,2689783474,673926660,672649025,675042340,32,2048,2048,0,0,0,0,0,0,0,0,0,0,0,0,0,0,0,0,0,0,0,0,1245617,0,206536704,0,0,0
sample,grid_33_session,session_grid_medium,parallel_inline_certified,7,1,1090,5315,512,512,32,106126507,2928652,65067199,501508640,0,675630998,675630998,675630998,0,0,32,512,512,0,0,0,0,0,0,0,0,0,0,0,0,0,0,0,0,0,0,0,0,0,0,205778944,0,0,0
sample,grid_33_session,session_grid_medium,parallel_inline_certified,7,2,1090,5315,512,1024,32,209654340,2928652,131964142,1003261083,0,1347808217,1347808217,675630998,672177219,672177219,32,1024,1024,0,0,0,0,0,0,0,0,0,0,0,0,0,0,0,0,0,0,0,0,0,0,205778944,0,0,0
sample,grid_33_session,session_grid_medium,parallel_inline_certified,7,3,1090,5315,512,1536,32,312807421,2928652,198379441,1509397701,0,2023513215,2023513215,675630998,672177219,675704998,32,1536,1536,0,0,0,0,0,0,0,0,0,0,0,0,0,0,0,0,0,0,0,0,0,0,205778944,0,0,0
sample,grid_33_session,session_grid_medium,parallel_inline_certified,7,4,1090,5315,512,2048,32,415823081,2928652,264353982,2012954732,0,2696060447,2696060447,675630998,672547232,675704998,32,2048,2048,0,0,0,0,0,0,0,0,0,0,0,0,0,0,0,0,0,0,0,0,986854,0,205778944,0,0,0
sample,grid_33_session,session_grid_medium,parallel_inline_certified,8,1,1090,5315,512,512,32,106455792,3058357,64646268,501680296,0,675840713,675840713,675840713,0,0,32,512,512,0,0,0,0,0,0,0,0,0,0,0,0,0,0,0,0,0,0,0,0,0,0,207020032,0,0,0
sample,grid_33_session,session_grid_medium,parallel_inline_certified,8,2,1090,5315,512,1024,32,210190036,3058357,129683681,1003360381,0,1346292455,1346292455,675840713,670451742,670451742,32,1024,1024,0,0,0,0,0,0,0,0,0,0,0,0,0,0,0,0,0,0,0,0,0,0,207020032,0,0,0
sample,grid_33_session,session_grid_medium,parallel_inline_certified,8,3,1090,5315,512,1536,32,313487460,3058357,195989590,1510009844,0,2022545251,2022545251,675840713,670451742,676252796,32,1536,1536,0,0,0,0,0,0,0,0,0,0,0,0,0,0,0,0,0,0,0,0,0,0,207020032,0,0,0
sample,grid_33_session,session_grid_medium,parallel_inline_certified,8,4,1090,5315,512,2048,32,416991176,3058357,262296002,2011081193,0,2693426728,2693426728,675840713,670881477,676252796,32,2048,2048,0,0,0,0,0,0,0,0,0,0,0,0,0,0,0,0,0,0,0,0,1021920,0,207020032,0,0,0
sample,grid_33_session,session_grid_medium,parallel_inline_certified,9,1,1090,5315,512,512,32,105146005,2985259,64681325,502466029,0,675278618,675278618,675278618,0,0,32,512,512,0,0,0,0,0,0,0,0,0,0,0,0,0,0,0,0,0,0,0,0,0,0,205283328,0,0,0
sample,grid_33_session,session_grid_medium,parallel_inline_certified,9,2,1090,5315,512,1024,32,213048715,2985259,131907563,1004451345,0,1352392882,1352392882,675278618,677114264,677114264,32,1024,1024,0,0,0,0,0,0,0,0,0,0,0,0,0,0,0,0,0,0,0,0,0,0,205283328,0,0,0
sample,grid_33_session,session_grid_medium,parallel_inline_certified,9,3,1090,5315,512,1536,32,316532483,2985259,197213804,1504666840,0,2021398386,2021398386,675278618,669005504,677114264,32,1536,1536,0,0,0,0,0,0,0,0,0,0,0,0,0,0,0,0,0,0,0,0,0,0,205283328,0,0,0
sample,grid_33_session,session_grid_medium,parallel_inline_certified,9,4,1090,5315,512,2048,32,419910121,2985259,263732489,2004547410,0,2691175279,2691175279,675278618,669776893,677114264,32,2048,2048,0,0,0,0,0,0,0,0,0,0,0,0,0,0,0,0,0,0,0,0,1010338,0,205283328,0,0,0
sample,grid_33_session,session_grid_medium,parallel_inline_certified,10,1,1090,5315,512,512,32,106036015,3143460,64749755,502048747,0,675977977,675977977,675977977,0,0,32,512,512,0,0,0,0,0,0,0,0,0,0,0,0,0,0,0,0,0,0,0,0,0,0,206856192,0,0,0
sample,grid_33_session,session_grid_medium,parallel_inline_certified,10,2,1090,5315,512,1024,32,210498682,3143460,131463500,1001783830,0,1346889472,1346889472,675977977,670911495,670911495,32,1024,1024,0,0,0,0,0,0,0,0,0,0,0,0,0,0,0,0,0,0,0,0,0,0,206856192,0,0,0
sample,grid_33_session,session_grid_medium,parallel_inline_certified,10,3,1090,5315,512,1536,32,313906987,3143460,198411519,1504719662,0,2020181628,2020181628,675977977,670911495,673292156,32,1536,1536,0,0,0,0,0,0,0,0,0,0,0,0,0,0,0,0,0,0,0,0,0,0,206856192,0,0,0
sample,grid_33_session,session_grid_medium,parallel_inline_certified,10,4,1090,5315,512,2048,32,417390295,3143460,264534141,2022741952,0,2707809848,2707809848,675977977,673292156,687628220,32,2048,2048,0,0,0,0,0,0,0,0,0,0,0,0,0,0,0,0,0,0,0,0,967698,0,206856192,0,0,0
sample,grid_33_session,session_grid_medium,parallel_inline_certified,11,1,1090,5315,512,512,32,106695748,3011208,64259826,499709476,0,673676258,673676258,673676258,0,0,32,512,512,0,0,0,0,0,0,0,0,0,0,0,0,0,0,0,0,0,0,0,0,0,0,206499840,0,0,0
sample,grid_33_session,session_grid_medium,parallel_inline_certified,11,2,1090,5315,512,1024,32,210888995,3011208,129142353,999929771,0,1342972327,1342972327,673676258,669296069,669296069,32,1024,1024,0,0,0,0,0,0,0,0,0,0,0,0,0,0,0,0,0,0,0,0,0,0,206499840,0,0,0
sample,grid_33_session,session_grid_medium,parallel_inline_certified,11,3,1090,5315,512,1536,32,314058888,3011208,195255798,1502227692,0,2014553586,2014553586,673676258,669296069,671581259,32,1536,1536,0,0,0,0,0,0,0,0,0,0,0,0,0,0,0,0,0,0,0,0,0,0,206499840,0,0,0
sample,grid_33_session,session_grid_medium,parallel_inline_certified,11,4,1090,5315,512,2048,32,417311007,3011208,261425380,2007522283,0,2689269878,2689269878,673676258,671581259,674716292,32,2048,2048,0,0,0,0,0,0,0,0,0,0,0,0,0,0,0,0,0,0,0,0,1428774,0,206499840,0,0,0
sample,grid_33_session,session_grid_medium,parallel_inline_certified,12,1,1090,5315,512,512,32,106361885,2968266,63740158,499681382,0,672751691,672751691,672751691,0,0,32,512,512,0,0,0,0,0,0,0,0,0,0,0,0,0,0,0,0,0,0,0,0,0,0,205840384,0,0,0
sample,grid_33_session,session_grid_medium,parallel_inline_certified,12,2,1090,5315,512,1024,32,210282193,2968266,128243947,999602360,0,1341096766,1341096766,672751691,668345075,668345075,32,1024,1024,0,0,0,0,0,0,0,0,0,0,0,0,0,0,0,0,0,0,0,0,0,0,205840384,0,0,0
sample,grid_33_session,session_grid_medium,parallel_inline_certified,12,3,1090,5315,512,1536,32,313283214,2968266,192973754,1503730105,0,2012955339,2012955339,672751691,668345075,671858573,32,1536,1536,0,0,0,0,0,0,0,0,0,0,0,0,0,0,0,0,0,0,0,0,0,0,205840384,0,0,0
sample,grid_33_session,session_grid_medium,parallel_inline_certified,12,4,1090,5315,512,2048,32,417898992,2968266,261281556,2002478694,0,2684627508,2684627508,672751691,671672169,671858573,32,2048,2048,0,0,0,0,0,0,0,0,0,0,0,0,0,0,0,0,0,0,0,0,1020498,0,205840384,0,0,0
sample,grid_33_session,session_grid_medium,parallel_inline_certified,13,1,1090,5315,512,512,32,107434581,2941395,64179111,502139120,0,676694207,676694207,676694207,0,0,32,512,512,0,0,0,0,0,0,0,0,0,0,0,0,0,0,0,0,0,0,0,0,0,0,206475264,0,0,0
sample,grid_33_session,session_grid_medium,parallel_inline_certified,13,2,1090,5315,512,1024,32,211847474,2941395,126797670,1001705003,0,1343291542,1343291542,676694207,666597335,666597335,32,1024,1024,0,0,0,0,0,0,0,0,0,0,0,0,0,0,0,0,0,0,0,0,0,0,206475264,0,0,0
sample,grid_33_session,session_grid_medium,parallel_inline_certified,13,3,1090,5315,512,1536,32,315120342,2941395,192048928,1505055612,0,2015166277,2015166277,676694207,666597335,671874735,32,1536,1536,0,0,0,0,0,0,0,0,0,0,0,0,0,0,0,0,0,0,0,0,0,0,206475264,0,0,0
sample,grid_33_session,session_grid_medium,parallel_inline_certified,13,4,1090,5315,512,2048,32,418517126,2941395,256103063,2005874103,0,2683435687,2683435687,676694207,668269410,671874735,32,2048,2048,0,0,0,0,0,0,0,0,0,0,0,0,0,0,0,0,0,0,0,0,991202,0,206475264,0,0,0
sample,grid_33_session,session_grid_medium,parallel_inline_certified,14,1,1090,5315,512,512,32,106571563,3071702,65587918,504823196,0,680054379,680054379,680054379,0,0,32,512,512,0,0,0,0,0,0,0,0,0,0,0,0,0,0,0,0,0,0,0,0,0,0,205230080,0,0,0
sample,grid_33_session,session_grid_medium,parallel_inline_certified,14,2,1090,5315,512,1024,32,211195868,3071702,132488247,1006890007,0,1353645824,1353645824,680054379,673591445,673591445,32,1024,1024,0,0,0,0,0,0,0,0,0,0,0,0,0,0,0,0,0,0,0,0,0,0,205230080,0,0,0
sample,grid_33_session,session_grid_medium,parallel_inline_certified,14,3,1090,5315,512,1536,32,314507249,3071702,198835326,1514785056,0,2031199333,2031199333,680054379,673591445,677553509,32,1536,1536,0,0,0,0,0,0,0,0,0,0,0,0,0,0,0,0,0,0,0,0,0,0,205230080,0,0,0
sample,grid_33_session,session_grid_medium,parallel_inline_certified,14,4,1090,5315,512,2048,32,418200615,3071702,263798357,2016354954,0,2701425628,2701425628,680054379,673591445,677553509,32,2048,2048,0,0,0,0,0,0,0,0,0,0,0,0,0,0,0,0,0,0,0,0,1287936,0,205230080,0,0,0
sample,grid_33_session,session_grid_medium,parallel_inline_certified,15,1,1090,5315,512,512,32,106055538,2969855,64611262,500139351,0,673776006,673776006,673776006,0,0,32,512,512,0,0,0,0,0,0,0,0,0,0,0,0,0,0,0,0,0,0,0,0,0,0,206716928,0,0,0
sample,grid_33_session,session_grid_medium,parallel_inline_certified,15,2,1090,5315,512,1024,32,209530730,2969855,131475662,1001226271,0,1345202518,1345202518,673776006,671426512,671426512,32,1024,1024,0,0,0,0,0,0,0,0,0,0,0,0,0,0,0,0,0,0,0,0,0,0,206716928,0,0,0
sample,grid_33_session,session_grid_medium,parallel_inline_certified,15,3,1090,5315,512,1536,32,312882327,2969855,195990713,1503441916,0,2015284811,2015284811,673776006,670082293,671426512,32,1536,1536,0,0,0,0,0,0,0,0,0,0,0,0,0,0,0,0,0,0,0,0,0,0,206716928,0,0,0
sample,grid_33_session,session_grid_medium,parallel_inline_certified,15,4,1090,5315,512,2048,32,415938965,2969855,259964554,2006023647,0,2684897021,2684897021,673776006,670082293,671426512,32,2048,2048,0,0,0,0,0,0,0,0,0,0,0,0,0,0,0,0,0,0,0,0,1056727,0,206716928,0,0,0
sample,grid_33_session,session_grid_medium,parallel_inline_certified,16,1,1090,5315,512,512,32,106369489,3057326,64892317,500803653,0,675122785,675122785,675122785,0,0,32,512,512,0,0,0,0,0,0,0,0,0,0,0,0,0,0,0,0,0,0,0,0,0,0,206495744,0,0,0
sample,grid_33_session,session_grid_medium,parallel_inline_certified,16,2,1090,5315,512,1024,32,210538179,3057326,130749356,1002852691,0,1347197552,1347197552,675122785,672074767,672074767,32,1024,1024,0,0,0,0,0,0,0,0,0,0,0,0,0,0,0,0,0,0,0,0,0,0,206495744,0,0,0
sample,grid_33_session,session_grid_medium,parallel_inline_certified,16,3,1090,5315,512,1536,32,313794516,3057326,195769515,1505469978,0,2018091335,2018091335,675122785,670893783,672074767,32,1536,1536,0,0,0,0,0,0,0,0,0,0,0,0,0,0,0,0,0,0,0,0,0,0,206495744,0,0,0
sample,grid_33_session,session_grid_medium,parallel_inline_certified,16,4,1090,5315,512,2048,32,417910636,3057326,260824750,2006519749,0,2688312461,2688312461,675122785,670893783,672074767,32,2048,2048,0,0,0,0,0,0,0,0,0,0,0,0,0,0,0,0,0,0,0,0,1043552,0,206495744,0,0,0
sample,grid_33_session,session_grid_medium,parallel_inline_certified,17,1,1090,5315,512,512,32,106079277,3025886,64950256,501854851,0,675910270,675910270,675910270,0,0,32,512,512,0,0,0,0,0,0,0,0,0,0,0,0,0,0,0,0,0,0,0,0,0,0,206462976,0,0,0
sample,grid_33_session,session_grid_medium,parallel_inline_certified,17,2,1090,5315,512,1024,32,209690598,3025886,129481125,1001837285,0,1344034894,1344034894,675910270,668124624,668124624,32,1024,1024,0,0,0,0,0,0,0,0,0,0,0,0,0,0,0,0,0,0,0,0,0,0,206462976,0,0,0
sample,grid_33_session,session_grid_medium,parallel_inline_certified,17,3,1090,5315,512,1536,32,313476771,3025886,194154996,1508674326,0,2019331979,2019331979,675910270,668124624,675297085,32,1536,1536,0,0,0,0,0,0,0,0,0,0,0,0,0,0,0,0,0,0,0,0,0,0,206462976,0,0,0
sample,grid_33_session,session_grid_medium,parallel_inline_certified,17,4,1090,5315,512,2048,32,416758175,3025886,260282577,2007874436,0,2687941074,2687941074,675910270,668609095,675297085,32,2048,2048,0,0,0,0,0,0,0,0,0,0,0,0,0,0,0,0,0,0,0,0,1007583,0,206462976,0,0,0
sample,grid_33_session,session_grid_medium,parallel_inline_certified,18,1,1090,5315,512,512,32,106568717,3125035,65336429,501128522,0,676158703,676158703,676158703,0,0,32,512,512,0,0,0,0,0,0,0,0,0,0,0,0,0,0,0,0,0,0,0,0,0,0,206856192,0,0,0
sample,grid_33_session,session_grid_medium,parallel_inline_certified,18,2,1090,5315,512,1024,32,210834059,3125035,132137970,1002532565,0,1348629629,1348629629,676158703,672470926,672470926,32,1024,1024,0,0,0,0,0,0,0,0,0,0,0,0,0,0,0,0,0,0,0,0,0,0,206856192,0,0,0
sample,grid_33_session,session_grid_medium,parallel_inline_certified,18,3,1090,5315,512,1536,32,314623389,3125035,197721800,1504554372,0,2020024596,2020024596,676158703,671394967,672470926,32,1536,1536,0,0,0,0,0,0,0,0,0,0,0,0,0,0,0,0,0,0,0,0,0,0,206856192,0,0,0
sample,grid_33_session,session_grid_medium,parallel_inline_certified,18,4,1090,5315,512,2048,32,417459287,3125035,263479239,2005314131,0,2689377692,2689377692,676158703,671394967,672470926,32,2048,2048,0,0,0,0,0,0,0,0,0,0,0,0,0,0,0,0,0,0,0,0,1088677,0,206856192,0,0,0
sample,grid_33_session,session_grid_medium,parallel_inline_certified,19,1,1090,5315,512,512,32,106217721,3213492,65358101,502311608,0,677100922,677100922,677100922,0,0,32,512,512,0,0,0,0,0,0,0,0,0,0,0,0,0,0,0,0,0,0,0,0,0,0,206725120,0,0,0
sample,grid_33_session,session_grid_medium,parallel_inline_certified,19,2,1090,5315,512,1024,32,210927767,3213492,132561065,1004181727,0,1350884051,1350884051,677100922,673783129,673783129,32,1024,1024,0,0,0,0,0,0,0,0,0,0,0,0,0,0,0,0,0,0,0,0,0,0,206725120,0,0,0
sample,grid_33_session,session_grid_medium,parallel_inline_certified,19,3,1090,5315,512,1536,32,314370588,3213492,199166804,1503477698,0,2020228582,2020228582,677100922,669344531,673783129,32,1536,1536,0,0,0,0,0,0,0,0,0,0,0,0,0,0,0,0,0,0,0,0,0,0,206725120,0,0,0
sample,grid_33_session,session_grid_medium,parallel_inline_certified,19,4,1090,5315,512,2048,32,417969125,3213492,263819887,2003323063,0,2688325567,2688325567,677100922,669344531,673783129,32,2048,2048,0,0,0,0,0,0,0,0,0,0,0,0,0,0,0,0,0,0,0,0,973509,0,206725120,0,0,0
summary,grid_33_session,session_grid_medium,parallel_inline_certified,1,20,672751691,675210109,677100922,680054379,675210109,675210109,0,0,758.20555597689599,207020032,0
summary,grid_33_session,session_grid_medium,parallel_inline_certified,2,20,1341096766,1346292455,1352392882,1353645824,1346292455,675210109,671426512,676288186,760.44741592077685,207020032,0
summary,grid_33_session,session_grid_medium,parallel_inline_certified,3,20,2009105503,2018091335,2023513215,2031199333,2018091335,675210109,669344531,677114264,761.08911598801512,207020032,0
summary,grid_33_session,session_grid_medium,parallel_inline_certified,4,20,2681358991,2689269878,2701425628,2707809848,2689269878,675210109,670881477,682639235,761.51560250131342,207020032,0
sample,grid_33_session,session_grid_medium,parallel_candidate_runtime,0,1,1090,5315,512,512,32,107004153,3248630,67559712,202476018,503369624,380288513,883658137,380288513,0,0,32,512,512,0,0,0,0,0,0,0,0,0,0,0,0,0,0,0,0,0,0,0,0,0,0,206213120,0,0,0
sample,grid_33_session,session_grid_medium,parallel_candidate_runtime,0,2,1090,5315,512,1024,32,212130129,3248630,132932872,404711950,1002777667,753023581,1755801248,380288513,372735068,372735068,32,1024,1024,0,0,0,0,0,0,0,0,0,0,0,0,0,0,0,0,0,0,0,0,0,0,206213120,0,0,0
sample,grid_33_session,session_grid_medium,parallel_candidate_runtime,0,3,1090,5315,512,1536,32,315627935,3248630,197391474,606906164,1501540616,1123174203,2624714819,380288513,370150622,372735068,32,1536,1536,0,0,0,0,0,0,0,0,0,0,0,0,0,0,0,0,0,0,0,0,0,0,206213120,0,0,0
sample,grid_33_session,session_grid_medium,parallel_candidate_runtime,0,4,1090,5315,512,2048,32,419864043,3248630,262575716,808653288,2005247333,1494341677,3499589010,380288513,371167474,372735068,32,2048,2048,0,0,0,0,0,0,0,0,0,0,0,0,0,0,0,0,0,0,0,0,1085472,0,206213120,0,0,0
sample,grid_33_session,session_grid_medium,parallel_candidate_runtime,1,1,1090,5315,512,512,32,107106638,2939714,65238093,202728980,500540153,378013425,878553578,378013425,0,0,32,512,512,0,0,0,0,0,0,0,0,0,0,0,0,0,0,0,0,0,0,0,0,0,0,206716928,0,0,0
sample,grid_33_session,session_grid_medium,parallel_candidate_runtime,1,2,1090,5315,512,1024,32,210666492,2939714,132102054,403860656,1004671606,749568916,1754240522,378013425,371555491,371555491,32,1024,1024,0,0,0,0,0,0,0,0,0,0,0,0,0,0,0,0,0,0,0,0,0,0,206716928,0,0,0
sample,grid_33_session,session_grid_medium,parallel_candidate_runtime,1,3,1090,5315,512,1536,32,319340568,2939714,200050744,605054751,1502776605,1127385777,2630162382,378013425,371555491,377816861,32,1536,1536,0,0,0,0,0,0,0,0,0,0,0,0,0,0,0,0,0,0,0,0,0,0,206716928,0,0,0
sample,grid_33_session,session_grid_medium,parallel_candidate_runtime,1,4,1090,5315,512,2048,32,424820959,2939714,266245584,807664434,2001954852,1501670691,3503625543,378013425,374284914,377816861,32,2048,2048,0,0,0,0,0,0,0,0,0,0,0,0,0,0,0,0,0,0,0,0,1013003,0,206716928,0,0,0
sample,grid_33_session,session_grid_medium,parallel_candidate_runtime,2,1,1090,5315,512,512,32,106368938,2911399,65760956,207419135,501850320,382460428,884310748,382460428,0,0,32,512,512,0,0,0,0,0,0,0,0,0,0,0,0,0,0,0,0,0,0,0,0,0,0,207011840,0,0,0
sample,grid_33_session,session_grid_medium,parallel_candidate_runtime,2,2,1090,5315,512,1024,32,210240994,2911399,132813775,409198421,1001174173,755164589,1756338762,382460428,372704161,372704161,32,1024,1024,0,0,0,0,0,0,0,0,0,0,0,0,0,0,0,0,0,0,0,0,0,0,207011840,0,0,0
sample,grid_33_session,session_grid_medium,parallel_candidate_runtime,2,3,1090,5315,512,1536,32,313942146,2911399,197705340,614271511,1500572599,1128830396,2629402995,382460428,372704161,373665807,32,1536,1536,0,0,0,0,0,0,0,0,0,0,0,0,0,0,0,0,0,0,0,0,0,0,207011840,0,0,0
sample,grid_33_session,session_grid_medium,parallel_candidate_runtime,2,4,1090,5315,512,2048,32,418305886,2911399,265351566,821116207,2002845913,1507685058,3510530971,382460428,373665807,378854662,32,2048,2048,0,0,0,0,0,0,0,0,0,0,0,0,0,0,0,0,0,0,0,0,1017312,0,207011840,0,0,0
sample,grid_33_session,session_grid_medium,parallel_candidate_runtime,3,1,1090,5315,512,512,32,108019051,3030354,65479212,202659777,500492763,379188394,879681157,379188394,0,0,32,512,512,0,0,0,0,0,0,0,0,0,0,0,0,0,0,0,0,0,0,0,0,0,0,205545472,0,0,0
sample,grid_33_session,session_grid_medium,parallel_candidate_runtime,3,2,1090,5315,512,1024,32,211765750,3030354,130724589,406729484,1000923247,752250177,1753173424,379188394,373061783,373061783,32,1024,1024,0,0,0,0,0,0,0,0,0,0,0,0,0,0,0,0,0,0,0,0,0,0,205545472,0,0,0
sample,grid_33_session,session_grid_medium,parallel_candidate_runtime,3,3,1090,5315,512,1536,32,315328579,3030354,199101242,608042564,1500990623,1125502739,2626493362,379188394,373061783,373252562,32,1536,1536,0,0,0,0,0,0,0,0,0,0,0,0,0,0,0,0,0,0,0,0,0,0,205545472,0,0,0
sample,grid_33_session,session_grid_medium,parallel_candidate_runtime,3,4,1090,5315,512,2048,32,419206065,3030354,268147947,810944621,2003689716,1501328987,3505018703,379188394,373252562,375826248,32,2048,2048,0,0,0,0,0,0,0,0,0,0,0,0,0,0,0,0,0,0,0,0,1108715,0,205545472,0,0,0
sample,grid_33_session,session_grid_medium,parallel_candidate_runtime,4,1,1090,5315,512,512,32,106460792,2926035,65832902,204006496,500833920,379226225,880060145,379226225,0,0,32,512,512,0,0,0,0,0,0,0,0,0,0,0,0,0,0,0,0,0,0,0,0,0,0,205971456,0,0,0
sample,grid_33_session,session_grid_medium,parallel_candidate_runtime,4,2,1090,5315,512,1024,32,209941496,2926035,132159422,405449474,1000962141,750476427,1751438568,379226225,371250202,371250202,32,1024,1024,0,0,0,0,0,0,0,0,0,0,0,0,0,0,0,0,0,0,0,0,0,0,205971456,0,0,0
sample,grid_33_session,session_grid_medium,parallel_candidate_runtime,4,3,1090,5315,512,1536,32,313619083,2926035,198049142,609885414,1499667841,1124479674,2624147515,379226225,371250202,374003247,32,1536,1536,0,0,0,0,0,0,0,0,0,0,0,0,0,0,0,0,0,0,0,0,0,0,205971456,0,0,0
sample,grid_33_session,session_grid_medium,parallel_candidate_runtime,4,4,1090,5315,512,2048,32,417052627,2926035,263862778,811749120,1998863109,1495590560,3494453669,379226225,371250202,374003247,32,2048,2048,0,0,0,0,0,0,0,0,0,0,0,0,0,0,0,0,0,0,0,0,1023564,0,205971456,0,0,0
sample,grid_33_session,session_grid_medium,parallel_candidate_runtime,5,1,1090,5315,512,512,32,108794588,3072559,66043601,202334538,499531194,380245286,879776480,380245286,0,0,32,512,512,0,0,0,0,0,0,0,0,0,0,0,0,0,0,0,0,0,0,0,0,0,0,205541376,0,0,0
sample,grid_33_session,session_grid_medium,parallel_candidate_runtime,5,2,1090,5315,512,1024,32,212379147,3072559,131666755,403607039,1002016125,750725500,1752741625,380245286,370480214,370480214,32,1024,1024,0,0,0,0,0,0,0,0,0,0,0,0,0,0,0,0,0,0,0,0,0,0,205541376,0,0,0
sample,grid_33_session,session_grid_medium,parallel_candidate_runtime,5,3,1090,5315,512,1536,32,316643677,3072559,197425767,605589548,1500469952,1122731551,2623201503,380245286,370480214,372006051,32,1536,1536,0,0,0,0,0,0,0,0,0,0,0,0,0,0,0,0,0,0,0,0,0,0,205541376,0,0,0
sample,grid_33_session,session_grid_medium,parallel_candidate_runtime,5,4,1090,5315,512,2048,32,420914359,3072559,264465842,808331470,2001811482,1496784230,3498595712,380245286,372006051,374052679,32,2048,2048,0,0,0,0,0,0,0,0,0,0,0,0,0,0,0,0,0,0,0,0,1085331,0,205541376,0,0,0
sample,grid_33_session,session_grid_medium,parallel_candidate_runtime,6,1,1090,5315,512,512,32,106911007,2937438,65719707,201858024,500899439,377426176,878325615,377426176,0,0,32,512,512,0,0,0,0,0,0,0,0,0,0,0,0,0,0,0,0,0,0,0,0,0,0,206200832,0,0,0
sample,grid_33_session,session_grid_medium,parallel_candidate_runtime,6,2,1090,5315,512,1024,32,210360750,2937438,132478889,404661703,1000104673,750438780,1750543453,377426176,373012604,373012604,32,1024,1024,0,0,0,0,0,0,0,0,0,0,0,0,0,0,0,0,0,0,0,0,0,0,206200832,0,0,0
sample,grid_33_session,session_grid_medium,parallel_candidate_runtime,6,3,1090,5315,512,1536,32,314199943,2937438,197762449,606339465,1501566562,1121239295,2622805857,377426176,370800515,373012604,32,1536,1536,0,0,0,0,0,0,0,0,0,0,0,0,0,0,0,0,0,0,0,0,0,0,206200832,0,0,0
sample,grid_33_session,session_grid_medium,parallel_candidate_runtime,6,4,1090,5315,512,2048,32,419612313,2937438,266251955,807720163,2004443107,1496521869,3500964976,377426176,373012604,375282574,32,2048,2048,0,0,0,0,0,0,0,0,0,0,0,0,0,0,0,0,0,0,0,0,1045806,0,206200832,0,0,0
sample,grid_33_session,session_grid_medium,parallel_candidate_runtime,7,1,1090,5315,512,512,32,106992139,3337208,65378700,204641860,504928531,380349907,885278438,380349907,0,0,32,512,512,0,0,0,0,0,0,0,0,0,0,0,0,0,0,0,0,0,0,0,0,0,0,205545472,0,0,0
sample,grid_33_session,session_grid_medium,parallel_candidate_runtime,7,2,1090,5315,512,1024,32,210169024,3337208,132889148,406239480,1002862612,752634860,1755497472,380349907,372284953,372284953,32,1024,1024,0,0,0,0,0,0,0,0,0,0,0,0,0,0,0,0,0,0,0,0,0,0,205545472,0,0,0
sample,grid_33_session,session_grid_medium,parallel_candidate_runtime,7,3,1090,5315,512,1536,32,313536683,3337208,198281193,611258536,1504255402,1126413620,2630669022,380349907,372284953,373778760,32,1536,1536,0,0,0,0,0,0,0,0,0,0,0,0,0,0,0,0,0,0,0,0,0,0,205545472,0,0,0
sample,grid_33_session,session_grid_medium,parallel_candidate_runtime,7,4,1090,5315,512,2048,32,419334125,3337208,265117259,814153410,2014757900,1501942002,3516699902,380349907,373778760,375528382,32,2048,2048,0,0,0,0,0,0,0,0,0,0,0,0,0,0,0,0,0,0,0,0,1125156,0,205545472,0,0,0
sample,grid_33_session,session_grid_medium,parallel_candidate_runtime,8,1,1090,5315,512,512,32,106440312,3455302,64806462,202756089,500257584,377458165,877715749,377458165,0,0,32,512,512,0,0,0,0,0,0,0,0,0,0,0,0,0,0,0,0,0,0,0,0,0,0,206553088,0,0,0
sample,grid_33_session,session_grid_medium,parallel_candidate_runtime,8,2,1090,5315,512,1024,32,209872933,3455302,129297917,407142263,1000775072,749768415,1750543487,377458165,372310250,372310250,32,1024,1024,0,0,0,0,0,0,0,0,0,0,0,0,0,0,0,0,0,0,0,0,0,0,206553088,0,0,0
sample,grid_33_session,session_grid_medium,parallel_candidate_runtime,8,3,1090,5315,512,1536,32,313668363,3455302,196591091,608144181,1501639688,1121858937,2623498625,377458165,372090522,372310250,32,1536,1536,0,0,0,0,0,0,0,0,0,0,0,0,0,0,0,0,0,0,0,0,0,0,206553088,0,0,0
sample,grid_33_session,session_grid_medium,parallel_candidate_runtime,8,4,1090,5315,512,2048,32,417780063,3455302,263665661,810687988,2002077333,1495589014,3497666347,377458165,372310250,373730077,32,2048,2048,0,0,0,0,0,0,0,0,0,0,0,0,0,0,0,0,0,0,0,0,995951,0,206553088,0,0,0
sample,grid_33_session,session_grid_medium,parallel_candidate_runtime,9,1,1090,5315,512,512,32,106676611,3021319,66191984,202896827,503682798,378786741,882469539,378786741,0,0,32,512,512,0,0,0,0,0,0,0,0,0,0,0,0,0,0,0,0,0,0,0,0,0,0,205328384,0,0,0
sample,grid_33_session,session_grid_medium,parallel_candidate_runtime,9,2,1090,5315,512,1024,32,210038597,3021319,128323197,404129633,1002998343,745512746,1748511089,378786741,366726005,366726005,32,1024,1024,0,0,0,0,0,0,0,0,0,0,0,0,0,0,0,0,0,0,0,0,0,0,205328384,0,0,0
sample,grid_33_session,session_grid_medium,parallel_candidate_runtime,9,3,1090,5315,512,1536,32,313365036,3021319,190944029,606530002,1502465045,1113860386,2616325431,378786741,366726005,368347640,32,1536,1536,0,0,0,0,0,0,0,0,0,0,0,0,0,0,0,0,0,0,0,0,0,0,205328384,0,0,0
sample,grid_33_session,session_grid_medium,parallel_candidate_runtime,9,4,1090,5315,512,2048,32,417480662,3021319,256346773,808414051,2002402601,1485262805,3487665406,378786741,368347640,371402419,32,2048,2048,0,0,0,0,0,0,0,0,0,0,0,0,0,0,0,0,0,0,0,0,1024395,0,205328384,0,0,0
sample,grid_33_session,session_grid_medium,parallel_candidate_runtime,10,1,1090,5315,512,512,32,107424139,3068196,65252207,202930206,502194871,378674748,880869619,378674748,0,0,32,512,512,0,0,0,0,0,0,0,0,0,0,0,0,0,0,0,0,0,0,0,0,0,0,206979072,0,0,0
sample,grid_33_session,session_grid_medium,parallel_candidate_runtime,10,2,1090,5315,512,1024,32,211780082,3068196,130942286,406924210,1002030713,752714774,1754745487,378674748,374040026,374040026,32,1024,1024,0,0,0,0,0,0,0,0,0,0,0,0,0,0,0,0,0,0,0,0,0,0,206979072,0,0,0
sample,grid_33_session,session_grid_medium,parallel_candidate_runtime,10,3,1090,5315,512,1536,32,318921034,3068196,198152882,608899462,1505062905,1129041574,2634104479,378674748,374040026,376326800,32,1536,1536,0,0,0,0,0,0,0,0,0,0,0,0,0,0,0,0,0,0,0,0,0,0,206979072,0,0,0
sample,grid_33_session,session_grid_medium,parallel_candidate_runtime,10,4,1090,5315,512,2048,32,422671717,3068196,263693297,810253855,2005414116,1499687065,3505101181,378674748,374040026,376326800,32,2048,2048,0,0,0,0,0,0,0,0,0,0,0,0,0,0,0,0,0,0,0,0,1109116,0,206979072,0,0,0
sample,grid_33_session,session_grid_medium,parallel_candidate_runtime,11,1,1090,5315,512,512,32,106877520,3072053,66807632,201973498,501812956,378730703,880543659,378730703,0,0,32,512,512,0,0,0,0,0,0,0,0,0,0,0,0,0,0,0,0,0,0,0,0,0,0,207151104,0,0,0
sample,grid_33_session,session_grid_medium,parallel_candidate_runtime,11,2,1090,5315,512,1024,32,209951458,3072053,132331716,403317422,1001154609,748672649,1749827258,378730703,369941946,369941946,32,1024,1024,0,0,0,0,0,0,0,0,0,0,0,0,0,0,0,0,0,0,0,0,0,0,207151104,0,0,0
sample,grid_33_session,session_grid_medium,parallel_candidate_runtime,11,3,1090,5315,512,1536,32,313559731,3072053,196934390,607546995,1501198387,1121113169,2622311556,378730703,369941946,372440520,32,1536,1536,0,0,0,0,0,0,0,0,0,0,0,0,0,0,0,0,0,0,0,0,0,0,207151104,0,0,0
sample,grid_33_session,session_grid_medium,parallel_candidate_runtime,11,4,1090,5315,512,2048,32,419694370,3072053,265914968,810545985,2001749366,1499227376,3500976742,378730703,372440520,378114207,32,2048,2048,0,0,0,0,0,0,0,0,0,0,0,0,0,0,0,0,0,0,0,0,1305008,0,207151104,0,0,0
sample,grid_33_session,session_grid_medium,parallel_candidate_runtime,12,1,1090,5315,512,512,32,107155220,3400327,65836559,202712916,500432533,379105022,879537555,379105022,0,0,32,512,512,0,0,0,0,0,0,0,0,0,0,0,0,0,0,0,0,0,0,0,0,0,0,206073856,0,0,0
sample,grid_33_session,session_grid_medium,parallel_candidate_runtime,12,2,1090,5315,512,1024,32,210632215,3400327,130150196,404126935,1000259056,748309673,1748568729,379105022,369204651,369204651,32,1024,1024,0,0,0,0,0,0,0,0,0,0,0,0,0,0,0,0,0,0,0,0,0,0,206073856,0,0,0
sample,grid_33_session,session_grid_medium,parallel_candidate_runtime,12,3,1090,5315,512,1536,32,314541200,3400327,197660795,607865159,1499190579,1123467481,2622658060,379105022,369204651,375157808,32,1536,1536,0,0,0,0,0,0,0,0,0,0,0,0,0,0,0,0,0,0,0,0,0,0,206073856,0,0,0
sample,grid_33_session,session_grid_medium,parallel_candidate_runtime,12,4,1090,5315,512,2048,32,418661216,3400327,263363199,810603694,2000008966,1496028436,3496037402,379105022,372560955,375157808,32,2048,2048,0,0,0,0,0,0,0,0,0,0,0,0,0,0,0,0,0,0,0,0,985081,0,206073856,0,0,0
sample,grid_33_session,session_grid_medium,parallel_candidate_runtime,13,1,1090,5315,512,512,32,106719963,3305297,65278348,205777476,500214610,381081084,881295694,381081084,0,0,32,512,512,0,0,0,0,0,0,0,0,0,0,0,0,0,0,0,0,0,0,0,0,0,0,206069760,0,0,0
sample,grid_33_session,session_grid_medium,parallel_candidate_runtime,13,2,1090,5315,512,1024,32,209999212,3305297,131621569,406800254,999570900,751726332,1751297232,381081084,370645248,370645248,32,1024,1024,0,0,0,0,0,0,0,0,0,0,0,0,0,0,0,0,0,0,0,0,0,0,206069760,0,0,0
sample,grid_33_session,session_grid_medium,parallel_candidate_runtime,13,3,1090,5315,512,1536,32,313552772,3305297,197120946,612856880,1498261496,1126835895,2625097391,381081084,370645248,375109563,32,1536,1536,0,0,0,0,0,0,0,0,0,0,0,0,0,0,0,0,0,0,0,0,0,0,206069760,0,0,0
sample,grid_33_session,session_grid_medium,parallel_candidate_runtime,13,4,1090,5315,512,2048,32,418594999,3305297,262818853,814967061,1998082980,1499686210,3497769190,381081084,372850315,375109563,32,2048,2048,0,0,0,0,0,0,0,0,0,0,0,0,0,0,0,0,0,0,0,0,1071995,0,206069760,0,0,0
sample,grid_33_session,session_grid_medium,parallel_candidate_runtime,14,1,1090,5315,512,512,32,106809674,2986421,65042752,202383260,499522342,377222107,876744449,377222107,0,0,32,512,512,0,0,0,0,0,0,0,0,0,0,0,0,0,0,0,0,0,0,0,0,0,0,206487552,0,0,0
sample,grid_33_session,session_grid_medium,parallel_candidate_runtime,14,2,1090,5315,512,1024,32,210772751,2986421,128539587,407327523,1000788016,749626282,1750414298,377222107,372404175,372404175,32,1024,1024,0,0,0,0,0,0,0,0,0,0,0,0,0,0,0,0,0,0,0,0,0,0,206487552,0,0,0
sample,grid_33_session,session_grid_medium,parallel_candidate_runtime,14,3,1090,5315,512,1536,32,315167117,2986421,193194733,610142201,1500490020,1121490472,2621980492,377222107,371864190,372404175,32,1536,1536,0,0,0,0,0,0,0,0,0,0,0,0,0,0,0,0,0,0,0,0,0,0,206487552,0,0,0
sample,grid_33_session,session_grid_medium,parallel_candidate_runtime,14,4,1090,5315,512,2048,32,420055642,2986421,259745447,812748113,2003975698,1495535623,3499511321,377222107,372404175,374045151,32,2048,2048,0,0,0,0,0,0,0,0,0,0,0,0,0,0,0,0,0,0,0,0,1071165,0,206487552,0,0,0
sample,grid_33_session,session_grid_medium,parallel_candidate_runtime,15,1,1090,5315,512,512,32,106498373,3065231,65672526,203232983,506700443,378469113,885169556,378469113,0,0,32,512,512,0,0,0,0,0,0,0,0,0,0,0,0,0,0,0,0,0,0,0,0,0,0,205897728,0,0,0
sample,grid_33_session,session_grid_medium,parallel_candidate_runtime,15,2,1090,5315,512,1024,32,210202939,3065231,132668637,406100020,1008417634,752036827,1760454461,378469113,373567714,373567714,32,1024,1024,0,0,0,0,0,0,0,0,0,0,0,0,0,0,0,0,0,0,0,0,0,0,205897728,0,0,0
sample,grid_33_session,session_grid_medium,parallel_candidate_runtime,15,3,1090,5315,512,1536,32,314022775,3065231,197999776,607921823,1511924424,1123009605,2634934029,378469113,370972778,373567714,32,1536,1536,0,0,0,0,0,0,0,0,0,0,0,0,0,0,0,0,0,0,0,0,0,0,205897728,0,0,0
sample,grid_33_session,session_grid_medium,parallel_candidate_runtime,15,4,1090,5315,512,2048,32,418841015,3065231,264798782,809643937,2011332700,1496348965,3507681665,378469113,373339360,373567714,32,2048,2048,0,0,0,0,0,0,0,0,0,0,0,0,0,0,0,0,0,0,0,0,1068610,0,205897728,0,0,0
sample,grid_33_session,session_grid_medium,parallel_candidate_runtime,16,1,1090,5315,512,512,32,106730342,3068297,67147509,203871595,502768566,380817743,883586309,380817743,0,0,32,512,512,0,0,0,0,0,0,0,0,0,0,0,0,0,0,0,0,0,0,0,0,0,0,206659584,0,0,0
sample,grid_33_session,session_grid_medium,parallel_candidate_runtime,16,2,1090,5315,512,1024,32,210715492,3068297,131735697,404930909,1004836725,750450395,1755287120,380817743,369632652,369632652,32,1024,1024,0,0,0,0,0,0,0,0,0,0,0,0,0,0,0,0,0,0,0,0,0,0,206659584,0,0,0
sample,grid_33_session,session_grid_medium,parallel_candidate_runtime,16,3,1090,5315,512,1536,32,314800028,3068297,197887613,606789289,1505278134,1122545227,2627823361,380817743,369632652,372094832,32,1536,1536,0,0,0,0,0,0,0,0,0,0,0,0,0,0,0,0,0,0,0,0,0,0,206659584,0,0,0
sample,grid_33_session,session_grid_medium,parallel_candidate_runtime,16,4,1090,5315,512,2048,32,419150409,3068297,265513618,809262606,2008912347,1496994930,3505907277,380817743,372094832,374449703,32,2048,2048,0,0,0,0,0,0,0,0,0,0,0,0,0,0,0,0,0,0,0,0,1027562,0,206659584,0,0,0
sample,grid_33_session,session_grid_medium,parallel_candidate_runtime,17,1,1090,5315,512,512,32,107183431,2960802,66144923,202638290,502985328,378927446,881912774,378927446,0,0,32,512,512,0,0,0,0,0,0,0,0,0,0,0,0,0,0,0,0,0,0,0,0,0,0,206364672,0,0,0
sample,grid_33_session,session_grid_medium,parallel_candidate_runtime,17,2,1090,5315,512,1024,32,210186925,2960802,132083173,404771200,1003669999,750002100,1753672099,378927446,371074654,371074654,32,1024,1024,0,0,0,0,0,0,0,0,0,0,0,0,0,0,0,0,0,0,0,0,0,0,206364672,0,0,0
sample,grid_33_session,session_grid_medium,parallel_candidate_runtime,17,3,1090,5315,512,1536,32,314434802,2960802,196783812,605997629,1503677295,1120177045,2623854340,378927446,370174945,371074654,32,1536,1536,0,0,0,0,0,0,0,0,0,0,0,0,0,0,0,0,0,0,0,0,0,0,206364672,0,0,0
sample,grid_33_session,session_grid_medium,parallel_candidate_runtime,17,4,1090,5315,512,2048,32,419169854,2960802,264211390,809030558,2003922412,1495372604,3499295016,378927446,371074654,375195559,32,2048,2048,0,0,0,0,0,0,0,0,0,0,0,0,0,0,0,0,0,0,0,0,1129404,0,206364672,0,0,0
sample,grid_33_session,session_grid_medium,parallel_candidate_runtime,18,1,1090,5315,512,512,32,106933966,2947828,66102312,201840596,502747298,377824702,880572000,377824702,0,0,32,512,512,0,0,0,0,0,0,0,0,0,0,0,0,0,0,0,0,0,0,0,0,0,0,206200832,0,0,0
sample,grid_33_session,session_grid_medium,parallel_candidate_runtime,18,2,1090,5315,512,1024,32,210440955,2947828,135228978,405657324,1001947331,754275085,1756222416,377824702,376450383,376450383,32,1024,1024,0,0,0,0,0,0,0,0,0,0,0,0,0,0,0,0,0,0,0,0,0,0,206200832,0,0,0
sample,grid_33_session,session_grid_medium,parallel_candidate_runtime,18,3,1090,5315,512,1536,32,314038476,2947828,201486556,607489734,1501539140,1125962594,2627501734,377824702,371687509,376450383,32,1536,1536,0,0,0,0,0,0,0,0,0,0,0,0,0,0,0,0,0,0,0,0,0,0,206200832,0,0,0
sample,grid_33_session,session_grid_medium,parallel_candidate_runtime,18,4,1090,5315,512,2048,32,418185855,2947828,266881145,810572915,2003033392,1498587743,3501621135,377824702,372625149,376450383,32,2048,2048,0,0,0,0,0,0,0,0,0,0,0,0,0,0,0,0,0,0,0,0,1340025,0,206200832,0,0,0
sample,grid_33_session,session_grid_medium,parallel_candidate_runtime,19,1,1090,5315,512,512,32,106612319,3128951,65967357,202175097,501484033,377883724,879367757,377883724,0,0,32,512,512,0,0,0,0,0,0,0,0,0,0,0,0,0,0,0,0,0,0,0,0,0,0,206983168,0,0,0
sample,grid_33_session,session_grid_medium,parallel_candidate_runtime,19,2,1090,5315,512,1024,32,209797610,3128951,133412161,405360621,1007951791,751699343,1759651134,377883724,373815619,373815619,32,1024,1024,0,0,0,0,0,0,0,0,0,0,0,0,0,0,0,0,0,0,0,0,0,0,206983168,0,0,0
sample,grid_33_session,session_grid_medium,parallel_candidate_runtime,19,3,1090,5315,512,1536,32,314968131,3128951,198095720,607018215,1506592725,1123211017,2629803742,377883724,371511674,373815619,32,1536,1536,0,0,0,0,0,0,0,0,0,0,0,0,0,0,0,0,0,0,0,0,0,0,206983168,0,0,0
sample,grid_33_session,session_grid_medium,parallel_candidate_runtime,19,4,1090,5315,512,2048,32,419281856,3128951,266288414,809617426,2008309340,1498316647,3506625987,377883724,373815619,375105630,32,2048,2048,0,0,0,0,0,0,0,0,0,0,0,0,0,0,0,0,0,0,0,0,1059011,0,206983168,0,0,0
summary,grid_33_session,session_grid_medium,parallel_candidate_runtime,1,20,377222107,378786741,381081084,382460428,880543659,378786741,0,0,1351.1821468851849,207151104,0
summary,grid_33_session,session_grid_medium,parallel_candidate_runtime,2,20,745512746,750476427,754275085,755164589,1753173424,378786741,372284953,374040026,1364.0138772427472,207151104,0
summary,grid_33_session,session_grid_medium,parallel_candidate_runtime,3,20,1113860386,1123174203,1128830396,1129041574,2624714819,378786741,370972778,376450383,1367.5079542066137,207151104,0
summary,grid_33_session,session_grid_medium,parallel_candidate_runtime,4,20,1485262805,1496784230,1501942002,1507685058,3500964976,378786741,372560955,378114207,1368.0741056350805,207151104,0
sample,grid_33_session,session_grid_medium,gpu_inline_certified,0,1,1090,5315,512,512,0,104643802,12584,335599562,501281741,0,941537689,941537689,941537689,0,0,0,512,512,1,1,1,0,1,1,1,191862166,3539700,26967430,12915516,2054,19412683,36333504,19372192,36285088,708826,172978,142500,2958018,0,40584187,456155136,335544320,0,0
sample,grid_33_session,session_grid_medium,gpu_inline_certified,0,2,1090,5315,512,1024,0,197411613,12584,413703828,1007641667,0,1618769692,1618769692,941537689,677232003,677232003,0,1024,1024,1,1,2,1,1,2,2,191862166,3539700,36347422,16784984,2054,19412683,57893636,19372192,57807167,1407112,302563,231250,4438268,0,81481990,456155136,335544320,0,0
sample,grid_33_session,session_grid_medium,gpu_inline_certified,0,3,1090,5315,512,1536,0,289554296,12584,489999659,1510721566,0,2290288105,2290288105,941537689,671518413,677232003,0,1536,1536,1,1,3,2,1,3,3,191862166,3539700,45745768,20713204,2054,19412683,79401427,19372192,79269471,2108855,434402,342200,5133398,0,121303802,456155136,335544320,0,0
sample,grid_33_session,session_grid_medium,gpu_inline_certified,0,4,1090,5315,512,2048,0,381842218,12584,566331532,2014351609,0,2962537943,2962537943,941537689,672249838,677232003,0,2048,2048,1,1,4,3,1,4,4,191862166,3539700,55139397,24762002,2054,19412683,100902638,19372192,100696735,2804626,558920,435147,5771720,3668928,161140479,456155136,335544320,0,0
sample,grid_33_session,session_grid_medium,gpu_inline_certified,1,1,1090,5315,512,512,0,105282771,8106,337165390,508783028,0,951239295,951239295,951239295,0,0,0,512,512,1,1,1,0,1,1,1,192887450,3576742,27609750,12488946,1884,19363702,36556760,19323808,36505151,726660,192556,141368,3002231,0,40617341,456155136,335544320,0,0
sample,grid_33_session,session_grid_medium,gpu_inline_certified,1,2,1090,5315,512,1024,0,199981833,8106,416524352,1010360742,0,1626875033,1626875033,951239295,675635738,675635738,0,1024,1024,1,1,2,1,1,2,2,192887450,3576742,37229076,16493491,1884,19363702,58016502,19323808,57921694,1468148,339294,250155,4436464,0,82461444,456155136,335544320,0,0
sample,grid_33_session,session_grid_medium,gpu_inline_certified,1,3,1090,5315,512,1536,0,297125188,8106,494296009,1519892934,0,2311322237,2311322237,951239295,675635738,684447204,0,1536,1536,1,1,3,2,1,3,3,192887450,3576742,46583670,20445626,1884,19363702,79660856,19323808,79491740,2165893,514156,328764,5043567,0,123723699,456155136,335544320,0,0
sample,grid_33_session,session_grid_medium,gpu_inline_certified,1,4,1090,5315,512,2048,0,385540066,8106,570703495,2028151395,0,2984403062,2984403062,951239295,675635738,684447204,0,2048,2048,1,1,4,3,1,4,4,192887450,3576742,55946850,24436325,1884,19363702,101170190,19323808,100929211,2895588,673859,417352,5752423,3936426,163581130,456155136,335544320,0,0
sample,grid_33_session,session_grid_medium,gpu_inline_certified,2,1,1090,5315,512,512,0,105480004,8306,340438966,501901762,0,947829038,947829038,947829038,0,0,0,512,512,1,1,1,0,1,1,1,196617903,3700146,27013899,12340294,2094,19886964,35876359,19845024,35824736,721641,150466,150115,2885419,0,41093666,456118272,335544320,0,0
sample,grid_33_session,session_grid_medium,gpu_inline_certified,2,2,1090,5315,512,1024,0,197766504,8306,418174926,1002205519,0,1618155255,1618155255,947829038,670326217,670326217,0,1024,1024,1,1,2,1,1,2,2,196617903,3700146,36364535,16243677,2094,19886964,57348914,19845024,57251903,1453992,271425,249474,4277202,0,81758600,456118272,335544320,0,0
sample,grid_33_session,session_grid_medium,gpu_inline_certified,2,3,1090,5315,512,1536,0,293731881,8306,494743407,1504711218,0,2293194812,2293194812,947829038,670326217,675039557,0,1536,1536,1,1,3,2,1,3,3,196617903,3700146,45747454,20230217,2094,19886964,78846448,19845024,78702205,2144653,396683,360555,4911587,0,121898703,456118272,335544320,0,0
sample,grid_33_session,session_grid_medium,gpu_inline_certified,2,4,1090,5315,512,2048,0,384966113,8306,571249460,2021898878,0,2978122757,2978122757,947829038,675039557,684927945,0,2048,2048,1,1,4,3,1,4,4,196617903,3700146,55196046,24295127,2094,19886964,100392645,19845024,100194331,2869770,530647,450385,5616215,4166332,161691518,456118272,335544320,0,0
sample,grid_33_session,session_grid_medium,gpu_inline_certified,3,1,1090,5315,512,512,0,104717517,13615,343389539,507195676,0,955316347,955316347,955316347,0,0,0,512,512,1,1,1,0,1,1,1,200442285,3656886,27022435,12271723,2054,19239777,35937244,19200767,35878911,765273,162939,155265,2942477,0,40791181,456155136,335544320,0,0
sample,grid_33_session,session_grid_medium,gpu_inline_certified,3,2,1090,5315,512,1024,0,197908855,13615,421206372,1010596616,0,1629725458,1629725458,955316347,674409111,674409111,0,1024,1024,1,1,2,1,1,2,2,200442285,3656886,36375346,16175937,2054,19239777,57517073,19200767,57394046,1516349,290501,247010,4300485,0,81442669,456155136,335544320,0,0
sample,grid_33_session,session_grid_medium,gpu_inline_certified,3,3,1090,5315,512,1536,0,293558291,13615,497755698,1514618886,0,2305946490,2305946490,955316347,674409111,676221032,0,1536,1536,1,1,3,2,1,3,3,200442285,3656886,45803860,20082015,2054,19239777,79030035,19200767,78838941,2212151,414326,322704,4915783,0,121633822,456155136,335544320,0,0
sample,grid_33_session,session_grid_medium,gpu_inline_certified,3,4,1090,5315,512,2048,0,381876947,13615,573952645,2023366680,0,2979209887,2979209887,955316347,674409111,676221032,0,2048,2048,1,1,4,3,1,4,4,200442285,3656886,55181258,24058125,2054,19239777,100528951,19200767,100290397,2917570,552699,417865,5524549,3571100,161430626,456155136,335544320,0,0
sample,grid_33_session,session_grid_medium,gpu_inline_certified,4,1,1090,5315,512,512,0,105147322,13596,345158199,510175845,0,960494962,960494962,960494962,0,0,0,512,512,1,1,1,0,1,1,1,201893262,3711337,27275977,12072346,1904,19271976,36487409,19232351,36427584,720228,154844,135920,2998494,0,40434502,456155136,335544320,0,0
sample,grid_33_session,session_grid_medium,gpu_inline_certified,4,2,1090,5315,512,1024,0,197559902,13596,423089899,1020294202,0,1640957599,1640957599,960494962,680462637,680462637,0,1024,1024,1,1,2,1,1,2,2,201893262,3711337,36644106,15982030,1904,19271976,57984482,19232351,57882622,1418033,261146,234075,4428619,0,81258929,456155136,335544320,0,0
sample,grid_33_session,session_grid_medium,gpu_inline_certified,4,3,1090,5315,512,1536,0,295579390,13596,501366594,1523415281,0,2320374861,2320374861,960494962,679417262,680462637,0,1536,1536,1,1,3,2,1,3,3,201893262,3711337,46150829,20392616,1904,19271976,79551166,19232351,79388317,2164511,397465,331078,5118319,0,122382131,456155136,335544320,0,0
sample,grid_33_session,session_grid_medium,gpu_inline_certified,4,4,1090,5315,512,2048,0,385724503,13596,578063761,2033524411,0,2997326271,2997326271,960494962,679417262,680462637,0,2048,2048,1,1,4,3,1,4,4,201893262,3711337,55593831,24340112,1904,19271976,100995067,19232351,100788796,2865051,513205,421750,5777441,3949830,162678825,456155136,335544320,0,0
sample,grid_33_session,session_grid_medium,gpu_inline_certified,5,1,1090,5315,512,512,0,107767930,7615,342548825,501891103,0,952215473,952215473,952215473,0,0,0,512,512,1,1,1,0,1,1,1,198362897,3757496,27818667,12128993,1704,19064783,35859377,19024831,35810079,731048,180362,152961,2930606,0,41559931,456155136,335544320,0,0
sample,grid_33_session,session_grid_medium,gpu_inline_certified,5,2,1090,5315,512,1024,0,200419965,7615,420680034,1000774293,0,1621881907,1621881907,952215473,669666434,669666434,0,1024,1024,1,1,2,1,1,2,2,198362897,3757496,37207135,16091297,1704,19064783,57400693,19024831,57306334,1448029,322082,241429,4320776,0,82461713,456155136,335544320,0,0
sample,grid_33_session,session_grid_medium,gpu_inline_certified,5,3,1090,5315,512,1536,0,296866586,7615,497834339,1499949808,0,2294658348,2294658348,952215473,669666434,672776441,0,1536,1536,1,1,3,2,1,3,3,198362897,3757496,46795864,19997425,1704,19064783,78931600,19024831,78800221,2156505,433273,321591,4945643,0,123065558,456155136,335544320,0,0
sample,grid_33_session,session_grid_medium,gpu_inline_certified,5,4,1090,5315,512,2048,0,384889941,7615,574339050,1998162185,0,2957398791,2957398791,952215473,669666434,672776441,0,2048,2048,1,1,4,3,1,4,4,198362897,3757496,56157712,23935904,1704,19064783,100457336,19024831,100287165,2903303,547759,451988,5716868,3852966,162981300,456155136,335544320,0,0
sample,grid_33_session,session_grid_medium,gpu_inline_certified,6,1,1090,5315,512,512,0,105254286,7414,339565246,515770069,0,960597015,960597015,960597015,0,0,0,512,512,1,1,1,0,1,1,1,194440691,3649951,27891163,12954198,1653,19303907,36446500,19264640,36395007,707063,145757,149904,2997653,0,40876806,456126464,335544320,0,0
sample,grid_33_session,session_grid_medium,gpu_inline_certified,6,2,1090,5315,512,1024,0,199329183,7414,417586129,1031250619,0,1648173345,1648173345,960597015,687576330,687576330,0,1024,1024,1,1,2,1,1,2,2,194440691,3649951,37249172,16810260,1653,19303907,58020948,19264640,57925726,1436428,267769,243783,4514273,0,81647294,456126464,335544320,0,0
sample,grid_33_session,session_grid_medium,gpu_inline_certified,6,3,1090,5315,512,1536,0,297519506,7414,495942979,1537631641,0,2331101540,2331101540,960597015,682928195,687576330,0,1536,1536,1,1,3,2,1,3,3,194440691,3649951,46792995,20870941,1653,19303907,79507067,19264640,79376350,2162226,430358,331519,5148558,0,123303113,456126464,335544320,0,0
sample,grid_33_session,session_grid_medium,gpu_inline_certified,6,4,1090,5315,512,2048,0,387659672,7414,573274371,2035431758,0,2996373215,2996373215,960597015,682928195,687576330,0,2048,2048,1,1,4,3,1,4,4,194440691,3649951,56452778,24830610,1653,19303907,100974290,19264640,100797085,2898955,578790,419626,5801638,3650012,163921482,456126464,335544320,0,0
sample,grid_33_session,session_grid_medium,gpu_inline_certified,7,1,1090,5315,512,512,0,105344508,8366,342030827,501503661,0,948887362,948887362,948887362,0,0,0,512,512,1,1,1,0,1,1,1,196515319,3740713,27201322,13121126,1873,19414575,36770705,19373184,36704894,723614,154234,160153,2978105,0,41249088,456155136,335544320,0,0
sample,grid_33_session,session_grid_medium,gpu_inline_certified,7,2,1090,5315,512,1024,0,197680824,8366,419848023,1001870723,0,1619407936,1619407936,948887362,670520574,670520574,0,1024,1024,1,1,2,1,1,2,2,196515319,3740713,36587736,17096254,1873,19414575,58277965,19373184,58167837,1434585,275614,240946,4360370,0,81902073,456155136,335544320,0,0
sample,grid_33_session,session_grid_medium,gpu_inline_certified,7,3,1090,5315,512,1536,0,293234450,8366,496933118,1500711827,0,2290887761,2290887761,948887362,670520574,671479825,0,1536,1536,1,1,3,2,1,3,3,196515319,3740713,45928803,21081962,1873,19414575,79838726,19373184,79681692,2157678,413516,331819,4978374,0,122529760,456155136,335544320,0,0
sample,grid_33_session,session_grid_medium,gpu_inline_certified,7,4,1090,5315,512,2048,0,381516258,8366,573203917,1998754715,0,2953483256,2953483256,948887362,670520574,671479825,0,2048,2048,1,1,4,3,1,4,4,196515319,3740713,55301511,24972891,1873,19414575,101374249,19373184,101175995,2871072,524296,412312,5587060,3679016,162488046,456155136,335544320,0,0
sample,grid_33_session,session_grid_medium,gpu_inline_certified,8,1,1090,5315,512,512,0,105089032,7845,339997637,505767696,0,950862210,950862210,950862210,0,0,0,512,512,1,1,1,0,1,1,1,196501985,3614163,26928003,12552555,1733,19194788,35987948,19155103,35943327,722643,153921,156026,2914644,0,41269228,456155136,335544320,0,0
sample,grid_33_session,session_grid_medium,gpu_inline_certified,8,2,1090,5315,512,1024,0,197523063,7845,417987792,1009749862,0,1625268562,1625268562,950862210,674406352,674406352,0,1024,1024,1,1,2,1,1,2,2,196501985,3614163,36302716,16484982,1733,19194788,57483555,19155103,57391935,1430557,266235,253061,4377522,0,82076495,456155136,335544320,0,0
sample,grid_33_session,session_grid_medium,gpu_inline_certified,8,3,1090,5315,512,1536,0,293773271,7845,495077567,1508094733,0,2296953416,2296953416,950862210,671684854,674406352,0,1536,1536,1,1,3,2,1,3,3,196501985,3614163,45705140,20377132,1733,19194788,79030681,19155103,78895517,2122171,403466,343543,5008029,0,122774736,456155136,335544320,0,0
sample,grid_33_session,session_grid_medium,gpu_inline_certified,8,4,1090,5315,512,2048,0,382877042,7845,571529593,2006414708,0,2960829188,2960829188,950862210,671684854,674406352,0,2048,2048,1,1,4,3,1,4,4,196501985,3614163,55091945,24342141,1733,19194788,100542230,19155103,100358781,2823523,544052,452630,5664295,3808823,162756108,456155136,335544320,0,0
sample,grid_33_session,session_grid_medium,gpu_inline_certified,9,1,1090,5315,512,512,0,104813792,7945,340521401,508615014,0,953958152,953958152,953958152,0,0,0,512,512,1,1,1,0,1,1,1,196376693,3604885,27055276,12991028,2164,19080872,36650547,19040512,36542335,987004,273360,154454,2937077,0,40408041,455979008,335544320,0,0
sample,grid_33_session,session_grid_medium,gpu_inline_certified,9,2,1090,5315,512,1024,0,197090847,7945,418129752,1009148403,0,1624376947,1624376947,953958152,670418795,670418795,0,1024,1024,1,1,2,1,1,2,2,196376693,3604885,36404199,16933664,2164,19080872,58152226,19040512,58003165,1700458,394882,246789,4365930,0,80866990,455979008,335544320,0,0
sample,grid_33_session,session_grid_medium,gpu_inline_certified,9,3,1090,5315,512,1536,0,292624416,7945,495188780,1507948019,0,2295769160,2295769160,953958152,670418795,671392213,0,1536,1536,1,1,3,2,1,3,3,196376693,3604885,45966808,20853568,2164,19080872,79677551,19040512,79492060,2397020,515541,344625,5004763,0,121364290,455979008,335544320,0,0
sample,grid_33_session,session_grid_medium,gpu_inline_certified,9,4,1090,5315,512,2048,0,380979525,7945,571756335,2005796759,0,2958540564,2958540564,953958152,670418795,671392213,0,2048,2048,1,1,4,3,1,4,4,196376693,3604885,55379241,24835419,2164,19080872,101198708,19040512,100950523,3155671,635949,483239,5733466,3784998,161270028,455979008,335544320,0,0
sample,grid_33_session,session_grid_medium,gpu_inline_certified,10,1,1090,5315,512,512,0,105401397,7685,340296382,502286448,0,947991912,947991912,947991912,0,0,0,512,512,1,1,1,0,1,1,1,195714313,3725354,27163662,12528861,1834,19509947,36486414,19468896,36431647,734876,190442,165223,3050432,0,41025024,456155136,335544320,0,0
sample,grid_33_session,session_grid_medium,gpu_inline_certified,10,2,1090,5315,512,1024,0,197690165,7685,418032466,1004453779,0,1620184095,1620184095,947991912,672192183,672192183,0,1024,1024,1,1,2,1,1,2,2,195714313,3725354,36538976,16401685,1834,19509947,57997402,19468896,57899261,1460103,325868,256427,4466090,0,81634467,456155136,335544320,0,0
sample,grid_33_session,session_grid_medium,gpu_inline_certified,10,3,1090,5315,512,1536,0,293974109,7685,494999960,1504708327,0,2293690081,2293690081,947991912,672192183,673505986,0,1536,1536,1,1,3,2,1,3,3,195714313,3725354,45887448,20311970,1834,19509947,79529489,19468896,79390076,2161054,447729,346539,5123939,0,122240344,456155136,335544320,0,0
sample,grid_33_session,session_grid_medium,gpu_inline_certified,10,4,1090,5315,512,2048,0,382355237,7685,571481241,2006502870,0,2960347033,2960347033,947991912,672192183,673505986,0,2048,2048,1,1,4,3,1,4,4,195714313,3725354,55262390,24265457,1834,19509947,101120098,19468896,100941372,2846846,568759,434377,5808208,3784886,162223658,456155136,335544320,0,0
sample,grid_33_session,session_grid_medium,gpu_inline_certified,11,1,1090,5315,512,512,0,105120034,8276,338374073,503017409,0,946519792,946519792,946519792,0,0,0,512,512,1,1,1,0,1,1,1,194657366,3514183,27203256,12044843,2204,19245226,36597575,19203487,36525919,736800,164021,142191,3050182,0,41016226,456118272,335544320,0,0
sample,grid_33_session,session_grid_medium,gpu_inline_certified,11,2,1090,5315,512,1024,0,197503373,8276,416168009,1003225529,0,1616905187,1616905187,946519792,670385395,670385395,0,1024,1024,1,1,2,1,1,2,2,194657366,3514183,36553030,16093611,2204,19245226,58107893,19203487,57986943,1438753,272207,234336,4447035,0,81602165,456118272,335544320,0,0
sample,grid_33_session,session_grid_medium,gpu_inline_certified,11,3,1090,5315,512,1536,0,294089523,8276,493297312,1503063828,0,2290458939,2290458939,946519792,670385395,673553752,0,1536,1536,1,1,3,2,1,3,3,194657366,3514183,45963049,20053541,2204,19245226,79602881,19203487,79433119,2129354,398747,325830,5072122,0,122332809,456118272,335544320,0,0
sample,grid_33_session,session_grid_medium,gpu_inline_certified,11,4,1090,5315,512,2048,0,382502484,8276,569674035,2005001251,0,2957186046,2957186046,946519792,670385395,673553752,0,2048,2048,1,1,4,3,1,4,4,194657366,3514183,55368289,24048086,2204,19245226,101139597,19203487,100914974,2890279,530947,414388,5727577,3673687,162135893,456118272,335544320,0,0
sample,grid_33_session,session_grid_medium,gpu_inline_certified,12,1,1090,5315,512,512,0,105330194,7424,339357486,510962451,0,955657555,955657555,955657555,0,0,0,512,512,1,1,1,0,1,1,1,195738273,3601428,27491494,12452426,1623,18806853,36216172,18769151,36164544,735637,140015,149693,2953869,0,41070003,456155136,335544320,0,0
sample,grid_33_session,session_grid_medium,gpu_inline_certified,12,2,1090,5315,512,1024,0,200257194,7424,418168883,1011070902,0,1629504403,1629504403,955657555,673846848,673846848,0,1024,1024,1,1,2,1,1,2,2,195738273,3601428,37056047,16434578,1623,18806853,57733061,18769151,57631966,1463680,280753,241166,4372403,0,82439018,456155136,335544320,0,0
sample,grid_33_session,session_grid_medium,gpu_inline_certified,12,3,1090,5315,512,1536,0,297999860,7424,495744674,1520376257,0,2314128215,2314128215,955657555,673846848,684623812,0,1536,1536,1,1,3,2,1,3,3,195738273,3601428,46447350,20494638,1623,18806853,79227549,18769151,79087102,2184459,409788,349191,5049739,0,123433783,456155136,335544320,0,0
sample,grid_33_session,session_grid_medium,gpu_inline_certified,12,4,1090,5315,512,2048,0,388182571,7424,573339841,2030673055,0,2992202891,2992202891,955657555,678074676,684623812,0,2048,2048,1,1,4,3,1,4,4,195738273,3601428,56145717,24382891,1623,18806853,100755839,18769151,100568382,2919535,559382,447027,5753686,3673586,164227587,456155136,335544320,0,0
sample,grid_33_session,session_grid_medium,gpu_inline_certified,13,1,1090,5315,512,512,0,105159390,7864,338655383,514155815,0,957978452,957978452,957978452,0,0,0,512,512,1,1,1,0,1,1,1,194409470,3816628,27306933,12634503,1954,19222382,35950237,19183071,35889535,707824,150074,156878,2920827,0,41377673,456155136,335544320,0,0
sample,grid_33_session,session_grid_medium,gpu_inline_certified,13,2,1090,5315,512,1024,0,198119064,7864,416379115,1014005053,0,1628511096,1628511096,957978452,670532644,670532644,0,1024,1024,1,1,2,1,1,2,2,194409470,3816628,36659884,16572280,1954,19222382,57458480,19183071,57357150,1407523,256736,258140,4278966,0,82036672,456155136,335544320,0,0
sample,grid_33_session,session_grid_medium,gpu_inline_certified,13,3,1090,5315,512,1536,0,293803341,7864,493526183,1517200235,0,2304537623,2304537623,957978452,670532644,676026527,0,1536,1536,1,1,3,2,1,3,3,194409470,3816628,46055967,20604507,1954,19222382,78975379,19183071,78804732,2127951,405378,351468,4960681,0,122594418,456155136,335544320,0,0
sample,grid_33_session,session_grid_medium,gpu_inline_certified,13,4,1090,5315,512,2048,0,382839024,7864,569786324,2016594653,0,2969227865,2969227865,957978452,670532644,676026527,0,2048,2048,1,1,4,3,1,4,4,194409470,3816628,55404840,24521736,1954,19222382,100487389,19183071,100252507,2818772,533000,447230,5624772,3502540,162498151,456155136,335544320,0,0
sample,grid_33_session,session_grid_medium,gpu_inline_certified,14,1,1090,5315,512,512,0,105397423,8516,339146547,503062974,0,947615460,947615460,947615460,0,0,0,512,512,1,1,1,0,1,1,1,192679155,3702571,27492396,12358769,2235,21104526,36229148,21062175,36172703,704498,142470,148884,3027599,0,41554296,456024064,335544320,0,0
sample,grid_33_session,session_grid_medium,gpu_inline_certified,14,2,1090,5315,512,1024,0,198051097,8516,416755160,1007819645,0,1622634418,1622634418,947615460,675018958,675018958,0,1024,1024,1,1,2,1,1,2,2,192679155,3702571,36837942,16295956,2235,21104526,57698608,21062175,57591199,1412142,293046,241279,4499093,0,81988607,456024064,335544320,0,0
sample,grid_33_session,session_grid_medium,gpu_inline_certified,14,3,1090,5315,512,1536,0,293999687,8516,494031954,1520020692,0,2308060849,2308060849,947615460,675018958,685426431,0,1536,1536,1,1,3,2,1,3,3,192679155,3702571,46232893,20333212,2235,21104526,79236477,21062175,79084574,2126628,419546,342461,5184925,0,122667325,456024064,335544320,0,0
sample,grid_33_session,session_grid_medium,gpu_inline_certified,14,4,1090,5315,512,2048,0,382326825,8516,570726641,2018543544,0,2971605526,2971605526,947615460,675018958,685426431,0,2048,2048,1,1,4,3,1,4,4,192679155,3702571,55627252,24257714,2235,21104526,100760209,21062175,100565053,2812180,544995,423705,5832004,3700958,162980095,456024064,335544320,0,0
sample,grid_33_session,session_grid_medium,gpu_inline_certified,15,1,1090,5315,512,512,0,106484466,13516,337793618,502886678,0,947178278,947178278,947178278,0,0,0,512,512,1,1,1,0,1,1,1,194679534,3702540,26734988,12123673,1964,19116731,36227282,19076480,36172287,741729,158933,148824,3020185,0,41137235,456151040,335544320,0,0
sample,grid_33_session,session_grid_medium,gpu_inline_certified,15,2,1090,5315,512,1024,0,198668597,13516,415609897,1005734533,0,1620026543,1620026543,947178278,672848265,672848265,0,1024,1024,1,1,2,1,1,2,2,194679534,3702540,36072810,16134039,1964,19116731,57720307,19076480,57615806,1486503,284051,243915,4419402,0,81748101,456151040,335544320,0,0
sample,grid_33_session,session_grid_medium,gpu_inline_certified,15,3,1090,5315,512,1536,0,294337898,13516,492754188,1505538458,0,2292644060,2292644060,947178278,672617517,672848265,0,1536,1536,1,1,3,2,1,3,3,194679534,3702540,45407325,19993268,1964,19116731,79272093,19076480,79126654,2175702,402275,323656,5051683,0,122627417,456151040,335544320,0,0
sample,grid_33_session,session_grid_medium,gpu_inline_certified,15,4,1090,5315,512,2048,0,382370697,13516,569167983,2009402122,0,2960954318,2960954318,947178278,672617517,672848265,0,2048,2048,1,1,4,3,1,4,4,194679534,3702540,54770475,24139021,1964,19116731,100787371,19076480,100591997,2882113,542852,414128,5664457,3674678,162466797,456151040,335544320,0,0
sample,grid_33_session,session_grid_medium,gpu_inline_certified,16,1,1090,5315,512,512,0,105542219,7574,337869342,505055206,0,948474341,948474341,948474341,0,0,0,512,512,1,1,1,0,1,1,1,194038135,3590598,26896354,12583576,1883,19057029,36452240,19015327,36396703,765503,184980,172527,3099597,0,41026920,456155136,335544320,0,0
sample,grid_33_session,session_grid_medium,gpu_inline_certified,16,2,1090,5315,512,1024,0,198478889,7574,416104616,1004775152,0,1619366231,1619366231,948474341,670891890,670891890,0,1024,1024,1,1,2,1,1,2,2,194038135,3590598,36319458,16529038,1883,19057029,58006199,19015327,57902623,1470983,298315,257077,4431516,0,82104385,456155136,335544320,0,0
sample,grid_33_session,session_grid_medium,gpu_inline_certified,16,3,1090,5315,512,1536,0,293691874,7574,493412320,1509853100,0,2296964868,2296964868,948474341,670891890,677598637,0,1536,1536,1,1,3,2,1,3,3,194038135,3590598,45720079,20504998,1883,19057029,79587432,19015327,79441086,2189728,412132,387574,5238208,0,122684524,456155136,335544320,0,0
sample,grid_33_session,session_grid_medium,gpu_inline_certified,16,4,1090,5315,512,2048,0,381830325,7574,569589737,2007964039,0,2959391675,2959391675,948474341,670891890,677598637,0,2048,2048,1,1,4,3,1,4,4,194038135,3590598,55072840,24465528,1883,19057029,101085967,19015327,100892573,2870220,527892,473046,5849769,3631066,162556830,456155136,335544320,0,0
sample,grid_33_session,session_grid_medium,gpu_inline_certified,17,1,1090,5315,512,512,0,105994579,12824,337678445,502092700,0,945778548,945778548,945778548,0,0,0,512,512,1,1,1,0,1,1,1,192362937,3601840,27573872,12550122,1603,19090301,36991166,19050367,36937310,730528,156577,145896,2924924,0,41548679,456155136,335544320,0,0
sample,grid_33_session,session_grid_medium,gpu_inline_certified,17,2,1090,5315,512,1024,0,198479403,12824,415431375,1005218641,0,1619142243,1619142243,945778548,673363695,673363695,0,1024,1024,1,1,2,1,1,2,2,192362937,3601840,36949246,16528767,1603,19090301,58579752,19050367,58480125,1443442,265393,236408,4353187,0,82018499,456155136,335544320,0,0
sample,grid_33_session,session_grid_medium,gpu_inline_certified,17,3,1090,5315,512,1536,0,294337623,12824,492750732,1515658311,0,2302759490,2302759490,945778548,673363695,683617247,0,1536,1536,1,1,3,2,1,3,3,192362937,3601840,46508759,20502794,1603,19090301,80115807,19050367,79969020,2149713,389829,331770,5014704,0,122680675,456155136,335544320,0,0
sample,grid_33_session,session_grid_medium,gpu_inline_certified,17,4,1090,5315,512,2048,0,385048659,12824,570139058,2013470091,0,2968670632,2968670632,945778548,673363695,683617247,0,2048,2048,1,1,4,3,1,4,4,192362937,3601840,56057301,24553947,1603,19090301,101615675,19050367,101405531,2885881,540805,424846,5626215,3550603,163377707,456155136,335544320,0,0
sample,grid_33_session,session_grid_medium,gpu_inline_certified,18,1,1090,5315,512,512,0,105163631,7946,335808684,502836984,0,943817245,943817245,943817245,0,0,0,512,512,1,1,1,0,1,1,1,192714945,3725515,27140308,12075209,2104,19060706,36384574,19021888,36329374,708666,144064,147269,2944301,0,40761023,456155136,335544320,0,0
sample,grid_33_session,session_grid_medium,gpu_inline_certified,18,2,1090,5315,512,1024,0,197591888,7946,413850891,1003969791,0,1615420516,1615420516,943817245,671603271,671603271,0,1024,1024,1,1,2,1,1,2,2,192714945,3725515,36513818,16083991,2104,19060706,57911343,19021888,57808381,1483948,264703,265893,4455089,0,81368836,456155136,335544320,0,0
sample,grid_33_session,session_grid_medium,gpu_inline_certified,18,3,1090,5315,512,1536,0,293422546,7946,490962243,1504240570,0,2288633305,2288633305,943817245,671603271,673212789,0,1536,1536,1,1,3,2,1,3,3,192714945,3725515,45921682,20046557,2104,19060706,79413434,19021888,79273180,2166344,381094,354251,5109571,0,122066040,456155136,335544320,0,0
sample,grid_33_session,session_grid_medium,gpu_inline_certified,18,4,1090,5315,512,2048,0,381863221,7946,567323579,2003192085,0,2952386831,2952386831,943817245,671603271,673212789,0,2048,2048,1,1,4,3,1,4,4,192714945,3725515,55268963,23932656,2104,19060706,100925285,19021888,100731484,2869579,503196,462667,5792167,3314984,162065796,456155136,335544320,0,0
sample,grid_33_session,session_grid_medium,gpu_inline_certified,19,1,1090,5315,512,512,0,105301633,13285,336681242,502636864,0,944633024,944633024,944633024,0,0,0,512,512,1,1,1,0,1,1,1,192548540,3627920,26864013,12387533,2215,19557438,36460878,19516223,36409759,725758,150174,147821,3003634,0,41205318,456155136,335544320,0,0
sample,grid_33_session,session_grid_medium,gpu_inline_certified,19,2,1090,5315,512,1024,0,197687299,13285,414762073,1004171416,0,1616634073,1616634073,944633024,672001049,672001049,0,1024,1024,1,1,2,1,1,2,2,192548540,3627920,36250998,16318839,2215,19557438,57997726,19516223,57895006,1471123,330565,233675,4467313,0,81955721,456155136,335544320,0,0
sample,grid_33_session,session_grid_medium,gpu_inline_certified,19,3,1090,5315,512,1536,0,293300303,13285,491679305,1503161054,0,2288153947,2288153947,944633024,671519874,672001049,0,1536,1536,1,1,3,2,1,3,3,192548540,3627920,45604450,20397715,2215,19557438,79520757,19516223,79375677,2172756,472294,328956,5141493,0,122304771,456155136,335544320,0,0
sample,grid_33_session,session_grid_medium,gpu_inline_certified,19,4,1090,5315,512,2048,0,381494059,13285,567856341,2002591369,0,2951955054,2951955054,944633024,671519874,672001049,0,2048,2048,1,1,4,3,1,4,4,192548540,3627920,54942823,24266662,2215,19557438,101056733,19516223,100862589,2887844,622640,423385,5785195,3776994,162134946,456155136,335544320,0,0
summary,grid_33_session,session_grid_medium,gpu_inline_certified,1,20,941537689,948474341,960494962,960597015,948474341,948474341,0,0,539.57932258771086,456155136,335544320
summary,grid_33_session,session_grid_medium,gpu_inline_certified,2,20,1615420516,1620184095,1640957599,1648173345,1620184095,948474341,672192183,680462637,631.36532664951915,456155136,335544320
summary,grid_33_session,session_grid_medium,gpu_inline_certified,3,20,2288153947,2295769160,2320374861,2331101540,2295769160,948474341,671603271,685426431,668.71186385436033,456155136,335544320
summary,grid_33_session,session_grid_medium,gpu_inline_certified,4,20,2951955054,2960954318,2996373215,2997326271,2960954318,948474341,672192183,685426431,691.29916288130391,456155136,335544320
sample,grid_33_session,session_grid_medium,gpu_candidate_runtime,0,1,1090,5315,512,512,0,106657999,12684,344301550,201877025,503832312,652849258,1156681570,652849258,0,0,0,512,512,1,1,1,0,1,1,1,199281845,3788424,27181316,13009415,2134,19633744,36764905,19594175,36707424,755886,144794,144814,2920446,0,40673827,447352832,335544320,0,0
sample,grid_33_session,session_grid_medium,gpu_candidate_runtime,0,2,1090,5315,512,1024,0,195970058,12684,421560762,403197091,1005375095,1020740595,2026115690,652849258,367891337,367891337,0,1024,1024,1,1,2,1,1,2,2,199281845,3788424,36542352,17180356,2134,19633744,58246076,19594175,58128862,1469000,259051,241108,4330163,0,80586509,447352832,335544320,0,0
sample,grid_33_session,session_grid_medium,gpu_candidate_runtime,0,3,1090,5315,512,1536,0,290001067,12684,497878705,603180227,1504249227,1391072683,2895321910,652849258,367891337,370332088,0,1536,1536,1,1,3,2,1,3,3,199281845,3788424,45887147,21192125,2134,19633744,79716457,19594175,79555420,2173118,381213,321019,4978475,0,120523004,447352832,335544320,0,0
sample,grid_33_session,session_grid_medium,gpu_candidate_runtime,0,4,1090,5315,512,2048,0,380908053,12684,575398390,804180445,2006897175,1760499572,3767396747,652849258,369426889,370332088,0,2048,2048,1,1,4,3,1,4,4,199281845,3788424,55248544,25183895,2134,19633744,101277579,19594175,101073340,2906881,504166,404067,5603011,3920955,161564100,447352832,335544320,0,0
sample,grid_33_session,session_grid_medium,gpu_candidate_runtime,1,1,1090,5315,512,512,0,106328000,12955,336458023,203031796,505290014,645830774,1151120788,645830774,0,0,0,512,512,1,1,1,0,1,1,1,193774477,3684286,26765065,12425155,1633,19225678,36328957,19184896,36278112,721480,149593,154895,2957256,0,40269548,447242240,335544320,0,0
sample,grid_33_session,session_grid_medium,gpu_candidate_runtime,1,2,1090,5315,512,1024,0,195463794,12955,413679702,405007576,1008559932,1014164027,2022723959,645830774,368333253,368333253,0,1024,1024,1,1,2,1,1,2,2,193774477,3684286,36144196,16344327,1633,19225678,57863219,19184896,57770272,1471664,283918,243243,4365440,0,80277621,447242240,335544320,0,0
sample,grid_33_session,session_grid_medium,gpu_candidate_runtime,1,3,1090,5315,512,1536,0,289836553,12955,489819848,606476432,1511314952,1386145788,2897460740,645830774,368333253,371981761,0,1536,1536,1,1,3,2,1,3,3,193774477,3684286,45520912,20236648,1633,19225678,79394836,19184896,79259776,2171443,407773,323095,4964137,0,120114930,447242240,335544320,0,0
sample,grid_33_session,session_grid_medium,gpu_candidate_runtime,1,4,1090,5315,512,2048,0,379999307,12955,566223534,809443224,2015329445,1755679020,3771008465,645830774,369533232,371981761,0,2048,2048,1,1,4,3,1,4,4,193774477,3684286,54933967,24121705,1633,19225678,100907226,19184896,100726911,2889326,535195,408167,5610204,3744481,160131670,447242240,335544320,0,0
sample,grid_33_session,session_grid_medium,gpu_candidate_runtime,2,1,1090,5315,512,512,0,104762428,12043,336044017,201581851,506471818,642400339,1148872157,642400339,0,0,0,512,512,1,1,1,0,1,1,1,193054118,3585278,27460014,12091891,2004,19204027,36371567,19164447,36313855,711040,153611,140538,2923912,0,40346017,447242240,335544320,0,0
sample,grid_33_session,session_grid_medium,gpu_candidate_runtime,2,2,1090,5315,512,1024,0,196370325,12043,414069994,405508104,1008295159,1015960466,2024255625,642400339,373560127,373560127,0,1024,1024,1,1,2,1,1,2,2,193054118,3585278,36957609,16116022,2004,19204027,57907442,19164447,57801021,1437420,301241,238604,4312860,0,80953369,447242240,335544320,0,0
sample,grid_33_session,session_grid_medium,gpu_candidate_runtime,2,3,1090,5315,512,1536,0,290958051,12043,491101662,606316657,1516530815,1388388413,2904919228,642400339,372427947,373560127,0,1536,1536,1,1,3,2,1,3,3,193054118,3585278,46414006,20118983,2004,19204027,79413071,19164447,79273756,2159541,438472,336289,5009814,0,121366059,447242240,335544320,0,0
sample,grid_33_session,session_grid_medium,gpu_candidate_runtime,2,4,1090,5315,512,2048,0,383491546,12043,570759687,808403486,2019395069,1762666762,3782061831,642400339,373560127,374278349,0,2048,2048,1,1,4,3,1,4,4,193054118,3585278,55989640,24149166,2004,19204027,103035298,19164447,102841627,2894126,569541,422804,5668004,3502663,162185681,447242240,335544320,0,0
sample,grid_33_session,session_grid_medium,gpu_candidate_runtime,3,1,1090,5315,512,512,0,105169080,11882,343389554,201255430,505325129,649825946,1155151075,649825946,0,0,0,512,512,1,1,1,0,1,1,1,200356673,3551334,26622695,12641225,2044,19146286,36170976,19105503,36116414,751667,161977,150266,3306749,0,40527662,447275008,335544320,0,0
sample,grid_33_session,session_grid_medium,gpu_candidate_runtime,3,2,1090,5315,512,1024,0,194805424,11882,420976406,401953662,1008642706,1017747374,2026390080,649825946,367921428,367921428,0,1024,1024,1,1,2,1,1,2,2,200356673,3551334,36152230,16524630,2044,19146286,57755974,19105503,57639292,1460363,299819,235799,4690687,0,80800567,447275008,335544320,0,0
sample,grid_33_session,session_grid_medium,gpu_candidate_runtime,3,3,1090,5315,512,1536,0,289307918,11882,497246408,603281220,1509213828,1389847428,2899061256,649825946,367921428,372100054,0,1536,1536,1,1,3,2,1,3,3,200356673,3551334,45525349,20495180,2044,19146286,79262454,19105503,79104506,2154491,409347,321121,5315163,0,120706966,447275008,335544320,0,0
sample,grid_33_session,session_grid_medium,gpu_candidate_runtime,3,4,1090,5315,512,2048,0,379731215,11882,573885401,804521302,2010528501,1758149800,3768678301,649825946,368302372,372100054,0,2048,2048,1,1,4,3,1,4,4,200356673,3551334,54897226,24572332,2044,19146286,100807557,19105503,100605177,2886020,553421,420400,5985606,3726226,160706502,447275008,335544320,0,0
sample,grid_33_session,session_grid_medium,gpu_candidate_runtime,4,1,1090,5315,512,512,0,105538501,19888,339374729,202060579,509960762,646993697,1156954459,646993697,0,0,0,512,512,1,1,1,0,1,1,1,197049453,3584907,27083730,12016139,1754,19355094,36089833,19312128,36040382,706481,169252,139445,2886010,0,40292631,447242240,335544320,0,0
sample,grid_33_session,session_grid_medium,gpu_candidate_runtime,4,2,1090,5315,512,1024,0,196733765,19888,417594163,405702552,1023164040,1020050368,2043214408,646993697,373056671,373056671,0,1024,1024,1,1,2,1,1,2,2,197049453,3584907,36616252,16088152,1754,19355094,57605960,19312128,57517789,1537058,294279,249284,4341995,0,80869975,447242240,335544320,0,0
sample,grid_33_session,session_grid_medium,gpu_candidate_runtime,4,3,1090,5315,512,1536,0,291677347,19888,495088510,608598288,1532030324,1395384033,2927414357,646993697,373056671,375333665,0,1536,1536,1,1,3,2,1,3,3,197049453,3584907,46145598,20239194,1754,19355094,79153997,19312128,79024796,2267535,430047,342651,4968886,0,121549394,447242240,335544320,0,0
sample,grid_33_session,session_grid_medium,gpu_candidate_runtime,4,4,1090,5315,512,2048,0,383804470,19888,572814646,812682541,2042264836,1769321545,3811586381,646993697,373937512,375333665,0,2048,2048,1,1,4,3,1,4,4,197049453,3584907,55643864,24110667,1754,19355094,100684272,19312128,100513627,3013301,574863,448041,5631264,3864578,162717166,447242240,335544320,0,0
sample,grid_33_session,session_grid_medium,gpu_candidate_runtime,5,1,1090,5315,512,512,0,107187131,12674,340005599,206205501,514692126,653410905,1168103031,653410905,0,0,0,512,512,1,1,1,0,1,1,1,195160037,3687673,27062589,12957727,1814,19390020,36752299,19349376,36683103,860114,153563,149074,2894616,0,40936073,447242240,335544320,0,0
sample,grid_33_session,session_grid_medium,gpu_candidate_runtime,5,2,1090,5315,512,1024,0,196476576,12674,417500556,407783735,1021132994,1021773541,2042906535,653410905,368362636,368362636,0,1024,1024,1,1,2,1,1,2,2,195160037,3687673,36471146,16900333,1814,19390020,58330506,19349376,58203805,1573318,276066,230709,4250321,0,81228613,447242240,335544320,0,0
sample,grid_33_session,session_grid_medium,gpu_candidate_runtime,5,3,1090,5315,512,1536,0,290300071,12674,493893431,609147881,1526160208,1393354057,2919514265,653410905,368362636,371580516,0,1536,1536,1,1,3,2,1,3,3,195160037,3687673,45872179,20938270,1814,19390020,79822377,19349376,79636763,2293516,405121,325680,4944970,0,121051774,447242240,335544320,0,0
sample,grid_33_session,session_grid_medium,gpu_candidate_runtime,5,4,1090,5315,512,2048,0,380711167,12674,570879714,811115413,2031775379,1762718968,3794494347,653410905,369364911,371580516,0,2048,2048,1,1,4,3,1,4,4,195160037,3687673,55389913,24885405,1814,19390020,101265227,19349376,101031610,3004006,539857,424658,5546733,3720114,161584371,447242240,335544320,0,0
sample,grid_33_session,session_grid_medium,gpu_candidate_runtime,6,1,1090,5315,512,512,0,104994426,12303,338365325,202375237,503873133,645747291,1149620424,645747291,0,0,0,512,512,1,1,1,0,1,1,1,195931332,3637692,27458116,11974861,1553,19023806,36212104,18983007,36152896,709798,167608,156838,2858538,0,40233079,447242240,335544320,0,0
sample,grid_33_session,session_grid_medium,gpu_candidate_runtime,6,2,1090,5315,512,1024,0,194105272,12303,415410360,403080933,1008214144,1012608868,2020823012,645747291,366861577,366861577,0,1024,1024,1,1,2,1,1,2,2,195931332,3637692,36846524,15948637,1553,19023806,57742397,18983007,57636384,1421048,313384,269583,4241375,0,80033029,447242240,335544320,0,0
sample,grid_33_session,session_grid_medium,gpu_candidate_runtime,6,3,1090,5315,512,1536,0,290045766,12303,492886613,604471391,1507514804,1387416073,2894930877,645747291,366861577,374807205,0,1536,1536,1,1,3,2,1,3,3,195931332,3637692,46391389,19886134,1553,19023806,79388984,18983007,79244928,2317851,450854,385823,4953498,0,120517697,447242240,335544320,0,0
sample,grid_33_session,session_grid_medium,gpu_candidate_runtime,6,4,1090,5315,512,2048,0,380592338,12303,569839480,805981225,2012790738,1756425346,3769216084,645747291,369009273,374807205,0,2048,2048,1,1,4,3,1,4,4,195931332,3637692,55748077,23831656,1553,19023806,100896926,18983007,100718943,3011649,566373,475603,5684637,3657726,161030176,447242240,335544320,0,0
sample,grid_33_session,session_grid_medium,gpu_candidate_runtime,7,1,1090,5315,512,512,0,104688126,12473,342272271,200928800,511030031,647901670,1158931701,647901670,0,0,0,512,512,1,1,1,0,1,1,1,198809285,3768276,27592967,12310307,2585,19498907,36043695,19457408,35991038,703997,152489,147741,2929502,0,40312520,447242240,335544320,0,0
sample,grid_33_session,session_grid_medium,gpu_candidate_runtime,7,2,1090,5315,512,1024,0,195897537,12473,420303407,401565656,1057570974,1017779073,2075350047,647901670,369877403,369877403,0,1024,1024,1,1,2,1,1,2,2,198809285,3768276,37156849,16312937,2585,19498907,57577786,19457408,57479325,1409146,286173,233674,4311136,0,80936653,447242240,335544320,0,0
sample,grid_33_session,session_grid_medium,gpu_candidate_runtime,7,3,1090,5315,512,1536,0,290106974,12473,496936348,602673887,1559056040,1389729682,2948785722,647901670,369877403,371950609,0,1536,1536,1,1,3,2,1,3,3,198809285,3768276,46825560,20191071,2585,19498907,79052154,19457408,78908893,2144733,399248,323685,4956391,0,120964453,447242240,335544320,0,0
sample,grid_33_session,session_grid_medium,gpu_candidate_runtime,7,4,1090,5315,512,2048,0,380551000,12473,573700889,803785475,2059977215,1758049837,3818027052,647901670,369877403,371950609,0,2048,2048,1,1,4,3,1,4,4,198809285,3768276,56230710,24224470,2585,19498907,100595063,19457408,100394524,2866474,530807,410289,5575317,3620504,161188706,447242240,335544320,0,0
sample,grid_33_session,session_grid_medium,gpu_candidate_runtime,8,1,1090,5315,512,512,0,104821639,21039,338416129,201496720,505409717,644755527,1150165244,644755527,0,0,0,512,512,1,1,1,0,1,1,1,194877910,3634391,27458482,12649331,1783,19287816,36273080,19248992,36211615,728604,140538,140486,2950002,0,40273706,446980096,335544320,0,0
sample,grid_33_session,session_grid_medium,gpu_candidate_runtime,8,2,1090,5315,512,1024,0,194102517,21039,415563378,403747519,1007569395,1013434453,2021003848,644755527,368678926,368678926,0,1024,1024,1,1,2,1,1,2,2,194877910,3634391,36885414,16609881,1783,19287816,57868208,19248992,57755965,1446157,304018,236499,4350432,0,80060869,446980096,335544320,0,0
sample,grid_33_session,session_grid_medium,gpu_candidate_runtime,8,3,1090,5315,512,1536,0,287938375,21039,491768948,603748748,1508690871,1383477110,2892167981,644755527,368678926,370042657,0,1536,1536,1,1,3,2,1,3,3,194877910,3634391,46269675,20588906,1783,19287816,79408381,19248992,79249629,2157588,435578,342661,4969829,0,119794430,446980096,335544320,0,0
sample,grid_33_session,session_grid_medium,gpu_candidate_runtime,8,4,1090,5315,512,2048,0,380118518,21039,569587911,805339736,2009237917,1755067204,3764305121,644755527,370042657,371590094,0,2048,2048,1,1,4,3,1,4,4,194877910,3634391,55786287,24810121,1783,19287816,101007106,19248992,100803291,2879018,572488,435026,5591910,3911789,160704055,446980096,335544320,0,0
sample,grid_33_session,session_grid_medium,gpu_candidate_runtime,9,1,1090,5315,512,512,0,105122932,12945,334148967,205604339,513029189,644889183,1157918372,644889183,0,0,0,512,512,1,1,1,0,1,1,1,191460160,3551074,26950346,12082554,1613,19382477,36336821,19341728,36242111,721621,162038,165594,3024223,0,40310446,447242240,335544320,0,0
sample,grid_33_session,session_grid_medium,gpu_candidate_runtime,9,2,1090,5315,512,1024,0,194947854,12945,412200803,408091859,1017405326,1015253461,2032658787,644889183,370364278,370364278,0,1024,1024,1,1,2,1,1,2,2,191460160,3551074,36385803,16166079,1613,19382477,57936747,19341728,57784541,1418194,296653,261496,4477333,0,80863174,447242240,335544320,0,0
sample,grid_33_session,session_grid_medium,gpu_candidate_runtime,9,3,1090,5315,512,1536,0,289608868,12945,489385300,611226890,1522968016,1390234003,2913202019,644889183,370364278,374980542,0,1536,1536,1,1,3,2,1,3,3,191460160,3551074,45863270,20187616,1613,19382477,79468144,19341728,79272285,2180181,468089,369310,5180528,0,121272838,447242240,335544320,0,0
sample,grid_33_session,session_grid_medium,gpu_candidate_runtime,9,4,1090,5315,512,2048,0,380556792,12945,566597180,813064306,2027442719,1760231223,3787673942,644889183,370364278,374980542,0,2048,2048,1,1,4,3,1,4,4,191460160,3551074,55298377,24044970,1613,19382477,101007768,19341728,100774140,2913323,581054,511511,5904282,3708342,161940571,447242240,335544320,0,0
sample,grid_33_session,session_grid_medium,gpu_candidate_runtime,10,1,1090,5315,512,512,0,105623141,12704,340052949,203133136,507775230,648821930,1156597160,648821930,0,0,0,512,512,1,1,1,0,1,1,1,196516631,3830765,27209219,12166022,1753,19493026,36453313,19452959,36400479,718825,160075,155354,2916289,0,40431677,447205376,335544320,0,0
sample,grid_33_session,session_grid_medium,gpu_candidate_runtime,10,2,1090,5315,512,1024,0,195598900,12704,417036516,406341004,1012172307,1018989124,2031161431,648821930,370167194,370167194,0,1024,1024,1,1,2,1,1,2,2,196516631,3830765,36617535,16055368,1753,19493026,57945474,19452959,57833406,1439183,278800,247620,4329974,0,80280387,447205376,335544320,0,0
sample,grid_33_session,session_grid_medium,gpu_candidate_runtime,10,3,1090,5315,512,1536,0,289607025,12704,493610986,607025300,1513831585,1390256015,2904087600,648821930,370167194,371266891,0,1536,1536,1,1,3,2,1,3,3,196516631,3830765,45988880,20070042,1753,19493026,79503090,19452959,79334141,2190259,406483,336128,4982303,0,120291626,447205376,335544320,0,0
sample,grid_33_session,session_grid_medium,gpu_candidate_runtime,10,4,1090,5315,512,2048,0,380657184,12704,570728938,809484015,2016641970,1760882841,3777524811,648821930,370626826,371266891,0,2048,2048,1,1,4,3,1,4,4,196516631,3830765,55348734,24121075,1753,19493026,101052121,19452959,100842748,2916709,526120,431890,5650031,3541224,160840083,447205376,335544320,0,0
sample,grid_33_session,session_grid_medium,gpu_candidate_runtime,11,1,1090,5315,512,512,0,107743920,12985,337965286,205760305,513283816,651482496,1164766312,651482496,0,0,0,512,512,1,1,1,0,1,1,1,193624220,3624062,27586115,12572614,1473,19233764,36354926,19197664,36300959,721119,143974,155175,2938710,0,41009134,447242240,335544320,0,0
sample,grid_33_session,session_grid_medium,gpu_candidate_runtime,11,2,1090,5315,512,1024,0,198718706,12985,416176834,407876391,1020986934,1022784916,2043771850,651482496,371302420,371302420,0,1024,1024,1,1,2,1,1,2,2,193624220,3624062,37215881,16550468,1473,19233764,57873738,19197664,57777117,1451847,269122,268711,4549799,0,81513749,447242240,335544320,0,0
sample,grid_33_session,session_grid_medium,gpu_candidate_runtime,11,3,1090,5315,512,1536,0,294350174,12985,492889206,612263560,1529346618,1399515925,2928862543,651482496,371302420,376731009,0,1536,1536,1,1,3,2,1,3,3,193624220,3624062,46834086,20610848,1473,19233764,79444379,19197664,79300797,2190831,389791,348302,5183492,0,121403958,447242240,335544320,0,0
sample,grid_33_session,session_grid_medium,gpu_candidate_runtime,11,4,1090,5315,512,2048,0,386880092,12985,569917178,815478853,2040160893,1772289108,3812450001,651482496,372773183,376731009,0,2048,2048,1,1,4,3,1,4,4,193624220,3624062,56200222,24551110,1473,19233764,100982518,19197664,100788924,2900007,544955,450558,5813057,4296118,161991232,447242240,335544320,0,0
sample,grid_33_session,session_grid_medium,gpu_candidate_runtime,12,1,1090,5315,512,512,0,104758931,12113,342723561,203929710,503131717,651424315,1154556032,651424315,0,0,0,512,512,1,1,1,0,1,1,1,199129495,3707440,26965366,12652587,1613,19385723,36344637,19342592,36287263,719126,159101,175664,3192342,0,40290467,447242240,335544320,0,0
sample,grid_33_session,session_grid_medium,gpu_candidate_runtime,12,2,1090,5315,512,1024,0,195381979,12113,419749488,404242562,1003522128,1019386142,2022908270,651424315,367961827,367961827,0,1024,1024,1,1,2,1,1,2,2,199129495,3707440,36352571,16563434,1613,19385723,57900281,19342592,57805982,1403104,269941,264243,4532877,0,80238766,447242240,335544320,0,0
sample,grid_33_session,session_grid_medium,gpu_candidate_runtime,12,3,1090,5315,512,1536,0,289497209,12113,496654276,603809267,1503335563,1389972865,2893308428,651424315,367961827,370586723,0,1536,1536,1,1,3,2,1,3,3,199129495,3707440,45951539,20510479,1613,19385723,79467877,19342592,79303900,2143970,418664,360206,5130021,0,120447249,447242240,335544320,0,0
sample,grid_33_session,session_grid_medium,gpu_candidate_runtime,12,4,1090,5315,512,2048,0,379907492,12113,573896053,807074165,2004454597,1760889823,3765344420,651424315,370586723,370916958,0,2048,2048,1,1,4,3,1,4,4,199129495,3707440,55330819,24384145,1613,19385723,100992381,19342592,100790139,2916457,526529,465116,5773332,3551144,161283003,447242240,335544320,0,0
sample,grid_33_session,session_grid_medium,gpu_candidate_runtime,13,1,1090,5315,512,512,0,105732068,20018,339549614,202628109,505396329,647929809,1153326138,647929809,0,0,0,512,512,1,1,1,0,1,1,1,195935231,3659178,27094801,12721197,2003,19618014,36351989,19577375,36295743,720418,165043,155245,2934943,0,40191552,447242240,335544320,0,0
sample,grid_33_session,session_grid_medium,gpu_candidate_runtime,13,2,1090,5315,512,1024,0,194914470,20018,417076744,406510540,1013329014,1018521772,2031850786,647929809,370591963,370591963,0,1024,1024,1,1,2,1,1,2,2,195935231,3659178,37098447,16713007,2003,19618014,57812782,19577375,57710366,1430507,287836,248201,4319842,0,79951696,447242240,335544320,0,0
sample,grid_33_session,session_grid_medium,gpu_candidate_runtime,13,3,1090,5315,512,1536,0,291725629,20018,494359450,611144157,1523127532,1397249254,2920376786,647929809,370591963,378727482,0,1536,1536,1,1,3,2,1,3,3,195935231,3659178,46601623,20687915,2003,19618014,79408753,19577375,79255262,2145294,450375,335988,4978192,0,120536884,447242240,335544320,0,0
sample,grid_33_session,session_grid_medium,gpu_candidate_runtime,13,4,1090,5315,512,2048,0,383888611,20018,571854989,815717720,2033045578,1771481338,3804526916,647929809,374232084,378727482,0,2048,2048,1,1,4,3,1,4,4,195935231,3659178,56101042,24786057,2003,19618014,100998740,19577375,100803293,2879779,597665,422162,5648665,3659650,161206453,447242240,335544320,0,0
sample,grid_33_session,session_grid_medium,gpu_candidate_runtime,14,1,1090,5315,512,512,0,104869671,12945,336386157,202751103,505370530,644019876,1149390406,644019876,0,0,0,512,512,1,1,1,0,1,1,1,191195218,3680468,27696775,12515707,1563,20693595,36119798,20654783,36064768,752028,168350,149465,3009324,0,40403866,447201280,335544320,0,0
sample,grid_33_session,session_grid_medium,gpu_candidate_runtime,14,2,1090,5315,512,1024,0,194865628,12945,414276456,403506816,1009078883,1012661845,2021740728,644019876,368641969,368641969,0,1024,1024,1,1,2,1,1,2,2,191195218,3680468,37314288,16549106,1563,20693595,57676853,20654783,57560062,1498486,274522,237272,4376770,0,80778315,447201280,335544320,0,0
sample,grid_33_session,session_grid_medium,gpu_candidate_runtime,14,3,1090,5315,512,1536,0,288851772,12945,490679822,603608147,1509791537,1383152686,2892944223,644019876,368641969,370490841,0,1536,1536,1,1,3,2,1,3,3,191195218,3680468,46682278,20517261,1563,20693595,79219633,20654783,79045949,2191482,392777,322193,5000645,0,120782709,447201280,335544320,0,0
sample,grid_33_session,session_grid_medium,gpu_candidate_runtime,14,4,1090,5315,512,2048,0,381028760,12945,568991640,806940455,2013605189,1756973800,3770578989,644019876,370490841,373821114,0,2048,2048,1,1,4,3,1,4,4,191195218,3680468,56198388,24754749,1563,20693595,100754625,20654783,100528572,2905818,521201,411492,5657863,3543269,162216660,447201280,335544320,0,0
sample,grid_33_session,session_grid_medium,gpu_candidate_runtime,15,1,1090,5315,512,512,0,104543854,12143,338435800,203429400,503681949,646421197,1150103146,646421197,0,0,0,512,512,1,1,1,0,1,1,1,194821484,3610054,27645167,12093245,1623,19503516,36229848,19464895,36164991,716361,154743,143794,2887663,0,40628302,447119360,335544320,0,0
sample,grid_33_session,session_grid_medium,gpu_candidate_runtime,15,2,1090,5315,512,1024,0,193976661,12143,415617925,407427239,1017794895,1017033968,2034828863,646421197,370612771,370612771,0,1024,1024,1,1,2,1,1,2,2,194821484,3610054,36998439,16036723,1623,19503516,57776884,19464895,57665373,1431690,297253,238073,4380948,0,80521238,447119360,335544320,0,0
sample,grid_33_session,session_grid_medium,gpu_candidate_runtime,15,3,1090,5315,512,1536,0,288053978,12143,492045456,607166471,1516169846,1387278048,2903447894,646421197,370244080,370612771,0,1536,1536,1,1,3,2,1,3,3,194821484,3610054,46339407,19917152,1623,19503516,79305664,19464895,79154331,2137180,438872,328024,4967141,0,120675339,447119360,335544320,0,0
sample,grid_33_session,session_grid_medium,gpu_candidate_runtime,15,4,1090,5315,512,2048,0,378725298,12143,569206821,809006441,2019088375,1756950703,3776039078,646421197,370244080,370612771,0,2048,2048,1,1,4,3,1,4,4,194821484,3610054,55679082,23727167,1623,19503516,100855666,19464895,100657626,2840816,588877,419739,5619490,3955982,161539307,447119360,335544320,0,0
sample,grid_33_session,session_grid_medium,gpu_candidate_runtime,16,1,1090,5315,512,512,0,105381292,22102,339725728,202322458,505418567,647451580,1152870147,647451580,0,0,0,512,512,1,1,1,0,1,1,1,196190734,3628110,27130438,12709164,1593,19311432,36584260,19270784,36529951,716751,166677,161938,2941835,0,40182796,447242240,335544320,0,0
sample,grid_33_session,session_grid_medium,gpu_candidate_runtime,16,2,1090,5315,512,1024,0,194614860,22102,417081712,404428093,1010975918,1016146767,2027122685,647451580,368695187,368695187,0,1024,1024,1,1,2,1,1,2,2,196190734,3628110,36509879,16594251,1593,19311432,58417600,19270784,58320382,1462737,302485,256909,4346973,0,80059009,447242240,335544320,0,0
sample,grid_33_session,session_grid_medium,gpu_candidate_runtime,16,3,1090,5315,512,1536,0,288614920,22102,493359688,607314462,1513730517,1389311172,2903041689,647451580,368695187,373164405,0,1536,1536,1,1,3,2,1,3,3,196190734,3628110,45857289,20476764,1593,19311432,79975597,19270784,79835261,2211709,438673,352470,4990685,0,119924632,447242240,335544320,0,0
sample,grid_33_session,session_grid_medium,gpu_candidate_runtime,16,4,1090,5315,512,2048,0,380115143,22102,570563443,808973981,2021893065,1759674669,3781567734,647451580,370363497,373164405,0,2048,2048,1,1,4,3,1,4,4,196190734,3628110,55233143,24415443,1593,19311432,101515390,19270784,101336157,3035504,553390,443583,5668652,3816738,160566469,447242240,335544320,0,0
sample,grid_33_session,session_grid_medium,gpu_candidate_runtime,17,1,1090,5315,512,512,0,105272246,20259,336345799,202207308,504628899,643845612,1148474511,643845612,0,0,0,512,512,1,1,1,0,1,1,1,192123940,3704555,27312055,12553097,1593,19616090,36298156,19579423,36246655,716010,155635,140977,2983867,0,40739824,447242240,335544320,0,0
sample,grid_33_session,session_grid_medium,gpu_candidate_runtime,17,2,1090,5315,512,1024,0,195067261,20259,413540006,404148452,1012528989,1012775978,2025304967,643845612,368930366,368930366,0,1024,1024,1,1,2,1,1,2,2,192123940,3704555,36706414,16476648,1593,19616090,57921616,19579423,57812253,1416310,278379,230748,4464699,0,80599014,447242240,335544320,0,0
sample,grid_33_session,session_grid_medium,gpu_candidate_runtime,17,3,1090,5315,512,1536,0,289564114,20259,490668358,605820094,1515292305,1386072825,2901365130,643845612,368930366,373296847,0,1536,1536,1,1,3,2,1,3,3,192123940,3704555,46132093,20431288,1593,19616090,79456778,19579423,79313789,2123182,393517,313425,5055622,0,121316275,447242240,335544320,0,0
sample,grid_33_session,session_grid_medium,gpu_candidate_runtime,17,4,1090,5315,512,2048,0,380555431,20259,567624063,809307965,2020284483,1757507718,3777792201,643845612,371434893,373296847,0,2048,2048,1,1,4,3,1,4,4,192123940,3704555,55550809,24384896,1593,19616090,100989017,19579423,100806557,2811680,498156,393587,5662114,3545162,161887626,447242240,335544320,0,0
sample,grid_33_session,session_grid_medium,gpu_candidate_runtime,18,1,1090,5315,512,512,0,105319435,12504,344323198,202651422,505256490,652306559,1157563049,652306559,0,0,0,512,512,1,1,1,0,1,1,1,200232929,3557405,27807375,12070211,1603,19752189,36447734,19710880,36393600,738302,149614,186844,3067735,0,40311257,447242240,335544320,0,0
sample,grid_33_session,session_grid_medium,gpu_candidate_runtime,18,2,1090,5315,512,1024,0,196547452,12504,421697796,403681837,1006158311,1021939589,2028097900,652306559,369633030,369633030,0,1024,1024,1,1,2,1,1,2,2,200232929,3557405,37184170,16125753,1603,19752189,58012784,19710880,57915903,1427089,261266,272577,4528719,0,80341312,447242240,335544320,0,0
sample,grid_33_session,session_grid_medium,gpu_candidate_runtime,18,3,1090,5315,512,1536,0,290399530,12504,498086023,603166175,1508372915,1391664232,2900037147,652306559,369633030,369724643,0,1536,1536,1,1,3,2,1,3,3,200232929,3557405,46567168,20018134,1603,19752189,79637186,19710880,79503902,2121608,383960,366185,5209682,0,120237974,447242240,335544320,0,0
sample,grid_33_session,session_grid_medium,gpu_candidate_runtime,18,4,1090,5315,512,2048,0,380499855,12504,574628493,804551713,2013558861,1759692565,3773251426,652306559,369633030,369724643,0,2048,2048,1,1,4,3,1,4,4,200232929,3557405,55929697,24015414,1603,19752189,101243826,19710880,101064733,2858797,517283,458840,5853133,3753538,160207377,447242240,335544320,0,0
sample,grid_33_session,session_grid_medium,gpu_candidate_runtime,19,1,1090,5315,512,512,0,105081142,12053,342015186,207034496,503285798,654142877,1157428675,654142877,0,0,0,512,512,1,1,1,0,1,1,1,198391823,3610867,26813848,12995357,1402,19475344,36510291,19437599,36456767,721830,166677,142028,3036608,0,40149111,447242240,335544320,0,0
sample,grid_33_session,session_grid_medium,gpu_candidate_runtime,19,2,1090,5315,512,1024,0,194231242,12053,419213571,411129169,1007855645,1024586035,2032441680,654142877,370443158,370443158,0,1024,1024,1,1,2,1,1,2,2,198391823,3610867,36218808,17004099,1402,19475344,58138921,19437599,58043646,1413283,283098,234945,4504115,0,79936866,447242240,335544320,0,0
sample,grid_33_session,session_grid_medium,gpu_candidate_runtime,19,3,1090,5315,512,1536,0,288177521,12053,495536835,613789148,1505239356,1397515557,2902754913,654142877,370443158,372929522,0,1536,1536,1,1,3,2,1,3,3,198391823,3610867,45543916,21006539,1402,19475344,79716746,19437599,79585980,2123672,419608,320267,5142067,0,119784584,447242240,335544320,0,0
sample,grid_33_session,session_grid_medium,gpu_candidate_runtime,19,4,1090,5315,512,2048,0,378658438,12053,572931664,814160310,2008991900,1765762465,3774754365,654142877,370443158,372929522,0,2048,2048,1,1,4,3,1,4,4,198391823,3610867,54965086,25163774,1402,19475344,101262311,19437599,101087451,2969690,539135,476113,5821588,3731477,160254531,447242240,335544320,0,0
summary,grid_33_session,session_grid_medium,gpu_candidate_runtime,1,20,642400339,647451580,653410905,654142877,1154556032,647451580,0,0,790.24337134367931,447352832,335544320
summary,grid_33_session,session_grid_medium,gpu_candidate_runtime,2,20,1012608868,1017747374,1022784916,1024586035,2027122685,647451580,368930366,373056671,1006.1122567412034,447352832,335544320
summary,grid_33_session,session_grid_medium,gpu_candidate_runtime,3,20,1383152686,1389847428,1397515557,1399515925,2902754913,647451580,368930366,376731009,1105.0575436952865,447352832,335544320
summary,grid_33_session,session_grid_medium,gpu_candidate_runtime,4,20,1755067204,1759692565,1771481338,1772289108,3776039078,647451580,370363497,376731009,1163.4835090071572,447352832,335544320
case,grid_65_session,session_grid_large,square_grid,4225,1,4226,20867,256,4
identity,grid_65_session,0,v1-f1d88b451d6bc8c7ca3f9b93db69960a,v1-c76a0870f5cd9a08cdee5d5f21ee45d3,v1-a9f89cf8db30518acb1aea99ba713621,256
identity,grid_65_session,1,v1-f1d88b451d6bc8c7ca3f9b93db69960a,v1-5dc701c8add520174ee5fee5570909b4,v1-56707568273b6ce5c1ef7a42f97e83ba,256
identity,grid_65_session,2,v1-f1d88b451d6bc8c7ca3f9b93db69960a,v1-e53b847c689dda57f11ac1a0fea11690,v1-f708880ce59c36630e2a38e471f9f7b8,256
identity,grid_65_session,3,v1-f1d88b451d6bc8c7ca3f9b93db69960a,v1-e135dbea12457e519257bb3d45750e0e,v1-e37677e75a5d8c3556a61e36b37cf4f6,256
sample,grid_65_session,session_grid_large,parallel_inline_certified,0,1,4226,20867,256,256,32,215838296,2987513,154618353,1324083691,0,1697527853,1697527853,1697527853,0,0,32,256,256,0,0,0,0,0,0,0,0,0,0,0,0,0,0,0,0,0,0,0,0,0,0,412057600,0,0,0
sample,grid_65_session,session_grid_large,parallel_inline_certified,0,2,4226,20867,256,512,32,420177576,2987513,305480534,2654053389,0,3382699012,3382699012,1697527853,1685171159,1685171159,32,512,512,0,0,0,0,0,0,0,0,0,0,0,0,0,0,0,0,0,0,0,0,0,0,412057600,0,0,0
sample,grid_65_session,session_grid_large,parallel_inline_certified,0,3,4226,20867,256,768,32,624540032,2987513,460835355,3980565581,0,5068928481,5068928481,1697527853,1685171159,1686229469,32,768,768,0,0,0,0,0,0,0,0,0,0,0,0,0,0,0,0,0,0,0,0,0,0,412057600,0,0,0
sample,grid_65_session,session_grid_large,parallel_inline_certified,0,4,4226,20867,256,1024,32,829116252,2987513,614780280,5306276802,0,6753160847,6753160847,1697527853,1685171159,1686229469,32,1024,1024,0,0,0,0,0,0,0,0,0,0,0,0,0,0,0,0,0,0,0,0,1041468,0,412057600,0,0,0
sample,grid_65_session,session_grid_large,parallel_inline_certified,1,1,4226,20867,256,256,32,212429483,3012922,155896209,1326928585,0,1698267199,1698267199,1698267199,0,0,32,256,256,0,0,0,0,0,0,0,0,0,0,0,0,0,0,0,0,0,0,0,0,0,0,412061696,0,0,0
sample,grid_65_session,session_grid_large,parallel_inline_certified,1,2,4226,20867,256,512,32,415349255,3012922,309874254,2650733635,0,3378970066,3378970066,1698267199,1680702867,1680702867,32,512,512,0,0,0,0,0,0,0,0,0,0,0,0,0,0,0,0,0,0,0,0,0,0,412061696,0,0,0
sample,grid_65_session,session_grid_large,parallel_inline_certified,1,3,4226,20867,256,768,32,619004094,3012922,470254406,3973901043,0,5066172465,5066172465,1698267199,1680702867,1687202399,32,768,768,0,0,0,0,0,0,0,0,0,0,0,0,0,0,0,0,0,0,0,0,0,0,412061696,0,0,0
sample,grid_65_session,session_grid_large,parallel_inline_certified,1,4,4226,20867,256,1024,32,822778229,3012922,623442082,5305510742,0,6754743975,6754743975,1698267199,1687202399,1688571510,32,1024,1024,0,0,0,0,0,0,0,0,0,0,0,0,0,0,0,0,0,0,0,0,1020518,0,412061696,0,0,0
sample,grid_65_session,session_grid_large,parallel_inline_certified,2,1,4226,20867,256,256,32,211704404,3027570,158865316,1326529401,0,1700126691,1700126691,1700126691,0,0,32,256,256,0,0,0,0,0,0,0,0,0,0,0,0,0,0,0,0,0,0,0,0,0,0,411557888,0,0,0
sample,grid_65_session,session_grid_large,parallel_inline_certified,2,2,4226,20867,256,512,32,415915199,3027570,321532211,2650527971,0,3391002951,3391002951,1700126691,1690876260,1690876260,32,512,512,0,0,0,0,0,0,0,0,0,0,0,0,0,0,0,0,0,0,0,0,0,0,411557888,0,0,0
sample,grid_65_session,session_grid_large,parallel_inline_certified,2,3,4226,20867,256,768,32,620005282,3027570,481003477,3977733671,0,5081770000,5081770000,1700126691,1690767049,1690876260,32,768,768,0,0,0,0,0,0,0,0,0,0,0,0,0,0,0,0,0,0,0,0,0,0,411557888,0,0,0
sample,grid_65_session,session_grid_large,parallel_inline_certified,2,4,4226,20867,256,1024,32,825260528,3027570,633823081,5316775196,0,6778886375,6778886375,1700126691,1690876260,1697116375,32,1024,1024,0,0,0,0,0,0,0,0,0,0,0,0,0,0,0,0,0,0,0,0,1048170,0,411557888,0,0,0
sample,grid_65_session,session_grid_large,parallel_inline_certified,3,1,4226,20867,256,256,32,211983042,3039251,154976681,1350068405,0,1720067379,1720067379,1720067379,0,0,32,256,256,0,0,0,0,0,0,0,0,0,0,0,0,0,0,0,0,0,0,0,0,0,0,411557888,0,0,0
sample,grid_65_session,session_grid_large,parallel_inline_certified,3,2,4226,20867,256,512,32,416274297,3039251,312920507,2680275363,0,3412509418,3412509418,1720067379,1692442039,1692442039,32,512,512,0,0,0,0,0,0,0,0,0,0,0,0,0,0,0,0,0,0,0,0,0,0,411557888,0,0,0
sample,grid_65_session,session_grid_large,parallel_inline_certified,3,3,4226,20867,256,768,32,620614875,3039251,474074227,4006295383,0,5104023736,5104023736,1720067379,1691514318,1692442039,32,768,768,0,0,0,0,0,0,0,0,0,0,0,0,0,0,0,0,0,0,0,0,0,0,411557888,0,0,0
sample,grid_65_session,session_grid_large,parallel_inline_certified,3,4,4226,20867,256,1024,32,824754972,3039251,634758666,5337643791,0,6800196680,6800196680,1720067379,1692442039,1696172944,32,1024,1024,0,0,0,0,0,0,0,0,0,0,0,0,0,0,0,0,0,0,0,0,1010930,0,411557888,0,0,0
sample,grid_65_session,session_grid_large,parallel_inline_certified,4,1,4226,20867,256,256,32,211415413,2985558,154817487,1321808372,0,1691026830,1691026830,1691026830,0,0,32,256,256,0,0,0,0,0,0,0,0,0,0,0,0,0,0,0,0,0,0,0,0,0,0,412057600,0,0,0
sample,grid_65_session,session_grid_large,parallel_inline_certified,4,2,4226,20867,256,512,32,415469707,2985558,306134438,2647192745,0,3371782448,3371782448,1691026830,1680755618,1680755618,32,512,512,0,0,0,0,0,0,0,0,0,0,0,0,0,0,0,0,0,0,0,0,0,0,412057600,0,0,0
sample,grid_65_session,session_grid_large,parallel_inline_certified,4,3,4226,20867,256,768,32,624011033,2985558,464946260,3970787600,0,5062730451,5062730451,1691026830,1680755618,1690948003,32,768,768,0,0,0,0,0,0,0,0,0,0,0,0,0,0,0,0,0,0,0,0,0,0,412057600,0,0,0
sample,grid_65_session,session_grid_large,parallel_inline_certified,4,4,4226,20867,256,1024,32,827328215,2985558,617046656,5304184356,0,6751544785,6751544785,1691026830,1688814334,1690948003,32,1024,1024,0,0,0,0,0,0,0,0,0,0,0,0,0,0,0,0,0,0,0,0,1004326,0,412057600,0,0,0
sample,grid_65_session,session_grid_large,parallel_inline_certified,5,1,4226,20867,256,256,32,211322432,2859741,171081790,1344832541,0,1730096504,1730096504,1730096504,0,0,32,256,256,0,0,0,0,0,0,0,0,0,0,0,0,0,0,0,0,0,0,0,0,0,0,411570176,0,0,0
sample,grid_65_session,session_grid_large,parallel_inline_certified,5,2,4226,20867,256,512,32,415498135,2859741,336570931,2667020201,0,3421949008,3421949008,1730096504,1691852504,1691852504,32,512,512,0,0,0,0,0,0,0,0,0,0,0,0,0,0,0,0,0,0,0,0,0,0,411570176,0,0,0
sample,grid_65_session,session_grid_large,parallel_inline_certified,5,3,4226,20867,256,768,32,618766094,2859741,488931731,3995442421,0,5105999987,5105999987,1730096504,1684050979,1691852504,32,768,768,0,0,0,0,0,0,0,0,0,0,0,0,0,0,0,0,0,0,0,0,0,0,411570176,0,0,0
sample,grid_65_session,session_grid_large,parallel_inline_certified,5,4,4226,20867,256,1024,32,824150190,2859741,640939652,5329454380,0,6797403963,6797403963,1730096504,1691403976,1691852504,32,1024,1024,0,0,0,0,0,0,0,0,0,0,0,0,0,0,0,0,0,0,0,0,976694,0,411570176,0,0,0
sample,grid_65_session,session_grid_large,parallel_inline_certified,6,1,4226,20867,256,256,32,211164309,3377730,153571591,1325799985,0,1693913615,1693913615,1693913615,0,0,32,256,256,0,0,0,0,0,0,0,0,0,0,0,0,0,0,0,0,0,0,0,0,0,0,412061696,0,0,0
sample,grid_65_session,session_grid_large,parallel_inline_certified,6,2,4226,20867,256,512,32,414891261,3377730,305794971,2649958343,0,3374022305,3374022305,1693913615,1680108690,1680108690,32,512,512,0,0,0,0,0,0,0,0,0,0,0,0,0,0,0,0,0,0,0,0,0,0,412061696,0,0,0
sample,grid_65_session,session_grid_large,parallel_inline_certified,6,3,4226,20867,256,768,32,624618686,3377730,457171304,3972947721,0,5058115441,5058115441,1693913615,1680108690,1684093136,32,768,768,0,0,0,0,0,0,0,0,0,0,0,0,0,0,0,0,0,0,0,0,0,0,412061696,0,0,0
sample,grid_65_session,session_grid_large,parallel_inline_certified,6,4,4226,20867,256,1024,32,828633614,3377730,611411663,5302826261,0,6746249268,6746249268,1693913615,1684093136,1688133827,32,1024,1024,0,0,0,0,0,0,0,0,0,0,0,0,0,0,0,0,0,0,0,0,1019066,0,412061696,0,0,0
sample,grid_65_session,session_grid_large,parallel_inline_certified,7,1,4226,20867,256,256,32,211442658,2931707,155978175,1328749979,0,1699102519,1699102519,1699102519,0,0,32,256,256,0,0,0,0,0,0,0,0,0,0,0,0,0,0,0,0,0,0,0,0,0,0,411852800,0,0,0
sample,grid_65_session,session_grid_large,parallel_inline_certified,7,2,4226,20867,256,512,32,415202756,2931707,322983369,2653466829,0,3394584661,3394584661,1699102519,1695482142,1695482142,32,512,512,0,0,0,0,0,0,0,0,0,0,0,0,0,0,0,0,0,0,0,0,0,0,411852800,0,0,0
sample,grid_65_session,session_grid_large,parallel_inline_certified,7,3,4226,20867,256,768,32,619207057,2931707,477552179,4033050727,0,5132741670,5132741670,1699102519,1695482142,1738157009,32,768,768,0,0,0,0,0,0,0,0,0,0,0,0,0,0,0,0,0,0,0,0,0,0,411852800,0,0,0
sample,grid_65_session,session_grid_large,parallel_inline_certified,7,4,4226,20867,256,1024,32,823436515,2931707,640976814,5361747666,0,6829092702,6829092702,1699102519,1696351032,1738157009,32,1024,1024,0,0,0,0,0,0,0,0,0,0,0,0,0,0,0,0,0,0,0,0,1066916,0,411852800,0,0,0
sample,grid_65_session,session_grid_large,parallel_inline_certified,8,1,4226,20867,256,256,32,211750501,2984748,157357023,1324998613,0,1697090885,1697090885,1697090885,0,0,32,256,256,0,0,0,0,0,0,0,0,0,0,0,0,0,0,0,0,0,0,0,0,0,0,411766784,0,0,0
sample,grid_65_session,session_grid_large,parallel_inline_certified,8,2,4226,20867,256,512,32,416607059,2984748,310787368,2653594641,0,3383973816,3383973816,1697090885,1686882931,1686882931,32,512,512,0,0,0,0,0,0,0,0,0,0,0,0,0,0,0,0,0,0,0,0,0,0,411766784,0,0,0
sample,grid_65_session,session_grid_large,parallel_inline_certified,8,3,4226,20867,256,768,32,621114475,2984748,470850428,3978939166,0,5073888817,5073888817,1697090885,1686882931,1689915001,32,768,768,0,0,0,0,0,0,0,0,0,0,0,0,0,0,0,0,0,0,0,0,0,0,411766784,0,0,0
sample,grid_65_session,session_grid_large,parallel_inline_certified,8,4,4226,20867,256,1024,32,827179839,2984748,623903798,5303610141,0,6757678526,6757678526,1697090885,1686882931,1689915001,32,1024,1024,0,0,0,0,0,0,0,0,0,0,0,0,0,0,0,0,0,0,0,0,1039184,0,411766784,0,0,0
sample,grid_65_session,session_grid_large,parallel_inline_certified,9,1,4226,20867,256,256,32,211792109,3010155,155514715,1327392171,0,1697709150,1697709150,1697709150,0,0,32,256,256,0,0,0,0,0,0,0,0,0,0,0,0,0,0,0,0,0,0,0,0,0,0,411766784,0,0,0
sample,grid_65_session,session_grid_large,parallel_inline_certified,9,2,4226,20867,256,512,32,415282484,3010155,308314565,2655998407,0,3382605611,3382605611,1697709150,1684896461,1684896461,32,512,512,0,0,0,0,0,0,0,0,0,0,0,0,0,0,0,0,0,0,0,0,0,0,411766784,0,0,0
sample,grid_65_session,session_grid_large,parallel_inline_certified,9,3,4226,20867,256,768,32,620049583,3010155,466186513,3982049949,0,5071296200,5071296200,1697709150,1684896461,1688690589,32,768,768,0,0,0,0,0,0,0,0,0,0,0,0,0,0,0,0,0,0,0,0,0,0,411766784,0,0,0
sample,grid_65_session,session_grid_large,parallel_inline_certified,9,4,4226,20867,256,1024,32,824781575,3010155,616705157,5315692296,0,6760189183,6760189183,1697709150,1688690589,1688892983,32,1024,1024,0,0,0,0,0,0,0,0,0,0,0,0,0,0,0,0,0,0,0,0,1053070,0,411766784,0,0,0
sample,grid_65_session,session_grid_large,parallel_inline_certified,10,1,4226,20867,256,256,32,211212048,2970751,154229210,1321396291,0,1689808300,1689808300,1689808300,0,0,32,256,256,0,0,0,0,0,0,0,0,0,0,0,0,0,0,0,0,0,0,0,0,0,0,411557888,0,0,0
sample,grid_65_session,session_grid_large,parallel_inline_certified,10,2,4226,20867,256,512,32,413618805,2970751,318620998,2647128707,0,3382339261,3382339261,1689808300,1692530961,1692530961,32,512,512,0,0,0,0,0,0,0,0,0,0,0,0,0,0,0,0,0,0,0,0,0,0,411557888,0,0,0
sample,grid_65_session,session_grid_large,parallel_inline_certified,10,3,4226,20867,256,768,32,617221974,2970751,479131260,3969141958,0,5068465943,5068465943,1689808300,1686126682,1692530961,32,768,768,0,0,0,0,0,0,0,0,0,0,0,0,0,0,0,0,0,0,0,0,0,0,411557888,0,0,0
sample,grid_65_session,session_grid_large,parallel_inline_certified,10,4,4226,20867,256,1024,32,820076066,2970751,639486148,5296434945,0,6758967910,6758967910,1689808300,1690501967,1692530961,32,1024,1024,0,0,0,0,0,0,0,0,0,0,0,0,0,0,0,0,0,0,0,0,979601,0,411557888,0,0,0
sample,grid_65_session,session_grid_large,parallel_inline_certified,11,1,4226,20867,256,256,32,212160414,3349942,156244452,1332814072,0,1704568880,1704568880,1704568880,0,0,32,256,256,0,0,0,0,0,0,0,0,0,0,0,0,0,0,0,0,0,0,0,0,0,0,411566080,0,0,0
sample,grid_65_session,session_grid_large,parallel_inline_certified,11,2,4226,20867,256,512,32,416984897,3349942,313255530,2657069160,0,3390659529,3390659529,1704568880,1686090649,1686090649,32,512,512,0,0,0,0,0,0,0,0,0,0,0,0,0,0,0,0,0,0,0,0,0,0,411566080,0,0,0
sample,grid_65_session,session_grid_large,parallel_inline_certified,11,3,4226,20867,256,768,32,620259849,3349942,474988565,3984449280,0,5083047636,5083047636,1704568880,1686090649,1692388107,32,768,768,0,0,0,0,0,0,0,0,0,0,0,0,0,0,0,0,0,0,0,0,0,0,411566080,0,0,0
sample,grid_65_session,session_grid_large,parallel_inline_certified,11,4,4226,20867,256,1024,32,823814260,3349942,626219555,5315552689,0,6768936446,6768936446,1704568880,1686090649,1692388107,32,1024,1024,0,0,0,0,0,0,0,0,0,0,0,0,0,0,0,0,0,0,0,0,1234343,0,411566080,0,0,0
sample,grid_65_session,session_grid_large,parallel_inline_certified,12,1,4226,20867,256,256,32,211176726,3493424,155937599,1324280012,0,1694887761,1694887761,1694887761,0,0,32,256,256,0,0,0,0,0,0,0,0,0,0,0,0,0,0,0,0,0,0,0,0,0,0,412069888,0,0,0
sample,grid_65_session,session_grid_large,parallel_inline_certified,12,2,4226,20867,256,512,32,415189418,3493424,309599266,2650499447,0,3378781555,3378781555,1694887761,1683893794,1683893794,32,512,512,0,0,0,0,0,0,0,0,0,0,0,0,0,0,0,0,0,0,0,0,0,0,412069888,0,0,0
sample,grid_65_session,session_grid_large,parallel_inline_certified,12,3,4226,20867,256,768,32,619507720,3493424,472393406,3976716908,0,5072111458,5072111458,1694887761,1683893794,1693329903,32,768,768,0,0,0,0,0,0,0,0,0,0,0,0,0,0,0,0,0,0,0,0,0,0,412069888,0,0,0
sample,grid_65_session,session_grid_large,parallel_inline_certified,12,4,4226,20867,256,1024,32,823410683,3493424,633125691,5302031943,0,6762061741,6762061741,1694887761,1689950283,1693329903,32,1024,1024,0,0,0,0,0,0,0,0,0,0,0,0,0,0,0,0,0,0,0,0,968840,0,412069888,0,0,0
sample,grid_65_session,session_grid_large,parallel_inline_certified,13,1,4226,20867,256,256,32,212508066,2922640,155714886,1332280326,0,1703425918,1703425918,1703425918,0,0,32,256,256,0,0,0,0,0,0,0,0,0,0,0,0,0,0,0,0,0,0,0,0,0,0,411561984,0,0,0
sample,grid_65_session,session_grid_large,parallel_inline_certified,13,2,4226,20867,256,512,32,416255777,2922640,310513232,2656456163,0,3386147812,3386147812,1703425918,1682721894,1682721894,32,512,512,0,0,0,0,0,0,0,0,0,0,0,0,0,0,0,0,0,0,0,0,0,0,411561984,0,0,0
sample,grid_65_session,session_grid_large,parallel_inline_certified,13,3,4226,20867,256,768,32,620746258,2922640,464275592,3983949138,0,5071893628,5071893628,1703425918,1682721894,1685745816,32,768,768,0,0,0,0,0,0,0,0,0,0,0,0,0,0,0,0,0,0,0,0,0,0,411561984,0,0,0
sample,grid_65_session,session_grid_large,parallel_inline_certified,13,4,4226,20867,256,1024,32,825037590,2922640,617326301,5314780403,0,6760066934,6760066934,1703425918,1685745816,1688173306,32,1024,1024,0,0,0,0,0,0,0,0,0,0,0,0,0,0,0,0,0,0,0,0,1059823,0,411561984,0,0,0
sample,grid_65_session,session_grid_large,parallel_inline_certified,14,1,4226,20867,256,256,32,212833154,3255573,155716721,1325519505,0,1697324953,1697324953,1697324953,0,0,32,256,256,0,0,0,0,0,0,0,0,0,0,0,0,0,0,0,0,0,0,0,0,0,0,411856896,0,0,0
sample,grid_65_session,session_grid_large,parallel_inline_certified,14,2,4226,20867,256,512,32,416726957,3255573,315539396,2655909850,0,3391431776,3391431776,1697324953,1694106823,1694106823,32,512,512,0,0,0,0,0,0,0,0,0,0,0,0,0,0,0,0,0,0,0,0,0,0,411856896,0,0,0
sample,grid_65_session,session_grid_large,parallel_inline_certified,14,3,4226,20867,256,768,32,621529946,3255573,470269871,3983208885,0,5078264275,5078264275,1697324953,1686832499,1694106823,32,768,768,0,0,0,0,0,0,0,0,0,0,0,0,0,0,0,0,0,0,0,0,0,0,411856896,0,0,0
sample,grid_65_session,session_grid_large,parallel_inline_certified,14,4,4226,20867,256,1024,32,825178993,3255573,631374550,5309234180,0,6769043296,6769043296,1697324953,1690779021,1694106823,32,1024,1024,0,0,0,0,0,0,0,0,0,0,0,0,0,0,0,0,0,0,0,0,979410,0,411856896,0,0,0
sample,grid_65_session,session_grid_large,parallel_inline_certified,15,1,4226,20867,256,256,32,212152475,2879519,156153096,1326126177,0,1697311267,1697311267,1697311267,0,0,32,256,256,0,0,0,0,0,0,0,0,0,0,0,0,0,0,0,0,0,0,0,0,0,0,412065792,0,0,0
sample,grid_65_session,session_grid_large,parallel_inline_certified,15,2,4226,20867,256,512,32,415728613,2879519,309950517,2652915956,0,3381474605,3381474605,1697311267,1684163338,1684163338,32,512,512,0,0,0,0,0,0,0,0,0,0,0,0,0,0,0,0,0,0,0,0,0,0,412065792,0,0,0
sample,grid_65_session,session_grid_large,parallel_inline_certified,15,3,4226,20867,256,768,32,619705623,2879519,472220698,3982471989,0,5077277829,5077277829,1697311267,1684163338,1695803224,32,768,768,0,0,0,0,0,0,0,0,0,0,0,0,0,0,0,0,0,0,0,0,0,0,412065792,0,0,0
sample,grid_65_session,session_grid_large,parallel_inline_certified,15,4,4226,20867,256,1024,32,824783152,2879519,628382740,5313588154,0,6769633565,6769633565,1697311267,1692355736,1695803224,32,1024,1024,0,0,0,0,0,0,0,0,0,0,0,0,0,0,0,0,0,0,0,0,981775,0,412065792,0,0,0
sample,grid_65_session,session_grid_large,parallel_inline_certified,16,1,4226,20867,256,256,32,211763616,2908021,155815094,1331341572,0,1701828303,1701828303,1701828303,0,0,32,256,256,0,0,0,0,0,0,0,0,0,0,0,0,0,0,0,0,0,0,0,0,0,0,411762688,0,0,0
sample,grid_65_session,session_grid_large,parallel_inline_certified,16,2,4226,20867,256,512,32,416358019,2908021,316328930,2659319501,0,3394914471,3394914471,1701828303,1693086168,1693086168,32,512,512,0,0,0,0,0,0,0,0,0,0,0,0,0,0,0,0,0,0,0,0,0,0,411762688,0,0,0
sample,grid_65_session,session_grid_large,parallel_inline_certified,16,3,4226,20867,256,768,32,620369915,2908021,466156371,4000596089,0,5090030396,5090030396,1701828303,1693086168,1695115925,32,768,768,0,0,0,0,0,0,0,0,0,0,0,0,0,0,0,0,0,0,0,0,0,0,411762688,0,0,0
sample,grid_65_session,session_grid_large,parallel_inline_certified,16,4,4226,20867,256,1024,32,824503613,2908021,618519055,5329879978,0,6775810667,6775810667,1701828303,1693086168,1695115925,32,1024,1024,0,0,0,0,0,0,0,0,0,0,0,0,0,0,0,0,0,0,0,0,958189,0,411762688,0,0,0
sample,grid_65_session,session_grid_large,parallel_inline_certified,17,1,4226,20867,256,256,32,212436040,3019932,155652619,1344400557,0,1715509148,1715509148,1715509148,0,0,32,256,256,0,0,0,0,0,0,0,0,0,0,0,0,0,0,0,0,0,0,0,0,0,0,412065792,0,0,0
sample,grid_65_session,session_grid_large,parallel_inline_certified,17,2,4226,20867,256,512,32,415663448,3019932,314046782,2682472998,0,3415203160,3415203160,1715509148,1699694012,1699694012,32,512,512,0,0,0,0,0,0,0,0,0,0,0,0,0,0,0,0,0,0,0,0,0,0,412065792,0,0,0
sample,grid_65_session,session_grid_large,parallel_inline_certified,17,3,4226,20867,256,768,32,619086676,3019932,466863573,4012563542,0,5101533723,5101533723,1715509148,1686330563,1699694012,32,768,768,0,0,0,0,0,0,0,0,0,0,0,0,0,0,0,0,0,0,0,0,0,0,412065792,0,0,0
sample,grid_65_session,session_grid_large,parallel_inline_certified,17,4,4226,20867,256,1024,32,823583089,3019932,620950792,5339085027,0,6786638840,6786638840,1715509148,1686330563,1699694012,32,1024,1024,0,0,0,0,0,0,0,0,0,0,0,0,0,0,0,0,0,0,0,0,1094808,0,412065792,0,0,0
sample,grid_65_session,session_grid_large,parallel_inline_certified,18,1,4226,20867,256,256,32,211925421,2964590,158257337,1325004545,0,1698151893,1698151893,1698151893,0,0,32,256,256,0,0,0,0,0,0,0,0,0,0,0,0,0,0,0,0,0,0,0,0,0,0,411766784,0,0,0
sample,grid_65_session,session_grid_large,parallel_inline_certified,18,2,4226,20867,256,512,32,415211226,2964590,309598822,2657775957,0,3385550595,3385550595,1698151893,1687398702,1687398702,32,512,512,0,0,0,0,0,0,0,0,0,0,0,0,0,0,0,0,0,0,0,0,0,0,411766784,0,0,0
sample,grid_65_session,session_grid_large,parallel_inline_certified,18,3,4226,20867,256,768,32,620335943,2964590,467703490,3982266305,0,5073270328,5073270328,1698151893,1687398702,1687719733,32,768,768,0,0,0,0,0,0,0,0,0,0,0,0,0,0,0,0,0,0,0,0,0,0,411766784,0,0,0
sample,grid_65_session,session_grid_large,parallel_inline_certified,18,4,4226,20867,256,1024,32,824086280,2964590,629234606,5309205266,0,6765490742,6765490742,1698151893,1687719733,1692220414,32,1024,1024,0,0,0,0,0,0,0,0,0,0,0,0,0,0,0,0,0,0,0,0,1009036,0,411766784,0,0,0
sample,grid_65_session,session_grid_large,parallel_inline_certified,19,1,4226,20867,256,256,32,210746377,3150293,157188019,1347109045,0,1718193734,1718193734,1718193734,0,0,32,256,256,0,0,0,0,0,0,0,0,0,0,0,0,0,0,0,0,0,0,0,0,0,0,411697152,0,0,0
sample,grid_65_session,session_grid_large,parallel_inline_certified,19,2,4226,20867,256,512,32,414157063,3150293,311219384,2672037830,0,3400564570,3400564570,1718193734,1682370836,1682370836,32,512,512,0,0,0,0,0,0,0,0,0,0,0,0,0,0,0,0,0,0,0,0,0,0,411697152,0,0,0
sample,grid_65_session,session_grid_large,parallel_inline_certified,19,3,4226,20867,256,768,32,618262920,3150293,464501515,3995901633,0,5081816361,5081816361,1718193734,1681251791,1682370836,32,768,768,0,0,0,0,0,0,0,0,0,0,0,0,0,0,0,0,0,0,0,0,0,0,411697152,0,0,0
sample,grid_65_session,session_grid_large,parallel_inline_certified,19,4,4226,20867,256,1024,32,827371486,3150293,616307353,5323661020,0,6770490152,6770490152,1718193734,1682370836,1688673791,32,1024,1024,0,0,0,0,0,0,0,0,0,0,0,0,0,0,0,0,0,0,0,0,1011887,0,411697152,0,0,0
summary,grid_65_session,session_grid_large,parallel_inline_certified,1,20,1689808300,1698151893,1720067379,1730096504,1698151893,1698151893,0,0,150.74188570016656,412069888,0
summary,grid_65_session,session_grid_large,parallel_inline_certified,2,20,3371782448,3385550595,3415203160,3421949008,3385550595,1698151893,1686090649,1695482142,151.20426762988572,412069888,0
summary,grid_65_session,session_grid_large,parallel_inline_certified,3,20,5058115441,5073888817,5105999987,5132741670,5073888817,1698151893,1685171159,1699694012,151.26215776757329,412069888,0
summary,grid_65_session,session_grid_large,parallel_inline_certified,4,20,6746249268,6765490742,6800196680,6829092702,6765490742,1698151893,1688690589,1699694012,151.27930483157618,412069888,0
sample,grid_65_session,session_grid_large,parallel_candidate_runtime,0,1,4226,20867,256,256,32,211629851,3260669,155127741,389672665,1341786609,759690926,2101477535,759690926,0,0,32,256,256,0,0,0,0,0,0,0,0,0,0,0,0,0,0,0,0,0,0,0,0,0,0,412065792,0,0,0
sample,grid_65_session,session_grid_large,parallel_candidate_runtime,0,2,4226,20867,256,512,32,418254959,3260669,314551337,779201537,2662863890,1515268502,4178132392,759690926,755577576,755577576,32,512,512,0,0,0,0,0,0,0,0,0,0,0,0,0,0,0,0,0,0,0,0,0,0,412065792,0,0,0
sample,grid_65_session,session_grid_large,parallel_candidate_runtime,0,3,4226,20867,256,768,32,622196344,3260669,468042094,1172712468,3986936132,2266211575,6253147707,759690926,750943073,755577576,32,768,768,0,0,0,0,0,0,0,0,0,0,0,0,0,0,0,0,0,0,0,0,0,0,412065792,0,0,0
sample,grid_65_session,session_grid_large,parallel_candidate_runtime,0,4,4226,20867,256,1024,32,826704553,3260669,624714623,1564183960,5314677866,3018863805,8333541671,759690926,752652230,755577576,32,1024,1024,0,0,0,0,0,0,0,0,0,0,0,0,0,0,0,0,0,0,0,0,1081964,0,412065792,0,0,0
sample,grid_65_session,session_grid_large,parallel_candidate_runtime,1,1,4226,20867,256,256,32,211441574,3322079,155229148,391135114,1331056219,761127915,2092184134,761127915,0,0,32,256,256,0,0,0,0,0,0,0,0,0,0,0,0,0,0,0,0,0,0,0,0,0,0,411770880,0,0,0
sample,grid_65_session,session_grid_large,parallel_candidate_runtime,1,2,4226,20867,256,512,32,415750836,3322079,307151155,781036976,2653087551,1507261046,4160348597,761127915,746133131,746133131,32,512,512,0,0,0,0,0,0,0,0,0,0,0,0,0,0,0,0,0,0,0,0,0,0,411770880,0,0,0
sample,grid_65_session,session_grid_large,parallel_candidate_runtime,1,3,4226,20867,256,768,32,620954075,3322079,458633839,1171500835,3988650554,2254410828,6243061382,761127915,746133131,747149782,32,768,768,0,0,0,0,0,0,0,0,0,0,0,0,0,0,0,0,0,0,0,0,0,0,411770880,0,0,0
sample,grid_65_session,session_grid_large,parallel_candidate_runtime,1,4,4226,20867,256,1024,32,824800534,3322079,617260725,1562941251,5313030734,3008324589,8321355323,761127915,747149782,753913761,32,1024,1024,0,0,0,0,0,0,0,0,0,0,0,0,0,0,0,0,0,0,0,0,974050,0,411770880,0,0,0
sample,grid_65_session,session_grid_large,parallel_candidate_runtime,2,1,4226,20867,256,256,32,212049830,3006622,155344611,389743462,1325938129,760144525,2086082654,760144525,0,0,32,256,256,0,0,0,0,0,0,0,0,0,0,0,0,0,0,0,0,0,0,0,0,0,0,411766784,0,0,0
sample,grid_65_session,session_grid_large,parallel_candidate_runtime,2,2,4226,20867,256,512,32,416630583,3006622,320264870,779458141,2652653159,1519360216,4172013375,760144525,759215691,759215691,32,512,512,0,0,0,0,0,0,0,0,0,0,0,0,0,0,0,0,0,0,0,0,0,0,411766784,0,0,0
sample,grid_65_session,session_grid_large,parallel_candidate_runtime,2,3,4226,20867,256,768,32,621167223,3006622,475926220,1168813888,3985573407,2268913953,6254487360,760144525,749553737,759215691,32,768,768,0,0,0,0,0,0,0,0,0,0,0,0,0,0,0,0,0,0,0,0,0,0,411766784,0,0,0
sample,grid_65_session,session_grid_large,parallel_candidate_runtime,2,4,4226,20867,256,1024,32,825883402,3006622,635617084,1559772228,5309339832,3024279336,8333619168,760144525,755365383,759215691,32,1024,1024,0,0,0,0,0,0,0,0,0,0,0,0,0,0,0,0,0,0,0,0,1042280,0,411766784,0,0,0
sample,grid_65_session,session_grid_large,parallel_candidate_runtime,3,1,4226,20867,256,256,32,211127892,3147230,156042843,392450745,1323986670,762768710,2086755380,762768710,0,0,32,256,256,0,0,0,0,0,0,0,0,0,0,0,0,0,0,0,0,0,0,0,0,0,0,411496448,0,0,0
sample,grid_65_session,session_grid_large,parallel_candidate_runtime,3,2,4226,20867,256,512,32,417696263,3147230,311705076,780620066,2646140104,1513168635,4159308739,762768710,750399925,750399925,32,512,512,0,0,0,0,0,0,0,0,0,0,0,0,0,0,0,0,0,0,0,0,0,0,411496448,0,0,0
sample,grid_65_session,session_grid_large,parallel_candidate_runtime,3,3,4226,20867,256,768,32,622505184,3147230,464022566,1172623789,3970349209,2262298769,6232647978,762768710,749130134,750399925,32,768,768,0,0,0,0,0,0,0,0,0,0,0,0,0,0,0,0,0,0,0,0,0,0,411496448,0,0,0
sample,grid_65_session,session_grid_large,parallel_candidate_runtime,3,4,4226,20867,256,1024,32,826202501,3147230,625790464,1572461986,5300217876,3027602181,8327820057,762768710,750399925,765303412,32,1024,1024,0,0,0,0,0,0,0,0,0,0,0,0,0,0,0,0,0,0,0,0,1085882,0,411496448,0,0,0
sample,grid_65_session,session_grid_large,parallel_candidate_runtime,4,1,4226,20867,256,256,32,210565147,3149591,155241027,389698695,1319378290,758654460,2078032750,758654460,0,0,32,256,256,0,0,0,0,0,0,0,0,0,0,0,0,0,0,0,0,0,0,0,0,0,0,412061696,0,0,0
sample,grid_65_session,session_grid_large,parallel_candidate_runtime,4,2,4226,20867,256,512,32,414081591,3149591,315540768,779219904,2644814943,1511991854,4156806797,758654460,753337394,753337394,32,512,512,0,0,0,0,0,0,0,0,0,0,0,0,0,0,0,0,0,0,0,0,0,0,412061696,0,0,0
sample,grid_65_session,session_grid_large,parallel_candidate_runtime,4,3,4226,20867,256,768,32,617982973,3149591,468542012,1169906114,3970219141,2259580690,6229799831,758654460,747588836,753337394,32,768,768,0,0,0,0,0,0,0,0,0,0,0,0,0,0,0,0,0,0,0,0,0,0,412061696,0,0,0
sample,grid_65_session,session_grid_large,parallel_candidate_runtime,4,4,4226,20867,256,1024,32,822032128,3149591,629616113,1564544695,5304973860,3019342527,8324316387,758654460,753337394,759761837,32,1024,1024,0,0,0,0,0,0,0,0,0,0,0,0,0,0,0,0,0,0,0,0,1080151,0,412061696,0,0,0
sample,grid_65_session,session_grid_large,parallel_candidate_runtime,5,1,4226,20867,256,256,32,211037936,3058759,156742275,388820824,1323042867,759659794,2082702661,759659794,0,0,32,256,256,0,0,0,0,0,0,0,0,0,0,0,0,0,0,0,0,0,0,0,0,0,0,411770880,0,0,0
sample,grid_65_session,session_grid_large,parallel_candidate_runtime,5,2,4226,20867,256,512,32,414380178,3058759,319556099,777783287,2651387713,1514778323,4166166036,759659794,755118529,755118529,32,512,512,0,0,0,0,0,0,0,0,0,0,0,0,0,0,0,0,0,0,0,0,0,0,411770880,0,0,0
sample,grid_65_session,session_grid_large,parallel_candidate_runtime,5,3,4226,20867,256,768,32,618186671,3058759,472966848,1169552379,3977713061,2263764657,6241477718,759659794,748986334,755118529,32,768,768,0,0,0,0,0,0,0,0,0,0,0,0,0,0,0,0,0,0,0,0,0,0,411770880,0,0,0
sample,grid_65_session,session_grid_large,parallel_candidate_runtime,5,4,4226,20867,256,1024,32,821244481,3058759,633816524,1560637094,5311060964,3018756858,8329817822,759659794,754992201,755118529,32,1024,1024,0,0,0,0,0,0,0,0,0,0,0,0,0,0,0,0,0,0,0,0,1078188,0,411770880,0,0,0
sample,grid_65_session,session_grid_large,parallel_candidate_runtime,6,1,4226,20867,256,256,32,211854716,3272695,154135534,387999195,1321617428,757262140,2078879568,757262140,0,0,32,256,256,0,0,0,0,0,0,0,0,0,0,0,0,0,0,0,0,0,0,0,0,0,0,412069888,0,0,0
sample,grid_65_session,session_grid_large,parallel_candidate_runtime,6,2,4226,20867,256,512,32,415413878,3272695,316432858,777171628,2645694207,1512291059,4157985266,757262140,755028919,755028919,32,512,512,0,0,0,0,0,0,0,0,0,0,0,0,0,0,0,0,0,0,0,0,0,0,412069888,0,0,0
sample,grid_65_session,session_grid_large,parallel_candidate_runtime,6,3,4226,20867,256,768,32,622547153,3272695,469290062,1166788052,3976259495,2261897962,6238157457,757262140,749606903,755028919,32,768,768,0,0,0,0,0,0,0,0,0,0,0,0,0,0,0,0,0,0,0,0,0,0,412069888,0,0,0
sample,grid_65_session,session_grid_large,parallel_candidate_runtime,6,4,4226,20867,256,1024,32,826988518,3272695,629373629,1556844432,5300578962,3016479274,8317058236,757262140,754581312,755028919,32,1024,1024,0,0,0,0,0,0,0,0,0,0,0,0,0,0,0,0,0,0,0,0,1032701,0,412069888,0,0,0
sample,grid_65_session,session_grid_large,parallel_candidate_runtime,7,1,4226,20867,256,256,32,210798257,2873257,156784793,391681385,1325753540,762137692,2087891232,762137692,0,0,32,256,256,0,0,0,0,0,0,0,0,0,0,0,0,0,0,0,0,0,0,0,0,0,0,411512832,0,0,0
sample,grid_65_session,session_grid_large,parallel_candidate_runtime,7,2,4226,20867,256,512,32,414540735,2873257,310979597,781147694,2651724844,1509541283,4161266127,762137692,747403591,747403591,32,512,512,0,0,0,0,0,0,0,0,0,0,0,0,0,0,0,0,0,0,0,0,0,0,411512832,0,0,0
sample,grid_65_session,session_grid_large,parallel_candidate_runtime,7,3,4226,20867,256,768,32,619186971,2873257,470149466,1171215346,3979578918,2263425040,6243003958,762137692,747403591,753883757,32,768,768,0,0,0,0,0,0,0,0,0,0,0,0,0,0,0,0,0,0,0,0,0,0,411512832,0,0,0
sample,grid_65_session,session_grid_large,parallel_candidate_runtime,7,4,4226,20867,256,1024,32,822768646,2873257,628854894,1562149512,5306637883,3016646309,8323284192,762137692,753221269,753883757,32,1024,1024,0,0,0,0,0,0,0,0,0,0,0,0,0,0,0,0,0,0,0,0,1044102,0,411512832,0,0,0
sample,grid_65_session,session_grid_large,parallel_candidate_runtime,8,1,4226,20867,256,256,32,210386671,2916426,154189355,388608789,1326523568,756101241,2082624809,756101241,0,0,32,256,256,0,0,0,0,0,0,0,0,0,0,0,0,0,0,0,0,0,0,0,0,0,0,411914240,0,0,0
sample,grid_65_session,session_grid_large,parallel_candidate_runtime,8,2,4226,20867,256,512,32,414952816,2916426,314826024,782970031,2648439994,1515665297,4164105291,756101241,759564056,759564056,32,512,512,0,0,0,0,0,0,0,0,0,0,0,0,0,0,0,0,0,0,0,0,0,0,411914240,0,0,0
sample,grid_65_session,session_grid_large,parallel_candidate_runtime,8,3,4226,20867,256,768,32,618930740,2916426,472675328,1174069571,3976624519,2268592065,6245216584,756101241,752926768,759564056,32,768,768,0,0,0,0,0,0,0,0,0,0,0,0,0,0,0,0,0,0,0,0,0,0,411914240,0,0,0
sample,grid_65_session,session_grid_large,parallel_candidate_runtime,8,4,4226,20867,256,1024,32,821711541,2916426,634333693,1564921081,5312688104,3023882741,8336570845,756101241,755290676,759564056,32,1024,1024,0,0,0,0,0,0,0,0,0,0,0,0,0,0,0,0,0,0,0,0,989388,0,411914240,0,0,0
sample,grid_65_session,session_grid_large,parallel_candidate_runtime,9,1,4226,20867,256,256,32,212212120,3146654,158190590,388249038,1327959077,761798402,2089757479,761798402,0,0,32,256,256,0,0,0,0,0,0,0,0,0,0,0,0,0,0,0,0,0,0,0,0,0,0,411770880,0,0,0
sample,grid_65_session,session_grid_large,parallel_candidate_runtime,9,2,4226,20867,256,512,32,417671918,3146654,319945027,777053890,2650938696,1517817489,4168756185,761798402,756019087,756019087,32,512,512,0,0,0,0,0,0,0,0,0,0,0,0,0,0,0,0,0,0,0,0,0,0,411770880,0,0,0
sample,grid_65_session,session_grid_large,parallel_candidate_runtime,9,3,4226,20867,256,768,32,621960069,3146654,472184925,1167058231,3976595971,2264349879,6240945850,761798402,746532390,756019087,32,768,768,0,0,0,0,0,0,0,0,0,0,0,0,0,0,0,0,0,0,0,0,0,0,411770880,0,0,0
sample,grid_65_session,session_grid_large,parallel_candidate_runtime,9,4,4226,20867,256,1024,32,833015384,3146654,623784757,1558027543,5306519931,3017974338,8324494269,761798402,753624459,756019087,32,1024,1024,0,0,0,0,0,0,0,0,0,0,0,0,0,0,0,0,0,0,0,0,1111031,0,411770880,0,0,0
sample,grid_65_session,session_grid_large,parallel_candidate_runtime,10,1,4226,20867,256,256,32,213055844,2940235,155324386,392518887,1338079700,763839352,2101919052,763839352,0,0,32,256,256,0,0,0,0,0,0,0,0,0,0,0,0,0,0,0,0,0,0,0,0,0,0,411774976,0,0,0
sample,grid_65_session,session_grid_large,parallel_candidate_runtime,10,2,4226,20867,256,512,32,417566769,2940235,316192261,782979557,2680598916,1519678822,4200277738,763839352,755839470,755839470,32,512,512,0,0,0,0,0,0,0,0,0,0,0,0,0,0,0,0,0,0,0,0,0,0,411774976,0,0,0
sample,grid_65_session,session_grid_large,parallel_candidate_runtime,10,3,4226,20867,256,768,32,625394591,2940235,474639543,1172895584,4034824200,2275869953,6310694153,763839352,755839470,756191131,32,768,768,0,0,0,0,0,0,0,0,0,0,0,0,0,0,0,0,0,0,0,0,0,0,411774976,0,0,0
sample,grid_65_session,session_grid_large,parallel_candidate_runtime,10,4,4226,20867,256,1024,32,831287319,2940235,628930922,1573742860,5365130013,3036901336,8402031349,763839352,756191131,761031383,32,1024,1024,0,0,0,0,0,0,0,0,0,0,0,0,0,0,0,0,0,0,0,0,1003105,0,411774976,0,0,0
sample,grid_65_session,session_grid_large,parallel_candidate_runtime,11,1,4226,20867,256,256,32,212090496,2907751,155100166,388519135,1319672179,758617548,2078289727,758617548,0,0,32,256,256,0,0,0,0,0,0,0,0,0,0,0,0,0,0,0,0,0,0,0,0,0,0,411987968,0,0,0
sample,grid_65_session,session_grid_large,parallel_candidate_runtime,11,2,4226,20867,256,512,32,415814435,2907751,317336498,779348367,2647309815,1515407051,4162716866,758617548,756789503,756789503,32,512,512,0,0,0,0,0,0,0,0,0,0,0,0,0,0,0,0,0,0,0,0,0,0,411987968,0,0,0
sample,grid_65_session,session_grid_large,parallel_candidate_runtime,11,3,4226,20867,256,768,32,621279667,2907751,474115053,1172978838,3978886380,2271281309,6250167689,758617548,755874258,756789503,32,768,768,0,0,0,0,0,0,0,0,0,0,0,0,0,0,0,0,0,0,0,0,0,0,411987968,0,0,0
sample,grid_65_session,session_grid_large,parallel_candidate_runtime,11,4,4226,20867,256,1024,32,825165600,2907751,634454521,1571893073,5322943556,3034420945,8357364501,758617548,756789503,763139636,32,1024,1024,0,0,0,0,0,0,0,0,0,0,0,0,0,0,0,0,0,0,0,0,1030447,0,411987968,0,0,0
sample,grid_65_session,session_grid_large,parallel_candidate_runtime,12,1,4226,20867,256,256,32,219679485,3068797,157870508,398788956,1352498098,779407746,2131905844,779407746,0,0,32,256,256,0,0,0,0,0,0,0,0,0,0,0,0,0,0,0,0,0,0,0,0,0,0,411766784,0,0,0
sample,grid_65_session,session_grid_large,parallel_candidate_runtime,12,2,4226,20867,256,512,32,426923322,3068797,318604806,786580857,2678857205,1535177782,4214034987,779407746,755770036,755770036,32,512,512,0,0,0,0,0,0,0,0,0,0,0,0,0,0,0,0,0,0,0,0,0,0,411766784,0,0,0
sample,grid_65_session,session_grid_large,parallel_candidate_runtime,12,3,4226,20867,256,768,32,630797411,3068797,472496530,1177711680,4006570303,2284074418,6290644721,779407746,748896636,755770036,32,768,768,0,0,0,0,0,0,0,0,0,0,0,0,0,0,0,0,0,0,0,0,0,0,411766784,0,0,0
sample,grid_65_session,session_grid_large,parallel_candidate_runtime,12,4,4226,20867,256,1024,32,834944709,3068797,637496038,1569922593,5336780353,3045432137,8382212490,779407746,755770036,761357719,32,1024,1024,0,0,0,0,0,0,0,0,0,0,0,0,0,0,0,0,0,0,0,0,1116290,0,411766784,0,0,0
sample,grid_65_session,session_grid_large,parallel_candidate_runtime,13,1,4226,20867,256,256,32,215050554,3072706,156655151,398193615,1346007385,772972026,2118979411,772972026,0,0,32,256,256,0,0,0,0,0,0,0,0,0,0,0,0,0,0,0,0,0,0,0,0,0,0,411664384,0,0,0
sample,grid_65_session,session_grid_large,parallel_candidate_runtime,13,2,4226,20867,256,512,32,427894412,3072706,312576968,795129844,2698501030,1538673930,4237174960,772972026,765701904,765701904,32,512,512,0,0,0,0,0,0,0,0,0,0,0,0,0,0,0,0,0,0,0,0,0,0,411664384,0,0,0
sample,grid_65_session,session_grid_large,parallel_candidate_runtime,13,3,4226,20867,256,768,32,636872600,3072706,476650956,1187494332,4024919680,2304090594,6329010274,772972026,765416664,765701904,32,768,768,0,0,0,0,0,0,0,0,0,0,0,0,0,0,0,0,0,0,0,0,0,0,411664384,0,0,0
sample,grid_65_session,session_grid_large,parallel_candidate_runtime,13,4,4226,20867,256,1024,32,841223089,3072706,634181248,1578638451,5353773234,3057115494,8410888728,772972026,765416664,765701904,32,1024,1024,0,0,0,0,0,0,0,0,0,0,0,0,0,0,0,0,0,0,0,0,953120,0,411664384,0,0,0
sample,grid_65_session,session_grid_large,parallel_candidate_runtime,14,1,4226,20867,256,256,32,217879591,3038691,159191224,404296066,1359111677,784405572,2143517249,784405572,0,0,32,256,256,0,0,0,0,0,0,0,0,0,0,0,0,0,0,0,0,0,0,0,0,0,0,412057600,0,0,0
sample,grid_65_session,session_grid_large,parallel_candidate_runtime,14,2,4226,20867,256,512,32,424190354,3038691,320385665,801004457,2708697829,1548619167,4257316996,784405572,764213595,764213595,32,512,512,0,0,0,0,0,0,0,0,0,0,0,0,0,0,0,0,0,0,0,0,0,0,412057600,0,0,0
sample,grid_65_session,session_grid_large,parallel_candidate_runtime,14,3,4226,20867,256,768,32,629567025,3038691,477410026,1206518059,4069373821,2316533801,6385907622,784405572,764213595,767914634,32,768,768,0,0,0,0,0,0,0,0,0,0,0,0,0,0,0,0,0,0,0,0,0,0,412057600,0,0,0
sample,grid_65_session,session_grid_large,parallel_candidate_runtime,14,4,4226,20867,256,1024,32,835360958,3038691,628823443,1597041254,5421762696,3064264346,8486027042,784405572,764213595,767914634,32,1024,1024,0,0,0,0,0,0,0,0,0,0,0,0,0,0,0,0,0,0,0,0,1119246,0,412057600,0,0,0
sample,grid_65_session,session_grid_large,parallel_candidate_runtime,15,1,4226,20867,256,256,32,211630617,3164260,157337977,389910669,1333632868,762043523,2095676391,762043523,0,0,32,256,256,0,0,0,0,0,0,0,0,0,0,0,0,0,0,0,0,0,0,0,0,0,0,411774976,0,0,0
sample,grid_65_session,session_grid_large,parallel_candidate_runtime,15,2,4226,20867,256,512,32,417255845,3164260,310739866,782209889,2670389819,1513369860,4183759679,762043523,751326337,751326337,32,512,512,0,0,0,0,0,0,0,0,0,0,0,0,0,0,0,0,0,0,0,0,0,0,411774976,0,0,0
sample,grid_65_session,session_grid_large,parallel_candidate_runtime,15,3,4226,20867,256,768,32,628755087,3164260,469146549,1172403471,4031264939,2273469367,6304734306,762043523,751326337,760099507,32,768,768,0,0,0,0,0,0,0,0,0,0,0,0,0,0,0,0,0,0,0,0,0,0,411774976,0,0,0
sample,grid_65_session,session_grid_large,parallel_candidate_runtime,15,4,4226,20867,256,1024,32,835546150,3164260,626091346,1568051990,5356669073,3032853746,8389522819,762043523,759384379,760099507,32,1024,1024,0,0,0,0,0,0,0,0,0,0,0,0,0,0,0,0,0,0,0,0,1026359,0,411774976,0,0,0
sample,grid_65_session,session_grid_large,parallel_candidate_runtime,16,1,4226,20867,256,256,32,211063408,3022970,157117982,392137954,1328413140,763342314,2091755454,763342314,0,0,32,256,256,0,0,0,0,0,0,0,0,0,0,0,0,0,0,0,0,0,0,0,0,0,0,411766784,0,0,0
sample,grid_65_session,session_grid_large,parallel_candidate_runtime,16,2,4226,20867,256,512,32,417043177,3022970,317909791,784270940,2658571382,1522246878,4180818260,763342314,758904564,758904564,32,512,512,0,0,0,0,0,0,0,0,0,0,0,0,0,0,0,0,0,0,0,0,0,0,411766784,0,0,0
sample,grid_65_session,session_grid_large,parallel_candidate_runtime,16,3,4226,20867,256,768,32,620681479,3022970,480993522,1176201883,3997761237,2280899854,6278661091,763342314,758652976,758904564,32,768,768,0,0,0,0,0,0,0,0,0,0,0,0,0,0,0,0,0,0,0,0,0,0,411766784,0,0,0
sample,grid_65_session,session_grid_large,parallel_candidate_runtime,16,4,4226,20867,256,1024,32,826265676,3022970,639355236,1573388056,5338667631,3042031938,8380699569,763342314,758904564,761132084,32,1024,1024,0,0,0,0,0,0,0,0,0,0,0,0,0,0,0,0,0,0,0,0,1015127,0,411766784,0,0,0
sample,grid_65_session,session_grid_large,parallel_candidate_runtime,17,1,4226,20867,256,256,32,211419961,3074488,156886607,395475276,1340491457,766856332,2107347789,766856332,0,0,32,256,256,0,0,0,0,0,0,0,0,0,0,0,0,0,0,0,0,0,0,0,0,0,0,411844608,0,0,0
sample,grid_65_session,session_grid_large,parallel_candidate_runtime,17,2,4226,20867,256,512,32,426881006,3074488,324034688,791435232,2666490466,1545425414,4211915880,766856332,778569082,778569082,32,512,512,0,0,0,0,0,0,0,0,0,0,0,0,0,0,0,0,0,0,0,0,0,0,411844608,0,0,0
sample,grid_65_session,session_grid_large,parallel_candidate_runtime,17,3,4226,20867,256,768,32,631036666,3074488,478514948,1180264618,3993842705,2292890720,6286733425,766856332,747465306,778569082,32,768,768,0,0,0,0,0,0,0,0,0,0,0,0,0,0,0,0,0,0,0,0,0,0,411844608,0,0,0
sample,grid_65_session,session_grid_large,parallel_candidate_runtime,17,4,4226,20867,256,1024,32,834645746,3074488,638524685,1572600022,5328054811,3048844941,8376899752,766856332,755954221,778569082,32,1024,1024,0,0,0,0,0,0,0,0,0,0,0,0,0,0,0,0,0,0,0,0,1040344,0,411844608,0,0,0
sample,grid_65_session,session_grid_large,parallel_candidate_runtime,18,1,4226,20867,256,256,32,216176685,3152326,155522227,397870950,1342888623,772722188,2115610811,772722188,0,0,32,256,256,0,0,0,0,0,0,0,0,0,0,0,0,0,0,0,0,0,0,0,0,0,0,412065792,0,0,0
sample,grid_65_session,session_grid_large,parallel_candidate_runtime,18,2,4226,20867,256,512,32,424300919,3152326,316040750,814797115,2672350881,1558291110,4230641991,772722188,785568922,785568922,32,512,512,0,0,0,0,0,0,0,0,0,0,0,0,0,0,0,0,0,0,0,0,0,0,412065792,0,0,0
sample,grid_65_session,session_grid_large,parallel_candidate_runtime,18,3,4226,20867,256,768,32,627578769,3152326,479224053,1205567059,4003147764,2315522207,6318669971,772722188,757231097,785568922,32,768,768,0,0,0,0,0,0,0,0,0,0,0,0,0,0,0,0,0,0,0,0,0,0,412065792,0,0,0
sample,grid_65_session,session_grid_large,parallel_candidate_runtime,18,4,4226,20867,256,1024,32,831153313,3152326,633892979,1596710664,5333857058,3064909282,8398766340,772722188,757231097,785568922,32,1024,1024,0,0,0,0,0,0,0,0,0,0,0,0,0,0,0,0,0,0,0,0,961966,0,412065792,0,0,0
sample,grid_65_session,session_grid_large,parallel_candidate_runtime,19,1,4226,20867,256,256,32,213123507,3038390,172480028,391232884,1326207257,779874809,2106082066,779874809,0,0,32,256,256,0,0,0,0,0,0,0,0,0,0,0,0,0,0,0,0,0,0,0,0,0,0,411779072,0,0,0
sample,grid_65_session,session_grid_large,parallel_candidate_runtime,19,2,4226,20867,256,512,32,419047542,3038390,324556130,781551771,2652882963,1528193833,4181076796,779874809,748319024,748319024,32,512,512,0,0,0,0,0,0,0,0,0,0,0,0,0,0,0,0,0,0,0,0,0,0,411779072,0,0,0
sample,grid_65_session,session_grid_large,parallel_candidate_runtime,19,3,4226,20867,256,768,32,622565319,3038390,484083101,1171247456,3977052069,2280934266,6257986335,779874809,748319024,752740433,32,768,768,0,0,0,0,0,0,0,0,0,0,0,0,0,0,0,0,0,0,0,0,0,0,411779072,0,0,0
sample,grid_65_session,session_grid_large,parallel_candidate_runtime,19,4,4226,20867,256,1024,32,826855662,3038390,646567800,1564080000,5321935487,3040541852,8362477339,779874809,752740433,759607586,32,1024,1024,0,0,0,0,0,0,0,0,0,0,0,0,0,0,0,0,0,0,0,0,940235,0,411779072,0,0,0
summary,grid_65_session,session_grid_large,parallel_candidate_runtime,1,20,756101241,762043523,779874809,784405572,2091755454,762043523,0,0,335.89730922270144,412069888,0
summary,grid_65_session,session_grid_large,parallel_candidate_runtime,2,20,1507261046,1515665297,1548619167,1558291110,4172013375,762043523,755770036,778569082,337.32645967686568,412069888,0
summary,grid_65_session,session_grid_large,parallel_candidate_runtime,3,20,2254410828,2268913953,2315522207,2316533801,6253147707,762043523,749553737,778569082,338.13512969828258,412069888,0
summary,grid_65_session,session_grid_large,parallel_candidate_runtime,4,20,3008324589,3027602181,3064264346,3064909282,8336570845,762043523,755290676,778569082,337.6357997317026,412069888,0
sample,grid_65_session,session_grid_large,gpu_inline_certified,0,1,4226,20867,256,256,0,208098646,18966,481593061,1347393124,0,2037103797,2037103797,2037103797,0,0,0,256,256,1,1,1,0,1,1,1,190473174,3718221,53654705,16409463,2114,28716735,104155118,28672672,104096669,1351938,180593,150796,5630473,0,77149731,588697600,738197504,0,0
sample,grid_65_session,session_grid_large,gpu_inline_certified,0,2,4226,20867,256,512,0,396271880,18966,677961448,2681158725,0,3755411019,3755411019,2037103797,1718307222,1718307222,0,512,512,1,1,2,1,1,2,2,190473174,3718221,72616323,24413141,2114,28716735,190826925,28672672,190694555,2688716,361316,231670,7618688,0,156294425,588697600,738197504,0,0
sample,grid_65_session,session_grid_large,gpu_inline_certified,0,3,4226,20867,256,768,0,572544184,18966,870817644,4014333863,0,5457714657,5457714657,2037103797,1702303638,1718307222,0,768,768,1,1,3,2,1,3,3,190473174,3718221,91072621,32118233,2114,28716735,277490837,28672672,277307866,4098363,520668,345786,8892196,0,233368696,588697600,738197504,0,0
sample,grid_65_session,session_grid_large,gpu_inline_certified,0,4,4226,20867,256,1024,0,752676639,18966,1062592237,5347560839,0,7162848681,7162848681,2037103797,1705134024,1718307222,0,1024,1024,1,1,4,3,1,4,4,190473174,3718221,109357343,39651718,2114,28716735,364166771,28672672,363939289,5397019,696954,444783,10039846,7841290,309927559,588697600,738197504,0,0
sample,grid_65_session,session_grid_large,gpu_inline_certified,1,1,4226,20867,256,256,0,211148302,18896,484320706,1334220695,0,2029708599,2029708599,2029708599,0,0,0,256,256,1,1,1,0,1,1,1,192561446,3667404,53647355,16820663,2295,27589801,105403096,27549343,105332641,1394047,182006,203949,5459127,0,77389517,588746752,738197504,0,0
sample,grid_65_session,session_grid_large,gpu_inline_certified,1,2,4226,20867,256,512,0,399213117,18896,680378550,2665849154,0,3745459717,3745459717,2029708599,1715751118,1715751118,0,512,512,1,1,2,1,1,2,2,192561446,3667404,72536153,24764148,2295,27589801,192089758,27549343,191961344,2815396,347079,297909,7488300,0,156218861,588746752,738197504,0,0
sample,grid_65_session,session_grid_large,gpu_inline_certified,1,3,4226,20867,256,768,0,575062706,18896,873289307,4001700922,0,5450071831,5450071831,2029708599,1704612114,1715751118,0,768,768,1,1,3,2,1,3,3,192561446,3667404,91152945,32549633,2295,27589801,278796932,27549343,278588575,4123981,523975,375817,8625990,0,233319088,588746752,738197504,0,0
sample,grid_65_session,session_grid_large,gpu_inline_certified,1,4,4226,20867,256,1024,0,754555152,18896,1066229420,5336650137,0,7157453605,7157453605,2029708599,1707381774,1715751118,0,1024,1024,1,1,4,3,1,4,4,192561446,3667404,109773725,40269101,2295,27589801,365529302,27549343,365271136,5440240,710820,463363,9667588,8059063,310554335,588746752,738197504,0,0
sample,grid_65_session,session_grid_large,gpu_inline_certified,2,1,4226,20867,256,256,0,208683149,18626,482209740,1349413492,0,2040325007,2040325007,2040325007,0,0,0,256,256,1,1,1,0,1,1,1,194428129,3578635,50701599,17086066,2124,27309479,104258872,27268064,104194844,1329345,164783,145295,5566400,0,77639013,588193792,738197504,0,0
sample,grid_65_session,session_grid_large,gpu_inline_certified,2,2,4226,20867,256,512,0,396007929,18626,676856323,2695878036,0,3768760914,3768760914,2040325007,1728435907,1728435907,0,512,512,1,1,2,1,1,2,2,194428129,3578635,69329542,24505776,2124,27309479,190915550,27268064,190803035,2620657,318715,232832,7592818,0,156022066,588193792,738197504,0,0
sample,grid_65_session,session_grid_large,gpu_inline_certified,2,3,4226,20867,256,768,0,571239404,18626,870008640,4028781889,0,5470048559,5470048559,2040325007,1701287645,1728435907,0,768,768,1,1,3,2,1,3,3,194428129,3578635,87916809,32389616,2124,27309479,277571715,27268064,277410809,3909806,473438,325238,8697626,0,233406025,588193792,738197504,0,0
sample,grid_65_session,session_grid_large,gpu_inline_certified,2,4,4226,20867,256,1024,0,752196071,18626,1068054569,5368739828,0,7189009094,7189009094,2040325007,1718960535,1728435907,0,1024,1024,1,1,4,3,1,4,4,194428129,3578635,106536046,40154181,2124,27309479,364270321,27268064,364055574,5301529,642980,408005,9889870,7802187,315533270,588193792,738197504,0,0
sample,grid_65_session,session_grid_large,gpu_inline_certified,3,1,4226,20867,256,256,0,206009380,10771,489308521,1338157269,0,2033485941,2033485941,2033485941,0,0,0,256,256,1,1,1,0,1,1,1,196749779,3750311,53946931,17008259,2054,28000872,104546386,27960319,104491521,1345665,213996,162169,5888292,0,77693807,588746752,738197504,0,0
sample,grid_65_session,session_grid_large,gpu_inline_certified,3,2,4226,20867,256,512,0,389334986,10771,682456870,2667478459,0,3739281086,3739281086,2033485941,1705795145,1705795145,0,512,512,1,1,2,1,1,2,2,196749779,3750311,72321474,24439921,2054,28000872,191244682,27960319,191139105,2679068,349944,247120,8023177,0,154648468,588746752,738197504,0,0
sample,grid_65_session,session_grid_large,gpu_inline_certified,3,3,4226,20867,256,768,0,566021715,10771,874949193,4004049365,0,5445031044,5445031044,2033485941,1705749958,1705795145,0,768,768,1,1,3,2,1,3,3,196749779,3750311,90821644,32091812,2054,28000872,277893825,27960319,277731137,3988825,500208,327784,9179633,0,231642446,588746752,738197504,0,0
sample,grid_65_session,session_grid_large,gpu_inline_certified,3,4,4226,20867,256,1024,0,746066711,10771,1067329492,5342611253,0,7156018227,7156018227,2033485941,1705795145,1710987183,0,1024,1024,1,1,4,3,1,4,4,196749779,3750311,109162051,39626260,2054,28000872,364562735,27960319,364356447,5296668,656284,412534,10539615,8012166,308570329,588746752,738197504,0,0
sample,grid_65_session,session_grid_large,gpu_inline_certified,4,1,4226,20867,256,256,0,208917863,11432,490060799,1357733654,0,2056723748,2056723748,2056723748,0,0,0,256,256,1,1,1,0,1,1,1,200114868,3641204,51977132,17209059,2023,27680004,104418235,27637344,104363101,1342299,168069,146328,5732245,0,77629333,588746752,738197504,0,0
sample,grid_65_session,session_grid_large,gpu_inline_certified,4,2,4226,20867,256,512,0,392288433,11432,683398306,2688595711,0,3764293882,3764293882,2056723748,1707570134,1707570134,0,512,512,1,1,2,1,1,2,2,200114868,3641204,70355112,24716906,2023,27680004,191183325,27637344,191054748,2661304,321009,229335,7810141,0,154683075,588746752,738197504,0,0
sample,grid_65_session,session_grid_large,gpu_inline_certified,4,3,4226,20867,256,768,0,567853966,11432,875487759,4022917024,0,5466270181,5466270181,2056723748,1701976299,1707570134,0,768,768,1,1,3,2,1,3,3,200114868,3641204,88645362,32319211,2023,27680004,277874402,27637344,277700186,3980610,474821,308876,9009709,0,231436669,588746752,738197504,0,0
sample,grid_65_session,session_grid_large,gpu_inline_certified,4,4,4226,20867,256,1024,0,747871357,11432,1067630352,5370137880,0,7185651021,7185651021,2056723748,1707570134,1719380840,0,1024,1024,1,1,4,3,1,4,4,200114868,3641204,106971228,39820714,2023,27680004,364540220,27637344,364322009,5270128,602954,388457,10143011,8032563,308455541,588746752,738197504,0,0
sample,grid_65_session,session_grid_large,gpu_inline_certified,5,1,4226,20867,256,256,0,207386178,11491,485492496,1339029573,0,2031919738,2031919738,2031919738,0,0,0,256,256,1,1,1,0,1,1,1,194986663,3658437,52417188,17325227,2384,28701899,104076557,28659839,104014914,1354442,183959,156498,5460087,0,77169155,588746752,738197504,0,0
sample,grid_65_session,session_grid_large,gpu_inline_certified,5,2,4226,20867,256,512,0,395240449,11491,680755936,2664782226,0,3740790102,3740790102,2031919738,1708870364,1708870364,0,512,512,1,1,2,1,1,2,2,194986663,3658437,71077219,25047309,2384,28701899,190743787,28659839,190639039,2668357,332742,239015,7544565,0,155753559,588746752,738197504,0,0
sample,grid_65_session,session_grid_large,gpu_inline_certified,5,3,4226,20867,256,768,0,571114934,11491,873225301,3992259957,0,5436611683,5436611683,2031919738,1695821581,1708870364,0,768,768,1,1,3,2,1,3,3,194986663,3658437,89338292,32604158,2384,28701899,277417619,28659839,277249950,3966432,478077,333455,8693026,0,233044859,588746752,738197504,0,0
sample,grid_65_session,session_grid_large,gpu_inline_certified,5,4,4226,20867,256,1024,0,750245712,11491,1065476754,5323571274,0,7139305231,7139305231,2031919738,1702693548,1708870364,0,1024,1024,1,1,4,3,1,4,4,194986663,3658437,107690651,40120201,2384,28701899,364113828,28659839,363879004,5281990,679650,415270,9835947,7816763,309989834,588746752,738197504,0,0
sample,grid_65_session,session_grid_large,gpu_inline_certified,6,1,4226,20867,256,256,0,208012723,13275,484356693,1339864118,0,2032246809,2032246809,2032246809,0,0,0,256,256,1,1,1,0,1,1,1,194481898,3635484,52352765,16720381,1864,27473511,105234766,27428640,105175584,1367868,177166,158390,5591308,0,77161292,588222464,738197504,0,0
sample,grid_65_session,session_grid_large,gpu_inline_certified,6,2,4226,20867,256,512,0,395908806,13275,679300159,2674916118,0,3750138358,3750138358,2032246809,1717891549,1717891549,0,512,512,1,1,2,1,1,2,2,194481898,3635484,70963286,24284524,1864,27473511,191998466,27428640,191896061,2706751,323804,250576,7656930,0,155523065,588222464,738197504,0,0
sample,grid_65_session,session_grid_large,gpu_inline_certified,6,3,4226,20867,256,768,0,571538937,13275,871437937,4002909886,0,5445900035,5445900035,2032246809,1695761677,1717891549,0,768,768,1,1,3,2,1,3,3,194481898,3635484,89354439,31657646,1864,27473511,278710747,27428640,278567901,3998314,465784,329315,8828103,0,232500832,588222464,738197504,0,0
sample,grid_65_session,session_grid_large,gpu_inline_certified,6,4,4226,20867,256,1024,0,750980314,13275,1063471747,5337665513,0,7152130849,7152130849,2032246809,1706230814,1717891549,0,1024,1024,1,1,4,3,1,4,4,194481898,3635484,107652056,39063338,1864,27473511,365491989,27428640,365283803,5295979,604888,409116,10099277,7577699,309262347,588222464,738197504,0,0
sample,grid_65_session,session_grid_large,gpu_inline_certified,7,1,4226,20867,256,256,0,209985860,17944,484961111,1330293522,0,2025258437,2025258437,2025258437,0,0,0,256,256,1,1,1,0,1,1,1,193363555,3517689,52706527,17196566,1984,27622002,104382404,27583423,104327708,1426288,236911,149144,5474125,0,78883916,588234752,738197504,0,0
sample,grid_65_session,session_grid_large,gpu_inline_certified,7,2,4226,20867,256,512,0,393617434,17944,677782267,2660644224,0,3732061869,3732061869,2025258437,1706803432,1706803432,0,512,512,1,1,2,1,1,2,2,193363555,3517689,71009755,24528017,1984,27622002,191081772,27583423,190984027,2702972,393398,239966,7492197,0,155828960,588234752,738197504,0,0
sample,grid_65_session,session_grid_large,gpu_inline_certified,7,3,4226,20867,256,768,0,569304814,17944,871407578,3994167189,0,5434897525,5434897525,2025258437,1702835656,1706803432,0,768,768,1,1,3,2,1,3,3,193363555,3517689,89577714,32409855,1984,27622002,277817588,27583423,277673851,3957023,553411,319166,8534166,0,233733425,588234752,738197504,0,0
sample,grid_65_session,session_grid_large,gpu_inline_certified,7,4,4226,20867,256,1024,0,752980762,17944,1067087321,5343073606,0,7163159633,7163159633,2025258437,1706803432,1728262108,0,1024,1024,1,1,4,3,1,4,4,193363555,3517689,108493955,40582924,1984,27622002,364574285,27583423,364376315,5317827,719176,413966,9678339,7773191,312801619,588234752,738197504,0,0
sample,grid_65_session,session_grid_large,gpu_inline_certified,8,1,4226,20867,256,256,0,206973580,11222,487244245,1350268362,0,2044497409,2044497409,2044497409,0,0,0,256,256,1,1,1,0,1,1,1,197340196,3770671,52492319,16831481,2044,27413165,104868077,27366655,104802846,1345736,182095,148181,5675056,0,77175224,588746752,738197504,0,0
sample,grid_65_session,session_grid_large,gpu_inline_certified,8,2,4226,20867,256,512,0,390442095,11222,681126546,2688505577,0,3760085440,3760085440,2044497409,1715588031,1715588031,0,512,512,1,1,2,1,1,2,2,197340196,3770671,71033007,24828887,2044,27413165,191599535,27366655,191487614,2650023,367286,241659,7673952,0,154206121,588746752,738197504,0,0
sample,grid_65_session,session_grid_large,gpu_inline_certified,8,3,4226,20867,256,768,0,566162978,11222,874094611,4024595985,0,5464864796,5464864796,2044497409,1704779356,1715588031,0,768,768,1,1,3,2,1,3,3,197340196,3770671,89650431,32708480,2044,27413165,278299482,27366655,278135165,4043780,538481,348552,8725990,0,231253339,588746752,738197504,0,0
sample,grid_65_session,session_grid_large,gpu_inline_certified,8,4,4226,20867,256,1024,0,745797483,11222,1067495497,5362858028,0,7176162230,7176162230,2044497409,1711297434,1715588031,0,1024,1024,1,1,4,3,1,4,4,197340196,3770671,108237226,40699084,2044,27413165,365117194,27366655,364903356,5408512,742137,437472,9876655,7923265,308451141,588746752,738197504,0,0
sample,grid_65_session,session_grid_large,gpu_inline_certified,9,1,4226,20867,256,256,0,209444492,20409,487254253,1325369677,0,2022088831,2022088831,2022088831,0,0,0,256,256,1,1,1,0,1,1,1,198635816,3669207,50816658,16906173,2234,27578641,104188727,27507520,104134238,1303125,164793,179942,6129820,0,77679117,588640256,738197504,0,0
sample,grid_65_session,session_grid_large,gpu_inline_certified,9,2,4226,20867,256,512,0,392624379,20409,680822916,2655691709,0,3729159413,3729159413,2022088831,1707070582,1707070582,0,512,512,1,1,2,1,1,2,2,198635816,3669207,69188364,24453275,2234,27578641,190901088,27507520,190797726,2651165,360805,274742,8207265,0,154900314,588640256,738197504,0,0
sample,grid_65_session,session_grid_large,gpu_inline_certified,9,3,4226,20867,256,768,0,568056372,20409,873713362,3993108594,0,5434898737,5434898737,2022088831,1705739324,1707070582,0,768,768,1,1,3,2,1,3,3,198635816,3669207,87692382,32342827,2234,27578641,277633285,27507520,277470716,3936506,531019,364562,9270003,0,232056880,588640256,738197504,0,0
sample,grid_65_session,session_grid_large,gpu_inline_certified,9,4,4226,20867,256,1024,0,747334388,20409,1067705009,5348770715,0,7163830521,7163830521,2022088831,1707070582,1728931784,0,1024,1024,1,1,4,3,1,4,4,198635816,3669207,106449942,39836337,2234,27578641,364416109,27507520,364196444,5195937,672498,448021,10391854,7991254,310408413,588640256,738197504,0,0
sample,grid_65_session,session_grid_large,gpu_inline_certified,10,1,4226,20867,256,256,0,208209837,11962,487528384,1332701139,0,2028451322,2028451322,2028451322,0,0,0,256,256,1,1,1,0,1,1,1,196867859,3616709,53272060,16987318,3507,28097446,104110219,28055967,104059235,1385240,167098,127774,5567401,0,77325753,588304384,738197504,0,0
sample,grid_65_session,session_grid_large,gpu_inline_certified,10,2,4226,20867,256,512,0,392285605,11962,681418689,2665138237,0,3738854493,3738854493,2028451322,1710403171,1710403171,0,512,512,1,1,2,1,1,2,2,196867859,3616709,71549307,24441253,3507,28097446,191110497,28055967,191017090,2763267,324607,193088,7660085,0,154791064,588304384,738197504,0,0
sample,grid_65_session,session_grid_large,gpu_inline_certified,10,3,4226,20867,256,768,0,571881775,11962,876700135,4001250142,0,5449844014,5449844014,2028451322,1710403171,1710989521,0,768,768,1,1,3,2,1,3,3,196867859,3616709,90468293,32384156,3507,28097446,277822127,28055967,277657279,4197590,593988,295433,8978588,0,233374439,588304384,738197504,0,0
sample,grid_65_session,session_grid_large,gpu_inline_certified,10,4,4226,20867,256,1024,0,751333573,11962,1069838441,5333814651,0,7154998627,7154998627,2028451322,1710403171,1710989521,0,1024,1024,1,1,4,3,1,4,4,196867859,3616709,108836974,39875170,3507,28097446,364659466,28055967,364444637,5543756,743702,362040,10214745,6527716,311017067,588304384,738197504,0,0
sample,grid_65_session,session_grid_large,gpu_inline_certified,11,1,4226,20867,256,256,0,208894086,11622,485503939,1334369228,0,2028778875,2028778875,2028778875,0,0,0,256,256,1,1,1,0,1,1,1,195194282,3629392,53031884,16959605,2094,27607004,104281214,27562976,104222525,1305720,164733,157760,5788833,0,77381418,588484608,738197504,0,0
sample,grid_65_session,session_grid_large,gpu_inline_certified,11,2,4226,20867,256,512,0,396257937,11622,678639341,2663904237,0,3738813137,3738813137,2028778875,1710034262,1710034262,0,512,512,1,1,2,1,1,2,2,195194282,3629392,71415764,24408249,2094,27607004,191047619,27562976,190929372,2562056,292887,248794,7869554,0,154361646,588484608,738197504,0,0
sample,grid_65_session,session_grid_large,gpu_inline_certified,11,3,4226,20867,256,768,0,573035565,11622,871789360,3999227598,0,5444064145,5444064145,2028778875,1705251008,1710034262,0,768,768,1,1,3,2,1,3,3,195194282,3629392,89998552,32277481,2094,27607004,277837749,27562976,277665434,3859961,467408,329908,8952971,0,231632558,588484608,738197504,0,0
sample,grid_65_session,session_grid_large,gpu_inline_certified,11,4,4226,20867,256,1024,0,752149311,11622,1064198933,5337727190,0,7154087056,7154087056,2028778875,1710022911,1710034262,0,1024,1024,1,1,4,3,1,4,4,195194282,3629392,108331896,40021967,2094,27607004,364660890,27562976,364447353,5117560,602385,408777,10050085,7769673,308572601,588484608,738197504,0,0
sample,grid_65_session,session_grid_large,gpu_inline_certified,12,1,4226,20867,256,256,0,209923029,18936,484471118,1325218664,0,2019631747,2019631747,2019631747,0,0,0,256,256,1,1,1,0,1,1,1,195083661,3694506,52670298,16600703,2254,27683169,104352658,27643295,104295294,1350164,158301,153090,5462001,0,77260313,588746752,738197504,0,0
sample,grid_65_session,session_grid_large,gpu_inline_certified,12,2,4226,20867,256,512,0,393131541,18936,677522961,2644422608,0,3715096046,3715096046,2019631747,1695464299,1695464299,0,512,512,1,1,2,1,1,2,2,195083661,3694506,70950220,24127847,2254,27683169,191105736,27643295,190987260,2606008,286564,240205,7518236,0,154224555,588746752,738197504,0,0
sample,grid_65_session,session_grid_large,gpu_inline_certified,12,3,4226,20867,256,768,0,568330733,18936,870540278,3974791504,0,5413681451,5413681451,2019631747,1695464299,1698585405,0,768,768,1,1,3,2,1,3,3,195083661,3694506,89483935,32171571,2254,27683169,277837293,27643295,277678329,3860741,426069,320828,8632261,0,231343990,588746752,738197504,0,0
sample,grid_65_session,session_grid_large,gpu_inline_certified,12,4,4226,20867,256,1024,0,747994484,18936,1063007752,5303140103,0,7114161275,7114161275,2019631747,1698585405,1700479824,0,1024,1024,1,1,4,3,1,4,4,195083661,3694506,107825394,39590249,2254,27683169,364645637,27643295,364426201,5164988,577597,413545,9880241,7664243,308446511,588746752,738197504,0,0
sample,grid_65_session,session_grid_large,gpu_inline_certified,13,1,4226,20867,256,256,0,207326289,12153,481671073,1346227399,0,2035236914,2035236914,2035236914,0,0,0,256,256,1,1,1,0,1,1,1,192204825,3769548,52583072,17483670,1904,27353503,104091232,27315935,104035740,1321610,167157,141088,5432626,0,77120838,588500992,738197504,0,0
sample,grid_65_session,session_grid_large,gpu_inline_certified,13,2,4226,20867,256,512,0,390369817,12153,675694722,2673180180,0,3739256872,3739256872,2035236914,1704019958,1704019958,0,512,512,1,1,2,1,1,2,2,192204825,3769548,70987561,25438495,1904,27353503,190958226,27315935,190862781,2636197,308897,218535,7458223,0,154358808,588500992,738197504,0,0
sample,grid_65_session,session_grid_large,gpu_inline_certified,13,3,4226,20867,256,768,0,567244021,12153,867995239,3996964225,0,5432215638,5432215638,2035236914,1692958766,1704019958,0,768,768,1,1,3,2,1,3,3,192204825,3769548,89384867,32821364,1904,27353503,277782271,27315935,277641854,3962004,479602,313345,8698699,0,231223307,588500992,738197504,0,0
sample,grid_65_session,session_grid_large,gpu_inline_certified,13,4,4226,20867,256,1024,0,746364200,12153,1060833017,5325546392,0,7132755762,7132755762,2035236914,1700540124,1704019958,0,1024,1024,1,1,4,3,1,4,4,192204825,3769548,107993955,40133840,1904,27353503,364553342,27315935,364362045,5262895,635487,399419,9951228,7746541,308573071,588500992,738197504,0,0
sample,grid_65_session,session_grid_large,gpu_inline_certified,14,1,4226,20867,256,256,0,212005765,12694,481186594,1329969121,0,2023174174,2023174174,2023174174,0,0,0,256,256,1,1,1,0,1,1,1,191999065,3614123,51315265,17349826,2265,27575553,104677978,27535520,104623004,1316399,175012,151940,5557092,0,77452076,588533760,738197504,0,0
sample,grid_65_session,session_grid_large,gpu_inline_certified,14,2,4226,20867,256,512,0,395144394,12694,674570830,2666460909,0,3736188827,3736188827,2023174174,1713014653,1713014653,0,512,512,1,1,2,1,1,2,2,191999065,3614123,69690679,24858444,2265,27575553,191512894,27535520,191397339,2688915,306131,243986,7604269,0,154474506,588533760,738197504,0,0
sample,grid_65_session,session_grid_large,gpu_inline_certified,14,3,4226,20867,256,768,0,571226554,12694,867693438,4004736215,0,5443668901,5443668901,2023174174,1707480074,1713014653,0,768,768,1,1,3,2,1,3,3,191999065,3614123,88289056,32638959,2265,27575553,278338111,27535520,278157849,3984345,481174,326412,8717654,0,231726721,588533760,738197504,0,0
sample,grid_65_session,session_grid_large,gpu_inline_certified,14,4,4226,20867,256,1024,0,750820052,12694,1060128230,5343593216,0,7154554192,7154554192,2023174174,1710885291,1713014653,0,1024,1024,1,1,4,3,1,4,4,191999065,3614123,106632789,40063919,2265,27575553,365215196,27535520,364993209,5280066,616370,408157,9883618,7743435,308837109,588533760,738197504,0,0
sample,grid_65_session,session_grid_large,gpu_inline_certified,15,1,4226,20867,256,256,0,206669774,10900,489095393,1334667586,0,2030443653,2030443653,2030443653,0,0,0,256,256,1,1,1,0,1,1,1,197317734,3622078,54499030,16966098,2385,27448272,104777827,27407552,104719970,1374690,177266,198997,5484706,0,77226310,588746752,738197504,0,0
sample,grid_65_session,session_grid_large,gpu_inline_certified,15,2,4226,20867,256,512,0,389518894,10900,682225516,2665672046,0,3737427356,3737427356,2030443653,1706983703,1706983703,0,512,512,1,1,2,1,1,2,2,197317734,3622078,72990995,24425643,2385,27448272,191677815,27407552,191574017,2754380,323473,291011,7622585,0,153749145,588746752,738197504,0,0
sample,grid_65_session,session_grid_large,gpu_inline_certified,15,3,4226,20867,256,768,0,564076919,10900,874902479,3989309121,0,5428299419,5428299419,2030443653,1690872063,1706983703,0,768,768,1,1,3,2,1,3,3,197317734,3622078,91456300,32270039,2385,27448272,278612619,27407552,278446654,4081420,482515,372376,8682999,0,230553742,588746752,738197504,0,0
sample,grid_65_session,session_grid_large,gpu_inline_certified,15,4,4226,20867,256,1024,0,743371147,10900,1067498276,5329432640,0,7140312963,7140312963,2030443653,1706983703,1712013544,0,1024,1024,1,1,4,3,1,4,4,197317734,3622078,109769026,39876673,2385,27448272,365559675,27407552,365318975,5442514,653330,457789,9901983,7661960,307446817,588746752,738197504,0,0
sample,grid_65_session,session_grid_large,gpu_inline_certified,16,1,4226,20867,256,256,0,208160573,12063,486585695,1330493533,0,2025251864,2025251864,2025251864,0,0,0,256,256,1,1,1,0,1,1,1,196705001,3613462,52095576,17089111,1994,28177638,104365623,28137855,104309056,1342059,177617,154234,5666931,0,77196449,588746752,738197504,0,0
sample,grid_65_session,session_grid_large,gpu_inline_certified,16,2,4226,20867,256,512,0,391188061,12063,680580370,2662197025,0,3733977519,3733977519,2025251864,1708725655,1708725655,0,512,512,1,1,2,1,1,2,2,196705001,3613462,70459247,24869445,1994,28177638,191271672,28137855,191163295,2778536,424525,271857,7889111,0,154117882,588746752,738197504,0,0
sample,grid_65_session,session_grid_large,gpu_inline_certified,16,3,4226,20867,256,768,0,567032298,12063,874030369,4004348116,0,5445422846,5445422846,2025251864,1708725655,1711445327,0,768,768,1,1,3,2,1,3,3,196705001,3613462,89232225,32869047,1994,28177638,278122978,28137855,277971294,4118901,583136,353001,9035698,0,231217288,588746752,738197504,0,0
sample,grid_65_session,session_grid_large,gpu_inline_certified,16,4,4226,20867,256,1024,0,749205635,12063,1068831205,5345853826,0,7163902729,7163902729,2025251864,1711445327,1718479883,0,1024,1024,1,1,4,3,1,4,4,196705001,3613462,107939759,40882594,1994,28177638,364996707,28137855,364801085,5449117,720547,435798,10218685,7662160,309689903,588746752,738197504,0,0
sample,grid_65_session,session_grid_large,gpu_inline_certified,17,1,4226,20867,256,256,0,208086345,11792,493457958,1331792785,0,2033348880,2033348880,2033348880,0,0,0,256,256,1,1,1,0,1,1,1,203138006,3781631,51874707,17596966,2094,27509629,104765503,27467807,104708156,1358169,161237,144824,5462884,0,77662308,588746752,738197504,0,0
sample,grid_65_session,session_grid_large,gpu_inline_certified,17,2,4226,20867,256,512,0,392009034,11792,688337823,2666297011,0,3746655660,3746655660,2033348880,1713306780,1713306780,0,512,512,1,1,2,1,1,2,2,203138006,3781631,70187342,25121976,2094,27509629,191690319,27467807,191540509,2789447,383017,237068,7540639,0,155956655,588746752,738197504,0,0
sample,grid_65_session,session_grid_large,gpu_inline_certified,17,3,4226,20867,256,768,0,571335184,11792,884203570,4005979371,0,5461529917,5461529917,2033348880,1713306780,1714874257,0,768,768,1,1,3,2,1,3,3,203138006,3781631,89380759,33108272,2094,27509629,278553486,27467807,278350267,4151924,569882,322950,8677398,0,235007539,588746752,738197504,0,0
sample,grid_65_session,session_grid_large,gpu_inline_certified,17,4,4226,20867,256,1024,0,753855939,11792,1077973367,5333050307,0,7164891405,7164891405,2033348880,1713306780,1714874257,0,1024,1024,1,1,4,3,1,4,4,203138006,3781631,107929952,41037509,2094,27509629,365503870,27467807,365233496,5484174,748812,411248,10000119,8469964,312426323,588746752,738197504,0,0
sample,grid_65_session,session_grid_large,gpu_inline_certified,18,1,4226,20867,256,256,0,206646098,11813,490915718,1347774550,0,2045348179,2045348179,2045348179,0,0,0,256,256,1,1,1,0,1,1,1,200318542,3527820,52186919,17734256,2094,27330799,105034283,27293632,104980446,1374620,158692,142250,5728488,0,77376955,588746752,738197504,0,0
sample,grid_65_session,session_grid_large,gpu_inline_certified,18,2,4226,20867,256,512,0,390021857,11813,685062291,2680787739,0,3755883700,3755883700,2045348179,1710535521,1710535521,0,512,512,1,1,2,1,1,2,2,200318542,3527820,70766420,25543886,2094,27330799,192095607,27293632,191965116,2735324,317875,230779,7737102,0,154456043,588746752,738197504,0,0
sample,grid_65_session,session_grid_large,gpu_inline_certified,18,3,4226,20867,256,768,0,565549693,11813,878633892,4016627796,0,5460823194,5460823194,2045348179,1704939494,1710535521,0,768,768,1,1,3,2,1,3,3,200318542,3527820,89295847,33361581,2094,27330799,278970236,27293632,278788954,4283344,506072,324947,8814358,0,231898252,588746752,738197504,0,0
sample,grid_65_session,session_grid_large,gpu_inline_certified,18,4,4226,20867,256,1024,0,744916220,11813,1071946320,5351036530,0,7167910883,7167910883,2045348179,1707087689,1710535521,0,1024,1024,1,1,4,3,1,4,4,200318542,3527820,107880479,41224361,2094,27330799,365891352,27293632,365673497,5666911,674112,432692,10001893,7333175,308995265,588746752,738197504,0,0
sample,grid_65_session,session_grid_large,gpu_inline_certified,19,1,4226,20867,256,256,0,207942221,18375,483085895,1337060328,0,2028106819,2028106819,2028106819,0,0,0,256,256,1,1,1,0,1,1,1,192183326,3592733,52200366,16560498,1923,27901603,104881874,27857727,104741980,1338943,178989,140798,5525523,0,78579319,588746752,738197504,0,0
sample,grid_65_session,session_grid_large,gpu_inline_certified,19,2,4226,20867,256,512,0,392854629,18375,678408462,2667164085,0,3738445551,3738445551,2028106819,1710338732,1710338732,0,512,512,1,1,2,1,1,2,2,192183326,3592733,70860931,24305296,1923,27901603,191813494,27857727,191628381,2684127,338903,218015,7589132,0,156918979,588746752,738197504,0,0
sample,grid_65_session,session_grid_large,gpu_inline_certified,19,3,4226,20867,256,768,0,569287676,18375,870940210,4006951522,0,5447197783,5447197783,2028106819,1708752232,1710338732,0,768,768,1,1,3,2,1,3,3,192183326,3592733,89153899,31627079,1923,27901603,278780168,27857727,278548317,4027839,473399,306674,8849205,0,234042362,588746752,738197504,0,0
sample,grid_65_session,session_grid_large,gpu_inline_certified,19,4,4226,20867,256,1024,0,750217081,18375,1068999835,5341655746,0,7160891037,7160891037,2028106819,1710338732,1713693254,0,1024,1024,1,1,4,3,1,4,4,192183326,3592733,107457817,39134185,1923,27901603,365839199,27857727,365552029,5417948,607413,434668,10044584,7307106,316384436,588746752,738197504,0,0
summary,grid_65_session,session_grid_large,gpu_inline_certified,1,20,2019631747,2030443653,2045348179,2056723748,2030443653,2030443653,0,0,125.98922841902134,588746752,738197504
summary,grid_65_session,session_grid_large,gpu_inline_certified,2,20,3715096046,3739256872,3764293882,3768760914,3739256872,2030443653,1710034262,1718307222,136.9247158008383,588746752,738197504
summary,grid_65_session,session_grid_large,gpu_inline_certified,3,20,5413681451,5445422846,5466270181,5470048559,5445422846,2030443653,1704612114,1718307222,141.0235213764808,588746752,738197504
summary,grid_65_session,session_grid_large,gpu_inline_certified,4,20,7114161275,7157453605,7185651021,7189009094,7157453605,2030443653,1707087689,1728435907,142.99896405475775,588746752,738197504
sample,grid_65_session,session_grid_large,gpu_candidate_runtime,0,1,4226,20867,256,256,0,209246746,18886,487437856,391733788,1335854647,1088437276,2424291923,1088437276,0,0,0,256,256,1,1,1,0,1,1,1,198499418,3631286,51761592,16919569,1954,27423485,104289208,27381343,104234107,1321429,166926,151027,5742033,0,77529929,574328832,738197504,0,0
sample,grid_65_session,session_grid_large,gpu_candidate_runtime,0,2,4226,20867,256,512,0,392848404,18886,681541817,781562439,2664491778,1855971546,4520463324,1088437276,767534270,767534270,0,512,512,1,1,2,1,1,2,2,198499418,3631286,70389395,24543006,1954,27423485,191316128,27381343,191219929,2626437,305980,231670,7770835,0,154802223,574328832,738197504,0,0
sample,grid_65_session,session_grid_large,gpu_candidate_runtime,0,3,4226,20867,256,768,0,568794365,18886,873899252,1172237607,3991548976,2614950110,6606499086,1088437276,758978564,767534270,0,768,768,1,1,3,2,1,3,3,198499418,3631286,88674408,31960461,1954,27423485,278260289,27381343,278120470,3945842,454612,312414,8928173,0,231806910,574328832,738197504,0,0
sample,grid_65_session,session_grid_large,gpu_candidate_runtime,0,4,4226,20867,256,1024,0,745236807,18886,1077573434,1562934685,5333187446,3385763812,8718951258,1088437276,767534270,770813702,0,1024,1024,1,1,4,3,1,4,4,198499418,3631286,106969820,39841136,1954,27423485,376068890,27381343,375876279,5313308,610367,408396,10130716,8615570,308674658,574328832,738197504,0,0
sample,grid_65_session,session_grid_large,gpu_candidate_runtime,1,1,4226,20867,256,256,0,208000128,18936,491132698,387415415,1324000205,1086567177,2410567382,1086567177,0,0,0,256,256,1,1,1,0,1,1,1,202159397,3467284,52363134,16580926,2094,27491824,104512753,27455135,104456322,1400179,163220,153892,5497750,0,77340245,574328832,738197504,0,0
sample,grid_65_session,session_grid_large,gpu_candidate_runtime,1,2,4226,20867,256,512,0,390858444,18936,684508635,773760589,2645772750,1849146604,4494919354,1086567177,762579427,762579427,0,512,512,1,1,2,1,1,2,2,202159397,3467284,70647575,24002629,2094,27491824,191510075,27455135,191378719,2697713,313646,245647,7549596,0,154421155,574328832,738197504,0,0
sample,grid_65_session,session_grid_large,gpu_candidate_runtime,1,3,4226,20867,256,768,0,566050621,18936,877205574,1166809431,3976588990,2610084562,6586673552,1086567177,760937958,762579427,0,768,768,1,1,3,2,1,3,3,202159397,3467284,88952866,31399556,2094,27491824,278472632,27455135,278297501,4007250,460646,332232,8743894,0,231715899,574328832,738197504,0,0
sample,grid_65_session,session_grid_large,gpu_candidate_runtime,1,4,4226,20867,256,1024,0,742836956,18936,1077441369,1560134347,5314842653,3380431608,8695274261,1086567177,762579427,770347046,0,1024,1024,1,1,4,3,1,4,4,202159397,3467284,107324772,38890751,2094,27491824,372973023,27455135,372748859,5287972,606754,415942,9949884,7887738,308871672,574328832,738197504,0,0
sample,grid_65_session,session_grid_large,gpu_candidate_runtime,2,1,4226,20867,256,256,0,206912193,11642,485412445,392110491,1342862084,1084446771,2427308855,1084446771,0,0,0,256,256,1,1,1,0,1,1,1,195289270,3675119,52558105,16609890,2013,27538093,104789468,27474239,104732385,1342128,180562,148342,5696888,0,77582567,574328832,738197504,0,0
sample,grid_65_session,session_grid_large,gpu_candidate_runtime,2,2,4226,20867,256,512,0,391542363,11642,678522448,783854986,2687058273,1853931439,4540989712,1084446771,769484668,769484668,0,512,512,1,1,2,1,1,2,2,195289270,3675119,70804002,24097288,2013,27538093,191944029,27474239,191828832,2675650,316781,231400,7722675,0,154226128,574328832,738197504,0,0
sample,grid_65_session,session_grid_large,gpu_candidate_runtime,2,3,4226,20867,256,768,0,567273706,11642,871932882,1171952329,4022166842,2611170559,6633337401,1084446771,757239120,769484668,0,768,768,1,1,3,2,1,3,3,195289270,3675119,89413280,31950220,2013,27538093,278902398,27474239,278732382,4001067,489077,325629,8767348,0,231579368,574328832,738197504,0,0
sample,grid_65_session,session_grid_large,gpu_candidate_runtime,2,4,4226,20867,256,1024,0,742986584,11642,1064399175,1564768192,5355045777,3372165593,8727211370,1084446771,760995034,769484668,0,1024,1024,1,1,4,3,1,4,4,195289270,3675119,107761432,39366854,2013,27538093,365895563,27474239,365684444,5331653,652177,404539,9950876,7703408,308531586,574328832,738197504,0,0
sample,grid_65_session,session_grid_large,gpu_candidate_runtime,3,1,4226,20867,256,256,0,206968782,19036,483082895,389068698,1321338400,1079139411,2400477811,1079139411,0,0,0,256,256,1,1,1,0,1,1,1,194261711,3635233,52164678,16625090,2034,27390011,104363420,27349184,104302653,1332661,185433,145176,5506236,0,77471212,574328832,738197504,0,0
sample,grid_65_session,session_grid_large,gpu_candidate_runtime,3,2,4226,20867,256,512,0,390752236,19036,676535410,776165511,2650732114,1843472193,4494204307,1079139411,764332782,764332782,0,512,512,1,1,2,1,1,2,2,194261711,3635233,70636745,23964698,2034,27390011,191308192,27349184,191208317,2616148,318887,226129,7633064,0,154542558,574328832,738197504,0,0
sample,grid_65_session,session_grid_large,gpu_candidate_runtime,3,3,4226,20867,256,768,0,568847228,19036,869812090,1170243930,3993932407,2608922284,6602854691,1079139411,764332782,765450091,0,768,768,1,1,3,2,1,3,3,194261711,3635233,88947696,31410107,2034,27390011,278240881,27349184,278081371,3947607,467610,316010,8775684,0,232417506,574328832,738197504,0,0
sample,grid_65_session,session_grid_large,gpu_candidate_runtime,3,4,4226,20867,256,1024,0,744130971,19036,1063703818,1568171520,5325755324,3376025345,8701780669,1079139411,765450091,767103061,0,1024,1024,1,1,4,3,1,4,4,194261711,3635233,107873645,39001843,2034,27390011,365172018,27349184,364941784,5289825,624298,404269,9917261,7348364,310131670,574328832,738197504,0,0
sample,grid_65_session,session_grid_large,gpu_candidate_runtime,4,1,4226,20867,256,256,0,208423564,12012,487331822,389376802,1328459631,1085144200,2413603831,1085144200,0,0,0,256,256,1,1,1,0,1,1,1,198622542,3674717,52387110,16679754,1824,27295131,104176435,27253919,104119775,1340996,156989,153501,5618179,0,77224644,574066688,738197504,0,0
sample,grid_65_session,session_grid_large,gpu_candidate_runtime,4,2,4226,20867,256,512,0,391861481,12012,680031837,776455631,2658982933,1848360961,4507343894,1085144200,763216761,763216761,0,512,512,1,1,2,1,1,2,2,198622542,3674717,70631134,24037276,1824,27295131,191083977,27253919,190966333,2679528,308878,234344,7689022,0,153773464,574066688,738197504,0,0
sample,grid_65_session,session_grid_large,gpu_candidate_runtime,4,3,4226,20867,256,768,0,568102773,12012,873741208,1168734344,3991077099,2610590337,6601667436,1085144200,762229376,763216761,0,768,768,1,1,3,2,1,3,3,198622542,3674717,89227167,32240764,1824,27295131,278057504,27253919,277863581,4059769,502055,323232,8808799,0,230927704,574066688,738197504,0,0
sample,grid_65_session,session_grid_large,gpu_candidate_runtime,4,4,4226,20867,256,1024,0,747697112,12012,1081330678,1566262034,5333259300,3395301836,8728561136,1085144200,763216761,784711499,0,1024,1024,1,1,4,3,1,4,4,198622542,3674717,108256242,40706029,1824,27295131,375929357,27253919,375687356,5422427,678790,411860,9845337,7722866,310486422,574066688,738197504,0,0
sample,grid_65_session,session_grid_large,gpu_candidate_runtime,5,1,4226,20867,256,256,0,208386825,11502,492959400,388046587,1329245316,1089404314,2418649630,1089404314,0,0,0,256,256,1,1,1,0,1,1,1,202787761,3622739,53518539,16430580,2335,27342381,104646298,27305088,104591647,1334965,153973,157419,5530642,0,77431768,574328832,738197504,0,0
sample,grid_65_session,session_grid_large,gpu_candidate_runtime,5,2,4226,20867,256,512,0,390928451,11502,686036010,774625386,2654623727,1851601349,4506225076,1089404314,762197035,762197035,0,512,512,1,1,2,1,1,2,2,202787761,3622739,71824952,23749118,2335,27342381,191785880,27305088,191687071,2622570,313707,238433,7552461,0,154193673,574328832,738197504,0,0
sample,grid_65_session,session_grid_large,gpu_candidate_runtime,5,3,4226,20867,256,768,0,566700581,11502,878241007,1170699176,3979891878,2615652266,6595544144,1089404314,762197035,764050917,0,768,768,1,1,3,2,1,3,3,202787761,3622739,90053648,31314073,2335,27342381,278730673,27305088,278589757,3918131,447291,324627,8710120,0,230987228,574328832,738197504,0,0
sample,grid_65_session,session_grid_large,gpu_candidate_runtime,5,4,4226,20867,256,1024,0,741713921,11502,1081832084,1564134265,5316152846,3387691772,8703844618,1089404314,764050917,772039506,0,1024,1024,1,1,4,3,1,4,4,202787761,3622739,108350012,39247007,2335,27342381,376664453,27305088,376483486,5241344,583459,411172,9892465,7264265,307686956,574328832,738197504,0,0
sample,grid_65_session,session_grid_large,gpu_candidate_runtime,6,1,4226,20867,256,256,0,209528642,18676,490971364,392303470,1336430039,1092822152,2429252191,1092822152,0,0,0,256,256,1,1,1,0,1,1,1,201254960,3612401,51770629,17429457,2234,27600992,104589319,27562944,104538947,1336438,169852,152099,5599283,0,77453700,574328832,738197504,0,0
sample,grid_65_session,session_grid_large,gpu_candidate_runtime,6,2,4226,20867,256,512,0,397266284,18676,685704350,780196676,2663974705,1863185986,4527160691,1092822152,770363834,770363834,0,512,512,1,1,2,1,1,2,2,201254960,3612401,70162545,25059746,2234,27600992,191532730,27562944,191439011,2624544,315558,230949,7653574,0,155654117,574328832,738197504,0,0
sample,grid_65_session,session_grid_large,gpu_candidate_runtime,6,3,4226,20867,256,768,0,575364854,18676,878827468,1167634667,4014825180,2621845665,6636670845,1092822152,758659679,770363834,0,768,768,1,1,3,2,1,3,3,201254960,3612401,88543821,32413690,2234,27600992,278465742,27562944,278309858,3948027,492815,311071,8854424,0,233327291,574328832,738197504,0,0
sample,grid_65_session,session_grid_large,gpu_candidate_runtime,6,4,4226,20867,256,1024,0,755224627,18676,1079367770,1556599188,5341825955,3391210261,8733036216,1092822152,769364596,770363834,0,1024,1024,1,1,4,3,1,4,4,201254960,3612401,107527781,40543257,2234,27600992,370058862,27562944,369845090,5375027,675743,398857,9928123,7417735,312389533,574328832,738197504,0,0
sample,grid_65_session,session_grid_large,gpu_candidate_runtime,7,1,4226,20867,256,256,0,207002486,11301,491127070,394065372,1345118161,1092206229,2437324390,1092206229,0,0,0,256,256,1,1,1,0,1,1,1,201129042,3583406,52209251,16967670,2986,27617635,104937800,27569152,104888707,1366726,193958,157549,5769957,0,77191090,574328832,738197504,0,0
sample,grid_65_session,session_grid_large,gpu_candidate_runtime,7,2,4226,20867,256,512,0,395642570,11301,687193266,787582261,2686630906,1870429398,4557060304,1092206229,778223169,778223169,0,512,512,1,1,2,1,1,2,2,201129042,3583406,70922596,24587590,2986,27617635,191856263,27569152,191765953,2926438,353621,243862,7854055,0,156115772,574328832,738197504,0,0
sample,grid_65_session,session_grid_large,gpu_candidate_runtime,7,3,4226,20867,256,768,0,571297356,11301,880051991,1180170919,4016333875,2631531567,6647865442,1092206229,761102169,778223169,0,768,768,1,1,3,2,1,3,3,201129042,3583406,89438046,32355862,2986,27617635,278836492,27569152,278661889,4233370,512773,327571,8875064,0,233139744,574328832,738197504,0,0
sample,grid_65_session,session_grid_large,gpu_candidate_runtime,7,4,4226,20867,256,1024,0,746890685,11301,1073024112,1571281600,5353621056,3391207698,8744828754,1092206229,761102169,778223169,0,1024,1024,1,1,4,3,1,4,4,201129042,3583406,108026864,40121829,2986,27617635,365815601,27569152,365572609,5562114,689981,415237,9915850,7524068,310143567,574328832,738197504,0,0
sample,grid_65_session,session_grid_large,gpu_candidate_runtime,8,1,4226,20867,256,256,0,207163159,10971,484783812,394109717,1337479023,1086067659,2423546682,1086067659,0,0,0,256,256,1,1,1,0,1,1,1,193983712,3581320,52931914,17068912,2104,28091233,104396932,28052223,104338557,1360363,161036,150085,5494935,0,77561266,574328832,738197504,0,0
sample,grid_65_session,session_grid_large,gpu_candidate_runtime,8,2,4226,20867,256,512,0,390252292,10971,678990198,785332792,2667257675,1854586253,4521843928,1086067659,768518594,768518594,0,512,512,1,1,2,1,1,2,2,193983712,3581320,71462864,24845169,2104,28091233,191386478,28052223,191260957,2690238,344304,241880,7503599,0,154857297,574328832,738197504,0,0
sample,grid_65_session,session_grid_large,gpu_candidate_runtime,8,3,4226,20867,256,768,0,566627386,10971,872276806,1176869704,3999444639,2615784867,6615229506,1086067659,761198614,768518594,0,768,768,1,1,3,2,1,3,3,193983712,3581320,90180629,32649078,2104,28091233,278345198,28052223,278170876,4009453,504097,321482,8639085,0,231969415,574328832,738197504,0,0
sample,grid_65_session,session_grid_large,gpu_candidate_runtime,8,4,4226,20867,256,1024,0,746141231,10971,1065242484,1572952298,5361277677,3384346984,8745624661,1086067659,768518594,768562117,0,1024,1024,1,1,4,3,1,4,4,193983712,3581320,108524112,40240082,2104,28091233,365308595,28052223,365064636,5356360,683468,417904,9808726,7506333,309244868,574328832,738197504,0,0
sample,grid_65_session,session_grid_large,gpu_candidate_runtime,9,1,4226,20867,256,256,0,214890142,11833,489126749,392042601,1334176138,1096071325,2430247463,1096071325,0,0,0,256,256,1,1,1,0,1,1,1,198576294,3630153,51915144,16570967,2044,27323486,104275411,27284095,104212768,1326949,169511,159063,5463225,0,79714502,574066688,738197504,0,0
sample,grid_65_session,session_grid_large,gpu_candidate_runtime,9,2,4226,20867,256,512,0,398167012,11833,682484382,781867472,2665378359,1862530699,4527909058,1096071325,766459374,766459374,0,512,512,1,1,2,1,1,2,2,198576294,3630153,70268406,23959307,2044,27323486,191240353,27284095,191132448,2611568,302203,240789,7600814,0,156728965,574066688,738197504,0,0
sample,grid_65_session,session_grid_large,gpu_candidate_runtime,9,3,4226,20867,256,768,0,574133179,11833,875508732,1174713629,3996964089,2624367373,6621331462,1096071325,761836674,766459374,0,768,768,1,1,3,2,1,3,3,198576294,3630153,88828240,31703032,2044,27323486,278204281,27284095,278046944,3969978,456546,329538,8654725,0,233830415,574066688,738197504,0,0
sample,grid_65_session,session_grid_large,gpu_candidate_runtime,9,4,4226,20867,256,1024,0,749959290,11833,1080858918,1574792042,5336940241,3405622083,8742562324,1096071325,766459374,781254710,0,1024,1024,1,1,4,3,1,4,4,198576294,3630153,107788224,39747308,2044,27323486,375105932,27284095,374903835,5282951,623653,411694,9789029,7655727,312578150,574066688,738197504,0,0
sample,grid_65_session,session_grid_large,gpu_candidate_runtime,10,1,4226,20867,256,256,0,208130205,11712,483284086,388806559,1324246111,1080232562,2404478673,1080232562,0,0,0,256,256,1,1,1,0,1,1,1,193223930,3619133,52391569,16932714,2074,28183970,104758820,28143743,104693345,1358590,182858,152508,5521625,0,76956295,574328832,738197504,0,0
sample,grid_65_session,session_grid_large,gpu_candidate_runtime,10,2,4226,20867,256,512,0,396980151,11712,679199867,778103971,2660201147,1854295701,4514496848,1080232562,774063139,774063139,0,512,512,1,1,2,1,1,2,2,193223930,3619133,71194746,24505363,2074,28183970,191743307,28143743,191631168,2671042,342512,232861,7601565,0,155879364,574328832,738197504,0,0
sample,grid_65_session,session_grid_large,gpu_candidate_runtime,10,3,4226,20867,256,768,0,572146271,11712,871609441,1166903557,3980172860,2610670981,6590843841,1080232562,756375280,774063139,0,768,768,1,1,3,2,1,3,3,193223930,3619133,89574247,31917378,2074,28183970,278711114,28143743,278555487,3957946,480033,317973,8814077,0,232807566,574328832,738197504,0,0
sample,grid_65_session,session_grid_large,gpu_candidate_runtime,10,4,4226,20867,256,1024,0,746814685,11712,1076646894,1559768772,5304632782,3383242063,8687874845,1080232562,772571082,774063139,0,1024,1024,1,1,4,3,1,4,4,193223930,3619133,108075359,40035404,2074,28183970,376579952,28143743,376362558,5256783,627212,403966,9980382,7574724,310658729,574328832,738197504,0,0
sample,grid_65_session,session_grid_large,gpu_candidate_runtime,11,1,4226,20867,256,256,0,207624396,19066,485938134,390521846,1330653314,1084103442,2414756756,1084103442,0,0,0,256,256,1,1,1,0,1,1,1,196740627,3810106,52221815,16823266,1853,27543353,104564660,27500671,104503199,1316961,183398,146819,5527837,0,77057439,574328832,738197504,0,0
sample,grid_65_session,session_grid_large,gpu_candidate_runtime,11,2,4226,20867,256,512,0,391488843,19066,680180658,780906220,2661336065,1852594787,4513930852,1084103442,768491345,768491345,0,512,512,1,1,2,1,1,2,2,196740627,3810106,70795685,24731954,1853,27543353,191528049,27500671,191405534,2648579,356407,226009,7655838,0,154142198,574328832,738197504,0,0
sample,grid_65_session,session_grid_large,gpu_candidate_runtime,11,3,4226,20867,256,768,0,571239367,19066,877594403,1170914621,4000658565,2619767457,6620426022,1084103442,767172670,768491345,0,768,768,1,1,3,2,1,3,3,196740627,3810106,90152352,32789364,1853,27543353,278517246,27500671,278329470,4083704,633262,328494,8961567,0,234032475,574328832,738197504,0,0
sample,grid_65_session,session_grid_large,gpu_candidate_runtime,11,4,4226,20867,256,1024,0,746950301,19066,1074457574,1567176497,5334786661,3388603438,8723390099,1084103442,768491345,768835981,0,1024,1024,1,1,4,3,1,4,4,196740627,3810106,108727295,40243438,1853,27543353,369247197,27500671,369007230,5404171,779269,414738,10172006,7592488,311373521,574328832,738197504,0,0
sample,grid_65_session,session_grid_large,gpu_candidate_runtime,12,1,4226,20867,256,256,0,209561594,19648,486065307,391761110,1329952106,1087407659,2417359765,1087407659,0,0,0,256,256,1,1,1,0,1,1,1,198346098,3734732,51408011,16552191,2104,27443713,104156797,27404703,104098015,1359712,180704,149966,5430151,0,77301128,574328832,738197504,0,0
sample,grid_65_session,session_grid_large,gpu_candidate_runtime,12,2,4226,20867,256,512,0,392967811,19648,679126861,785086590,2660555980,1857200910,4517756890,1087407659,769793251,769793251,0,512,512,1,1,2,1,1,2,2,198346098,3734732,69721779,23976839,2104,27443713,191199667,27404703,191096061,2657177,319096,231732,7457881,0,154036043,574328832,738197504,0,0
sample,grid_65_session,session_grid_large,gpu_candidate_runtime,12,3,4226,20867,256,768,0,570447134,19648,872170699,1176430468,3998653656,2619067949,6617721605,1087407659,761867039,769793251,0,768,768,1,1,3,2,1,3,3,198346098,3734732,88135786,31330734,2104,27443713,278192902,27404703,278040413,3997232,487717,334277,8682366,0,231483038,574328832,738197504,0,0
sample,grid_65_session,session_grid_large,gpu_candidate_runtime,12,4,4226,20867,256,1024,0,750724499,19648,1068377774,1567794886,5334871540,3386916807,8721788347,1087407659,767848858,769793251,0,1024,1024,1,1,4,3,1,4,4,198346098,3734732,107369740,39183377,2104,27443713,365375746,27404703,365177278,5316978,665927,427243,9714376,7578432,310797740,574328832,738197504,0,0
sample,grid_65_session,session_grid_large,gpu_candidate_runtime,13,1,4226,20867,256,256,0,209651195,11482,482199737,389878616,1317641720,1081741030,2399382750,1081741030,0,0,0,256,256,1,1,1,0,1,1,1,193734990,3586591,51278174,16601306,1964,27817985,104752437,27778879,104672926,1358460,203556,153129,5421746,0,77289399,574328832,738197504,0,0
sample,grid_65_session,session_grid_large,gpu_candidate_runtime,13,2,4226,20867,256,512,0,392087801,11482,676176418,776831926,2657538030,1845107627,4502645657,1081741030,763366597,763366597,0,512,512,1,1,2,1,1,2,2,193734990,3586591,69834732,24111567,1964,27817985,191760840,27778879,191620606,2693916,362298,241427,7421533,0,154608575,574328832,738197504,0,0
sample,grid_65_session,session_grid_large,gpu_candidate_runtime,13,3,4226,20867,256,768,0,567491591,11482,868802462,1164740860,3992066967,2601046395,6593113362,1081741030,755938768,763366597,0,768,768,1,1,3,2,1,3,3,193734990,3586591,88178355,31497763,1964,27817985,278711823,27778879,278487739,4021367,494180,327149,8598758,0,231831537,574328832,738197504,0,0
sample,grid_65_session,session_grid_large,gpu_candidate_runtime,13,4,4226,20867,256,1024,0,744099197,11482,1061844175,1558994363,5331152215,3364949217,8696101432,1081741030,763366597,763902822,0,1024,1024,1,1,4,3,1,4,4,193734990,3586591,106768397,39149884,1964,27817985,365651064,27778879,365381371,5358496,655557,417381,9717783,7328406,308984083,574328832,738197504,0,0
sample,grid_65_session,session_grid_large,gpu_candidate_runtime,14,1,4226,20867,256,256,0,207594928,11261,486188252,391910203,1325477147,1085704644,2411181791,1085704644,0,0,0,256,256,1,1,1,0,1,1,1,194697227,3667174,53550008,17585344,2756,27510480,104266607,27466207,104205917,1368369,174853,160004,5540180,0,77665250,574328832,738197504,0,0
sample,grid_65_session,session_grid_large,gpu_candidate_runtime,14,2,4226,20867,256,512,0,391783159,11261,679097625,780071827,2651462281,1850963872,4502426153,1085704644,765259228,765259228,0,512,512,1,1,2,1,1,2,2,194697227,3667174,71832516,24980296,2756,27510480,191203767,27466207,191096666,2659871,328355,239866,7572389,0,154402928,574328832,738197504,0,0
sample,grid_65_session,session_grid_large,gpu_candidate_runtime,14,3,4226,20867,256,768,0,568359538,11261,872152436,1170918004,3999219518,2611441239,6610660757,1085704644,760477367,765259228,0,768,768,1,1,3,2,1,3,3,194697227,3667174,90390206,32808350,2756,27510480,278161460,27466207,277995706,3982793,485152,318005,8729015,0,231399818,574328832,738197504,0,0
sample,grid_65_session,session_grid_large,gpu_candidate_runtime,14,4,4226,20867,256,1024,0,747280230,11261,1078374741,1562000587,5341735003,3387666819,8729401822,1085704644,765259228,776225580,0,1024,1024,1,1,4,3,1,4,4,194697227,3667174,109223289,41136294,2756,27510480,376095447,27466207,375885338,5299944,637782,407676,9830887,7738144,309865785,574328832,738197504,0,0
sample,grid_65_session,session_grid_large,gpu_candidate_runtime,15,1,4226,20867,256,256,0,212488262,12544,486250648,390272526,1332772152,1089023980,2421796132,1089023980,0,0,0,256,256,1,1,1,0,1,1,1,194589185,3477133,52179072,17195473,2184,27505469,104612980,27464223,104551772,1328382,197516,147611,5559186,0,79456457,574328832,738197504,0,0
sample,grid_65_session,session_grid_large,gpu_candidate_runtime,15,2,4226,20867,256,512,0,395818049,12544,679789560,782584621,2663203297,1858204774,4521408071,1089023980,769180794,769180794,0,512,512,1,1,2,1,1,2,2,194589185,3477133,70719709,24688822,2184,27505469,191587116,27464223,191477213,2734583,332091,224457,7632503,0,156296308,574328832,738197504,0,0
sample,grid_65_session,session_grid_large,gpu_candidate_runtime,15,3,4226,20867,256,768,0,571504762,12544,873748631,1174580034,4006042464,2619845971,6625888435,1089023980,761641197,769180794,0,768,768,1,1,3,2,1,3,3,194589185,3477133,89593599,32380577,2184,27505469,278526093,27464223,278364059,4127628,490431,309899,8836590,0,233909843,574328832,738197504,0,0
sample,grid_65_session,session_grid_large,gpu_candidate_runtime,15,4,4226,20867,256,1024,0,749469931,12544,1079227587,1564515094,5340186911,3393225156,8733412067,1089023980,769180794,773379185,0,1024,1024,1,1,4,3,1,4,4,194589185,3477133,107919077,40149009,2184,27505469,376697341,27464223,376484827,5508831,668469,393669,10056196,7597466,312261024,574328832,738197504,0,0
sample,grid_65_session,session_grid_large,gpu_candidate_runtime,16,1,4226,20867,256,256,0,211018253,11713,494389952,389279005,1325245172,1094698923,2419944095,1094698923,0,0,0,256,256,1,1,1,0,1,1,1,195094557,11738160,53437292,16574645,3036,27855586,104401990,27813760,104343356,1362047,186393,157408,5472221,0,78106617,573980672,738197504,0,0
sample,grid_65_session,session_grid_large,gpu_candidate_runtime,16,2,4226,20867,256,512,0,394068433,11713,687852885,777483432,2643862142,1859416463,4503278605,1094698923,764717540,764717540,0,512,512,1,1,2,1,1,2,2,195094557,11738160,71736923,24379646,3036,27855586,191380998,27813760,191267099,2701981,320336,246286,7627694,0,154767682,573980672,738197504,0,0
sample,grid_65_session,session_grid_large,gpu_candidate_runtime,16,3,4226,20867,256,768,0,570529462,11713,880666746,1167165864,3967331918,2618373785,6585705703,1094698923,758957322,764717540,0,768,768,1,1,3,2,1,3,3,195094557,11738160,90310733,32134031,3036,27855586,278334498,27813760,278167323,4016117,472736,342668,8676256,0,231688368,573980672,738197504,0,0
sample,grid_65_session,session_grid_large,gpu_candidate_runtime,16,4,4226,20867,256,1024,0,745843292,11713,1073044108,1555380810,5293995448,3374279923,8668275371,1094698923,758957322,764717540,0,1024,1024,1,1,4,3,1,4,4,195094557,11738160,108631253,39548921,3036,27855586,365310371,27813760,365087578,5286820,586031,431146,9823194,7365146,308735033,573980672,738197504,0,0
sample,grid_65_session,session_grid_large,gpu_candidate_runtime,17,1,4226,20867,256,256,0,209154691,29606,484671560,402808809,1337051153,1096664666,2433715819,1096664666,0,0,0,256,256,1,1,1,0,1,1,1,194723078,3530404,52265419,17201053,2014,27409759,104690771,27370912,104636285,1331428,177507,143101,5597610,0,77599416,574128128,738197504,0,0
sample,grid_65_session,session_grid_large,gpu_candidate_runtime,17,2,4226,20867,256,512,0,397387615,29606,681025425,793014316,2674895000,1871456962,4546351962,1096664666,774792296,774792296,0,512,512,1,1,2,1,1,2,2,194723078,3530404,71183614,25240069,2014,27409759,191636036,27370912,191538141,2667245,359112,231258,7572129,0,156470707,574128128,738197504,0,0
sample,grid_65_session,session_grid_large,gpu_candidate_runtime,17,3,4226,20867,256,768,0,573076588,29606,874234819,1182135703,4003835150,2629476716,6633311866,1096664666,758019754,774792296,0,768,768,1,1,3,2,1,3,3,194723078,3530404,89777022,33131114,2014,27409759,278606450,27370912,278439965,4048578,536639,317773,8584652,0,233567336,574128128,738197504,0,0
sample,grid_65_session,session_grid_large,gpu_candidate_runtime,17,4,4226,20867,256,1024,0,748430334,29606,1067563580,1577293865,5348260715,3393317385,8741578100,1096664666,763840669,774792296,0,1024,1024,1,1,4,3,1,4,4,194723078,3530404,108348999,41080529,2014,27409759,365578928,27370912,365348638,5411015,711381,395481,9621521,7583591,310750471,574128128,738197504,0,0
sample,grid_65_session,session_grid_large,gpu_candidate_runtime,18,1,4226,20867,256,256,0,207389820,19216,487232664,390777763,1334178762,1085419463,2419598225,1085419463,0,0,0,256,256,1,1,1,0,1,1,1,197445014,3803393,52427266,17258593,2154,27629247,104485290,27591360,104429728,1318243,157599,145948,5591287,0,76968630,574328832,738197504,0,0
sample,grid_65_session,session_grid_large,gpu_candidate_runtime,18,2,4226,20867,256,512,0,391078934,19216,680336476,780451419,2665736296,1851886045,4517622341,1085419463,766466582,766466582,0,512,512,1,1,2,1,1,2,2,197445014,3803393,70707499,24804523,2154,27629247,191527318,27591360,191427102,2619915,284580,222313,7717705,0,153572815,574328832,738197504,0,0
sample,grid_65_session,session_grid_large,gpu_candidate_runtime,18,3,4226,20867,256,768,0,566963508,19216,873693479,1170863717,3995154357,2611539920,6606694277,1085419463,759653875,766466582,0,768,768,1,1,3,2,1,3,3,197445014,3803393,89471871,32553046,2154,27629247,278439670,27591360,278292765,3963056,421380,314168,8892926,0,230757554,574328832,738197504,0,0
sample,grid_65_session,session_grid_large,gpu_candidate_runtime,18,4,4226,20867,256,1024,0,745745915,19216,1080006986,1561566135,5324201033,3387338252,8711539285,1085419463,766466582,775798332,0,1024,1024,1,1,4,3,1,4,4,197445014,3803393,108391338,40694657,2154,27629247,376199469,27591360,375985848,5328299,594458,413146,10065122,7863873,309440689,574328832,738197504,0,0
sample,grid_65_session,session_grid_large,gpu_candidate_runtime,19,1,4226,20867,256,256,0,207654282,19427,484043117,390243708,1327033974,1081960534,2408994508,1081960534,0,0,0,256,256,1,1,1,0,1,1,1,194250008,3521527,52299253,16567100,1964,27891725,104750394,27853151,104698883,1319856,194890,143452,5593933,0,77509015,574328832,738197504,0,0
sample,grid_65_session,session_grid_large,gpu_candidate_runtime,19,2,4226,20867,256,512,0,390333217,19427,677095301,780074341,2667564848,1847522286,4515087134,1081960534,765561752,765561752,0,512,512,1,1,2,1,1,2,2,194250008,3521527,70623910,24028549,1964,27891725,191716348,27853151,191613441,2638049,342210,235989,7732894,0,154112128,574328832,738197504,0,0
sample,grid_65_session,session_grid_large,gpu_candidate_runtime,19,3,4226,20867,256,768,0,568591839,19427,872470776,1172737955,4006202156,2613819997,6620022153,1081960534,765561752,766297711,0,768,768,1,1,3,2,1,3,3,194250008,3521527,89503261,32018451,1964,27891725,278786040,27853151,278623040,3948087,509127,327152,8781375,0,232932059,574328832,738197504,0,0
sample,grid_65_session,session_grid_large,gpu_candidate_runtime,19,4,4226,20867,256,1024,0,747500165,19427,1079360326,1562867333,5338394850,3389747251,8728142101,1081960534,766297711,775927254,0,1024,1024,1,1,4,3,1,4,4,194250008,3521527,108499503,40516238,1964,27891725,376541182,27853151,376337406,5330532,686044,415721,9810078,7954244,311895804,574328832,738197504,0,0
summary,grid_65_session,session_grid_large,gpu_candidate_runtime,1,20,1079139411,1086067659,1096071325,1096664666,2418649630,1086067659,0,0,235.60439282439322,574328832,738197504
summary,grid_65_session,session_grid_large,gpu_candidate_runtime,2,20,1843472193,1853931439,1870429398,1871456962,4515087134,1086067659,766466582,774792296,276.11561614681216,574328832,738197504
summary,grid_65_session,session_grid_large,gpu_candidate_runtime,3,20,2601046395,2614950110,2629476716,2631531567,6610660757,1086067659,760937958,774792296,293.61701093948091,574328832,738197504
summary,grid_65_session,session_grid_large,gpu_candidate_runtime,4,20,3364949217,3387338252,3395301836,3405622083,8723390099,1086067659,765450091,781254710,302.27293730800625,574328832,738197504
case,ring_1024_session,session_wide,ring_multi,1024,4,1028,3080,2048,4
identity,ring_1024_session,0,v1-cfcbda40801521784614e09d093263f5,v1-ae4d9b83a7094ee748c6d0bc20c40788,v1-3bf98b0b3db3ad82c92c2dd62ca3d145,2048
identity,ring_1024_session,1,v1-cfcbda40801521784614e09d093263f5,v1-3d141cd373f6382595b2f1337278bf16,v1-e3318fe5cd44b184fbdd60a64dbaf6bf,2048
identity,ring_1024_session,2,v1-cfcbda40801521784614e09d093263f5,v1-01b5f0a21275fdadc0a217edf5895fee,v1-7c29301b1d4c64b09f8213fd9099cadf,2048
identity,ring_1024_session,3,v1-cfcbda40801521784614e09d093263f5,v1-2268c4957fc40f2f8458209b14979acc,v1-2dc504934d64d21091c107536600082f,2048
sample,ring_1024_session,session_wide,parallel_inline_certified,0,1,1028,3080,2048,2048,32,325796941,3033170,142182894,1071715578,0,1542728583,1542728583,1542728583,0,0,32,2048,2048,0,0,0,0,0,0,0,0,0,0,0,0,0,0,0,0,0,0,0,0,0,0,390021120,0,0,0
sample,ring_1024_session,session_wide,parallel_inline_certified,0,2,1028,3080,2048,4096,32,580208667,3033170,282160140,2146030882,0,3011432859,3011432859,1542728583,1468704276,1468704276,32,4096,4096,0,0,0,0,0,0,0,0,0,0,0,0,0,0,0,0,0,0,0,0,0,0,390021120,0,0,0
sample,ring_1024_session,session_wide,parallel_inline_certified,0,3,1028,3080,2048,6144,32,842378847,3033170,426590063,3219427107,0,4491429187,4491429187,1542728583,1468704276,1479996328,32,6144,6144,0,0,0,0,0,0,0,0,0,0,0,0,0,0,0,0,0,0,0,0,0,0,390021120,0,0,0
sample,ring_1024_session,session_wide,parallel_inline_certified,0,4,1028,3080,2048,8192,32,1084542259,3033170,577998697,4298009541,0,5963583667,5963583667,1542728583,1472154480,1479996328,32,8192,8192,0,0,0,0,0,0,0,0,0,0,0,0,0,0,0,0,0,0,0,0,1102684,0,390021120,0,0,0
sample,ring_1024_session,session_wide,parallel_inline_certified,1,1,1028,3080,2048,2048,32,318706682,3448038,142316238,1071026215,0,1535497173,1535497173,1535497173,0,0,32,2048,2048,0,0,0,0,0,0,0,0,0,0,0,0,0,0,0,0,0,0,0,0,0,0,390021120,0,0,0
sample,ring_1024_session,session_wide,parallel_inline_certified,1,2,1028,3080,2048,4096,32,567728909,3448038,291890259,2145307120,0,3008374326,3008374326,1535497173,1472877153,1472877153,32,4096,4096,0,0,0,0,0,0,0,0,0,0,0,0,0,0,0,0,0,0,0,0,0,0,390021120,0,0,0
sample,ring_1024_session,session_wide,parallel_inline_certified,1,3,1028,3080,2048,6144,32,821911323,3448038,443409254,3219485050,0,4488253665,4488253665,1535497173,1472877153,1479879339,32,6144,6144,0,0,0,0,0,0,0,0,0,0,0,0,0,0,0,0,0,0,0,0,0,0,390021120,0,0,0
sample,ring_1024_session,session_wide,parallel_inline_certified,1,4,1028,3080,2048,8192,32,1063420712,3448038,586266329,4292694879,0,5945829958,5945829958,1535497173,1472877153,1479879339,32,8192,8192,0,0,0,0,0,0,0,0,0,0,0,0,0,0,0,0,0,0,0,0,984018,0,390021120,0,0,0
sample,ring_1024_session,session_wide,parallel_inline_certified,2,1,1028,3080,2048,2048,32,319915907,3159279,142997923,1068019410,0,1534092519,1534092519,1534092519,0,0,32,2048,2048,0,0,0,0,0,0,0,0,0,0,0,0,0,0,0,0,0,0,0,0,0,0,390283264,0,0,0
sample,ring_1024_session,session_wide,parallel_inline_certified,2,2,1028,3080,2048,4096,32,574196959,3159279,293716507,2140678079,0,3011750824,3011750824,1534092519,1477658305,1477658305,32,4096,4096,0,0,0,0,0,0,0,0,0,0,0,0,0,0,0,0,0,0,0,0,0,0,390283264,0,0,0
sample,ring_1024_session,session_wide,parallel_inline_certified,2,3,1028,3080,2048,6144,32,828050097,3159279,436718067,3213776453,0,4481703896,4481703896,1534092519,1469953072,1477658305,32,6144,6144,0,0,0,0,0,0,0,0,0,0,0,0,0,0,0,0,0,0,0,0,0,0,390283264,0,0,0
sample,ring_1024_session,session_wide,parallel_inline_certified,2,4,1028,3080,2048,8192,32,1069761921,3159279,584503330,4289033067,0,5946457597,5946457597,1534092519,1469953072,1477658305,32,8192,8192,0,0,0,0,0,0,0,0,0,0,0,0,0,0,0,0,0,0,0,0,1053650,0,390283264,0,0,0
sample,ring_1024_session,session_wide,parallel_inline_certified,3,1,1028,3080,2048,2048,32,319628601,3096480,146713688,1070502792,0,1539941561,1539941561,1539941561,0,0,32,2048,2048,0,0,0,0,0,0,0,0,0,0,0,0,0,0,0,0,0,0,0,0,0,0,390021120,0,0,0
sample,ring_1024_session,session_wide,parallel_inline_certified,3,2,1028,3080,2048,4096,32,573317615,3096480,297622239,2140244245,0,3014280579,3014280579,1539941561,1474339018,1474339018,32,4096,4096,0,0,0,0,0,0,0,0,0,0,0,0,0,0,0,0,0,0,0,0,0,0,390021120,0,0,0
sample,ring_1024_session,session_wide,parallel_inline_certified,3,3,1028,3080,2048,6144,32,825718462,3096480,446098713,3211921303,0,4486834958,4486834958,1539941561,1472554379,1474339018,32,6144,6144,0,0,0,0,0,0,0,0,0,0,0,0,0,0,0,0,0,0,0,0,0,0,390021120,0,0,0
sample,ring_1024_session,session_wide,parallel_inline_certified,3,4,1028,3080,2048,8192,32,1067748337,3096480,589537009,4288308765,0,5948690591,5948690591,1539941561,1472554379,1474339018,32,8192,8192,0,0,0,0,0,0,0,0,0,0,0,0,0,0,0,0,0,0,0,0,996182,0,390021120,0,0,0
sample,ring_1024_session,session_wide,parallel_inline_certified,4,1,1028,3080,2048,2048,32,321473696,2957836,145268582,1069552855,0,1539252969,1539252969,1539252969,0,0,32,2048,2048,0,0,0,0,0,0,0,0,0,0,0,0,0,0,0,0,0,0,0,0,0,0,391331840,0,0,0
sample,ring_1024_session,session_wide,parallel_inline_certified,4,2,1028,3080,2048,4096,32,575434547,2957836,294917950,2143231575,0,3016541908,3016541908,1539252969,1477288939,1477288939,32,4096,4096,0,0,0,0,0,0,0,0,0,0,0,0,0,0,0,0,0,0,0,0,0,0,391331840,0,0,0
sample,ring_1024_session,session_wide,parallel_inline_certified,4,3,1028,3080,2048,6144,32,831204082,2957836,441634310,3222551374,0,4498347602,4498347602,1539252969,1477288939,1481805694,32,6144,6144,0,0,0,0,0,0,0,0,0,0,0,0,0,0,0,0,0,0,0,0,0,0,391331840,0,0,0
sample,ring_1024_session,session_wide,parallel_inline_certified,4,4,1028,3080,2048,8192,32,1070985667,2957836,590112988,4294147537,0,5958204028,5958204028,1539252969,1477288939,1481805694,32,8192,8192,0,0,0,0,0,0,0,0,0,0,0,0,0,0,0,0,0,0,0,0,971746,0,391331840,0,0,0
sample,ring_1024_session,session_wide,parallel_inline_certified,5,1,1028,3080,2048,2048,32,318869697,3179798,141916317,1066417037,0,1530382849,1530382849,1530382849,0,0,32,2048,2048,0,0,0,0,0,0,0,0,0,0,0,0,0,0,0,0,0,0,0,0,0,0,390840320,0,0,0
sample,ring_1024_session,session_wide,parallel_inline_certified,5,2,1028,3080,2048,4096,32,572379993,3179798,288771372,2143716932,0,3008048095,3008048095,1530382849,1477665246,1477665246,32,4096,4096,0,0,0,0,0,0,0,0,0,0,0,0,0,0,0,0,0,0,0,0,0,0,390840320,0,0,0
sample,ring_1024_session,session_wide,parallel_inline_certified,5,3,1028,3080,2048,6144,32,825323743,3179798,437844640,3216233081,0,4482581262,4482581262,1530382849,1474533167,1477665246,32,6144,6144,0,0,0,0,0,0,0,0,0,0,0,0,0,0,0,0,0,0,0,0,0,0,390840320,0,0,0
sample,ring_1024_session,session_wide,parallel_inline_certified,5,4,1028,3080,2048,8192,32,1066758507,3179798,584995438,4289624304,0,5944558047,5944558047,1530382849,1474533167,1477665246,32,8192,8192,0,0,0,0,0,0,0,0,0,0,0,0,0,0,0,0,0,0,0,0,982957,0,390840320,0,0,0
sample,ring_1024_session,session_wide,parallel_inline_certified,6,1,1028,3080,2048,2048,32,318418231,2895018,144665258,1074966646,0,1540945153,1540945153,1540945153,0,0,32,2048,2048,0,0,0,0,0,0,0,0,0,0,0,0,0,0,0,0,0,0,0,0,0,0,390545408,0,0,0
sample,ring_1024_session,session_wide,parallel_inline_certified,6,2,1028,3080,2048,4096,32,571224279,2895018,291647596,2147032774,0,3012799667,3012799667,1540945153,1471854514,1471854514,32,4096,4096,0,0,0,0,0,0,0,0,0,0,0,0,0,0,0,0,0,0,0,0,0,0,390545408,0,0,0
sample,ring_1024_session,session_wide,parallel_inline_certified,6,3,1028,3080,2048,6144,32,824944793,2895018,438492533,3221421773,0,4487754117,4487754117,1540945153,1471854514,1474954450,32,6144,6144,0,0,0,0,0,0,0,0,0,0,0,0,0,0,0,0,0,0,0,0,0,0,390545408,0,0,0
sample,ring_1024_session,session_wide,parallel_inline_certified,6,4,1028,3080,2048,8192,32,1065957839,2895018,584030557,4303123209,0,5956006623,5956006623,1540945153,1471854514,1474954450,32,8192,8192,0,0,0,0,0,0,0,0,0,0,0,0,0,0,0,0,0,0,0,0,1116389,0,390545408,0,0,0
sample,ring_1024_session,session_wide,parallel_inline_certified,7,1,1028,3080,2048,2048,32,318393173,2942298,142825765,1067609999,0,1531771235,1531771235,1531771235,0,0,32,2048,2048,0,0,0,0,0,0,0,0,0,0,0,0,0,0,0,0,0,0,0,0,0,0,391331840,0,0,0
sample,ring_1024_session,session_wide,parallel_inline_certified,7,2,1028,3080,2048,4096,32,572541383,2942298,288737041,2140945710,0,3005166432,3005166432,1531771235,1473395197,1473395197,32,4096,4096,0,0,0,0,0,0,0,0,0,0,0,0,0,0,0,0,0,0,0,0,0,0,391331840,0,0,0
sample,ring_1024_session,session_wide,parallel_inline_certified,7,3,1028,3080,2048,6144,32,826811966,2942298,434664928,3215774607,0,4480193799,4480193799,1531771235,1473395197,1475027367,32,6144,6144,0,0,0,0,0,0,0,0,0,0,0,0,0,0,0,0,0,0,0,0,0,0,391331840,0,0,0
sample,ring_1024_session,session_wide,parallel_inline_certified,7,4,1028,3080,2048,8192,32,1068828599,2942298,582763874,4288743837,0,5943278608,5943278608,1531771235,1473395197,1475027367,32,8192,8192,0,0,0,0,0,0,0,0,0,0,0,0,0,0,0,0,0,0,0,0,1047098,0,391331840,0,0,0
sample,ring_1024_session,session_wide,parallel_inline_certified,8,1,1028,3080,2048,2048,32,320058890,3136846,141333302,1067853412,0,1532382450,1532382450,1532382450,0,0,32,2048,2048,0,0,0,0,0,0,0,0,0,0,0,0,0,0,0,0,0,0,0,0,0,0,391102464,0,0,0
sample,ring_1024_session,session_wide,parallel_inline_certified,8,2,1028,3080,2048,4096,32,573824754,3136846,282895409,2147221689,0,3007078698,3007078698,1532382450,1474696248,1474696248,32,4096,4096,0,0,0,0,0,0,0,0,0,0,0,0,0,0,0,0,0,0,0,0,0,0,391102464,0,0,0
sample,ring_1024_session,session_wide,parallel_inline_certified,8,3,1028,3080,2048,6144,32,828655139,3136846,429165125,3219370560,0,4480327670,4480327670,1532382450,1473248972,1474696248,32,6144,6144,0,0,0,0,0,0,0,0,0,0,0,0,0,0,0,0,0,0,0,0,0,0,391102464,0,0,0
sample,ring_1024_session,session_wide,parallel_inline_certified,8,4,1028,3080,2048,8192,32,1071513802,3136846,573987803,4293580063,0,5942218514,5942218514,1532382450,1473248972,1474696248,32,8192,8192,0,0,0,0,0,0,0,0,0,0,0,0,0,0,0,0,0,0,0,0,1043130,0,391102464,0,0,0
sample,ring_1024_session,session_wide,parallel_inline_certified,9,1,1028,3080,2048,2048,32,319081975,3148107,142172676,1070538522,0,1534941280,1534941280,1534941280,0,0,32,2048,2048,0,0,0,0,0,0,0,0,0,0,0,0,0,0,0,0,0,0,0,0,0,0,389758976,0,0,0
sample,ring_1024_session,session_wide,parallel_inline_certified,9,2,1028,3080,2048,4096,32,576991789,3148107,291115689,2142703101,0,3013958686,3013958686,1534941280,1479017406,1479017406,32,4096,4096,0,0,0,0,0,0,0,0,0,0,0,0,0,0,0,0,0,0,0,0,0,0,389758976,0,0,0
sample,ring_1024_session,session_wide,parallel_inline_certified,9,3,1028,3080,2048,6144,32,838364408,3148107,437824701,3217641317,0,4496978533,4496978533,1534941280,1479017406,1483019847,32,6144,6144,0,0,0,0,0,0,0,0,0,0,0,0,0,0,0,0,0,0,0,0,0,0,389758976,0,0,0
sample,ring_1024_session,session_wide,parallel_inline_certified,9,4,1028,3080,2048,8192,32,1085100683,3148107,585350793,4298215484,0,5971815067,5971815067,1534941280,1479017406,1483019847,32,8192,8192,0,0,0,0,0,0,0,0,0,0,0,0,0,0,0,0,0,0,0,0,1177626,0,389758976,0,0,0
sample,ring_1024_session,session_wide,parallel_inline_certified,10,1,1028,3080,2048,2048,32,319435477,3132657,149333003,1069729514,0,1541630651,1541630651,1541630651,0,0,32,2048,2048,0,0,0,0,0,0,0,0,0,0,0,0,0,0,0,0,0,0,0,0,0,0,390053888,0,0,0
sample,ring_1024_session,session_wide,parallel_inline_certified,10,2,1028,3080,2048,4096,32,572480623,3132657,296769024,2147238260,0,3019620564,3019620564,1541630651,1477989913,1477989913,32,4096,4096,0,0,0,0,0,0,0,0,0,0,0,0,0,0,0,0,0,0,0,0,0,0,390053888,0,0,0
sample,ring_1024_session,session_wide,parallel_inline_certified,10,3,1028,3080,2048,6144,32,832851289,3132657,441918141,3221867438,0,4499769525,4499769525,1541630651,1477989913,1480148961,32,6144,6144,0,0,0,0,0,0,0,0,0,0,0,0,0,0,0,0,0,0,0,0,0,0,390053888,0,0,0
sample,ring_1024_session,session_wide,parallel_inline_certified,10,4,1028,3080,2048,8192,32,1076160126,3132657,589475352,4296942974,0,5965711109,5965711109,1541630651,1477989913,1480148961,32,8192,8192,0,0,0,0,0,0,0,0,0,0,0,0,0,0,0,0,0,0,0,0,1096171,0,390053888,0,0,0
sample,ring_1024_session,session_wide,parallel_inline_certified,11,1,1028,3080,2048,2048,32,319085582,3016379,141868348,1070929061,0,1534899370,1534899370,1534899370,0,0,32,2048,2048,0,0,0,0,0,0,0,0,0,0,0,0,0,0,0,0,0,0,0,0,0,0,390053888,0,0,0
sample,ring_1024_session,session_wide,parallel_inline_certified,11,2,1028,3080,2048,4096,32,578060778,3016379,291736997,2147184543,0,3019998697,3019998697,1534899370,1485099327,1485099327,32,4096,4096,0,0,0,0,0,0,0,0,0,0,0,0,0,0,0,0,0,0,0,0,0,0,390053888,0,0,0
sample,ring_1024_session,session_wide,parallel_inline_certified,11,3,1028,3080,2048,6144,32,831774423,3016379,435805945,3220587128,0,4491183875,4491183875,1534899370,1471185178,1485099327,32,6144,6144,0,0,0,0,0,0,0,0,0,0,0,0,0,0,0,0,0,0,0,0,0,0,390053888,0,0,0
sample,ring_1024_session,session_wide,parallel_inline_certified,11,4,1028,3080,2048,8192,32,1073416304,3016379,584156775,4307357228,0,5967946686,5967946686,1534899370,1476762811,1485099327,32,8192,8192,0,0,0,0,0,0,0,0,0,0,0,0,0,0,0,0,0,0,0,0,1330466,0,390053888,0,0,0
sample,ring_1024_session,session_wide,parallel_inline_certified,12,1,1028,3080,2048,2048,32,321049581,3032148,142445844,1069251513,0,1535779086,1535779086,1535779086,0,0,32,2048,2048,0,0,0,0,0,0,0,0,0,0,0,0,0,0,0,0,0,0,0,0,0,0,390053888,0,0,0
sample,ring_1024_session,session_wide,parallel_inline_certified,12,2,1028,3080,2048,4096,32,575746603,3032148,291113914,2141332991,0,3011225656,3011225656,1535779086,1475446570,1475446570,32,4096,4096,0,0,0,0,0,0,0,0,0,0,0,0,0,0,0,0,0,0,0,0,0,0,390053888,0,0,0
sample,ring_1024_session,session_wide,parallel_inline_certified,12,3,1028,3080,2048,6144,32,829165127,3032148,436348144,3213457597,0,4482003016,4482003016,1535779086,1470777360,1475446570,32,6144,6144,0,0,0,0,0,0,0,0,0,0,0,0,0,0,0,0,0,0,0,0,0,0,390053888,0,0,0
sample,ring_1024_session,session_wide,parallel_inline_certified,12,4,1028,3080,2048,8192,32,1071391965,3032148,580997088,4292701602,0,5948122803,5948122803,1535779086,1470777360,1475446570,32,8192,8192,0,0,0,0,0,0,0,0,0,0,0,0,0,0,0,0,0,0,0,0,1042199,0,390053888,0,0,0
sample,ring_1024_session,session_wide,parallel_inline_certified,13,1,1028,3080,2048,2048,32,321811441,3111950,144976827,1068966879,0,1538867097,1538867097,1538867097,0,0,32,2048,2048,0,0,0,0,0,0,0,0,0,0,0,0,0,0,0,0,0,0,0,0,0,0,390283264,0,0,0
sample,ring_1024_session,session_wide,parallel_inline_certified,13,2,1028,3080,2048,4096,32,576228094,3111950,291469272,2144515518,0,3015324834,3015324834,1538867097,1476457737,1476457737,32,4096,4096,0,0,0,0,0,0,0,0,0,0,0,0,0,0,0,0,0,0,0,0,0,0,390283264,0,0,0
sample,ring_1024_session,session_wide,parallel_inline_certified,13,3,1028,3080,2048,6144,32,833880663,3111950,436014349,3220043947,0,4493050909,4493050909,1538867097,1476457737,1477726075,32,6144,6144,0,0,0,0,0,0,0,0,0,0,0,0,0,0,0,0,0,0,0,0,0,0,390283264,0,0,0
sample,ring_1024_session,session_wide,parallel_inline_certified,13,4,1028,3080,2048,8192,32,1077666470,3111950,582261059,4292414490,0,5955453969,5955453969,1538867097,1476457737,1477726075,32,8192,8192,0,0,0,0,0,0,0,0,0,0,0,0,0,0,0,0,0,0,0,0,987886,0,390283264,0,0,0
sample,ring_1024_session,session_wide,parallel_inline_certified,14,1,1028,3080,2048,2048,32,323057964,3125634,142197284,1067099034,0,1535479916,1535479916,1535479916,0,0,32,2048,2048,0,0,0,0,0,0,0,0,0,0,0,0,0,0,0,0,0,0,0,0,0,0,390840320,0,0,0
sample,ring_1024_session,session_wide,parallel_inline_certified,14,2,1028,3080,2048,4096,32,582892350,3125634,289395333,2141299814,0,3016713131,3016713131,1535479916,1481233215,1481233215,32,4096,4096,0,0,0,0,0,0,0,0,0,0,0,0,0,0,0,0,0,0,0,0,0,0,390840320,0,0,0
sample,ring_1024_session,session_wide,parallel_inline_certified,14,3,1028,3080,2048,6144,32,844446062,3125634,440443011,3215095564,0,4503110271,4503110271,1535479916,1481233215,1486397140,32,6144,6144,0,0,0,0,0,0,0,0,0,0,0,0,0,0,0,0,0,0,0,0,0,0,390840320,0,0,0
sample,ring_1024_session,session_wide,parallel_inline_certified,14,4,1028,3080,2048,8192,32,1086040072,3125634,586243657,4288910411,0,5964319774,5964319774,1535479916,1481233215,1486397140,32,8192,8192,0,0,0,0,0,0,0,0,0,0,0,0,0,0,0,0,0,0,0,0,1155164,0,390840320,0,0,0
sample,ring_1024_session,session_wide,parallel_inline_certified,15,1,1028,3080,2048,2048,32,319507152,4018160,143233219,1071049536,0,1537808067,1537808067,1537808067,0,0,32,2048,2048,0,0,0,0,0,0,0,0,0,0,0,0,0,0,0,0,0,0,0,0,0,0,390053888,0,0,0
sample,ring_1024_session,session_wide,parallel_inline_certified,15,2,1028,3080,2048,4096,32,573874538,4018160,283385999,2144410011,0,3005688708,3005688708,1537808067,1467880641,1467880641,32,4096,4096,0,0,0,0,0,0,0,0,0,0,0,0,0,0,0,0,0,0,0,0,0,0,390053888,0,0,0
sample,ring_1024_session,session_wide,parallel_inline_certified,15,3,1028,3080,2048,6144,32,828445941,4018160,429201513,3219933252,0,4481598866,4481598866,1537808067,1467880641,1475910158,32,6144,6144,0,0,0,0,0,0,0,0,0,0,0,0,0,0,0,0,0,0,0,0,0,0,390053888,0,0,0
sample,ring_1024_session,session_wide,parallel_inline_certified,15,4,1028,3080,2048,8192,32,1070805414,4018160,572923259,4295831547,0,5943578380,5943578380,1537808067,1467880641,1475910158,32,8192,8192,0,0,0,0,0,0,0,0,0,0,0,0,0,0,0,0,0,0,0,0,1336617,0,390053888,0,0,0
sample,ring_1024_session,session_wide,parallel_inline_certified,16,1,1028,3080,2048,2048,32,320031577,3070961,141928382,1066762426,0,1531793346,1531793346,1531793346,0,0,32,2048,2048,0,0,0,0,0,0,0,0,0,0,0,0,0,0,0,0,0,0,0,0,0,0,390021120,0,0,0
sample,ring_1024_session,session_wide,parallel_inline_certified,16,2,1028,3080,2048,4096,32,574662793,3070961,290546437,2141839802,0,3010119993,3010119993,1531793346,1478326647,1478326647,32,4096,4096,0,0,0,0,0,0,0,0,0,0,0,0,0,0,0,0,0,0,0,0,0,0,390021120,0,0,0
sample,ring_1024_session,session_wide,parallel_inline_certified,16,3,1028,3080,2048,6144,32,827350258,3070961,440079159,3217245432,0,4487745810,4487745810,1531793346,1477625817,1478326647,32,6144,6144,0,0,0,0,0,0,0,0,0,0,0,0,0,0,0,0,0,0,0,0,0,0,390021120,0,0,0
sample,ring_1024_session,session_wide,parallel_inline_certified,16,4,1028,3080,2048,8192,32,1068399849,3070961,583544757,4301530891,0,5956546458,5956546458,1531793346,1477625817,1478326647,32,8192,8192,0,0,0,0,0,0,0,0,0,0,0,0,0,0,0,0,0,0,0,0,1093376,0,390021120,0,0,0
sample,ring_1024_session,session_wide,parallel_inline_certified,17,1,1028,3080,2048,2048,32,323022741,3175741,144048385,1069964565,0,1540211432,1540211432,1540211432,0,0,32,2048,2048,0,0,0,0,0,0,0,0,0,0,0,0,0,0,0,0,0,0,0,0,0,0,391888896,0,0,0
sample,ring_1024_session,session_wide,parallel_inline_certified,17,2,1028,3080,2048,4096,32,576763973,3175741,291195615,2144269983,0,3015405312,3015405312,1540211432,1475193880,1475193880,32,4096,4096,0,0,0,0,0,0,0,0,0,0,0,0,0,0,0,0,0,0,0,0,0,0,391888896,0,0,0
sample,ring_1024_session,session_wide,parallel_inline_certified,17,3,1028,3080,2048,6144,32,830718308,3175741,438182329,3216651628,0,4488728006,4488728006,1540211432,1473322694,1475193880,32,6144,6144,0,0,0,0,0,0,0,0,0,0,0,0,0,0,0,0,0,0,0,0,0,0,391888896,0,0,0
sample,ring_1024_session,session_wide,parallel_inline_certified,17,4,1028,3080,2048,8192,32,1071831861,3175741,581856593,4291238787,0,5948102982,5948102982,1540211432,1473322694,1475193880,32,8192,8192,0,0,0,0,0,0,0,0,0,0,0,0,0,0,0,0,0,0,0,0,1095320,0,391888896,0,0,0
sample,ring_1024_session,session_wide,parallel_inline_certified,18,1,1028,3080,2048,2048,32,322538836,3249360,143616197,1070139131,0,1539543524,1539543524,1539543524,0,0,32,2048,2048,0,0,0,0,0,0,0,0,0,0,0,0,0,0,0,0,0,0,0,0,0,0,390283264,0,0,0
sample,ring_1024_session,session_wide,parallel_inline_certified,18,2,1028,3080,2048,4096,32,579385668,3249360,291301061,2141653053,0,3015589142,3015589142,1539543524,1476045618,1476045618,32,4096,4096,0,0,0,0,0,0,0,0,0,0,0,0,0,0,0,0,0,0,0,0,0,0,390283264,0,0,0
sample,ring_1024_session,session_wide,parallel_inline_certified,18,3,1028,3080,2048,6144,32,840272912,3249360,438047301,3227035000,0,4508604573,4508604573,1539543524,1476045618,1493015431,32,6144,6144,0,0,0,0,0,0,0,0,0,0,0,0,0,0,0,0,0,0,0,0,0,0,390283264,0,0,0
sample,ring_1024_session,session_wide,parallel_inline_certified,18,4,1028,3080,2048,8192,32,1083451230,3249360,580097533,4304771970,0,5971570093,5971570093,1539543524,1476045618,1493015431,32,8192,8192,0,0,0,0,0,0,0,0,0,0,0,0,0,0,0,0,0,0,0,0,972557,0,390283264,0,0,0
sample,ring_1024_session,session_wide,parallel_inline_certified,19,1,1028,3080,2048,2048,32,321989462,3306349,141802593,1071883314,0,1538981718,1538981718,1538981718,0,0,32,2048,2048,0,0,0,0,0,0,0,0,0,0,0,0,0,0,0,0,0,0,0,0,0,0,391426048,0,0,0
sample,ring_1024_session,session_wide,parallel_inline_certified,19,2,1028,3080,2048,4096,32,570912028,3306349,288538252,2146731884,0,3009488513,3009488513,1538981718,1470506795,1470506795,32,4096,4096,0,0,0,0,0,0,0,0,0,0,0,0,0,0,0,0,0,0,0,0,0,0,391426048,0,0,0
sample,ring_1024_session,session_wide,parallel_inline_certified,19,3,1028,3080,2048,6144,32,825301545,3306349,435156118,3227496126,0,4491260138,4491260138,1538981718,1470506795,1481771625,32,6144,6144,0,0,0,0,0,0,0,0,0,0,0,0,0,0,0,0,0,0,0,0,0,0,391426048,0,0,0
sample,ring_1024_session,session_wide,parallel_inline_certified,19,4,1028,3080,2048,8192,32,1064552635,3306349,582114751,4299385015,0,5949358750,5949358750,1538981718,1470506795,1481771625,32,8192,8192,0,0,0,0,0,0,0,0,0,0,0,0,0,0,0,0,0,0,0,0,964140,0,391426048,0,0,0
summary,ring_1024_session,session_wide,parallel_inline_certified,1,20,1530382849,1535779086,1541630651,1542728583,1535779086,1535779086,0,0,1331.7656760607954,391888896,0
summary,ring_1024_session,session_wide,parallel_inline_certified,2,20,3005166432,3011750824,3019620564,3019998697,3011750824,1535779086,1475446570,1481233215,1359.532810914905,391888896,0
summary,ring_1024_session,session_wide,parallel_inline_certified,3,20,4480193799,4488253665,4503110271,4508604573,4488253665,1535779086,1473248972,1486397140,1368.7619280534327,391888896,0
summary,ring_1024_session,session_wide,parallel_inline_certified,4,20,5942218514,5949358750,5971570093,5971815067,5949358750,1535779086,1473322694,1486397140,1375.5458513560716,391888896,0
sample,ring_1024_session,session_wide,parallel_candidate_runtime,0,1,1028,3080,2048,2048,32,321982298,2946506,145615866,531798088,1070664857,1002342758,2073007615,1002342758,0,0,32,2048,2048,0,0,0,0,0,0,0,0,0,0,0,0,0,0,0,0,0,0,0,0,0,0,390316032,0,0,0
sample,ring_1024_session,session_wide,parallel_candidate_runtime,0,2,1028,3080,2048,4096,32,579170446,2946506,291153293,1064420752,2143447732,1937690997,4081138729,1002342758,935348239,935348239,32,4096,4096,0,0,0,0,0,0,0,0,0,0,0,0,0,0,0,0,0,0,0,0,0,0,390316032,0,0,0
sample,ring_1024_session,session_wide,parallel_candidate_runtime,0,3,1028,3080,2048,6144,32,818586213,2946506,435340116,1595521462,3218214212,2852394297,6070608509,1002342758,914703300,935348239,32,6144,6144,0,0,0,0,0,0,0,0,0,0,0,0,0,0,0,0,0,0,0,0,0,0,390316032,0,0,0
sample,ring_1024_session,session_wide,parallel_candidate_runtime,0,4,1028,3080,2048,8192,32,1052996024,2946506,581484787,2127532641,4291682908,3764959958,8056642866,1002342758,914703300,935348239,32,8192,8192,0,0,0,0,0,0,0,0,0,0,0,0,0,0,0,0,0,0,0,0,991783,0,390316032,0,0,0
sample,ring_1024_session,session_wide,parallel_candidate_runtime,1,1,1028,3080,2048,2048,32,319343365,2972415,143670442,529035007,1072011298,995021229,2067032527,995021229,0,0,32,2048,2048,0,0,0,0,0,0,0,0,0,0,0,0,0,0,0,0,0,0,0,0,0,0,390283264,0,0,0
sample,ring_1024_session,session_wide,parallel_candidate_runtime,1,2,1028,3080,2048,4096,32,574434118,2972415,291329790,1060761596,2143038744,1929497919,4072536663,995021229,934476690,934476690,32,4096,4096,0,0,0,0,0,0,0,0,0,0,0,0,0,0,0,0,0,0,0,0,0,0,390283264,0,0,0
sample,ring_1024_session,session_wide,parallel_candidate_runtime,1,3,1028,3080,2048,6144,32,812953818,2972415,439860875,1593849390,3212463420,2849636498,6062099918,995021229,920138579,934476690,32,6144,6144,0,0,0,0,0,0,0,0,0,0,0,0,0,0,0,0,0,0,0,0,0,0,390283264,0,0,0
sample,ring_1024_session,session_wide,parallel_candidate_runtime,1,4,1028,3080,2048,8192,32,1050972638,2972415,590289593,2128291907,4286894643,3772526553,8059421196,995021229,922890055,934476690,32,8192,8192,0,0,0,0,0,0,0,0,0,0,0,0,0,0,0,0,0,0,0,0,1061296,0,390283264,0,0,0
sample,ring_1024_session,session_wide,parallel_candidate_runtime,2,1,1028,3080,2048,2048,32,319276644,2954541,142217806,529777527,1070152598,994226518,2064379116,994226518,0,0,32,2048,2048,0,0,0,0,0,0,0,0,0,0,0,0,0,0,0,0,0,0,0,0,0,0,390578176,0,0,0
sample,ring_1024_session,session_wide,parallel_candidate_runtime,2,2,1028,3080,2048,4096,32,575753394,2954541,291067928,1062348319,2137236392,1932124182,4069360574,994226518,937897664,937897664,32,4096,4096,0,0,0,0,0,0,0,0,0,0,0,0,0,0,0,0,0,0,0,0,0,0,390578176,0,0,0
sample,ring_1024_session,session_wide,parallel_candidate_runtime,2,3,1028,3080,2048,6144,32,815762029,2954541,437983052,1594791304,3206902690,2851490926,6058393616,994226518,919366744,937897664,32,6144,6144,0,0,0,0,0,0,0,0,0,0,0,0,0,0,0,0,0,0,0,0,0,0,390578176,0,0,0
sample,ring_1024_session,session_wide,parallel_candidate_runtime,2,4,1028,3080,2048,8192,32,1050721967,2954541,587850163,2126715103,4282691765,3768241774,8050933539,994226518,919366744,937897664,32,8192,8192,0,0,0,0,0,0,0,0,0,0,0,0,0,0,0,0,0,0,0,0,1015799,0,390578176,0,0,0
sample,ring_1024_session,session_wide,parallel_candidate_runtime,3,1,1028,3080,2048,2048,32,322139729,3106179,141388230,530340241,1065605575,996974379,2062579954,996974379,0,0,32,2048,2048,0,0,0,0,0,0,0,0,0,0,0,0,0,0,0,0,0,0,0,0,0,0,390283264,0,0,0
sample,ring_1024_session,session_wide,parallel_candidate_runtime,3,2,1028,3080,2048,4096,32,579722598,3106179,287850434,1061689118,2137166426,1932368329,4069534755,996974379,935393950,935393950,32,4096,4096,0,0,0,0,0,0,0,0,0,0,0,0,0,0,0,0,0,0,0,0,0,0,390283264,0,0,0
sample,ring_1024_session,session_wide,parallel_candidate_runtime,3,3,1028,3080,2048,6144,32,818869511,3106179,427685537,1594343793,3206239443,2844005020,6050244463,996974379,911636691,935393950,32,6144,6144,0,0,0,0,0,0,0,0,0,0,0,0,0,0,0,0,0,0,0,0,0,0,390283264,0,0,0
sample,ring_1024_session,session_wide,parallel_candidate_runtime,3,4,1028,3080,2048,8192,32,1053859680,3106179,573289063,2127548412,4277046213,3757803334,8034849547,996974379,913798314,935393950,32,8192,8192,0,0,0,0,0,0,0,0,0,0,0,0,0,0,0,0,0,0,0,0,1047058,0,390283264,0,0,0
sample,ring_1024_session,session_wide,parallel_candidate_runtime,4,1,1028,3080,2048,2048,32,326045961,3344370,142397149,532026812,1067526871,1003814292,2071341163,1003814292,0,0,32,2048,2048,0,0,0,0,0,0,0,0,0,0,0,0,0,0,0,0,0,0,0,0,0,0,391364608,0,0,0
sample,ring_1024_session,session_wide,parallel_candidate_runtime,4,2,1028,3080,2048,4096,32,582738652,3344370,290905321,1063390645,2136255224,1940378988,4076634212,1003814292,936564696,936564696,32,4096,4096,0,0,0,0,0,0,0,0,0,0,0,0,0,0,0,0,0,0,0,0,0,0,391364608,0,0,0
sample,ring_1024_session,session_wide,parallel_candidate_runtime,4,3,1028,3080,2048,6144,32,820944298,3344370,436655681,1597962420,3205819845,2858906769,6064726614,1003814292,918527781,936564696,32,6144,6144,0,0,0,0,0,0,0,0,0,0,0,0,0,0,0,0,0,0,0,0,0,0,391364608,0,0,0
sample,ring_1024_session,session_wide,parallel_candidate_runtime,4,4,1028,3080,2048,8192,32,1056250048,3344370,583411780,2130759105,4281312893,3773765303,8055078196,1003814292,918527781,936564696,32,8192,8192,0,0,0,0,0,0,0,0,0,0,0,0,0,0,0,0,0,0,0,0,1043221,0,391364608,0,0,0
sample,ring_1024_session,session_wide,parallel_candidate_runtime,5,1,1028,3080,2048,2048,32,320931287,3321547,143897973,532796755,1072627486,1000947562,2073575048,1000947562,0,0,32,2048,2048,0,0,0,0,0,0,0,0,0,0,0,0,0,0,0,0,0,0,0,0,0,0,391102464,0,0,0
sample,ring_1024_session,session_wide,parallel_candidate_runtime,5,2,1028,3080,2048,4096,32,576794373,3321547,290374702,1063596380,2142311561,1934087002,4076398563,1000947562,933139440,933139440,32,4096,4096,0,0,0,0,0,0,0,0,0,0,0,0,0,0,0,0,0,0,0,0,0,0,391102464,0,0,0
sample,ring_1024_session,session_wide,parallel_candidate_runtime,5,3,1028,3080,2048,6144,32,813642375,3321547,439146012,1595992002,3218065985,2852101936,6070167921,1000947562,918014934,933139440,32,6144,6144,0,0,0,0,0,0,0,0,0,0,0,0,0,0,0,0,0,0,0,0,0,0,391102464,0,0,0
sample,ring_1024_session,session_wide,parallel_candidate_runtime,5,4,1028,3080,2048,8192,32,1048067126,3321547,586935797,2127186132,4286545373,3765510602,8052055975,1000947562,918014934,933139440,32,8192,8192,0,0,0,0,0,0,0,0,0,0,0,0,0,0,0,0,0,0,0,0,1185862,0,391102464,0,0,0
sample,ring_1024_session,session_wide,parallel_candidate_runtime,6,1,1028,3080,2048,2048,32,321413688,3146154,142140037,529598952,1070192131,996298831,2066490962,996298831,0,0,32,2048,2048,0,0,0,0,0,0,0,0,0,0,0,0,0,0,0,0,0,0,0,0,0,0,390840320,0,0,0
sample,ring_1024_session,session_wide,parallel_candidate_runtime,6,2,1028,3080,2048,4096,32,578474434,3146154,290089575,1059938333,2139735049,1931648496,4071383545,996298831,935349665,935349665,32,4096,4096,0,0,0,0,0,0,0,0,0,0,0,0,0,0,0,0,0,0,0,0,0,0,390840320,0,0,0
sample,ring_1024_session,session_wide,parallel_candidate_runtime,6,3,1028,3080,2048,6144,32,819461181,3146154,435919141,1591287838,3211231858,2849814314,6061046172,996298831,918165818,935349665,32,6144,6144,0,0,0,0,0,0,0,0,0,0,0,0,0,0,0,0,0,0,0,0,0,0,390840320,0,0,0
sample,ring_1024_session,session_wide,parallel_candidate_runtime,6,4,1028,3080,2048,8192,32,1052329641,3146154,582613689,2127335966,4282856939,3765425450,8048282389,996298831,918165818,935349665,32,8192,8192,0,0,0,0,0,0,0,0,0,0,0,0,0,0,0,0,0,0,0,0,1092625,0,390840320,0,0,0
sample,ring_1024_session,session_wide,parallel_candidate_runtime,7,1,1028,3080,2048,2048,32,326217726,2977435,142880435,528537707,1068088596,1000613303,2068701899,1000613303,0,0,32,2048,2048,0,0,0,0,0,0,0,0,0,0,0,0,0,0,0,0,0,0,0,0,0,0,390053888,0,0,0
sample,ring_1024_session,session_wide,parallel_candidate_runtime,7,2,1028,3080,2048,4096,32,584974375,2977435,289367870,1060729949,2142626108,1938049629,4080675737,1000613303,937436326,937436326,32,4096,4096,0,0,0,0,0,0,0,0,0,0,0,0,0,0,0,0,0,0,0,0,0,0,390053888,0,0,0
sample,ring_1024_session,session_wide,parallel_candidate_runtime,7,3,1028,3080,2048,6144,32,824874222,2977435,437159209,1592351832,3212229080,2857362698,6069591778,1000613303,919313069,937436326,32,6144,6144,0,0,0,0,0,0,0,0,0,0,0,0,0,0,0,0,0,0,0,0,0,0,390053888,0,0,0
sample,ring_1024_session,session_wide,parallel_candidate_runtime,7,4,1028,3080,2048,8192,32,1059669285,2977435,585927552,2125017667,4287051032,3773591939,8060642971,1000613303,919313069,937436326,32,8192,8192,0,0,0,0,0,0,0,0,0,0,0,0,0,0,0,0,0,0,0,0,1087526,0,390053888,0,0,0
sample,ring_1024_session,session_wide,parallel_candidate_runtime,8,1,1028,3080,2048,2048,32,320995624,3444250,142269543,529334970,1068663097,996044387,2064707484,996044387,0,0,32,2048,2048,0,0,0,0,0,0,0,0,0,0,0,0,0,0,0,0,0,0,0,0,0,0,390074368,0,0,0
sample,ring_1024_session,session_wide,parallel_candidate_runtime,8,2,1028,3080,2048,4096,32,577714640,3444250,287067337,1061556793,2142606674,1929783020,4072389694,996044387,933738633,933738633,32,4096,4096,0,0,0,0,0,0,0,0,0,0,0,0,0,0,0,0,0,0,0,0,0,0,390074368,0,0,0
sample,ring_1024_session,session_wide,parallel_candidate_runtime,8,3,1028,3080,2048,6144,32,816979212,3444250,430604387,1592993225,3213871565,2844021074,6057892639,996044387,914238054,933738633,32,6144,6144,0,0,0,0,0,0,0,0,0,0,0,0,0,0,0,0,0,0,0,0,0,0,390074368,0,0,0
sample,ring_1024_session,session_wide,parallel_candidate_runtime,8,4,1028,3080,2048,8192,32,1047413514,3444250,577021936,2123722905,4284062086,3751602605,8035664691,996044387,914238054,933738633,32,8192,8192,0,0,0,0,0,0,0,0,0,0,0,0,0,0,0,0,0,0,0,0,1097244,0,390074368,0,0,0
sample,ring_1024_session,session_wide,parallel_candidate_runtime,9,1,1028,3080,2048,2048,32,319921686,3461051,146704124,529518610,1076163333,999605471,2075768804,999605471,0,0,32,2048,2048,0,0,0,0,0,0,0,0,0,0,0,0,0,0,0,0,0,0,0,0,0,0,389758976,0,0,0
sample,ring_1024_session,session_wide,parallel_candidate_runtime,9,2,1028,3080,2048,4096,32,574506991,3461051,292727455,1061577646,2149834635,1932273143,4082107778,999605471,932667672,932667672,32,4096,4096,0,0,0,0,0,0,0,0,0,0,0,0,0,0,0,0,0,0,0,0,0,0,389758976,0,0,0
sample,ring_1024_session,session_wide,parallel_candidate_runtime,9,3,1028,3080,2048,6144,32,814126173,3461051,440877216,1596577625,3225333186,2855042065,6080375251,999605471,922768922,932667672,32,6144,6144,0,0,0,0,0,0,0,0,0,0,0,0,0,0,0,0,0,0,0,0,0,0,389758976,0,0,0
sample,ring_1024_session,session_wide,parallel_candidate_runtime,9,4,1028,3080,2048,8192,32,1046334141,3461051,585804799,2128329618,4297429277,3763929609,8061358886,999605471,922768922,932667672,32,8192,8192,0,0,0,0,0,0,0,0,0,0,0,0,0,0,0,0,0,0,0,0,1026690,0,389758976,0,0,0
sample,ring_1024_session,session_wide,parallel_candidate_runtime,10,1,1028,3080,2048,2048,32,320871813,2915536,143745899,531017048,1074376882,998550296,2072927178,998550296,0,0,32,2048,2048,0,0,0,0,0,0,0,0,0,0,0,0,0,0,0,0,0,0,0,0,0,0,390053888,0,0,0
sample,ring_1024_session,session_wide,parallel_candidate_runtime,10,2,1028,3080,2048,4096,32,576299884,2915536,290488557,1062252281,2143819427,1931956258,4075775685,998550296,933405962,933405962,32,4096,4096,0,0,0,0,0,0,0,0,0,0,0,0,0,0,0,0,0,0,0,0,0,0,390053888,0,0,0
sample,ring_1024_session,session_wide,parallel_candidate_runtime,10,3,1028,3080,2048,6144,32,813990515,2915536,437702082,1595500346,3218148101,2850108479,6068256580,998550296,918152221,933405962,32,6144,6144,0,0,0,0,0,0,0,0,0,0,0,0,0,0,0,0,0,0,0,0,0,0,390053888,0,0,0
sample,ring_1024_session,session_wide,parallel_candidate_runtime,10,4,1028,3080,2048,8192,32,1046809164,2915536,582780781,2127916902,4292518454,3760422383,8052940837,998550296,918152221,933405962,32,8192,8192,0,0,0,0,0,0,0,0,0,0,0,0,0,0,0,0,0,0,0,0,1065824,0,390053888,0,0,0
sample,ring_1024_session,session_wide,parallel_candidate_runtime,11,1,1028,3080,2048,2048,32,320632879,3421477,150639510,529670392,1068217028,1004364258,2072581286,1004364258,0,0,32,2048,2048,0,0,0,0,0,0,0,0,0,0,0,0,0,0,0,0,0,0,0,0,0,0,391593984,0,0,0
sample,ring_1024_session,session_wide,parallel_candidate_runtime,11,2,1028,3080,2048,4096,32,583791051,3421477,298634187,1061951929,2140960726,1947798644,4088759370,1004364258,943434386,943434386,32,4096,4096,0,0,0,0,0,0,0,0,0,0,0,0,0,0,0,0,0,0,0,0,0,0,391593984,0,0,0
sample,ring_1024_session,session_wide,parallel_candidate_runtime,11,3,1028,3080,2048,6144,32,823345534,3421477,445201875,1595043525,3228270262,2867012411,6095282673,1004364258,919213767,943434386,32,6144,6144,0,0,0,0,0,0,0,0,0,0,0,0,0,0,0,0,0,0,0,0,0,0,391593984,0,0,0
sample,ring_1024_session,session_wide,parallel_candidate_runtime,11,4,1028,3080,2048,8192,32,1054620604,3421477,592747602,2133056125,4297817259,3783845808,8081663067,1004364258,919213767,943434386,32,8192,8192,0,0,0,0,0,0,0,0,0,0,0,0,0,0,0,0,0,0,0,0,1053921,0,391593984,0,0,0
sample,ring_1024_session,session_wide,parallel_candidate_runtime,12,1,1028,3080,2048,2048,32,320766328,3079257,141808472,529526666,1065975445,995180723,2061156168,995180723,0,0,32,2048,2048,0,0,0,0,0,0,0,0,0,0,0,0,0,0,0,0,0,0,0,0,0,0,390316032,0,0,0
sample,ring_1024_session,session_wide,parallel_candidate_runtime,12,2,1028,3080,2048,4096,32,577270306,3079257,280493935,1060763177,2139042377,1921606675,4060649052,995180723,926425952,926425952,32,4096,4096,0,0,0,0,0,0,0,0,0,0,0,0,0,0,0,0,0,0,0,0,0,0,390316032,0,0,0
sample,ring_1024_session,session_wide,parallel_candidate_runtime,12,3,1028,3080,2048,6144,32,815920156,3079257,424992438,1592662088,3210417125,2836653939,6047071064,995180723,915047264,926425952,32,6144,6144,0,0,0,0,0,0,0,0,0,0,0,0,0,0,0,0,0,0,0,0,0,0,390316032,0,0,0
sample,ring_1024_session,session_wide,parallel_candidate_runtime,12,4,1028,3080,2048,8192,32,1048926388,3079257,571435504,2124910712,4286042485,3748351861,8034394346,995180723,915047264,926425952,32,8192,8192,0,0,0,0,0,0,0,0,0,0,0,0,0,0,0,0,0,0,0,0,1064341,0,390316032,0,0,0
sample,ring_1024_session,session_wide,parallel_candidate_runtime,13,1,1028,3080,2048,2048,32,319448291,3576943,143092152,532050608,1117257575,998167994,2115425569,998167994,0,0,32,2048,2048,0,0,0,0,0,0,0,0,0,0,0,0,0,0,0,0,0,0,0,0,0,0,390578176,0,0,0
sample,ring_1024_session,session_wide,parallel_candidate_runtime,13,2,1028,3080,2048,4096,32,574922049,3576943,291468428,1066737092,2188659854,1936704512,4125364366,998167994,938536518,938536518,32,4096,4096,0,0,0,0,0,0,0,0,0,0,0,0,0,0,0,0,0,0,0,0,0,0,390578176,0,0,0
sample,ring_1024_session,session_wide,parallel_candidate_runtime,13,3,1028,3080,2048,6144,32,819065011,3576943,438439305,1600338614,3262036644,2861419873,6123456517,998167994,924715361,938536518,32,6144,6144,0,0,0,0,0,0,0,0,0,0,0,0,0,0,0,0,0,0,0,0,0,0,390578176,0,0,0
sample,ring_1024_session,session_wide,parallel_candidate_runtime,13,4,1028,3080,2048,8192,32,1053683896,3576943,578555516,2132801515,4333029878,3768617870,8101647748,998167994,924715361,938536518,32,8192,8192,0,0,0,0,0,0,0,0,0,0,0,0,0,0,0,0,0,0,0,0,1051056,0,390578176,0,0,0
sample,ring_1024_session,session_wide,parallel_candidate_runtime,14,1,1028,3080,2048,2048,32,320460172,3122549,141970672,533386335,1069105920,998939728,2068045648,998939728,0,0,32,2048,2048,0,0,0,0,0,0,0,0,0,0,0,0,0,0,0,0,0,0,0,0,0,0,390840320,0,0,0
sample,ring_1024_session,session_wide,parallel_candidate_runtime,14,2,1028,3080,2048,4096,32,575396169,3122549,289467159,1065157837,2138466721,1933143714,4071610435,998939728,934203986,934203986,32,4096,4096,0,0,0,0,0,0,0,0,0,0,0,0,0,0,0,0,0,0,0,0,0,0,390840320,0,0,0
sample,ring_1024_session,session_wide,parallel_candidate_runtime,14,3,1028,3080,2048,6144,32,814265067,3122549,434878205,1596908118,3216572306,2849173939,6065746245,998939728,916030225,934203986,32,6144,6144,0,0,0,0,0,0,0,0,0,0,0,0,0,0,0,0,0,0,0,0,0,0,390840320,0,0,0
sample,ring_1024_session,session_wide,parallel_candidate_runtime,14,4,1028,3080,2048,8192,32,1045195350,3122549,581096446,2129213764,4288650997,3758628109,8047279106,998939728,916030225,934203986,32,8192,8192,0,0,0,0,0,0,0,0,0,0,0,0,0,0,0,0,0,0,0,0,1086944,0,390840320,0,0,0
sample,ring_1024_session,session_wide,parallel_candidate_runtime,15,1,1028,3080,2048,2048,32,321923133,3440984,141939585,529983085,1071022025,997286787,2068308812,997286787,0,0,32,2048,2048,0,0,0,0,0,0,0,0,0,0,0,0,0,0,0,0,0,0,0,0,0,0,390868992,0,0,0
sample,ring_1024_session,session_wide,parallel_candidate_runtime,15,2,1028,3080,2048,4096,32,578471779,3440984,281916808,1062146756,2146961650,1925976327,4072937977,997286787,928689540,928689540,32,4096,4096,0,0,0,0,0,0,0,0,0,0,0,0,0,0,0,0,0,0,0,0,0,0,390868992,0,0,0
sample,ring_1024_session,session_wide,parallel_candidate_runtime,15,3,1028,3080,2048,6144,32,816180871,3440984,426706699,1595058246,3221259717,2841386800,6062646517,997286787,915410473,928689540,32,6144,6144,0,0,0,0,0,0,0,0,0,0,0,0,0,0,0,0,0,0,0,0,0,0,390868992,0,0,0
sample,ring_1024_session,session_wide,parallel_candidate_runtime,15,4,1028,3080,2048,8192,32,1050492089,3440984,572764198,2125517621,4295259758,3752214892,8047474650,997286787,915410473,928689540,32,8192,8192,0,0,0,0,0,0,0,0,0,0,0,0,0,0,0,0,0,0,0,0,1177165,0,390868992,0,0,0
sample,ring_1024_session,session_wide,parallel_candidate_runtime,16,1,1028,3080,2048,2048,32,320675021,3342717,142057071,542878851,1067171233,1008953660,2076124893,1008953660,0,0,32,2048,2048,0,0,0,0,0,0,0,0,0,0,0,0,0,0,0,0,0,0,0,0,0,0,390320128,0,0,0
sample,ring_1024_session,session_wide,parallel_candidate_runtime,16,2,1028,3080,2048,4096,32,578112217,3342717,290083715,1077501015,2152775427,1949039664,4101815091,1008953660,940086004,940086004,32,4096,4096,0,0,0,0,0,0,0,0,0,0,0,0,0,0,0,0,0,0,0,0,0,0,390320128,0,0,0
sample,ring_1024_session,session_wide,parallel_candidate_runtime,16,3,1028,3080,2048,6144,32,817054323,3342717,438848740,1611286119,3227053494,2870531899,6097585393,1008953660,921492235,940086004,32,6144,6144,0,0,0,0,0,0,0,0,0,0,0,0,0,0,0,0,0,0,0,0,0,0,390320128,0,0,0
sample,ring_1024_session,session_wide,parallel_candidate_runtime,16,4,1028,3080,2048,8192,32,1051228195,3342717,584333065,2144417753,4298444107,3783321730,8081765837,1008953660,921492235,940086004,32,8192,8192,0,0,0,0,0,0,0,0,0,0,0,0,0,0,0,0,0,0,0,0,1100289,0,390320128,0,0,0
sample,ring_1024_session,session_wide,parallel_candidate_runtime,17,1,1028,3080,2048,2048,32,319107876,3108723,142189028,530333109,1066941075,994738736,2061679811,994738736,0,0,32,2048,2048,0,0,0,0,0,0,0,0,0,0,0,0,0,0,0,0,0,0,0,0,0,0,390053888,0,0,0
sample,ring_1024_session,session_wide,parallel_candidate_runtime,17,2,1028,3080,2048,4096,32,577269453,3108723,288298874,1062079580,2138898408,1930756630,4069655038,994738736,936017894,936017894,32,4096,4096,0,0,0,0,0,0,0,0,0,0,0,0,0,0,0,0,0,0,0,0,0,0,390053888,0,0,0
sample,ring_1024_session,session_wide,parallel_candidate_runtime,17,3,1028,3080,2048,6144,32,816373640,3108723,434783451,1593574372,3209036197,2847840186,6056876383,994738736,917083556,936017894,32,6144,6144,0,0,0,0,0,0,0,0,0,0,0,0,0,0,0,0,0,0,0,0,0,0,390053888,0,0,0
sample,ring_1024_session,session_wide,parallel_candidate_runtime,17,4,1028,3080,2048,8192,32,1052955656,3108723,583847718,2124000755,4287620916,3763912852,8051533768,994738736,917083556,936017894,32,8192,8192,0,0,0,0,0,0,0,0,0,0,0,0,0,0,0,0,0,0,0,0,1180552,0,390053888,0,0,0
sample,ring_1024_session,session_wide,parallel_candidate_runtime,18,1,1028,3080,2048,2048,32,319318279,3046856,141654275,529623791,1069656728,993643201,2063299929,993643201,0,0,32,2048,2048,0,0,0,0,0,0,0,0,0,0,0,0,0,0,0,0,0,0,0,0,0,0,389758976,0,0,0
sample,ring_1024_session,session_wide,parallel_candidate_runtime,18,2,1028,3080,2048,4096,32,577681963,3046856,286380806,1062910766,2143713208,1930020391,4073733599,993643201,936377190,936377190,32,4096,4096,0,0,0,0,0,0,0,0,0,0,0,0,0,0,0,0,0,0,0,0,0,0,389758976,0,0,0
sample,ring_1024_session,session_wide,parallel_candidate_runtime,18,3,1028,3080,2048,6144,32,819211800,3046856,429977020,1596289054,3214049462,2848524730,6062574192,993643201,918504339,936377190,32,6144,6144,0,0,0,0,0,0,0,0,0,0,0,0,0,0,0,0,0,0,0,0,0,0,389758976,0,0,0
sample,ring_1024_session,session_wide,parallel_candidate_runtime,18,4,1028,3080,2048,8192,32,1051661675,3046856,568096605,2127918972,4286184112,3750724108,8036908220,993643201,918504339,936377190,32,8192,8192,0,0,0,0,0,0,0,0,0,0,0,0,0,0,0,0,0,0,0,0,1129223,0,389758976,0,0,0
sample,ring_1024_session,session_wide,parallel_candidate_runtime,19,1,1028,3080,2048,2048,32,323195167,3039963,142357242,532468992,1069738029,1001061364,2070799393,1001061364,0,0,32,2048,2048,0,0,0,0,0,0,0,0,0,0,0,0,0,0,0,0,0,0,0,0,0,0,390053888,0,0,0
sample,ring_1024_session,session_wide,parallel_candidate_runtime,19,2,1028,3080,2048,4096,32,579468352,3039963,281571345,1064483803,2141338176,1928563463,4069901639,1001061364,927502099,927502099,32,4096,4096,0,0,0,0,0,0,0,0,0,0,0,0,0,0,0,0,0,0,0,0,0,0,390053888,0,0,0
sample,ring_1024_session,session_wide,parallel_candidate_runtime,19,3,1028,3080,2048,6144,32,818408533,3039963,426114979,1595781313,3216928991,2843344788,6060273779,1001061364,914781325,927502099,32,6144,6144,0,0,0,0,0,0,0,0,0,0,0,0,0,0,0,0,0,0,0,0,0,0,390053888,0,0,0
sample,ring_1024_session,session_wide,parallel_candidate_runtime,19,4,1028,3080,2048,8192,32,1053130192,3039963,572545025,2129381754,4290514599,3758096934,8048611533,1001061364,914781325,927502099,32,8192,8192,0,0,0,0,0,0,0,0,0,0,0,0,0,0,0,0,0,0,0,0,1066125,0,390053888,0,0,0
summary,ring_1024_session,session_wide,parallel_candidate_runtime,1,20,993643201,998167994,1004364258,1008953660,2068308812,998167994,0,0,2050.9733042029961,391593984,0
summary,ring_1024_session,session_wide,parallel_candidate_runtime,2,20,1921606675,1932124182,1947798644,1949039664,4072937977,998167994,935348239,940086004,2119.7831242640214,391593984,0
summary,ring_1024_session,session_wide,parallel_candidate_runtime,3,20,2836653939,2849814314,2867012411,2870531899,6062646517,998167994,918152221,940086004,2155.7074214086433,391593984,0
summary,ring_1024_session,session_wide,parallel_candidate_runtime,4,20,3748351861,3763929609,3783321730,3783845808,8051533768,998167994,918152221,940086004,2175.853154186454,391593984,0
sample,ring_1024_session,session_wide,gpu_inline_certified,0,1,1028,3080,2048,2048,0,280483700,19878,506337799,1071094853,0,1857936230,1857936230,1857936230,0,0,0,2048,2048,1,1,1,0,1,1,1,195753279,3475039,74362241,19605330,2275,16771278,63841212,16730592,63782721,2386151,147952,158421,23876611,0,105958010,727343104,469762048,0,0
sample,ring_1024_session,session_wide,gpu_inline_certified,0,2,1028,3080,2048,4096,0,555359539,19878,713032344,2144117417,0,3412529178,3412529178,1857936230,1554592948,1554592948,0,4096,4096,1,1,2,1,1,2,2,195753279,3475039,98610718,29244525,2275,16771278,113090155,16730592,112971199,4809422,309909,239434,39532571,0,211193739,727343104,469762048,0,0
sample,ring_1024_session,session_wide,gpu_inline_certified,0,3,1028,3080,2048,6144,0,801696145,19878,910822280,3225022710,0,4937561013,4937561013,1857936230,1525031835,1554592948,0,6144,6144,1,1,3,2,1,3,3,195753279,3475039,122812146,38923755,2275,16771278,162253864,16730592,162092895,7235880,450255,322783,45620081,0,317201645,727343104,469762048,0,0
sample,ring_1024_session,session_wide,gpu_inline_certified,0,4,1028,3080,2048,8192,0,1027669350,19878,1105722559,4300043359,0,6433455146,6433455146,1857936230,1525031835,1554592948,0,8192,8192,1,1,4,3,1,4,4,195753279,3475039,147005729,48623765,2275,16771278,211631470,16730592,211427775,9709918,589399,411953,48172297,4968013,423576157,727343104,469762048,0,0
sample,ring_1024_session,session_wide,gpu_inline_certified,1,1,1028,3080,2048,2048,0,282445024,12854,485833573,1084798840,0,1853090291,1853090291,1853090291,0,0,0,2048,2048,1,1,1,0,1,1,1,193214739,3490248,69708264,19753241,2334,17050058,63141053,17011520,63090272,2404005,172688,152278,10851267,0,105893398,727343104,469762048,0,0
sample,ring_1024_session,session_wide,gpu_inline_certified,1,2,1028,3080,2048,4096,0,548457685,12854,688001984,2172466107,0,3408938630,3408938630,1853090291,1555848339,1555848339,0,4096,4096,1,1,2,1,1,2,2,193214739,3490248,93844829,29828804,2334,17050058,112392059,17011520,112274942,4835001,297034,236928,21992523,0,210817427,727343104,469762048,0,0
sample,ring_1024_session,session_wide,gpu_inline_certified,1,3,1028,3080,2048,6144,0,788930786,12854,883729734,3258543655,0,4931217029,4931217029,1853090291,1522278399,1555848339,0,6144,6144,1,1,3,2,1,3,3,193214739,3490248,118046567,39421391,2334,17050058,161582610,17011520,161421566,7226953,438652,318913,27088741,0,315848528,727343104,469762048,0,0
sample,ring_1024_session,session_wide,gpu_inline_certified,1,4,1028,3080,2048,8192,0,1018592967,12854,1077687375,4339601611,0,6435894807,6435894807,1853090291,1522278399,1555848339,0,8192,8192,1,1,4,3,1,4,4,193214739,3490248,142305704,49308397,2334,17050058,210827153,17011520,210621662,9681785,584709,412611,29583448,5071632,421226189,727343104,469762048,0,0
sample,ring_1024_session,session_wide,gpu_inline_certified,2,1,1028,3080,2048,2048,0,281247741,20169,487892342,1087810501,0,1856970753,1856970753,1856970753,0,0,0,2048,2048,1,1,1,0,1,1,1,192615010,3666653,71028160,19756708,2575,17000433,63629352,16959135,63573056,2479759,173830,154884,11560542,0,105824436,726949888,469762048,0,0
sample,ring_1024_session,session_wide,gpu_inline_certified,2,2,1028,3080,2048,4096,0,545771421,20169,690185047,2163599939,0,3399576576,3399576576,1856970753,1542605823,1542605823,0,4096,4096,1,1,2,1,1,2,2,192615010,3666653,95280584,29472819,2575,17000433,112831344,16959135,112731647,4857815,296484,263419,23643026,0,210254885,726949888,469762048,0,0
sample,ring_1024_session,session_wide,gpu_inline_certified,2,3,1028,3080,2048,6144,0,791225177,20169,887270493,3241774827,0,4920290666,4920290666,1856970753,1520714090,1542605823,0,6144,6144,1,1,3,2,1,3,3,192615010,3666653,119597100,39189471,2575,17000433,162083401,16959135,161929567,7352322,494099,355023,28742680,0,316171726,726949888,469762048,0,0
sample,ring_1024_session,session_wide,gpu_inline_certified,2,4,1028,3080,2048,8192,0,1017443405,20169,1083835291,4336932104,0,6438230969,6438230969,1856970753,1520714090,1542605823,0,8192,8192,1,1,4,3,1,4,4,192615010,3666653,144320910,49044514,2575,17000433,211249635,16959135,211057022,9795251,651789,450545,31231546,4923691,423806430,726949888,469762048,0,0
sample,ring_1024_session,session_wide,gpu_inline_certified,3,1,1028,3080,2048,2048,0,279602594,12955,485875917,1083083860,0,1848575326,1848575326,1848575326,0,0,0,2048,2048,1,1,1,0,1,1,1,191718936,3504173,70923892,20293447,3637,17499552,62974730,17459968,62925630,2486813,157328,199083,10725567,0,105388759,726851584,469762048,0,0
sample,ring_1024_session,session_wide,gpu_inline_certified,3,2,1028,3080,2048,4096,0,545350408,12955,692610566,2169889509,0,3407863438,3407863438,1848575326,1559288112,1559288112,0,4096,4096,1,1,2,1,1,2,2,191718936,3504173,95206736,29864592,3637,17499552,112198803,17459968,112109534,4992330,309768,277382,25260108,0,211774549,726851584,469762048,0,0
sample,ring_1024_session,session_wide,gpu_inline_certified,3,3,1028,3080,2048,6144,0,797477004,12955,893056091,3254625215,0,4945171265,4945171265,1848575326,1537307827,1559288112,0,6144,6144,1,1,3,2,1,3,3,191718936,3504173,119960361,39740676,3637,17499552,161417317,17459968,161273598,7597757,448912,379817,31771504,0,319013449,726851584,469762048,0,0
sample,ring_1024_session,session_wide,gpu_inline_certified,3,4,1028,3080,2048,8192,0,1022544425,12955,1088737239,4334519748,0,6445814367,6445814367,1848575326,1537307827,1559288112,0,8192,8192,1,1,4,3,1,4,4,191718936,3504173,144867268,49927340,3637,17499552,210658163,17459968,210466013,10068428,646256,467725,34368275,4994575,425007486,726851584,469762048,0,0
sample,ring_1024_session,session_wide,gpu_inline_certified,4,1,1028,3080,2048,2048,0,280295146,19077,484400210,1076382183,0,1841096616,1841096616,1841096616,0,0,0,2048,2048,1,1,1,0,1,1,1,193690889,3565049,68720285,19377447,1944,16727344,63106025,16689920,63052959,2544522,178419,157629,10937320,0,105393337,727343104,469762048,0,0
sample,ring_1024_session,session_wide,gpu_inline_certified,4,2,1028,3080,2048,4096,0,545792120,19077,691846069,2172891846,0,3410549112,3410549112,1841096616,1569452496,1569452496,0,4096,4096,1,1,2,1,1,2,2,193690889,3565049,92880654,29298826,1944,16727344,112331012,16689920,112229887,4954769,302284,248601,26257673,0,211587024,727343104,469762048,0,0
sample,ring_1024_session,session_wide,gpu_inline_certified,4,3,1028,3080,2048,6144,0,800134332,19077,892138194,3260419673,0,4952711276,4952711276,1841096616,1542162164,1569452496,0,6144,6144,1,1,3,2,1,3,3,193690889,3565049,117646884,39418382,1944,16727344,161552290,16689920,161413245,7472861,485482,333984,32684878,0,318558207,727343104,469762048,0,0
sample,ring_1024_session,session_wide,gpu_inline_certified,4,4,1028,3080,2048,8192,0,1026095160,19077,1086059109,4334928769,0,6447102115,6447102115,1841096616,1542162164,1569452496,0,8192,8192,1,1,4,3,1,4,4,193690889,3565049,141792195,49251625,1944,16727344,210743813,16689920,210554493,9841870,653130,426629,35205105,5018399,424159516,727343104,469762048,0,0
sample,ring_1024_session,session_wide,gpu_inline_certified,5,1,1028,3080,2048,2048,0,280164518,12885,492107907,1081977056,0,1854262366,1854262366,1854262366,0,0,0,2048,2048,1,1,1,0,1,1,1,198085595,3693654,69686902,20848921,4930,17122595,63581897,17061471,63524766,2466445,169912,156908,10672577,0,105617571,727257088,469762048,0,0
sample,ring_1024_session,session_wide,gpu_inline_certified,5,2,1028,3080,2048,4096,0,543637890,12885,695515718,2154639143,0,3393805636,3393805636,1854262366,1539543270,1539543270,0,4096,4096,1,1,2,1,1,2,2,198085595,3693654,94029658,30690570,4930,17122595,112766726,17061471,112650557,4946174,397624,234415,22739661,0,210804116,727257088,469762048,0,0
sample,ring_1024_session,session_wide,gpu_inline_certified,5,3,1028,3080,2048,6144,0,792483234,12885,893822992,3230554900,0,4916874011,4916874011,1854262366,1523068375,1539543270,0,6144,6144,1,1,3,2,1,3,3,198085595,3693654,118152126,40559981,4930,17122595,162042726,17061471,161871484,7372562,601812,324196,29343782,0,316519033,727257088,469762048,0,0
sample,ring_1024_session,session_wide,gpu_inline_certified,5,4,1028,3080,2048,8192,0,1018054090,12885,1088186867,4317229837,0,6423483679,6423483679,1854262366,1523068375,1539543270,0,8192,8192,1,1,4,3,1,4,4,198085595,3693654,142354614,50157316,4930,17122595,211297309,17061471,211083836,9833736,735697,407664,31893173,5085558,422600584,727257088,469762048,0,0
sample,ring_1024_session,session_wide,gpu_inline_certified,6,1,1028,3080,2048,2048,0,279880980,12354,482467018,1078672298,0,1841032650,1841032650,1841032650,0,0,0,2048,2048,1,1,1,0,1,1,1,190021080,3738358,69055022,19851196,3016,16978481,63221032,16939456,63155839,2410728,163490,150926,10615709,0,106257980,727343104,469762048,0,0
sample,ring_1024_session,session_wide,gpu_inline_certified,6,2,1028,3080,2048,4096,0,553491903,12354,690806051,2162231197,0,3406541505,3406541505,1841032650,1565508855,1565508855,0,4096,4096,1,1,2,1,1,2,2,190021080,3738358,94208156,29484009,3016,16978481,112388479,16939456,112283615,4826757,312182,241908,26995543,0,211608082,727343104,469762048,0,0
sample,ring_1024_session,session_wide,gpu_inline_certified,6,3,1028,3080,2048,6144,0,802147296,12354,889750065,3241914025,0,4933823740,4933823740,1841032650,1527282235,1565508855,0,6144,6144,1,1,3,2,1,3,3,190021080,3738358,118815294,39402213,3016,16978481,161549503,16939456,161405214,7251431,489818,332702,33439259,0,317728910,727343104,469762048,0,0
sample,ring_1024_session,session_wide,gpu_inline_certified,6,4,1028,3080,2048,8192,0,1028464340,12354,1084087972,4324389116,0,6436953782,6436953782,1841032650,1527282235,1565508855,0,8192,8192,1,1,4,3,1,4,4,190021080,3738358,143096492,49486222,3016,16978481,210713833,16939456,210522492,9717013,655242,442099,36526070,5280146,422710066,727343104,469762048,0,0
sample,ring_1024_session,session_wide,gpu_inline_certified,7,1,1028,3080,2048,2048,0,281849546,19768,493354833,1102799283,0,1878023430,1878023430,1878023430,0,0,0,2048,2048,1,1,1,0,1,1,1,198456789,3741224,71129471,19624977,2355,16975305,63631723,16933280,63555005,2483266,152900,152049,11410628,0,105594146,727080960,469762048,0,0
sample,ring_1024_session,session_wide,gpu_inline_certified,7,2,1028,3080,2048,4096,0,555581227,19768,703664470,2178811008,0,3438076473,3438076473,1878023430,1560053043,1560053043,0,4096,4096,1,1,2,1,1,2,2,198456789,3741224,96365573,30033110,2355,16975305,112831481,16933280,112709627,4915635,324656,241008,27667820,0,212109514,727080960,469762048,0,0
sample,ring_1024_session,session_wide,gpu_inline_certified,7,3,1028,3080,2048,6144,0,802386426,19768,902498154,3259271120,0,4964175468,4964175468,1878023430,1526098995,1560053043,0,6144,6144,1,1,3,2,1,3,3,198456789,3741224,120899462,39906329,2355,16975305,162050846,16933280,161880442,7338135,475412,327512,34154849,0,318169936,727080960,469762048,0,0
sample,ring_1024_session,session_wide,gpu_inline_certified,7,4,1028,3080,2048,8192,0,1031033585,19768,1097771186,4344772547,0,6473597086,6473597086,1878023430,1526098995,1560053043,0,8192,8192,1,1,4,3,1,4,4,198456789,3741224,145301380,49666442,2355,16975305,211254120,16933280,211044248,9715239,598837,411370,36785504,5144439,424862621,727080960,469762048,0,0
sample,ring_1024_session,session_wide,gpu_inline_certified,8,1,1028,3080,2048,2048,0,281091748,12864,485779759,1095133447,0,1862017818,1862017818,1862017818,0,0,0,2048,2048,1,1,1,0,1,1,1,191748540,3733499,69460372,20201061,2204,17227294,63644375,17189088,63566781,2443029,157207,157299,11198345,0,105806534,727031808,469762048,0,0
sample,ring_1024_session,session_wide,gpu_inline_certified,8,2,1028,3080,2048,4096,0,549211431,12864,693441175,2169641431,0,3412306901,3412306901,1862017818,1550289083,1550289083,0,4096,4096,1,1,2,1,1,2,2,191748540,3733499,93778561,30242860,2204,17227294,112932660,17189088,112801180,4890797,308755,250516,28023156,0,210302333,727031808,469762048,0,0
sample,ring_1024_session,session_wide,gpu_inline_certified,8,3,1028,3080,2048,6144,0,799096085,12864,890222881,3247805427,0,4937137257,4937137257,1862017818,1524830356,1550289083,0,6144,6144,1,1,3,2,1,3,3,191748540,3733499,118612739,40128943,2204,17227294,162163678,17189088,161986106,7264776,509686,339334,33574288,0,314917900,727031808,469762048,0,0
sample,ring_1024_session,session_wide,gpu_inline_certified,8,4,1028,3080,2048,8192,0,1024456200,12864,1084124518,4337012674,0,6445606256,6445606256,1862017818,1524830356,1550289083,0,8192,8192,1,1,4,3,1,4,4,191748540,3733499,142849363,49899948,2204,17227294,211368074,17189088,211122296,9668421,661825,424035,36126585,5031193,420414730,727031808,469762048,0,0
sample,ring_1024_session,session_wide,gpu_inline_certified,9,1,1028,3080,2048,2048,0,281098027,12524,485848948,1078259638,0,1845219137,1845219137,1845219137,0,0,0,2048,2048,1,1,1,0,1,1,1,193844370,3635614,68791201,20004947,3707,17039858,63420202,16992128,63359393,2463999,181255,160555,10656977,0,105646263,726921216,469762048,0,0
sample,ring_1024_session,session_wide,gpu_inline_certified,9,2,1028,3080,2048,4096,0,545645515,12524,694306797,2154222214,0,3394187050,3394187050,1845219137,1548967913,1548967913,0,4096,4096,1,1,2,1,1,2,2,193844370,3635614,93044807,30372494,3707,17039858,112640018,16992128,112533184,4861812,331050,231259,27721041,0,210580767,726921216,469762048,0,0
sample,ring_1024_session,session_wide,gpu_inline_certified,9,3,1028,3080,2048,6144,0,795487099,12524,892006306,3232622050,0,4920127979,4920127979,1845219137,1525940929,1548967913,0,6144,6144,1,1,3,2,1,3,3,193844370,3635614,117657666,40402220,3707,17039858,161870024,16992128,161720799,7245328,505071,314517,34154888,0,315333043,726921216,469762048,0,0
sample,ring_1024_session,session_wide,gpu_inline_certified,9,4,1028,3080,2048,8192,0,1020351463,12524,1085691803,4319769848,0,6425825638,6425825638,1845219137,1525940929,1548967913,0,8192,8192,1,1,4,3,1,4,4,193844370,3635614,142174863,50358456,3707,17039858,211090240,16992128,210901374,9753912,678260,391333,36622123,5482562,420099067,726921216,469762048,0,0
sample,ring_1024_session,session_wide,gpu_inline_certified,10,1,1028,3080,2048,2048,0,279155059,19197,482552017,1075892684,0,1837618957,1837618957,1837618957,0,0,0,2048,2048,1,1,1,0,1,1,1,191203334,3741295,69106418,19292076,2465,16902006,63313588,16861408,63261569,2444943,186333,143091,10479040,0,105737428,727080960,469762048,0,0
sample,ring_1024_session,session_wide,gpu_inline_certified,10,2,1028,3080,2048,4096,0,548081936,19197,689261897,2149703817,0,3387066847,3387066847,1837618957,1549447890,1549447890,0,4096,4096,1,1,2,1,1,2,2,191203334,3741295,93346639,29075423,2465,16902006,112493758,16861408,112398081,4880007,346898,225848,26913848,0,210130376,727080960,469762048,0,0
sample,ring_1024_session,session_wide,gpu_inline_certified,10,3,1028,3080,2048,6144,0,796516980,19197,887764772,3226702804,0,4911003753,4911003753,1837618957,1523936906,1549447890,0,6144,6144,1,1,3,2,1,3,3,191203334,3741295,117992950,39165404,2465,16902006,162134633,16861408,161992448,7287429,506661,312112,33216716,0,315299767,727080960,469762048,0,0
sample,ring_1024_session,session_wide,gpu_inline_certified,10,4,1028,3080,2048,8192,0,1023059672,19197,1081843045,4311702994,0,6416624908,6416624908,1837618957,1523936906,1549447890,0,8192,8192,1,1,4,3,1,4,4,191203334,3741295,142166655,48773580,2465,16902006,211379386,16861408,211181791,9709669,656405,407031,35698981,5023120,421202238,727080960,469762048,0,0
sample,ring_1024_session,session_wide,gpu_inline_certified,11,1,1028,3080,2048,2048,0,281701335,11763,489493980,1082517416,0,1853724494,1853724494,1853724494,0,0,0,2048,2048,1,1,1,0,1,1,1,196000072,3557635,69688945,20143823,3075,17210202,63686147,17166271,63633022,2432569,180243,161287,10782856,0,105647126,727343104,469762048,0,0
sample,ring_1024_session,session_wide,gpu_inline_certified,11,2,1028,3080,2048,4096,0,558850805,11763,699763260,2169927052,0,3428552880,3428552880,1853724494,1574828386,1574828386,0,4096,4096,1,1,2,1,1,2,2,196000072,3557635,94627913,32262325,3075,17210202,112955114,17166271,112855037,4974216,346069,253453,24112688,0,213460498,727343104,469762048,0,0
sample,ring_1024_session,session_wide,gpu_inline_certified,11,3,1028,3080,2048,6144,0,808508481,11763,897401604,3267468678,0,4973390526,4973390526,1853724494,1544837646,1574828386,0,6144,6144,1,1,3,2,1,3,3,196000072,3557635,118801949,42040974,3075,17210202,162130074,17166271,161963004,7371338,482999,348012,30488686,0,318966588,727343104,469762048,0,0
sample,ring_1024_session,session_wide,gpu_inline_certified,11,4,1028,3080,2048,8192,0,1035907930,11763,1091399284,4342584790,0,6469903767,6469903767,1853724494,1544837646,1574828386,0,8192,8192,1,1,4,3,1,4,4,196000072,3557635,142990572,51707740,3075,17210202,211352946,17166271,211144027,9760464,617455,433535,32907459,4917908,424858129,727343104,469762048,0,0
sample,ring_1024_session,session_wide,gpu_inline_certified,12,1,1028,3080,2048,2048,0,278591035,19818,488711990,1073458953,0,1840781796,1840781796,1840781796,0,0,0,2048,2048,1,1,1,0,1,1,1,194372690,3715506,70296579,19635185,2244,17146510,63706405,17107103,63652382,2460402,158311,145225,10811020,0,106261913,726765568,469762048,0,0
sample,ring_1024_session,session_wide,gpu_inline_certified,12,2,1028,3080,2048,4096,0,545195036,19818,697283082,2161862216,0,3404360152,3404360152,1840781796,1563578356,1563578356,0,4096,4096,1,1,2,1,1,2,2,194372690,3715506,95002714,29936106,2244,17146510,112978609,17107103,112875101,4969246,326521,238793,25562682,0,213031461,726765568,469762048,0,0
sample,ring_1024_session,session_wide,gpu_inline_certified,12,3,1028,3080,2048,6144,0,798621804,19818,897097035,3236711691,0,4932450348,4932450348,1840781796,1528090196,1563578356,0,6144,6144,1,1,3,2,1,3,3,194372690,3715506,119688020,39859389,2244,17146510,162236476,17107103,162084060,7455066,456227,355976,32221667,0,319587264,726765568,469762048,0,0
sample,ring_1024_session,session_wide,gpu_inline_certified,12,4,1028,3080,2048,8192,0,1024699831,19818,1091381748,4318486747,0,6434588144,6434588144,1840781796,1528090196,1563578356,0,8192,8192,1,1,4,3,1,4,4,194372690,3715506,143937218,49705786,2244,17146510,211632696,17107103,211437756,9912823,590792,443662,34885746,4878362,425036075,726765568,469762048,0,0
sample,ring_1024_session,session_wide,gpu_inline_certified,13,1,1028,3080,2048,2048,0,280867276,13245,489980690,1083923656,0,1854784867,1854784867,1854784867,0,0,0,2048,2048,1,1,1,0,1,1,1,196478007,3675561,69844590,19330437,3096,17513898,63665114,17472032,63609759,2543239,179430,155266,10956696,0,105635356,727343104,469762048,0,0
sample,ring_1024_session,session_wide,gpu_inline_certified,13,2,1028,3080,2048,4096,0,546148018,13245,691895322,2160197948,0,3398254533,3398254533,1854784867,1543469666,1543469666,0,4096,4096,1,1,2,1,1,2,2,196478007,3675561,93948602,28984891,3096,17513898,112905287,17472032,112786398,4926385,324244,236270,22086941,0,210812140,727343104,469762048,0,0
sample,ring_1024_session,session_wide,gpu_inline_certified,13,3,1028,3080,2048,6144,0,796078209,13245,889457659,3253982612,0,4939531725,4939531725,1854784867,1541277192,1543469666,0,6144,6144,1,1,3,2,1,3,3,196478007,3675561,118568483,38924797,3096,17513898,162151844,17472032,161980509,7335099,518102,324096,28763590,0,315201086,727343104,469762048,0,0
sample,ring_1024_session,session_wide,gpu_inline_certified,13,4,1028,3080,2048,8192,0,1025506919,13245,1085562409,4336140528,0,6447223101,6447223101,1854784867,1541277192,1543469666,0,8192,8192,1,1,4,3,1,4,4,196478007,3675561,143565411,49046898,3096,17513898,211405995,17472032,211188828,9798678,701170,422493,31356474,5022716,421594728,727343104,469762048,0,0
sample,ring_1024_session,session_wide,gpu_inline_certified,14,1,1028,3080,2048,2048,0,279537824,12914,482262625,1071145644,0,1832959007,1832959007,1832959007,0,0,0,2048,2048,1,1,1,0,1,1,1,190620366,3655581,69128230,19247170,2414,17245819,63386918,17205823,63333598,2367716,152069,149142,10681194,0,105626006,727343104,469762048,0,0
sample,ring_1024_session,session_wide,gpu_inline_certified,14,2,1028,3080,2048,4096,0,548497971,12914,690075629,2155004267,0,3393590781,3393590781,1832959007,1560631774,1560631774,0,4096,4096,1,1,2,1,1,2,2,190620366,3655581,93662699,28881205,2414,17245819,112624937,17205823,112509085,4768395,280474,232740,27399250,0,210701749,727343104,469762048,0,0
sample,ring_1024_session,session_wide,gpu_inline_certified,14,3,1028,3080,2048,6144,0,799139541,12914,887783722,3234582790,0,4921518967,4921518967,1832959007,1527928186,1560631774,0,6144,6144,1,1,3,2,1,3,3,190620366,3655581,117879695,38444986,2414,17245819,161893965,17205823,161736669,7190735,419218,325637,33824150,0,316281156,727343104,469762048,0,0
sample,ring_1024_session,session_wide,gpu_inline_certified,14,4,1028,3080,2048,8192,0,1024369136,12914,1081604153,4314257786,0,6420243989,6420243989,1832959007,1527928186,1560631774,0,8192,8192,1,1,4,3,1,4,4,190620366,3655581,142162937,48125418,2414,17245819,211200465,17205823,211002940,9630648,553733,406320,36281537,5184786,421718915,727343104,469762048,0,0
sample,ring_1024_session,session_wide,gpu_inline_certified,15,1,1028,3080,2048,2048,0,280232844,17613,489392422,1078128169,0,1847771048,1847771048,1847771048,0,0,0,2048,2048,1,1,1,0,1,1,1,195881144,3538879,70741282,19692023,2114,16956068,63257794,16914304,63203423,2406139,167298,139085,11008595,0,105602001,727343104,469762048,0,0
sample,ring_1024_session,session_wide,gpu_inline_certified,15,2,1028,3080,2048,4096,0,548562503,17613,694949270,2155813426,0,3399342812,3399342812,1847771048,1551571764,1551571764,0,4096,4096,1,1,2,1,1,2,2,195881144,3538879,95230786,29738070,2114,16956068,112536540,16914304,112440158,4868244,312173,227653,25649738,0,210007861,727343104,469762048,0,0
sample,ring_1024_session,session_wide,gpu_inline_certified,15,3,1028,3080,2048,6144,0,796482856,17613,892804473,3237901962,0,4927206904,4927206904,1847771048,1527864092,1551571764,0,6144,6144,1,1,3,2,1,3,3,195881144,3538879,119885313,39766384,2114,16956068,161772044,16914304,161612989,7260247,482817,308256,32083264,0,314867943,727343104,469762048,0,0
sample,ring_1024_session,session_wide,gpu_inline_certified,15,4,1028,3080,2048,8192,0,1022788568,17613,1087417050,4316520846,0,6426744077,6426744077,1847771048,1527864092,1551571764,0,8192,8192,1,1,4,3,1,4,4,195881144,3538879,143997210,49522210,2114,16956068,210975117,16914304,210766493,9641879,615650,395552,34630301,4876801,421260926,727343104,469762048,0,0
sample,ring_1024_session,session_wide,gpu_inline_certified,16,1,1028,3080,2048,2048,0,278248458,19758,485128109,1073279856,0,1836676181,1836676181,1836676181,0,0,0,2048,2048,1,1,1,0,1,1,1,192386882,3530284,70124031,19315959,2284,17084423,63387178,17045408,63334431,2512681,156717,160526,11138481,0,105328663,727347200,469762048,0,0
sample,ring_1024_session,session_wide,gpu_inline_certified,16,2,1028,3080,2048,4096,0,548066477,19758,693719602,2148496779,0,3390302616,3390302616,1836676181,1553626435,1553626435,0,4096,4096,1,1,2,1,1,2,2,192386882,3530284,94441929,29264741,2284,17084423,112602606,17045408,112509662,5037466,307674,242010,28180202,0,210639101,727347200,469762048,0,0
sample,ring_1024_session,session_wide,gpu_inline_certified,16,3,1028,3080,2048,6144,0,792142283,19758,890898723,3226228809,0,4909289573,4909289573,1836676181,1518986957,1553626435,0,6144,6144,1,1,3,2,1,3,3,192386882,3530284,118580777,38802452,2284,17084423,161829155,17045408,161687998,7525740,445236,318645,34571870,0,315820975,727347200,469762048,0,0
sample,ring_1024_session,session_wide,gpu_inline_certified,16,4,1028,3080,2048,8192,0,1018045140,19758,1085639945,4308862759,0,6412567602,6412567602,1836676181,1518986957,1553626435,0,8192,8192,1,1,4,3,1,4,4,192386882,3530284,142793606,48582915,2284,17084423,211067275,17045408,210885180,10037058,602265,393808,37379742,4975118,421779403,727347200,469762048,0,0
sample,ring_1024_session,session_wide,gpu_inline_certified,17,1,1028,3080,2048,2048,0,279431254,18005,489554066,1085553966,0,1854557291,1854557291,1854557291,0,0,0,2048,2048,1,1,1,0,1,1,1,193961441,3655521,71118761,20348159,2414,17205052,63787398,17164031,63732001,2659390,168922,155736,10749673,0,105741599,727343104,469762048,0,0
sample,ring_1024_session,session_wide,gpu_inline_certified,17,2,1028,3080,2048,4096,0,540450425,18005,703012041,2176828284,0,3420308755,3420308755,1854557291,1565751464,1565751464,0,4096,4096,1,1,2,1,1,2,2,193961441,3655521,96161906,30418032,2414,17205052,113045976,17164031,112939808,5164687,353634,246129,27126462,0,215670787,727343104,469762048,0,0
sample,ring_1024_session,session_wide,gpu_inline_certified,17,3,1028,3080,2048,6144,0,796633552,18005,903551073,3255288118,0,4955490748,4955490748,1854557291,1535181993,1565751464,0,6144,6144,1,1,3,2,1,3,3,193961441,3655521,121230670,40591060,2414,17205052,162304916,17164031,162149472,7581727,508598,332443,33626806,0,322550425,727343104,469762048,0,0
sample,ring_1024_session,session_wide,gpu_inline_certified,17,4,1028,3080,2048,8192,0,1021867187,18005,1097802626,4336671834,0,6456359652,6456359652,1854557291,1535181993,1565751464,0,8192,8192,1,1,4,3,1,4,4,193961441,3655521,145691059,50712941,2414,17205052,211576642,17164031,211360607,10060444,707205,423765,36255448,5098191,427550694,727343104,469762048,0,0
sample,ring_1024_session,session_wide,gpu_inline_certified,18,1,1028,3080,2048,2048,0,279177040,12273,494213935,1077501922,0,1850905170,1850905170,1850905170,0,0,0,2048,2048,1,1,1,0,1,1,1,198688488,3870831,70417558,19779640,3056,18017354,63801576,17975135,63745472,2490119,166616,164221,11339574,0,105474902,727343104,469762048,0,0
sample,ring_1024_session,session_wide,gpu_inline_certified,18,2,1028,3080,2048,4096,0,538403335,12273,701211050,2148377351,0,3388004009,3388004009,1850905170,1537098839,1537098839,0,4096,4096,1,1,2,1,1,2,2,198688488,3870831,94647890,29431878,3056,18017354,113077238,17975135,112977566,5458836,303285,253129,26018599,0,211440466,727343104,469762048,0,0
sample,ring_1024_session,session_wide,gpu_inline_certified,18,3,1028,3080,2048,6144,0,787685155,12273,900638581,3221074588,0,4909410597,4909410597,1850905170,1521406588,1537098839,0,6144,6144,1,1,3,2,1,3,3,198688488,3870831,118838206,39255282,3056,18017354,162334704,17975135,162190654,7859485,437559,338462,32868466,0,318126688,727343104,469762048,0,0
sample,ring_1024_session,session_wide,gpu_inline_certified,18,4,1028,3080,2048,8192,0,1013710374,12273,1095645698,4298354056,0,6407722401,6407722401,1850905170,1521406588,1537098839,0,8192,8192,1,1,4,3,1,4,4,198688488,3870831,143335064,48912230,3056,18017354,211537317,17975135,211340828,10305119,596350,422732,35460609,5061310,424496548,727343104,469762048,0,0
sample,ring_1024_session,session_wide,gpu_inline_certified,19,1,1028,3080,2048,2048,0,279873181,19106,488798600,1091917425,0,1860608312,1860608312,1860608312,0,0,0,2048,2048,1,1,1,0,1,1,1,195555399,3584677,69634812,20224334,3937,17282608,63654045,17236223,63600224,2526307,166808,164152,10743883,0,105257638,727343104,469762048,0,0
sample,ring_1024_session,session_wide,gpu_inline_certified,19,2,1028,3080,2048,4096,0,544421243,19106,694422147,2184037959,0,3422900455,3422900455,1860608312,1562292143,1562292143,0,4096,4096,1,1,2,1,1,2,2,195555399,3584677,93825258,29968627,3937,17282608,112958732,17236223,112832864,4992881,311433,245527,23553767,0,212139301,727343104,469762048,0,0
sample,ring_1024_session,session_wide,gpu_inline_certified,19,3,1028,3080,2048,6144,0,794563807,19106,892618580,3263700556,0,4950902049,4950902049,1860608312,1528001594,1562292143,0,6144,6144,1,1,3,2,1,3,3,195555399,3584677,118487791,39945221,3937,17282608,162240776,17236223,162063872,7444195,460645,341860,29989297,0,317282174,727343104,469762048,0,0
sample,ring_1024_session,session_wide,gpu_inline_certified,19,4,1028,3080,2048,8192,0,1019197601,19106,1085694559,4341492272,0,6446403538,6446403538,1860608312,1528001594,1562292143,0,8192,8192,1,1,4,3,1,4,4,195555399,3584677,142802974,49744930,3937,17282608,211521074,17236223,211299072,9908033,623704,433435,32562523,5210124,421671265,727343104,469762048,0,0
summary,ring_1024_session,session_wide,gpu_inline_certified,1,20,1832959007,1850905170,1862017818,1878023430,1850905170,1850905170,0,0,1105.1809023805413,727347200,469762048
summary,ring_1024_session,session_wide,gpu_inline_certified,2,20,3387066847,3404360152,3428552880,3438076473,3404360152,1850905170,1554592948,1569452496,1202.3925127546627,727347200,469762048
summary,ring_1024_session,session_wide,gpu_inline_certified,3,20,4909289573,4932450348,4964175468,4973390526,4932450348,1850905170,1526098995,1569452496,1245.2816159987101,727347200,469762048
summary,ring_1024_session,session_wide,gpu_inline_certified,4,20,6407722401,6435894807,6469903767,6473597086,6435894807,1850905170,1526098995,1569452496,1272.6516730487845,727347200,469762048
sample,ring_1024_session,session_wide,gpu_candidate_runtime,0,1,1028,3080,2048,2048,0,282656670,10580,509883290,541280903,1091227256,1333831443,2425058699,1333831443,0,0,0,2048,2048,1,1,1,0,1,1,1,207127544,3584386,73487820,24200375,3597,17106985,63632103,17050975,63578208,2503063,160746,153882,10878458,0,107044331,727343104,469762048,0,0
sample,ring_1024_session,session_wide,gpu_candidate_runtime,0,2,1028,3080,2048,4096,0,524299301,10580,721851741,1081208699,2177230341,2327370321,4504600662,1333831443,993538878,993538878,0,4096,4096,1,1,2,1,1,2,2,207127544,3584386,98452888,34349949,3597,17106985,113030270,17050975,112912863,4889044,316843,250315,27525721,0,215214199,727343104,469762048,0,0
sample,ring_1024_session,session_wide,gpu_candidate_runtime,0,3,1028,3080,2048,6144,0,799706179,10580,927068963,1613591006,3251165410,3340376728,6591542138,1333831443,993538878,1013006407,0,6144,6144,1,1,3,2,1,3,3,207127544,3584386,122625000,44055430,3597,17106985,162447272,17050975,162289726,7249126,451358,333053,41315427,0,320769785,727343104,469762048,0,0
sample,ring_1024_session,session_wide,gpu_candidate_runtime,0,4,1028,3080,2048,8192,0,1025448106,10580,1125150474,2148231883,4328914390,4298841043,8627755433,1333831443,993538878,1013006407,0,8192,8192,1,1,4,3,1,4,4,207127544,3584386,146808333,53811256,3597,17106985,216292865,17050975,216090300,9737752,612474,414648,43943698,5835001,425706936,727343104,469762048,0,0
sample,ring_1024_session,session_wide,gpu_candidate_runtime,1,1,1028,3080,2048,2048,0,301864610,11351,506845474,528646944,1075637511,1337368379,2413005890,1337368379,0,0,0,2048,2048,1,1,1,0,1,1,1,213456357,3736896,69587294,19814567,3907,17356048,63381187,17314239,63321982,2414916,149845,155336,10575042,0,106214079,726835200,469762048,0,0
sample,ring_1024_session,session_wide,gpu_candidate_runtime,1,2,1028,3080,2048,4096,0,538162371,11351,713357955,1061840010,2147881657,2313371687,4461253344,1337368379,976003308,976003308,0,4096,4096,1,1,2,1,1,2,2,213456357,3736896,93663213,29369732,3907,17356048,112572832,17314239,112466301,4868545,310611,239066,25319251,0,212461497,726835200,469762048,0,0
sample,ring_1024_session,session_wide,gpu_candidate_runtime,1,3,1028,3080,2048,6144,0,819022626,11351,920215802,1591035295,3219321066,3330285074,6549606140,1337368379,976003308,1016913387,0,6144,6144,1,1,3,2,1,3,3,213456357,3736896,117805799,38990492,3907,17356048,161965226,17314239,161823485,7281466,456599,328335,40925006,0,317909671,726835200,469762048,0,0
sample,ring_1024_session,session_wide,gpu_candidate_runtime,1,4,1028,3080,2048,8192,0,1044756808,11351,1118563077,2122067879,4312353661,4285399115,8597752776,1337368379,976003308,1016913387,0,8192,8192,1,1,4,3,1,4,4,213456357,3736896,141879525,48890942,3907,17356048,215803814,17314239,215617403,9819125,590684,417575,43466782,5800395,423141422,726835200,469762048,0,0
sample,ring_1024_session,session_wide,gpu_candidate_runtime,2,1,1028,3080,2048,2048,0,281433302,16972,503599921,530078841,1086861278,1315129036,2401990314,1315129036,0,0,0,2048,2048,1,1,1,0,1,1,1,203996849,3626703,69034307,20294637,3136,17088251,64787057,17048160,64734141,2451124,163349,152169,15394162,0,106608177,727343104,469762048,0,0
sample,ring_1024_session,session_wide,gpu_candidate_runtime,2,2,1028,3080,2048,4096,0,522652374,16972,711637432,1067410113,2171278906,2301716891,4472995797,1315129036,986587855,986587855,0,4096,4096,1,1,2,1,1,2,2,203996849,3626703,94056283,30517639,3136,17088251,114030707,17048160,113914459,4859236,370152,244536,28912222,0,213931718,727343104,469762048,0,0
sample,ring_1024_session,session_wide,gpu_candidate_runtime,2,3,1028,3080,2048,6144,0,799689272,16972,920341159,1605302219,3261451954,3325349622,6586801576,1315129036,986587855,1023632731,0,6144,6144,1,1,3,2,1,3,3,203996849,3626703,119049734,40526576,3136,17088251,163409013,17048160,163230618,7259615,564872,329688,44434267,0,320052455,727343104,469762048,0,0
sample,ring_1024_session,session_wide,gpu_candidate_runtime,2,4,1028,3080,2048,8192,0,1025215092,16972,1114236816,2135868184,4347760177,4275337064,8623097241,1315129036,986587855,1023632731,0,8192,8192,1,1,4,3,1,4,4,203996849,3626703,143333698,50608692,3136,17088251,212715654,17048160,212494745,9727982,705479,410161,47004849,6167962,425015362,727343104,469762048,0,0
sample,ring_1024_session,session_wide,gpu_candidate_runtime,3,1,1028,3080,2048,2048,0,282820948,17724,513453330,530373040,1073376975,1326665042,2400042017,1326665042,0,0,0,2048,2048,1,1,1,0,1,1,1,206448468,3605628,79609135,19152700,2264,16989612,63083034,16954368,63033502,2450554,174522,168810,15181729,0,106586874,727080960,469762048,0,0
sample,ring_1024_session,session_wide,gpu_candidate_runtime,3,2,1028,3080,2048,4096,0,516845312,17724,721192960,1059710624,2145977445,2297766620,4443744065,1326665042,971101578,971101578,0,4096,4096,1,1,2,1,1,2,2,206448468,3605628,103901515,29295992,2264,16989612,112416646,16954368,112323390,4945722,356357,271596,30620405,0,212338755,727080960,469762048,0,0
sample,ring_1024_session,session_wide,gpu_candidate_runtime,3,3,1028,3080,2048,6144,0,791344787,17724,928488446,1589847245,3225492406,3309698202,6535190608,1326665042,971101578,1011931582,0,6144,6144,1,1,3,2,1,3,3,206448468,3605628,128724492,39160575,2264,16989612,161833155,16954368,161691326,7416514,522212,356528,45920811,0,317508187,727080960,469762048,0,0
sample,ring_1024_session,session_wide,gpu_candidate_runtime,3,4,1028,3080,2048,8192,0,1016557128,17724,1122327330,2120085119,4296885011,4258987301,8555872312,1326665042,971101578,1011931582,0,8192,8192,1,1,4,3,1,4,4,206448468,3605628,152903988,48703677,2264,16989612,211167150,16954368,210977502,9880142,658770,445858,48387014,4864788,423134759,727080960,469762048,0,0
sample,ring_1024_session,session_wide,gpu_candidate_runtime,4,1,1028,3080,2048,2048,0,282077688,10991,496915562,533311898,1084661165,1312316139,2396977304,1312316139,0,0,0,2048,2048,1,1,1,0,1,1,1,203603030,3570660,68999505,19855303,2846,16937191,63594182,16896768,63533597,2528802,185433,153862,10927200,0,106557548,726851584,469762048,0,0
sample,ring_1024_session,session_wide,gpu_candidate_runtime,4,2,1028,3080,2048,4096,0,514819951,10991,702623719,1085276255,2167082145,2302730916,4469813061,1312316139,990414777,990414777,0,4096,4096,1,1,2,1,1,2,2,203603030,3570660,93086886,29494357,2846,16937191,112958642,16896768,112824123,4936956,306333,241638,24839740,0,212645440,726851584,469762048,0,0
sample,ring_1024_session,session_wide,gpu_candidate_runtime,4,3,1028,3080,2048,6144,0,773956768,10991,905241146,1614968529,3245330803,3294177434,6539508237,1312316139,990414777,991446518,0,6144,6144,1,1,3,2,1,3,3,203603030,3570660,117720333,39594185,2846,16937191,162358049,16896768,162168537,7390535,481736,341878,35973713,0,317266990,726851584,469762048,0,0
sample,ring_1024_session,session_wide,gpu_candidate_runtime,4,4,1028,3080,2048,8192,0,1001355484,10991,1106943396,2154890525,4345019193,4263200396,8608219589,1312316139,990414777,991446518,0,8192,8192,1,1,4,3,1,4,4,203603030,3570660,142825677,49890947,2846,16937191,216207756,16896768,215992024,9949013,643513,430777,38568541,5555049,424313445,726851584,469762048,0,0
sample,ring_1024_session,session_wide,gpu_candidate_runtime,5,1,1028,3080,2048,2048,0,283210196,17033,502848043,534470250,1098614141,1320545522,2419159663,1320545522,0,0,0,2048,2048,1,1,1,0,1,1,1,207259702,3560270,71032026,19716490,2434,17147773,63604691,17105087,63550878,2450292,172247,145877,10797634,0,106958607,727080960,469762048,0,0
sample,ring_1024_session,session_wide,gpu_candidate_runtime,5,2,1028,3080,2048,4096,0,522138003,17033,708528255,1072883398,2184764143,2303566689,4488330832,1320545522,983021167,983021167,0,4096,4096,1,1,2,1,1,2,2,207259702,3560270,95971354,29964039,2434,17147773,112976725,17105087,112854910,4875638,336168,242510,21840124,0,214351518,727080960,469762048,0,0
sample,ring_1024_session,session_wide,gpu_candidate_runtime,5,3,1028,3080,2048,6144,0,798882411,17033,916322402,1608736404,3268024106,3323958250,6591982356,1320545522,983021167,1020391561,0,6144,6144,1,1,3,2,1,3,3,207259702,3560270,120632514,39922680,2434,17147773,162745323,17105087,162572509,7277619,544694,340025,37975675,0,318913693,727080960,469762048,0,0
sample,ring_1024_session,session_wide,gpu_candidate_runtime,5,4,1028,3080,2048,8192,0,1025550186,17033,1111233291,2142570944,4341320812,4279371454,8620692266,1320545522,983021167,1020391561,0,8192,8192,1,1,4,3,1,4,4,207259702,3560270,145243929,50021085,2434,17147773,212278994,17105087,212053947,9696943,786032,421389,40468008,5257656,424346732,727080960,469762048,0,0
sample,ring_1024_session,session_wide,gpu_candidate_runtime,6,1,1028,3080,2048,2048,0,280918913,10360,492212074,539600919,1077817431,1312742266,2390559697,1312742266,0,0,0,2048,2048,1,1,1,0,1,1,1,199337126,3511719,69374116,19464471,2204,17411544,63406293,17371616,63349792,2461454,174882,148692,10961315,0,105958258,726818816,469762048,0,0
sample,ring_1024_session,session_wide,gpu_candidate_runtime,6,2,1028,3080,2048,4096,0,515022517,10360,698391183,1074216533,2156101528,2287640593,4443742121,1312742266,974898327,974898327,0,4096,4096,1,1,2,1,1,2,2,199337126,3511719,93549994,29086542,2204,17411544,112818523,17371616,112720063,5077301,339635,229385,26291336,0,210735874,726818816,469762048,0,0
sample,ring_1024_session,session_wide,gpu_candidate_runtime,6,3,1028,3080,2048,6144,0,791553788,10360,905966342,1619364426,3228669318,3316894916,6545564234,1312742266,974898327,1029254323,0,6144,6144,1,1,3,2,1,3,3,199337126,3511719,117748274,38675161,2204,17411544,162158896,17371616,162020158,7568792,496422,315057,42426466,0,316314681,726818816,469762048,0,0
sample,ring_1024_session,session_wide,gpu_candidate_runtime,6,4,1028,3080,2048,8192,0,1016334410,10360,1099055926,2152451094,4305037935,4267851790,8572889725,1312742266,974898327,1029254323,0,8192,8192,1,1,4,3,1,4,4,199337126,3511719,142043639,48335234,2204,17411544,211603266,17371616,211420189,10060012,655875,393406,44872501,5727736,420829400,726818816,469762048,0,0
sample,ring_1024_session,session_wide,gpu_candidate_runtime,7,1,1028,3080,2048,2048,0,281784766,10149,496324852,532653796,1082061349,1310773563,2392834912,1310773563,0,0,0,2048,2048,1,1,1,0,1,1,1,199957306,3520605,71157620,20277574,2675,16823306,63802925,16782783,63742366,2478647,157319,151888,11322670,0,106672317,727080960,469762048,0,0
sample,ring_1024_session,session_wide,gpu_candidate_runtime,7,2,1028,3080,2048,4096,0,517197807,10149,704817465,1066935243,2168987385,2288960664,4457948049,1310773563,978187101,978187101,0,4096,4096,1,1,2,1,1,2,2,199957306,3520605,95949576,30348368,2675,16823306,113336504,16782783,113214718,4945451,348522,241767,25558402,0,213784983,727080960,469762048,0,0
sample,ring_1024_session,session_wide,gpu_candidate_runtime,7,3,1028,3080,2048,6144,0,801695655,10149,914089197,1601910113,3261637880,3317705114,6579342994,1310773563,978187101,1028744450,0,6144,6144,1,1,3,2,1,3,3,199957306,3520605,121019180,40615795,2675,16823306,162683619,16782783,162495038,7452321,530318,343950,40839359,0,320300763,727080960,469762048,0,0
sample,ring_1024_session,session_wide,gpu_candidate_runtime,7,4,1028,3080,2048,8192,0,1030269817,10149,1113228297,2135854419,4343582065,4279362682,8622944747,1310773563,978187101,1028744450,0,8192,8192,1,1,4,3,1,4,4,199957306,3520605,145573176,50928628,2675,16823306,216534608,16782783,216302973,9873999,688417,424693,43489962,5977079,425410922,727080960,469762048,0,0
sample,ring_1024_session,session_wide,gpu_candidate_runtime,8,1,1028,3080,2048,2048,0,282888022,10831,494570940,531364288,1076363276,1308834081,2385197357,1308834081,0,0,0,2048,2048,1,1,1,0,1,1,1,202991956,3180931,69293703,19672617,2765,16944547,63109820,16903360,63056447,2477104,155135,143694,10635445,0,105963223,726917120,469762048,0,0
sample,ring_1024_session,session_wide,gpu_candidate_runtime,8,2,1028,3080,2048,4096,0,516616223,10831,697190307,1061129699,2148646515,2274947060,4423593575,1308834081,966112979,966112979,0,4096,4096,1,1,2,1,1,2,2,202991956,3180931,93497724,29338452,2765,16944547,112521850,16903360,112422718,4925543,296113,228595,21180930,0,212080901,726917120,469762048,0,0
sample,ring_1024_session,session_wide,gpu_candidate_runtime,8,3,1028,3080,2048,6144,0,798388566,10831,902783952,1590756597,3218846708,3291939946,6510786654,1308834081,966112979,1016992886,0,6144,6144,1,1,3,2,1,3,3,202991956,3180931,117965737,39422601,2765,16944547,161878255,16903360,161714429,7342382,477987,311343,34563572,0,317701876,726917120,469762048,0,0
sample,ring_1024_session,session_wide,gpu_candidate_runtime,8,4,1028,3080,2048,8192,0,1024214251,10831,1096522355,2119787505,4290571054,4240534942,8531105996,1308834081,966112979,1016992886,0,8192,8192,1,1,4,3,1,4,4,202991956,3180931,142128911,49343239,2765,16944547,211292578,16903360,211084028,9735456,619285,387708,37113715,5346563,422781264,726917120,469762048,0,0
sample,ring_1024_session,session_wide,gpu_candidate_runtime,9,1,1028,3080,2048,2048,0,281312680,10841,499162659,532539268,1082426941,1313025448,2395452389,1313025448,0,0,0,2048,2048,1,1,1,0,1,1,1,204946808,3499716,69387902,19559661,3186,17026172,63480184,16986688,63432031,2396360,150736,144696,12361203,0,106206035,727343104,469762048,0,0
sample,ring_1024_session,session_wide,gpu_candidate_runtime,9,2,1028,3080,2048,4096,0,520083266,10841,708368044,1066708572,2157823793,2295170723,4452994516,1313025448,982145275,982145275,0,4096,4096,1,1,2,1,1,2,2,204946808,3499716,94128183,29516047,3186,17026172,112813274,16986688,112698815,4867883,297434,244967,27891984,0,213132390,727343104,469762048,0,0
sample,ring_1024_session,session_wide,gpu_candidate_runtime,9,3,1028,3080,2048,6144,0,796773349,10841,915912925,1599313055,3234606808,3312010170,6546616978,1313025448,982145275,1016839447,0,6144,6144,1,1,3,2,1,3,3,204946808,3499716,118239509,39220485,3186,17026172,162197922,16986688,162040767,7252111,434113,337261,44247623,0,318508019,727343104,469762048,0,0
sample,ring_1024_session,session_wide,gpu_candidate_runtime,9,4,1028,3080,2048,8192,0,1021864499,10841,1109449676,2136169823,4326462566,4267494839,8593957405,1313025448,982145275,1016839447,0,8192,8192,1,1,4,3,1,4,4,204946808,3499716,142766343,49094304,3186,17026172,211558013,16986688,211356478,9777366,603656,424617,46713556,5088362,423035939,727343104,469762048,0,0
sample,ring_1024_session,session_wide,gpu_candidate_runtime,10,1,1028,3080,2048,2048,0,279309587,11071,498696534,539543430,1091266850,1317560622,2408827472,1317560622,0,0,0,2048,2048,1,1,1,0,1,1,1,204007554,3714223,70806095,19552097,1973,17399831,63372490,17343616,63316352,2472856,165223,148172,10853148,0,106202872,727080960,469762048,0,0
sample,ring_1024_session,session_wide,gpu_candidate_runtime,10,2,1028,3080,2048,4096,0,519327482,11071,700404631,1068411712,2168168026,2288154896,4456322922,1317560622,970594274,970594274,0,4096,4096,1,1,2,1,1,2,2,204007554,3714223,95008262,29306420,1973,17399831,112841757,17343616,112738815,4898522,314457,233013,21680197,0,210998422,727080960,469762048,0,0
sample,ring_1024_session,session_wide,gpu_candidate_runtime,10,3,1028,3080,2048,6144,0,797920552,11071,907818870,1599474737,3248013002,3305225230,6553238232,1317560622,970594274,1017070334,0,6144,6144,1,1,3,2,1,3,3,204007554,3714223,119193136,39003184,1973,17399831,162238446,17343616,162090143,7304570,467287,316602,37827139,0,316344925,727080960,469762048,0,0
sample,ring_1024_session,session_wide,gpu_candidate_runtime,10,4,1028,3080,2048,8192,0,1026645678,11071,1108812836,2134364790,4323211726,4269834375,8593046101,1317560622,970594274,1017070334,0,8192,8192,1,1,4,3,1,4,4,204007554,3714223,143950017,49114554,1973,17399831,216168776,17343616,215964093,9789799,612723,394450,40337536,5569145,423321400,727080960,469762048,0,0
sample,ring_1024_session,session_wide,gpu_candidate_runtime,11,1,1028,3080,2048,2048,0,280503757,10280,499338434,535022404,1096989812,1314874875,2411864687,1314874875,0,0,0,2048,2048,1,1,1,0,1,1,1,205873924,3432499,70019109,19340435,2856,17219128,63309149,17179199,63262877,2472775,151517,117312,11338451,0,106061279,726564864,469762048,0,0
sample,ring_1024_session,session_wide,gpu_candidate_runtime,11,2,1028,3080,2048,4096,0,518090024,10280,703859283,1065787002,2168676990,2287746589,4456423579,1314874875,972871714,972871714,0,4096,4096,1,1,2,1,1,2,2,205873924,3432499,94537507,29272135,2856,17219128,112692935,17179199,112594621,4872021,309346,215439,24308721,0,211122772,726564864,469762048,0,0
sample,ring_1024_session,session_wide,gpu_candidate_runtime,11,3,1028,3080,2048,6144,0,803672823,10280,911791830,1596986808,3250438599,3312461741,6562900340,1314874875,972871714,1024715152,0,6144,6144,1,1,3,2,1,3,3,205873924,3432499,118652349,38884158,2856,17219128,162053898,17179199,161896668,7273081,458579,295060,41224693,0,316421605,726564864,469762048,0,0
sample,ring_1024_session,session_wide,gpu_candidate_runtime,11,4,1028,3080,2048,8192,0,1028906092,10280,1105208332,2126586274,4334529591,4260710978,8595240569,1314874875,972871714,1024715152,0,8192,8192,1,1,4,3,1,4,4,205873924,3432499,142843175,48490641,2856,17219128,211440149,17179199,211236699,9654332,606991,375032,43722596,5362754,421547009,726564864,469762048,0,0
sample,ring_1024_session,session_wide,gpu_candidate_runtime,12,1,1028,3080,2048,2048,0,281099436,10901,495174526,529802632,1076956435,1306087495,2383043930,1306087495,0,0,0,2048,2048,1,1,1,0,1,1,1,202066840,3670359,69279576,19520328,2415,17071646,63490252,17031072,63430205,2469790,174181,165966,10948841,0,106314332,727080960,469762048,0,0
sample,ring_1024_session,session_wide,gpu_candidate_runtime,12,2,1028,3080,2048,4096,0,515356151,10901,698106208,1062308808,2152380467,2275782068,4428162535,1306087495,969694573,969694573,0,4096,4096,1,1,2,1,1,2,2,202066840,3670359,93502744,29137740,2415,17071646,112822501,17031072,112723101,4866581,330057,262710,22011799,0,212360816,727080960,469762048,0,0
sample,ring_1024_session,session_wide,gpu_candidate_runtime,12,3,1028,3080,2048,6144,0,798488306,10901,904061521,1593672956,3225459026,3296233684,6521692710,1306087495,969694573,1020451616,0,6144,6144,1,1,3,2,1,3,3,202066840,3670359,117732305,38776643,2415,17071646,162208131,17031072,162066908,7294872,465544,350688,36807685,0,317614393,727080960,469762048,0,0
sample,ring_1024_session,session_wide,gpu_candidate_runtime,12,4,1028,3080,2048,8192,0,1024692619,10901,1097787972,2122915014,4297972764,4245406506,8543379270,1306087495,969694573,1020451616,0,8192,8192,1,1,4,3,1,4,4,202066840,3670359,141883707,48344361,2415,17071646,211545800,17031072,211359675,9693837,594008,437974,39420166,5080577,423056859,727080960,469762048,0,0
sample,ring_1024_session,session_wide,gpu_candidate_runtime,13,1,1028,3080,2048,2048,0,281410977,11301,495495785,533442394,1076829114,1310360457,2387189571,1310360457,0,0,0,2048,2048,1,1,1,0,1,1,1,200962132,3760611,69324180,20308715,2464,17156188,63943573,17113727,63890528,2468127,183288,157579,10591422,0,106637506,727343104,469762048,0,0
sample,ring_1024_session,session_wide,gpu_candidate_runtime,13,2,1028,3080,2048,4096,0,518618055,11301,701116823,1067897571,2165557554,2287643750,4453201304,1310360457,977283293,977283293,0,4096,4096,1,1,2,1,1,2,2,200962132,3760611,93963037,30245032,2464,17156188,113360042,17113727,113258943,4859128,365844,240546,24489293,0,211712506,727343104,469762048,0,0
sample,ring_1024_session,session_wide,gpu_candidate_runtime,13,3,1028,3080,2048,6144,0,798630758,11301,906993296,1602480923,3258875067,3308116278,6566991345,1310360457,977283293,1020472528,0,6144,6144,1,1,3,2,1,3,3,200962132,3760611,118505531,40229392,2464,17156188,162780838,17113727,162632191,7290656,542951,324244,38652598,0,316785691,727343104,469762048,0,0
sample,ring_1024_session,session_wide,gpu_candidate_runtime,13,4,1028,3080,2048,8192,0,1029094681,11301,1108602396,2132257957,4347499669,4269966335,8617466004,1310360457,977283293,1020472528,0,8192,8192,1,1,4,3,1,4,4,200962132,3760611,143607738,50642856,2464,17156188,216763516,17113727,216573886,9721182,694249,416128,41319663,5677331,423555669,727343104,469762048,0,0
sample,ring_1024_session,session_wide,gpu_candidate_runtime,14,1,1028,3080,2048,2048,0,280202653,10500,504971662,529930390,1092622082,1315115205,2407737287,1315115205,0,0,0,2048,2048,1,1,1,0,1,1,1,210167716,3559540,70412434,19572889,2124,17162803,63711429,17123039,63649758,2496121,226920,174741,11492625,0,105992320,726818816,469762048,0,0
sample,ring_1024_session,session_wide,gpu_candidate_runtime,14,2,1028,3080,2048,4096,0,514610674,10500,707393392,1059850749,2163256780,2281865315,4445122095,1315115205,966750110,966750110,0,4096,4096,1,1,2,1,1,2,2,210167716,3559540,94561714,29372238,2124,17162803,113041798,17123039,112935518,4940503,360103,255785,22161296,0,211807772,726818816,469762048,0,0
sample,ring_1024_session,session_wide,gpu_candidate_runtime,14,3,1028,3080,2048,6144,0,795718478,10500,914510007,1593381345,3231378435,3303620330,6534998765,1315115205,966750110,1021755015,0,6144,6144,1,1,3,2,1,3,3,210167716,3559540,118718328,39039476,2124,17162803,162416423,17123039,162265820,7408039,523183,338161,38028738,0,317145476,726818816,469762048,0,0
sample,ring_1024_session,session_wide,gpu_candidate_runtime,14,4,1028,3080,2048,8192,0,1020884610,10500,1108443798,2123056820,4305486841,4252395728,8557882569,1315115205,966750110,1021755015,0,8192,8192,1,1,4,3,1,4,4,210167716,3559540,142925758,48812555,2124,17162803,211958183,17123039,211760827,9872839,664591,430006,40617484,5027238,422270199,726818816,469762048,0,0
sample,ring_1024_session,session_wide,gpu_candidate_runtime,15,1,1028,3080,2048,2048,0,284148853,11673,495757858,532599577,1079314879,1312517961,2391832840,1312517961,0,0,0,2048,2048,1,1,1,0,1,1,1,203419573,3583245,68861504,19537089,2766,17014700,63381089,16974720,63326303,2417701,159754,155024,10746998,0,106478415,727343104,469762048,0,0
sample,ring_1024_session,session_wide,gpu_candidate_runtime,15,2,1028,3080,2048,4096,0,518574684,11673,699826664,1066218340,2154843909,2284631361,4439475270,1312517961,972113400,972113400,0,4096,4096,1,1,2,1,1,2,2,203419573,3583245,93062410,29223153,2766,17014700,112722667,16974720,112624062,4812077,296112,238062,23100597,0,212351302,727343104,469762048,0,0
sample,ring_1024_session,session_wide,gpu_candidate_runtime,15,3,1028,3080,2048,6144,0,800493181,11673,911301853,1608313489,3232783487,3320120196,6552903683,1312517961,972113400,1035488835,0,6144,6144,1,1,3,2,1,3,3,203419573,3583245,118174386,39305850,2766,17014700,162159725,16974720,162016252,7242022,445376,328764,39309827,0,320315619,727343104,469762048,0,0
sample,ring_1024_session,session_wide,gpu_candidate_runtime,15,4,1028,3080,2048,8192,0,1030961267,11673,1106677662,2150113767,4329310245,4287764369,8617074614,1312517961,972113400,1035488835,0,8192,8192,1,1,4,3,1,4,4,203419573,3583245,142432220,49127350,2766,17014700,211583277,16974720,211397051,9659232,588998,418896,42010055,6009733,426837350,727343104,469762048,0,0
sample,ring_1024_session,session_wide,gpu_candidate_runtime,16,1,1028,3080,2048,2048,0,285108641,17133,496503258,535539438,1070796419,1317168470,2387964889,1317168470,0,0,0,2048,2048,1,1,1,0,1,1,1,201453951,3662244,70872578,19897635,2795,17389965,63758658,17350496,63706559,2614084,176966,260214,11395580,0,105018588,726945792,469762048,0,0
sample,ring_1024_session,session_wide,gpu_candidate_runtime,16,2,1028,3080,2048,4096,0,521325266,17133,707231130,1072053587,2153694098,2300627116,4454321214,1317168470,983458646,983458646,0,4096,4096,1,1,2,1,1,2,2,201453951,3662244,95767233,30221060,2795,17389965,113131787,17350496,113032062,5060700,349514,347992,27544316,0,212299573,726945792,469762048,0,0
sample,ring_1024_session,session_wide,gpu_candidate_runtime,16,3,1028,3080,2048,6144,0,808971506,17133,918236868,1604470848,3228085043,3331696355,6559781398,1317168470,983458646,1031069239,0,6144,6144,1,1,3,2,1,3,3,201453951,3662244,120518386,40292435,2795,17389965,162671622,17350496,162507645,7560056,506131,438043,44070889,0,319670351,726945792,469762048,0,0
sample,ring_1024_session,session_wide,gpu_candidate_runtime,16,4,1028,3080,2048,8192,0,1034480737,17133,1116875993,2134275049,4299995640,4285648912,8585644552,1317168470,983458646,1031069239,0,8192,8192,1,1,4,3,1,4,4,201453951,3662244,144754240,50345636,2795,17389965,216666870,17350496,216461757,10065804,625568,515210,46628075,6196847,424765635,726945792,469762048,0,0
sample,ring_1024_session,session_wide,gpu_candidate_runtime,17,1,1028,3080,2048,2048,0,281160043,16562,513795076,531181142,1071905205,1326152823,2398058028,1326152823,0,0,0,2048,2048,1,1,1,0,1,1,1,208219230,3723460,69342599,19615839,3447,17211855,63581000,17170272,63525504,2430085,166175,151217,22967975,0,106382194,727343104,469762048,0,0
sample,ring_1024_session,session_wide,gpu_candidate_runtime,17,2,1028,3080,2048,4096,0,514870430,16562,716056323,1062097742,2140312118,2293041057,4433353175,1326152823,966888234,966888234,0,4096,4096,1,1,2,1,1,2,2,208219230,3723460,93429630,29398906,3447,17211855,112958486,17170272,112835487,4815835,285462,239094,33647946,0,212122972,727343104,469762048,0,0
sample,ring_1024_session,session_wide,gpu_candidate_runtime,17,3,1028,3080,2048,6144,0,793073187,16562,921950589,1601987691,3212135206,3317028029,6529163235,1326152823,966888234,1023986972,0,6144,6144,1,1,3,2,1,3,3,208219230,3723460,117580792,41230704,3447,17211855,162400685,17170272,162218110,7218537,411471,324076,46565035,0,317061297,727343104,469762048,0,0
sample,ring_1024_session,session_wide,gpu_candidate_runtime,17,4,1028,3080,2048,8192,0,1018362685,16562,1115756764,2141106651,4284684160,4275242662,8559926822,1326152823,966888234,1023986972,0,8192,8192,1,1,4,3,1,4,4,208219230,3723460,141706355,50954890,3447,17211855,211829617,17170272,211599709,9682405,543642,413797,49190480,5830723,422277586,727343104,469762048,0,0
sample,ring_1024_session,session_wide,gpu_candidate_runtime,18,1,1028,3080,2048,2048,0,280639996,17594,495983719,529124140,1078481832,1305765449,2384247281,1305765449,0,0,0,2048,2048,1,1,1,0,1,1,1,202409421,3646835,69174428,19564842,3166,17156669,63808508,17118528,63757054,2423953,212663,150106,10458390,0,106974738,727080960,469762048,0,0
sample,ring_1024_session,session_wide,gpu_candidate_runtime,18,2,1028,3080,2048,4096,0,519079876,17594,699858934,1062914140,2165773582,2281870544,4447644126,1305765449,976105095,976105095,0,4096,4096,1,1,2,1,1,2,2,202409421,3646835,93471376,29512172,3166,17156669,113154803,17118528,113063358,4878804,369331,232573,22010637,0,213013147,727080960,469762048,0,0
sample,ring_1024_session,session_wide,gpu_candidate_runtime,18,3,1028,3080,2048,6144,0,784788819,17594,906335730,1592590338,3260732118,3283732481,6544464599,1305765449,976105095,1001861937,0,6144,6144,1,1,3,2,1,3,3,202409421,3646835,117636354,39056025,3166,17156669,162582996,17118528,162433917,7271036,492274,329698,37493759,0,318257497,727080960,469762048,0,0
sample,ring_1024_session,session_wide,gpu_candidate_runtime,18,4,1028,3080,2048,8192,0,1013431515,17594,1100087520,2122287093,4342392352,4235823722,8578216074,1305765449,976105095,1001861937,0,8192,8192,1,1,4,3,1,4,4,202409421,3646835,141772457,48700689,3166,17156669,211949179,17118528,211740539,9675782,623704,410611,40014866,6062812,423724141,727080960,469762048,0,0
sample,ring_1024_session,session_wide,gpu_candidate_runtime,19,1,1028,3080,2048,2048,0,284569757,10530,495781434,546745530,1087982559,1327107251,2415089810,1327107251,0,0,0,2048,2048,1,1,1,0,1,1,1,201489593,3742857,70240362,19236498,2455,17407266,63388330,17369567,63327327,2421829,168609,154353,11291292,0,106237990,727343104,469762048,0,0
sample,ring_1024_session,session_wide,gpu_candidate_runtime,19,2,1028,3080,2048,4096,0,518335481,10530,699142121,1083239072,2166229520,2300727204,4466956724,1327107251,973619953,973619953,0,4096,4096,1,1,2,1,1,2,2,201489593,3742857,94907614,29155142,2455,17407266,112751036,17369567,112639839,4803291,352197,265244,22672535,0,211592891,727343104,469762048,0,0
sample,ring_1024_session,session_wide,gpu_candidate_runtime,19,3,1028,3080,2048,6144,0,794111519,10530,907401880,1624739933,3249130034,3326263862,6575393896,1327107251,973619953,1025536658,0,6144,6144,1,1,3,2,1,3,3,201489593,3742857,119444116,39019535,2455,17407266,162066212,17369567,161903582,7193479,509225,354373,39793777,0,316378992,727343104,469762048,0,0
sample,ring_1024_session,session_wide,gpu_candidate_runtime,19,4,1028,3080,2048,8192,0,1023991355,10530,1109697425,2156923803,4363340683,4290623113,8653963796,1327107251,973619953,1025536658,0,8192,8192,1,1,4,3,1,4,4,201489593,3742857,143735534,49860872,2455,17407266,216047960,17369567,215837148,9635756,648670,448370,42414664,6131775,424263428,727343104,469762048,0,0
summary,ring_1024_session,session_wide,gpu_candidate_runtime,1,20,1305765449,1314874875,1333831443,1337368379,2396977304,1314874875,0,0,1557.2780180881568,727343104,469762048
summary,ring_1024_session,session_wide,gpu_candidate_runtime,2,20,2274947060,2288960664,2313371687,2327370321,4453201304,1314874875,974898327,990414777,1786.2741652601819,727343104,469762048
summary,ring_1024_session,session_wide,gpu_candidate_runtime,3,20,3283732481,3312461741,3331696355,3340376728,6549606140,1314874875,974898327,1031069239,1852.3348359221882,727343104,469762048
summary,ring_1024_session,session_wide,gpu_candidate_runtime,4,20,4235823722,4269834375,4290623113,4298841043,8593957405,1314874875,974898327,1031069239,1918.5162966864468,727343104,469762048
verdict,case_id,workload_class,lane,prefix_corners,cpu_median_ns,gpu_median_ns,median_ratio,median_pass,cpu_p95_ns,gpu_p95_ns,p95_ratio,p95_pass,gpu_peak_bytes,memory_pass,technical_crossover_this_run,automatic_dispatch
verdict,tree_session_control,session_control,inline_certified,1,17965627,248074808,0.072420199152184769,fail,19495089,253902695,0.076781733254150775,fail,33554432,pass,ineligible,unauthorized
verdict,tree_session_control,session_control,inline_certified,2,30168725,262986561,0.11471584283730757,fail,31630994,268693180,0.11772161094673114,fail,33554432,pass,ineligible,unauthorized
verdict,tree_session_control,session_control,inline_certified,3,42230150,277590254,0.15213124161052138,fail,43430289,283340688,0.15327939416876124,fail,33554432,pass,ineligible,unauthorized
verdict,tree_session_control,session_control,inline_certified,4,54335260,292581100,0.1857100817516921,fail,55681827,297808960,0.18697163107516979,fail,33554432,pass,ineligible,unauthorized
crossover,tree_session_control,inline_certified,ineligible,none,none
verdict,tree_session_control,session_control,candidate_runtime,1,13876701,242983686,0.057109599530891966,fail,14683179,247353429,0.059361129778394944,fail,33554432,pass,ineligible,unauthorized
verdict,tree_session_control,session_control,candidate_runtime,2,21843769,254116254,0.085959747383967028,fail,22700775,258347565,0.087869127003383993,fail,33554432,pass,ineligible,unauthorized
verdict,tree_session_control,session_control,candidate_runtime,3,29868607,264464644,0.1129398869665164,fail,30714713,268964475,0.11419617033067285,fail,33554432,pass,ineligible,unauthorized
verdict,tree_session_control,session_control,candidate_runtime,4,37871403,274730592,0.13784923886452369,fail,38746003,279272019,0.13873929489513234,fail,33554432,pass,ineligible,unauthorized
crossover,tree_session_control,candidate_runtime,ineligible,none,none
verdict,grid_33_session,session_grid_medium,inline_certified,1,675210109,948474341,0.71189074897704585,fail,677100922,960494962,0.70494999847797224,fail,335544320,pass,fail,unauthorized
verdict,grid_33_session,session_grid_medium,inline_certified,2,1346292455,1620184095,0.83095029704016443,fail,1352392882,1640957599,0.82414858423163928,fail,335544320,pass,fail,unauthorized
verdict,grid_33_session,session_grid_medium,inline_certified,3,2018091335,2295769160,0.87904802022865403,fail,2023513215,2320374861,0.87206306576168346,fail,335544320,pass,fail,unauthorized
verdict,grid_33_session,session_grid_medium,inline_certified,4,2689269878,2960954318,0.90824429868829881,fail,2701425628,2996373215,0.90156513697176399,fail,335544320,pass,fail,unauthorized
crossover,grid_33_session,inline_certified,not_observed_this_run,none,none
verdict,grid_33_session,session_grid_medium,candidate_runtime,1,378786741,647451580,0.58504257723797659,fail,381081084,653410905,0.58321812673144779,fail,335544320,pass,fail,unauthorized
verdict,grid_33_session,session_grid_medium,candidate_runtime,2,750476427,1017747374,0.73738969627643569,fail,754275085,1022784916,0.73747185082655242,fail,335544320,pass,fail,unauthorized
verdict,grid_33_session,session_grid_medium,candidate_runtime,3,1123174203,1389847428,0.80812769831596221,fail,1128830396,1397515557,0.80774084434753812,fail,335544320,pass,fail,unauthorized
verdict,grid_33_session,session_grid_medium,candidate_runtime,4,1496784230,1759692565,0.85059416614628935,fail,1501942002,1771481338,0.8478452297418444,fail,335544320,pass,fail,unauthorized
crossover,grid_33_session,candidate_runtime,not_observed_this_run,none,none
verdict,grid_65_session,session_grid_large,inline_certified,1,1698151893,2030443653,0.8363452442972078,fail,1720067379,2045348179,0.84096556110117426,fail,738197504,pass,fail,unauthorized
verdict,grid_65_session,session_grid_large,inline_certified,2,3385550595,3739256872,0.90540733383453953,fail,3415203160,3764293882,0.90726262801390911,fail,738197504,pass,fail,unauthorized
verdict,grid_65_session,session_grid_large,inline_certified,3,5073888817,5445422846,0.93177131702950955,fail,5105999987,5466270181,0.93409213557495763,fail,738197504,pass,fail,unauthorized
verdict,grid_65_session,session_grid_large,inline_certified,4,6765490742,7157453605,0.9452371074083965,fail,6800196680,7185651021,0.9463577705244085,fail,738197504,pass,fail,unauthorized
crossover,grid_65_session,inline_certified,not_observed_this_run,none,none
verdict,grid_65_session,session_grid_large,candidate_runtime,1,762043523,1086067659,0.70165382118242414,fail,779874809,1096071325,0.71151830288051743,fail,738197504,pass,fail,unauthorized
verdict,grid_65_session,session_grid_large,candidate_runtime,2,1515665297,1853931439,0.81754118038881807,fail,1548619167,1870429398,0.8279484746421848,fail,738197504,pass,fail,unauthorized
verdict,grid_65_session,session_grid_large,candidate_runtime,3,2268913953,2614950110,0.86767007306307653,fail,2315522207,2629476716,0.88060190566068508,fail,738197504,pass,fail,unauthorized
verdict,grid_65_session,session_grid_large,candidate_runtime,4,3027602181,3387338252,0.89379977898941754,fail,3064264346,3395301836,0.90250130739775558,fail,738197504,pass,fail,unauthorized
crossover,grid_65_session,candidate_runtime,not_observed_this_run,none,none
verdict,ring_1024_session,session_wide,inline_certified,1,1535779086,1850905170,0.82974487882596382,fail,1541630651,1862017818,0.8279354988427936,fail,469762048,pass,fail,unauthorized
verdict,ring_1024_session,session_wide,inline_certified,2,3011750824,3404360152,0.88467456130652067,fail,3019620564,3428552880,0.88072742923539216,fail,469762048,pass,fail,unauthorized
verdict,ring_1024_session,session_wide,inline_certified,3,4488253665,4932450348,0.90994401328740959,fail,4503110271,4964175468,0.90712149480369653,fail,469762048,pass,fail,unauthorized
verdict,ring_1024_session,session_wide,inline_certified,4,5949358750,6435894807,0.92440273317226707,fail,5971570093,6469903767,0.92297664819347536,fail,469762048,pass,fail,unauthorized
crossover,ring_1024_session,inline_certified,not_observed_this_run,none,none
verdict,ring_1024_session,session_wide,candidate_runtime,1,998167994,1314874875,0.75913534662376148,fail,1004364258,1333831443,0.75299188909583981,fail,469762048,pass,fail,unauthorized
verdict,ring_1024_session,session_wide,candidate_runtime,2,1932124182,2288960664,0.8441054546667387,fail,1947798644,2313371687,0.84197392703717311,fail,469762048,pass,fail,unauthorized
verdict,ring_1024_session,session_wide,candidate_runtime,3,2849814314,3312461741,0.86033123906803788,fail,2867012411,3331696355,0.86052632218340319,fail,469762048,pass,fail,unauthorized
verdict,ring_1024_session,session_wide,candidate_runtime,4,3763929609,4269834375,0.8815165363410612,fail,3783321730,4290623113,0.88176510272763264,fail,469762048,pass,fail,unauthorized
crossover,ring_1024_session,candidate_runtime,not_observed_this_run,none,none
persistent_sample,tree_session_control,session_control,parallel_inline_certified,cold,0,4,256,32,32,256,256,10022980,2920966,8456820,32768376,0,54169142,54169142,18197114,11918823,12275590,0,0,0,0,0,0,0,0,0,0,0,0,0,0,0,0,0,0,0,0,0,343097344,0,0
persistent_sample,tree_session_control,session_control,parallel_inline_certified,steady,1,4,256,32,0,256,256,8590242,0,6720161,32617709,0,47928112,47928112,12047176,11945705,12012240,0,0,0,0,0,0,0,0,0,0,0,0,0,0,0,0,0,0,0,0,0,343097344,0,0
persistent_sample,tree_session_control,session_control,parallel_inline_certified,steady,2,4,256,32,0,256,256,8508407,0,6870567,32742195,0,48121169,48121169,12059200,12011879,12044112,0,0,0,0,0,0,0,0,0,0,0,0,0,0,0,0,0,0,0,0,0,343097344,0,0
persistent_sample,tree_session_control,session_control,parallel_inline_certified,steady,3,4,256,32,0,256,256,8467830,0,6783492,32807991,0,48059313,48059313,11970804,12017019,12181662,0,0,0,0,0,0,0,0,0,0,0,0,0,0,0,0,0,0,0,0,0,343097344,0,0
persistent_sample,tree_session_control,session_control,parallel_inline_certified,steady,4,4,256,32,0,256,256,8462110,0,6765567,32585537,0,47813214,47813214,11987364,11944722,11985840,0,0,0,0,0,0,0,0,0,0,0,0,0,0,0,0,0,0,0,0,0,343097344,0,0
persistent_sample,tree_session_control,session_control,parallel_inline_certified,steady,5,4,256,32,0,256,256,8478861,0,6877739,32745933,0,48102533,48102533,11961043,11976703,12275440,0,0,0,0,0,0,0,0,0,0,0,0,0,0,0,0,0,0,0,0,0,343097344,0,0
persistent_sample,tree_session_control,session_control,parallel_inline_certified,steady,6,4,256,32,0,256,256,8426350,0,6939186,32623670,0,47989206,47989206,12022289,11993945,11995368,0,0,0,0,0,0,0,0,0,0,0,0,0,0,0,0,0,0,0,0,0,343097344,0,0
persistent_sample,tree_session_control,session_control,parallel_inline_certified,steady,7,4,256,32,0,256,256,8424036,0,6886051,32729657,0,48039744,48039744,11961464,12023512,12039843,0,0,0,0,0,0,0,0,0,0,0,0,0,0,0,0,0,0,0,0,0,343097344,0,0
persistent_sample,tree_session_control,session_control,parallel_inline_certified,steady,8,4,256,32,0,256,256,8703257,0,6571258,32654389,0,47928904,47928904,12091151,11938470,11989527,0,0,0,0,0,0,0,0,0,0,0,0,0,0,0,0,0,0,0,0,0,343097344,0,0
persistent_sample,tree_session_control,session_control,parallel_inline_certified,steady,9,4,256,32,0,256,256,8488940,0,6906965,32614393,0,48010298,48010298,11993645,12011999,12035535,0,0,0,0,0,0,0,0,0,0,0,0,0,0,0,0,0,0,0,0,0,343097344,0,0
persistent_sample,tree_session_control,session_control,parallel_inline_certified,steady,10,4,256,32,0,256,256,8493569,0,6950047,32626336,0,48069952,48069952,12049041,12015926,12033001,0,0,0,0,0,0,0,0,0,0,0,0,0,0,0,0,0,0,0,0,0,343097344,0,0
persistent_sample,tree_session_control,session_control,parallel_inline_certified,steady,11,4,256,32,0,256,256,8527262,0,6878141,32588304,0,47993707,47993707,12076322,11977735,12013303,0,0,0,0,0,0,0,0,0,0,0,0,0,0,0,0,0,0,0,0,0,343097344,0,0
persistent_sample,tree_session_control,session_control,parallel_inline_certified,steady,12,4,256,32,0,256,256,8474532,0,6899282,32595718,0,47969532,47969532,12011930,12007121,12018252,0,0,0,0,0,0,0,0,0,0,0,0,0,0,0,0,0,0,0,0,0,343097344,0,0
persistent_sample,tree_session_control,session_control,parallel_inline_certified,steady,13,4,256,32,0,256,256,8484903,0,6854887,32525955,0,47865745,47865745,11927329,11968408,12017190,0,0,0,0,0,0,0,0,0,0,0,0,0,0,0,0,0,0,0,0,0,343097344,0,0
persistent_sample,tree_session_control,session_control,parallel_inline_certified,steady,14,4,256,32,0,256,256,8449937,0,6884052,32601419,0,47935408,47935408,11970530,11986402,11995680,0,0,0,0,0,0,0,0,0,0,0,0,0,0,0,0,0,0,0,0,0,343097344,0,0
persistent_sample,tree_session_control,session_control,parallel_inline_certified,steady,15,4,256,32,0,256,256,8464474,0,6947593,32584676,0,47996743,47996743,12024273,12006660,12015537,0,0,0,0,0,0,0,0,0,0,0,0,0,0,0,0,0,0,0,0,0,343097344,0,0
persistent_sample,tree_session_control,session_control,parallel_inline_certified,steady,16,4,256,32,0,256,256,8417604,0,6891586,32565530,0,47874720,47874720,11986220,11960974,11997271,0,0,0,0,0,0,0,0,0,0,0,0,0,0,0,0,0,0,0,0,0,343097344,0,0
persistent_sample,tree_session_control,session_control,parallel_inline_certified,steady,17,4,256,32,0,256,256,8521353,0,6980966,32595317,0,48097636,48097636,12017831,12002121,12083828,0,0,0,0,0,0,0,0,0,0,0,0,0,0,0,0,0,0,0,0,0,343097344,0,0
persistent_sample,tree_session_control,session_control,parallel_inline_certified,steady,18,4,256,32,0,256,256,8472868,0,6471298,32588074,0,47532240,47532240,11944210,11855143,11938270,0,0,0,0,0,0,0,0,0,0,0,0,0,0,0,0,0,0,0,0,0,343097344,0,0
persistent_sample,tree_session_control,session_control,parallel_inline_certified,steady,19,4,256,32,0,256,256,8432904,0,6732424,32625022,0,47790350,47790350,11921067,11941084,11987464,0,0,0,0,0,0,0,0,0,0,0,0,0,0,0,0,0,0,0,0,0,343097344,0,0
persistent_sample,tree_session_control,session_control,parallel_inline_certified,steady,20,4,256,32,0,256,256,8457209,0,6836754,32571731,0,47865694,47865694,11959330,11942678,12022440,0,0,0,0,0,0,0,0,0,0,0,0,0,0,0,0,0,0,0,0,0,343097344,0,0
persistent_summary,tree_session_control,session_control,parallel_inline_certified,54169142,20,47532240,47969532,48102533,48121169,47969532,5334.5329364274121,343097344,0,1.1292405771229954,1123494,0
persistent_sample,tree_session_control,session_control,parallel_candidate_runtime,cold,0,4,256,32,32,256,256,9812152,3246846,8943685,16402086,33026625,38404769,71431394,14550381,7955718,8049435,0,0,0,0,0,0,0,0,0,0,0,0,0,0,0,0,0,0,0,0,0,344240128,0,0
persistent_sample,tree_session_control,session_control,parallel_candidate_runtime,steady,1,4,256,32,0,256,256,8480813,0,7094551,16364326,32462323,31939690,64402013,7974783,8015691,8022363,0,0,0,0,0,0,0,0,0,0,0,0,0,0,0,0,0,0,0,0,0,344240128,0,0
persistent_sample,tree_session_control,session_control,parallel_candidate_runtime,steady,2,4,256,32,0,256,256,8458511,0,7049066,16270166,32385296,31777743,64163039,7906453,7955707,7966869,0,0,0,0,0,0,0,0,0,0,0,0,0,0,0,0,0,0,0,0,0,344240128,0,0
persistent_sample,tree_session_control,session_control,parallel_candidate_runtime,steady,3,4,256,32,0,256,256,8467571,0,6694924,16372723,32669283,31535218,64204501,8008839,7847313,7922766,0,0,0,0,0,0,0,0,0,0,0,0,0,0,0,0,0,0,0,0,0,344240128,0,0
persistent_sample,tree_session_control,session_control,parallel_candidate_runtime,steady,4,4,256,32,0,256,256,8435538,0,6721354,16367362,32464796,31524254,63989050,7814188,7885114,7986707,0,0,0,0,0,0,0,0,0,0,0,0,0,0,0,0,0,0,0,0,0,344240128,0,0
persistent_sample,tree_session_control,session_control,parallel_candidate_runtime,steady,5,4,256,32,0,256,256,8430329,0,6649218,16378029,32533566,31457576,63991142,7941520,7828616,7864454,0,0,0,0,0,0,0,0,0,0,0,0,0,0,0,0,0,0,0,0,0,344240128,0,0
persistent_sample,tree_session_control,session_control,parallel_candidate_runtime,steady,6,4,256,32,0,256,256,8502987,0,8761288,16279113,32427395,33543388,65970783,7879583,7925300,9865103,0,0,0,0,0,0,0,0,0,0,0,0,0,0,0,0,0,0,0,0,0,344240128,0,0
persistent_sample,tree_session_control,session_control,parallel_candidate_runtime,steady,7,4,256,32,0,256,256,8392850,0,6832685,16287208,32472491,31512743,63985234,7888040,7871578,7918076,0,0,0,0,0,0,0,0,0,0,0,0,0,0,0,0,0,0,0,0,0,344240128,0,0
persistent_sample,tree_session_control,session_control,parallel_candidate_runtime,steady,8,4,256,32,0,256,256,8555798,0,6677040,16492185,32447236,31725023,64172259,8078830,7881677,7928185,0,0,0,0,0,0,0,0,0,0,0,0,0,0,0,0,0,0,0,0,0,344240128,0,0
persistent_sample,tree_session_control,session_control,parallel_candidate_runtime,steady,9,4,256,32,0,256,256,8438756,0,6764274,16307025,32412107,31510055,63922162,7846159,7880023,7908978,0,0,0,0,0,0,0,0,0,0,0,0,0,0,0,0,0,0,0,0,0,344240128,0,0
persistent_sample,tree_session_control,session_control,parallel_candidate_runtime,steady,10,4,256,32,0,256,256,8351131,0,6969292,16280954,32431294,31601377,64032671,7906634,7901002,7925470,0,0,0,0,0,0,0,0,0,0,0,0,0,0,0,0,0,0,0,0,0,344240128,0,0
persistent_sample,tree_session_control,session_control,parallel_candidate_runtime,steady,11,4,256,32,0,256,256,8438265,0,6781045,16512456,32425695,31731766,64157461,8000793,7917123,7984673,0,0,0,0,0,0,0,0,0,0,0,0,0,0,0,0,0,0,0,0,0,344240128,0,0
persistent_sample,tree_session_control,session_control,parallel_candidate_runtime,steady,12,4,256,32,0,256,256,8504040,0,6648354,16387690,32535413,31540084,64075497,7920852,7844576,7948404,0,0,0,0,0,0,0,0,0,0,0,0,0,0,0,0,0,0,0,0,0,344240128,0,0
persistent_sample,tree_session_control,session_control,parallel_candidate_runtime,steady,13,4,256,32,0,256,256,8570904,0,6449127,16474252,32756915,31494283,64251198,7822424,7875254,7985854,0,0,0,0,0,0,0,0,0,0,0,0,0,0,0,0,0,0,0,0,0,344240128,0,0
persistent_sample,tree_session_control,session_control,parallel_candidate_runtime,steady,14,4,256,32,0,256,256,8510311,0,7044086,16882658,33406019,32437055,65843074,7966618,8013657,8571116,0,0,0,0,0,0,0,0,0,0,0,0,0,0,0,0,0,0,0,0,0,344240128,0,0
persistent_sample,tree_session_control,session_control,parallel_candidate_runtime,steady,15,4,256,32,0,256,256,8542299,0,6751982,16416223,32780510,31710504,64491014,7868601,7948382,7951479,0,0,0,0,0,0,0,0,0,0,0,0,0,0,0,0,0,0,0,0,0,344240128,0,0
persistent_sample,tree_session_control,session_control,parallel_candidate_runtime,steady,16,4,256,32,0,256,256,8550927,0,6723067,16578912,32749370,31852906,64602276,8053523,7922976,8056449,0,0,0,0,0,0,0,0,0,0,0,0,0,0,0,0,0,0,0,0,0,344240128,0,0
persistent_sample,tree_session_control,session_control,parallel_candidate_runtime,steady,17,4,256,32,0,256,256,8589049,0,6851839,16501486,32663977,31942374,64606351,7913277,7990564,8079902,0,0,0,0,0,0,0,0,0,0,0,0,0,0,0,0,0,0,0,0,0,344240128,0,0
persistent_sample,tree_session_control,session_control,parallel_candidate_runtime,steady,18,4,256,32,0,256,256,8489532,0,6672258,16655280,32398262,31817070,64215332,7982979,7874274,8199981,0,0,0,0,0,0,0,0,0,0,0,0,0,0,0,0,0,0,0,0,0,344240128,0,0
persistent_sample,tree_session_control,session_control,parallel_candidate_runtime,steady,19,4,256,32,0,256,256,8868280,0,6569454,16315903,32692872,31753637,64446509,7866639,7979632,7986616,0,0,0,0,0,0,0,0,0,0,0,0,0,0,0,0,0,0,0,0,0,344240128,0,0
persistent_sample,tree_session_control,session_control,parallel_candidate_runtime,steady,20,4,256,32,0,256,256,8497167,0,6910169,16219603,32981959,31626939,64608898,8034997,7863663,7902517,0,0,0,0,0,0,0,0,0,0,0,0,0,0,0,0,0,0,0,0,0,344240128,0,0
persistent_summary,tree_session_control,session_control,parallel_candidate_runtime,38404769,20,31457576,31710504,32437055,33543388,64204501,8069.3400915737711,344240128,0,1.2111056008444394,992204,0
persistent_sample,tree_session_control,session_control,gpu_inline_certified,cold,0,4,256,0,0,256,256,9148151,9027,311732967,33712258,0,354602403,354602403,310781251,14510034,14814962,230029691,3727989,1,1,4,3,1,4,4,1130968,14156922,1943,20580280,36929164,20535072,36750301,223053,480313,373408,350406,3748830,437665792,33554432,0
persistent_sample,tree_session_control,session_control,gpu_inline_certified,steady,1,4,256,0,0,256,256,8213548,0,17339229,33073342,0,58626119,58626119,14410224,14747324,14795797,0,0,0,0,4,4,0,4,4,756126,746376,0,0,11351980,0,11148155,212675,413744,271185,121381,3465762,437665792,33554432,0
persistent_sample,tree_session_control,session_control,gpu_inline_certified,steady,2,4,256,0,0,256,256,8340267,0,17304400,33188243,0,58832910,58832910,14825924,14680298,14689555,0,0,0,0,4,4,0,4,4,753090,794740,0,0,11323172,0,11141275,231241,417093,255745,108466,3420853,437665792,33554432,0
persistent_sample,tree_session_control,session_control,gpu_inline_certified,steady,3,4,256,0,0,256,256,8211903,0,17214207,35520623,0,60946733,60946733,14757943,14507128,17280165,0,0,0,0,4,4,0,4,4,735918,683128,0,0,11393633,0,11160893,219406,428051,272126,104989,3376956,437665792,33554432,0
persistent_sample,tree_session_control,session_control,gpu_inline_certified,steady,4,4,256,0,0,256,256,8116343,0,17235429,32812166,0,58163938,58163938,14445259,14490737,14809463,0,0,0,0,4,4,0,4,4,745225,752549,0,0,11349118,0,11145982,229415,430439,271896,109809,3346978,437665792,33554432,0
persistent_sample,tree_session_control,session_control,gpu_inline_certified,steady,5,4,256,0,0,256,256,8090333,0,17161740,32515905,0,57767978,57767978,14519862,14421215,14422517,0,0,0,0,4,4,0,4,4,765512,715048,0,0,11382678,0,11218429,206392,371454,256017,110540,3354099,437665792,33554432,0
persistent_sample,tree_session_control,session_control,gpu_inline_certified,steady,6,4,256,0,0,256,256,8001844,0,17027534,32478477,0,57507855,57507855,14399093,14366782,14385357,0,0,0,0,4,4,0,4,4,745795,702355,0,0,11280192,0,11098940,210801,403777,262858,92276,3329480,437665792,33554432,0
persistent_sample,tree_session_control,session_control,gpu_inline_certified,steady,7,4,256,0,0,256,256,7980914,0,17099142,32940099,0,58020155,58020155,14427437,14579465,14607147,0,0,0,0,4,4,0,4,4,740947,706752,0,0,11311053,0,11079867,203397,398937,300641,110950,3326465,437665792,33554432,0
persistent_sample,tree_session_control,session_control,gpu_inline_certified,steady,8,4,256,0,0,256,256,8166557,0,17187510,33908990,0,59263057,59263057,14757684,14852554,14930753,0,0,0,0,4,4,0,4,4,754803,698466,0,0,11338251,0,11100062,229836,442350,235037,96593,3392174,437665792,33554432,0
persistent_sample,tree_session_control,session_control,gpu_inline_certified,steady,9,4,256,0,0,256,256,8083329,0,17180125,33337826,0,58601280,58601280,14562171,14666802,14783654,0,0,0,0,4,4,0,4,4,746658,737960,0,0,11364212,0,11162621,232773,400758,272637,95963,3329164,437665792,33554432,0
persistent_sample,tree_session_control,session_control,gpu_inline_certified,steady,10,4,256,0,0,256,256,8501634,0,17233715,33511917,0,59247266,59247266,15286146,14639301,14785166,0,0,0,0,4,4,0,4,4,743752,743841,0,0,11391353,0,11195931,205780,397205,264823,117251,3369710,437665792,33554432,0
persistent_sample,tree_session_control,session_control,gpu_inline_certified,steady,11,4,256,0,0,256,256,8003447,0,17059408,32726002,0,57788857,57788857,14397911,14402109,14650590,0,0,0,0,4,4,0,4,4,744274,681925,0,0,11307927,0,11085563,222762,437831,269383,102024,3293282,437665792,33554432,0
persistent_sample,tree_session_control,session_control,gpu_inline_certified,steady,12,4,256,0,0,256,256,8108246,0,17066185,33004615,0,58179046,58179046,14700234,14478823,14632676,0,0,0,0,4,4,0,4,4,744435,788898,0,0,11236567,0,11073755,207004,396932,243752,93026,3355571,437665792,33554432,0
persistent_sample,tree_session_control,session_control,gpu_inline_certified,steady,13,4,256,0,0,256,256,8071689,0,17012714,32554709,0,57639112,57639112,14416596,14394555,14445910,0,0,0,0,4,4,0,4,4,733383,734455,0,0,11287075,0,11106461,205881,383969,264663,93849,3309439,437665792,33554432,0
persistent_sample,tree_session_control,session_control,gpu_inline_certified,steady,14,4,256,0,0,256,256,8188227,0,17266560,32802458,0,58257245,58257245,14431895,14656141,14677902,0,0,0,0,4,4,0,4,4,797113,749664,0,0,11347830,0,11106811,212422,381073,257971,117363,3403124,437665792,33554432,0
persistent_sample,tree_session_control,session_control,gpu_inline_certified,steady,15,4,256,0,0,256,256,8065204,0,17178441,33684464,0,58928109,58928109,14605986,14468203,15473653,0,0,0,0,4,4,0,4,4,744183,725859,0,0,11191231,0,11022909,233294,489760,280693,121852,3391569,437665792,33554432,0
persistent_sample,tree_session_control,session_control,gpu_inline_certified,steady,16,4,256,0,0,256,256,8010281,0,17072760,32613831,0,57696872,57696872,14395907,14426795,14464838,0,0,0,0,4,4,0,4,4,742280,707522,0,0,11345621,0,11195387,211392,397275,255334,105361,3307975,437665792,33554432,0
persistent_sample,tree_session_control,session_control,gpu_inline_certified,steady,17,4,256,0,0,256,256,8093028,0,17193372,33299712,0,58586112,58586112,14735772,14646183,14783843,0,0,0,0,4,4,0,4,4,735065,757689,0,0,11334253,0,11146107,207795,407724,263690,109917,3377239,437665792,33554432,0
persistent_sample,tree_session_control,session_control,gpu_inline_certified,steady,18,4,256,0,0,256,256,8146620,0,17008961,33160650,0,58316231,58316231,14591710,14526486,14688082,0,0,0,0,4,4,0,4,4,745014,683938,0,0,11248443,0,11081822,211482,397723,263473,99137,3359751,437665792,33554432,0
persistent_sample,tree_session_control,session_control,gpu_inline_certified,steady,19,4,256,0,0,256,256,8126601,0,17481044,33351453,0,58959098,58959098,15068063,14602366,14703992,0,0,0,0,4,4,0,4,4,744254,775352,0,0,11552187,0,11383676,216401,411481,258372,103736,3419261,437665792,33554432,0
persistent_sample,tree_session_control,session_control,gpu_inline_certified,steady,20,4,256,0,0,256,256,8049887,0,17122426,33032775,0,58205088,58205088,14618881,14421205,14843716,0,0,0,0,4,4,0,4,4,733703,704107,0,0,11231640,0,11067002,241970,454002,297666,109267,3350071,437665792,33554432,0
persistent_summary,tree_session_control,session_control,gpu_inline_certified,354602403,20,57507855,58257245,59263057,60946733,58257245,4389.8584598171301,437665792,33554432,6.0868378345045322,831058,0
persistent_sample,tree_session_control,session_control,gpu_candidate_runtime,cold,0,4,256,0,0,256,256,9321009,8396,286117838,16625592,32967394,312072835,345040229,280322995,10655274,10662536,204728977,3598934,1,1,4,3,1,4,4,1284490,14163656,1824,20447056,36698712,20402912,36515069,235517,505190,356893,349062,3747527,436834304,33554432,0
persistent_sample,tree_session_control,session_control,gpu_candidate_runtime,steady,1,4,256,0,0,256,256,8267198,0,17238736,16476498,33120454,41982432,75102886,10417442,10522582,10537811,0,0,0,0,4,4,0,4,4,738834,772817,0,0,11317790,0,11138778,239364,404699,257740,123014,3384478,436834304,33554432,0
persistent_sample,tree_session_control,session_control,gpu_candidate_runtime,steady,2,4,256,0,0,256,256,8093760,0,17298968,16116345,32582881,41509073,74091954,10480540,10354604,10380252,0,0,0,0,4,4,0,4,4,734685,797365,0,0,11305391,0,11123516,222001,461054,275934,115911,3386627,436834304,33554432,0
persistent_sample,tree_session_control,session_control,gpu_candidate_runtime,steady,3,4,256,0,0,256,256,8005773,0,17170236,16077882,32609493,41253891,73863384,10270755,10334024,10338903,0,0,0,0,4,4,0,4,4,733743,795381,0,0,11355242,0,11187645,207734,385521,260545,104238,3327832,436834304,33554432,0
persistent_sample,tree_session_control,session_control,gpu_candidate_runtime,steady,4,4,256,0,0,256,256,8144555,0,17140490,16308799,33135654,41593844,74729498,10296592,10421189,10455515,0,0,0,0,4,4,0,4,4,743803,762477,0,0,11272244,0,11099899,227383,422492,250437,100680,3360974,436834304,33554432,0
persistent_sample,tree_session_control,session_control,gpu_candidate_runtime,steady,5,4,256,0,0,256,256,8216293,0,17227562,16287139,32754620,41730994,74485614,10521158,10321851,10567176,0,0,0,0,4,4,0,4,4,758841,797283,0,0,11356246,0,11180506,207805,404247,241589,112102,3349449,436834304,33554432,0
persistent_sample,tree_session_control,session_control,gpu_candidate_runtime,steady,6,4,256,0,0,256,256,8169232,0,17183912,16352624,33035322,41705768,74741090,10322552,10426960,10587545,0,0,0,0,4,4,0,4,4,755504,767780,0,0,11346350,0,11154521,220087,404607,243012,95032,3351540,436834304,33554432,0
persistent_sample,tree_session_control,session_control,gpu_candidate_runtime,steady,7,4,256,0,0,256,256,8168312,0,17490523,16635169,32971211,42294004,75265215,10864441,10484108,10484158,0,0,0,0,4,4,0,4,4,794079,826296,0,0,11346658,0,11145054,223534,420179,346867,131900,3401010,436834304,33554432,0
persistent_sample,tree_session_control,session_control,gpu_candidate_runtime,steady,8,4,256,0,0,256,256,8146560,0,17187368,16531644,33092392,41865572,74957964,10292515,10553882,10646807,0,0,0,0,4,4,0,4,4,735598,772116,0,0,11315015,0,11110077,221511,441047,246248,101963,3353870,436834304,33554432,0
persistent_sample,tree_session_control,session_control,gpu_candidate_runtime,steady,9,4,256,0,0,256,256,8104840,0,17123496,16406546,32571121,41634882,74206003,10730256,10292875,10365764,0,0,0,0,4,4,0,4,4,734455,761755,0,0,11282171,0,11130267,212143,375022,272166,106723,3379061,436834304,33554432,0
persistent_sample,tree_session_control,session_control,gpu_candidate_runtime,steady,10,4,256,0,0,256,256,8116463,0,17214751,16340620,33143538,41671834,74815372,10334195,10459963,10469170,0,0,0,0,4,4,0,4,4,779468,761317,0,0,11356896,0,11166748,225128,395099,258261,102644,3335938,436834304,33554432,0
persistent_sample,tree_session_control,session_control,gpu_candidate_runtime,steady,11,4,256,0,0,256,256,8093238,0,17229580,16087058,32530643,41409876,73940519,10376745,10343101,10382496,0,0,0,0,4,4,0,4,4,735227,772145,0,0,11333341,0,11142364,220409,449476,258411,98417,3362154,436834304,33554432,0
persistent_sample,tree_session_control,session_control,gpu_candidate_runtime,steady,12,4,256,0,0,256,256,8144006,0,17300602,16496888,33422097,41941496,75363593,10521972,10483307,10521480,0,0,0,0,4,4,0,4,4,750474,777658,0,0,11267648,0,11089402,228514,413546,282136,113686,3466940,436834304,33554432,0
persistent_sample,tree_session_control,session_control,gpu_candidate_runtime,steady,13,4,256,0,0,256,256,8111263,0,17258983,16272730,32897572,41642976,74540548,10425556,10411633,10482505,0,0,0,0,4,4,0,4,4,767488,762739,0,0,11343589,0,11131482,209968,422432,249634,131791,3371342,436834304,33554432,0
persistent_sample,tree_session_control,session_control,gpu_candidate_runtime,steady,14,4,256,0,0,256,256,8097857,0,17314490,16180515,32851764,41592862,74444626,10582095,10301893,10440696,0,0,0,0,4,4,0,4,4,804857,771655,0,0,11333409,0,11175227,224305,404619,243583,105720,3426342,436834304,33554432,0
persistent_sample,tree_session_control,session_control,gpu_candidate_runtime,steady,15,4,256,0,0,256,256,8058613,0,17196505,16228219,33455568,41483337,74938905,10329916,10374572,10465153,0,0,0,0,4,4,0,4,4,747879,749675,0,0,11363830,0,11201532,212223,412382,254644,98758,3357114,436834304,33554432,0
persistent_sample,tree_session_control,session_control,gpu_candidate_runtime,steady,16,4,256,0,0,256,256,8135947,0,17584693,16324609,32939060,42045249,74984309,10483768,10438100,10776924,0,0,0,0,4,4,0,4,4,781655,811120,0,0,11591463,0,11388282,226500,433492,258300,107634,3374529,436834304,33554432,0
persistent_sample,tree_session_control,session_control,gpu_candidate_runtime,steady,17,4,256,0,0,256,256,8127294,0,17110442,16255229,32925073,41492965,74418038,10276115,10424437,10447378,0,0,0,0,4,4,0,4,4,743412,786113,0,0,11287663,0,11094586,203787,396262,253913,113437,3325855,436834304,33554432,0
persistent_sample,tree_session_control,session_control,gpu_candidate_runtime,steady,18,4,256,0,0,256,256,8062610,0,17208088,16217787,32696989,41488485,74185474,10375081,10321361,10473159,0,0,0,0,4,4,0,4,4,748561,817634,0,0,11302054,0,11099678,206191,432501,254062,100100,3346985,436834304,33554432,0
persistent_sample,tree_session_control,session_control,gpu_candidate_runtime,steady,19,4,256,0,0,256,256,8216572,0,17196094,16243926,33119221,41656592,74775813,10519827,10387815,10455573,0,0,0,0,4,4,0,4,4,766085,738754,0,0,11349268,0,11144411,214607,407795,248101,101393,3370091,436834304,33554432,0
persistent_sample,tree_session_control,session_control,gpu_candidate_runtime,steady,20,4,256,0,0,256,256,8085275,0,17320670,16405022,33447245,41810967,75258212,10455164,10406512,10555733,0,0,0,0,4,4,0,4,4,734964,842500,0,0,11360220,0,11174684,211421,433134,268031,100681,3369719,436834304,33554432,0
persistent_summary,tree_session_control,session_control,gpu_candidate_runtime,312072835,20,41253891,41642976,42045249,42294004,74729498,6145.4859293338259,436834304,33554432,7.4940089536348218,966775,0
persistent_sample,grid_33_session,session_grid_medium,parallel_inline_certified,cold,0,4,2048,32,32,2048,2048,438371012,3019965,262120019,2022873908,0,2726384904,2726384904,711855244,665355984,683864251,0,0,0,0,0,0,0,0,0,0,0,0,0,0,0,0,0,0,0,0,0,386674688,0,0
persistent_sample,grid_33_session,session_grid_medium,parallel_inline_certified,steady,1,4,2048,32,0,2048,2048,376707237,0,265864813,1996460827,0,2639032877,2639032877,658136354,658471261,667091570,0,0,0,0,0,0,0,0,0,0,0,0,0,0,0,0,0,0,0,0,0,386674688,0,0
persistent_sample,grid_33_session,session_grid_medium,parallel_inline_certified,steady,2,4,2048,32,0,2048,2048,374658866,0,266538638,2030313769,0,2671511273,2671511273,677527489,662810932,669968894,0,0,0,0,0,0,0,0,0,0,0,0,0,0,0,0,0,0,0,0,0,386674688,0,0
persistent_sample,grid_33_session,session_grid_medium,parallel_inline_certified,steady,3,4,2048,32,0,2048,2048,373541692,0,268420136,2010937279,0,2652899107,2652899107,666089618,663878930,664567317,0,0,0,0,0,0,0,0,0,0,0,0,0,0,0,0,0,0,0,0,0,386674688,0,0
persistent_sample,grid_33_session,session_grid_medium,parallel_inline_certified,steady,4,4,2048,32,0,2048,2048,376893678,0,269941516,2000353991,0,2647189185,2647189185,661616333,663044363,663516321,0,0,0,0,0,0,0,0,0,0,0,0,0,0,0,0,0,0,0,0,0,386674688,0,0
persistent_sample,grid_33_session,session_grid_medium,parallel_inline_certified,steady,5,4,2048,32,0,2048,2048,370141787,0,268162213,2002384001,0,2640688001,2640688001,663420520,658992695,659551314,0,0,0,0,0,0,0,0,0,0,0,0,0,0,0,0,0,0,0,0,0,386674688,0,0
persistent_sample,grid_33_session,session_grid_medium,parallel_inline_certified,steady,6,4,2048,32,0,2048,2048,373995533,0,265427699,2025416555,0,2664839787,2664839787,673847614,664794552,664887467,0,0,0,0,0,0,0,0,0,0,0,0,0,0,0,0,0,0,0,0,0,386674688,0,0
persistent_sample,grid_33_session,session_grid_medium,parallel_inline_certified,steady,7,4,2048,32,0,2048,2048,373959096,0,264931197,2027996611,0,2666886904,2666886904,666546166,663923748,677930908,0,0,0,0,0,0,0,0,0,0,0,0,0,0,0,0,0,0,0,0,0,386674688,0,0
persistent_sample,grid_33_session,session_grid_medium,parallel_inline_certified,steady,8,4,2048,32,0,2048,2048,371920962,0,271138662,2014768543,0,2657828167,2657828167,664421162,663800142,666534715,0,0,0,0,0,0,0,0,0,0,0,0,0,0,0,0,0,0,0,0,0,386674688,0,0
persistent_sample,grid_33_session,session_grid_medium,parallel_inline_certified,steady,9,4,2048,32,0,2048,2048,373763522,0,265196991,2008947647,0,2647908160,2647908160,664865816,659961712,664519767,0,0,0,0,0,0,0,0,0,0,0,0,0,0,0,0,0,0,0,0,0,386674688,0,0
persistent_sample,grid_33_session,session_grid_medium,parallel_inline_certified,steady,10,4,2048,32,0,2048,2048,370202018,0,260553071,2012664674,0,2643419763,2643419763,669546283,659225905,659618821,0,0,0,0,0,0,0,0,0,0,0,0,0,0,0,0,0,0,0,0,0,386674688,0,0
persistent_sample,grid_33_session,session_grid_medium,parallel_inline_certified,steady,11,4,2048,32,0,2048,2048,370742507,0,266292564,2005361165,0,2642396236,2642396236,660977713,660269239,663217265,0,0,0,0,0,0,0,0,0,0,0,0,0,0,0,0,0,0,0,0,0,386674688,0,0
persistent_sample,grid_33_session,session_grid_medium,parallel_inline_certified,steady,12,4,2048,32,0,2048,2048,372547083,0,270237071,2007578544,0,2650362698,2650362698,661432418,662875558,663959547,0,0,0,0,0,0,0,0,0,0,0,0,0,0,0,0,0,0,0,0,0,386674688,0,0
persistent_sample,grid_33_session,session_grid_medium,parallel_inline_certified,steady,13,4,2048,32,0,2048,2048,377004686,0,266747846,2020630657,0,2664383189,2664383189,670141065,664515260,665778890,0,0,0,0,0,0,0,0,0,0,0,0,0,0,0,0,0,0,0,0,0,386674688,0,0
persistent_sample,grid_33_session,session_grid_medium,parallel_inline_certified,steady,14,4,2048,32,0,2048,2048,374938775,0,272068681,2005821546,0,2652829002,2652829002,667644563,660785679,664459136,0,0,0,0,0,0,0,0,0,0,0,0,0,0,0,0,0,0,0,0,0,386674688,0,0
persistent_sample,grid_33_session,session_grid_medium,parallel_inline_certified,steady,15,4,2048,32,0,2048,2048,364019571,0,264492697,1997123749,0,2625636017,2625636017,652483315,657804358,659795260,0,0,0,0,0,0,0,0,0,0,0,0,0,0,0,0,0,0,0,0,0,386674688,0,0
persistent_sample,grid_33_session,session_grid_medium,parallel_inline_certified,steady,16,4,2048,32,0,2048,2048,373328798,0,263723314,2011534284,0,2648586396,2648586396,661073477,663135061,663788020,0,0,0,0,0,0,0,0,0,0,0,0,0,0,0,0,0,0,0,0,0,386674688,0,0
persistent_sample,grid_33_session,session_grid_medium,parallel_inline_certified,steady,17,4,2048,32,0,2048,2048,374810453,0,266504246,2011562161,0,2652876860,2652876860,661138050,663305381,668045173,0,0,0,0,0,0,0,0,0,0,0,0,0,0,0,0,0,0,0,0,0,386674688,0,0
persistent_sample,grid_33_session,session_grid_medium,parallel_inline_certified,steady,18,4,2048,32,0,2048,2048,371070855,0,267385543,2008257797,0,2646714195,2646714195,662686306,660005656,664216374,0,0,0,0,0,0,0,0,0,0,0,0,0,0,0,0,0,0,0,0,0,386674688,0,0
persistent_sample,grid_33_session,session_grid_medium,parallel_inline_certified,steady,19,4,2048,32,0,2048,2048,369491025,0,263997288,2016710148,0,2650198461,2650198461,665353152,660709894,665789378,0,0,0,0,0,0,0,0,0,0,0,0,0,0,0,0,0,0,0,0,0,386674688,0,0
persistent_sample,grid_33_session,session_grid_medium,parallel_inline_certified,steady,20,4,2048,32,0,2048,2048,374230364,0,262639458,2016263065,0,2653132887,2653132887,663191398,665394632,666998817,0,0,0,0,0,0,0,0,0,0,0,0,0,0,0,0,0,0,0,0,0,386674688,0,0
persistent_summary,grid_33_session,session_grid_medium,parallel_inline_certified,2726384904,20,2625636017,2650198461,2666886904,2671511273,2650198461,772.72442807373079,386674688,0,1.0287474482085588,1183918,0
persistent_sample,grid_33_session,session_grid_medium,parallel_candidate_runtime,cold,0,4,2048,32,32,2048,2048,438602635,3057977,266204533,806079894,2019072813,1513945039,3533017852,399615503,369147588,384485841,0,0,0,0,0,0,0,0,0,0,0,0,0,0,0,0,0,0,0,0,0,386674688,0,0
persistent_sample,grid_33_session,session_grid_medium,parallel_candidate_runtime,steady,1,4,2048,32,0,2048,2048,379994654,0,269617295,811032524,2031540481,1460644473,3492184954,365024557,366767587,368232407,0,0,0,0,0,0,0,0,0,0,0,0,0,0,0,0,0,0,0,0,0,386674688,0,0
persistent_sample,grid_33_session,session_grid_medium,parallel_candidate_runtime,steady,2,4,2048,32,0,2048,2048,372559958,0,271846498,806638583,2009110486,1451045039,3460155525,363315872,362171700,364675425,0,0,0,0,0,0,0,0,0,0,0,0,0,0,0,0,0,0,0,0,0,386674688,0,0
persistent_sample,grid_33_session,session_grid_medium,parallel_candidate_runtime,steady,3,4,2048,32,0,2048,2048,371145070,0,260573672,807061963,2018506468,1438780705,3457287173,357916748,361104824,362023378,0,0,0,0,0,0,0,0,0,0,0,0,0,0,0,0,0,0,0,0,0,386674688,0,0
persistent_sample,grid_33_session,session_grid_medium,parallel_candidate_runtime,steady,4,4,2048,32,0,2048,2048,366698377,0,268559028,818165905,2004504803,1453423310,3457928113,359667976,365885715,369772945,0,0,0,0,0,0,0,0,0,0,0,0,0,0,0,0,0,0,0,0,0,386674688,0,0
persistent_sample,grid_33_session,session_grid_medium,parallel_candidate_runtime,steady,5,4,2048,32,0,2048,2048,373370625,0,264221350,809898042,2007568145,1447490017,3455058162,363691054,361045863,361863434,0,0,0,0,0,0,0,0,0,0,0,0,0,0,0,0,0,0,0,0,0,386674688,0,0
persistent_sample,grid_33_session,session_grid_medium,parallel_candidate_runtime,steady,6,4,2048,32,0,2048,2048,367798298,0,263251167,808696240,2027717483,1439745705,3467463188,358571403,360220764,361363906,0,0,0,0,0,0,0,0,0,0,0,0,0,0,0,0,0,0,0,0,0,386674688,0,0
persistent_sample,grid_33_session,session_grid_medium,parallel_candidate_runtime,steady,7,4,2048,32,0,2048,2048,374518473,0,268660292,810588230,2008529967,1453766995,3462296962,366575229,362799150,366568346,0,0,0,0,0,0,0,0,0,0,0,0,0,0,0,0,0,0,0,0,0,386674688,0,0
persistent_sample,grid_33_session,session_grid_medium,parallel_candidate_runtime,steady,8,4,2048,32,0,2048,2048,372206473,0,263308671,805653600,1999763613,1441168744,3440932357,355714607,361880284,363414778,0,0,0,0,0,0,0,0,0,0,0,0,0,0,0,0,0,0,0,0,0,386674688,0,0
persistent_sample,grid_33_session,session_grid_medium,parallel_candidate_runtime,steady,9,4,2048,32,0,2048,2048,371341967,0,267331127,808677382,1993465018,1447350476,3440815494,360217814,363410677,363426525,0,0,0,0,0,0,0,0,0,0,0,0,0,0,0,0,0,0,0,0,0,386674688,0,0
persistent_sample,grid_33_session,session_grid_medium,parallel_candidate_runtime,steady,10,4,2048,32,0,2048,2048,367684733,0,261027468,807851314,1998619093,1436563515,3435182608,361006112,358587678,362323994,0,0,0,0,0,0,0,0,0,0,0,0,0,0,0,0,0,0,0,0,0,386674688,0,0
persistent_sample,grid_33_session,session_grid_medium,parallel_candidate_runtime,steady,11,4,2048,32,0,2048,2048,372423260,0,261478905,812099879,2028129582,1446002044,3474131626,359584080,361388362,367009777,0,0,0,0,0,0,0,0,0,0,0,0,0,0,0,0,0,0,0,0,0,386674688,0,0
persistent_sample,grid_33_session,session_grid_medium,parallel_candidate_runtime,steady,12,4,2048,32,0,2048,2048,375712803,0,267548189,813932764,2006374187,1457193756,3463567943,369285858,362141915,368426929,0,0,0,0,0,0,0,0,0,0,0,0,0,0,0,0,0,0,0,0,0,386674688,0,0
persistent_sample,grid_33_session,session_grid_medium,parallel_candidate_runtime,steady,13,4,2048,32,0,2048,2048,366850278,0,261116442,809765161,1996729586,1437731881,3434461467,356885172,361755912,362294814,0,0,0,0,0,0,0,0,0,0,0,0,0,0,0,0,0,0,0,0,0,386674688,0,0
persistent_sample,grid_33_session,session_grid_medium,parallel_candidate_runtime,steady,14,4,2048,32,0,2048,2048,374676398,0,267993112,817116975,1999626992,1459786485,3459413477,366464894,364903520,365112887,0,0,0,0,0,0,0,0,0,0,0,0,0,0,0,0,0,0,0,0,0,386674688,0,0
persistent_sample,grid_33_session,session_grid_medium,parallel_candidate_runtime,steady,15,4,2048,32,0,2048,2048,369661584,0,268956711,808648032,2003640629,1447266327,3450906956,360871552,362079556,363129840,0,0,0,0,0,0,0,0,0,0,0,0,0,0,0,0,0,0,0,0,0,386674688,0,0
persistent_sample,grid_33_session,session_grid_medium,parallel_candidate_runtime,steady,16,4,2048,32,0,2048,2048,370235274,0,265144061,813794583,2012811813,1449173918,3461985731,369667887,360204566,362855178,0,0,0,0,0,0,0,0,0,0,0,0,0,0,0,0,0,0,0,0,0,386674688,0,0
persistent_sample,grid_33_session,session_grid_medium,parallel_candidate_runtime,steady,17,4,2048,32,0,2048,2048,369641697,0,261701946,808003136,1997054900,1439346779,3436401679,358814637,359395358,365311232,0,0,0,0,0,0,0,0,0,0,0,0,0,0,0,0,0,0,0,0,0,386674688,0,0
persistent_sample,grid_33_session,session_grid_medium,parallel_candidate_runtime,steady,18,4,2048,32,0,2048,2048,371169668,0,262165184,801658077,2003472393,1434992929,3438465322,358249604,360097241,360606097,0,0,0,0,0,0,0,0,0,0,0,0,0,0,0,0,0,0,0,0,0,386674688,0,0
persistent_sample,grid_33_session,session_grid_medium,parallel_candidate_runtime,steady,19,4,2048,32,0,2048,2048,364632504,0,265028725,812852944,2000578006,1442514173,3443092179,360225816,359420808,364273221,0,0,0,0,0,0,0,0,0,0,0,0,0,0,0,0,0,0,0,0,0,386674688,0,0
persistent_sample,grid_33_session,session_grid_medium,parallel_candidate_runtime,steady,20,4,2048,32,0,2048,2048,374613696,0,264215025,805083360,2005019620,1443912081,3448931701,366054633,359382131,361879796,0,0,0,0,0,0,0,0,0,0,0,0,0,0,0,0,0,0,0,0,0,386674688,0,0
persistent_summary,grid_33_session,session_grid_medium,parallel_candidate_runtime,1513945039,20,1434992929,1446002044,1459786485,1460644473,3455058162,1415.0816347985135,386674688,0,1.0469867904280776,1097514,0
persistent_sample,grid_33_session,session_grid_medium,gpu_inline_certified,cold,0,4,2048,0,0,2048,2048,389242618,7674,636601122,2014932823,0,3040784237,3040784237,1021462820,670487751,680155991,228542958,3532589,1,1,4,3,1,4,4,77287063,29613105,10770,23299174,102969730,23256895,102750586,2841385,603475,428075,6869796,160603002,473235456,335544320,0
persistent_sample,grid_33_session,session_grid_medium,gpu_inline_certified,steady,1,4,2048,0,0,2048,2048,364447252,0,307816463,2027068850,0,2699332565,2699332565,674985032,674011983,681194544,0,0,0,0,4,4,0,4,4,38046008,15736110,0,0,86109493,0,85891773,2820185,538233,371225,2455654,161739555,473235456,335544320,0
persistent_sample,grid_33_session,session_grid_medium,gpu_inline_certified,steady,2,4,2048,0,0,2048,2048,364605112,0,379667594,2016523404,0,2760796110,2760796110,676468700,676189169,739224027,0,0,0,0,4,4,0,4,4,37835999,27110622,0,0,145083206,0,144910077,4702329,565143,385904,2677424,161306967,473235456,335544320,0
persistent_sample,grid_33_session,session_grid_medium,gpu_inline_certified,steady,3,4,2048,0,0,2048,2048,355481815,0,379828660,2011017438,0,2746327913,2746327913,740508136,669600716,670171030,0,0,0,0,4,4,0,4,4,37619829,27518055,0,0,145652605,0,145445628,4718419,604267,405611,2667657,160642217,473497600,335544320,0
persistent_sample,grid_33_session,session_grid_medium,gpu_inline_certified,steady,4,4,2048,0,0,2048,2048,359318222,0,381467952,2022831653,0,2763617827,2763617827,674251700,674494229,744322579,0,0,0,0,4,4,0,4,4,37946275,27472320,0,0,144821408,0,144633692,4692592,557828,392645,2869800,162715084,473497600,335544320,0
persistent_sample,grid_33_session,session_grid_medium,gpu_inline_certified,steady,5,4,2048,0,0,2048,2048,359321056,0,452828474,2034473590,0,2846623120,2846623120,680780698,741513083,744353690,0,0,0,0,4,4,0,4,4,38102525,38858009,0,0,204582898,0,204354174,6547133,596132,365004,2590170,161186603,473497600,335544320,0
persistent_sample,grid_33_session,session_grid_medium,gpu_inline_certified,steady,6,4,2048,0,0,2048,2048,356189830,0,310591625,2021591175,0,2688372630,2688372630,672186718,669103623,679753626,0,0,0,0,4,4,0,4,4,37521361,15850029,0,0,90336974,0,90171259,2794857,535138,378410,2471984,160702872,473497600,335544320,0
persistent_sample,grid_33_session,session_grid_medium,gpu_inline_certified,steady,7,4,2048,0,0,2048,2048,356818656,0,448780346,2009826825,0,2815425827,2815425827,740047993,670559306,736599073,0,0,0,0,4,4,0,4,4,38034993,38452149,0,0,199564001,0,199373561,6509832,594148,431339,2767747,162426137,473497600,335544320,0
persistent_sample,grid_33_session,session_grid_medium,gpu_inline_certified,steady,8,4,2048,0,0,2048,2048,354788579,0,381831903,2014865655,0,2751486137,2751486137,673853751,673357428,737529034,0,0,0,0,4,4,0,4,4,38158581,27370775,0,0,147482180,0,147261819,4679637,603716,363991,2486512,160686511,473497600,335544320,0
persistent_sample,grid_33_session,session_grid_medium,gpu_inline_certified,steady,9,4,2048,0,0,2048,2048,356406788,0,313122329,2017802780,0,2687331897,2687331897,671038412,670793517,675338369,0,0,0,0,4,4,0,4,4,37557448,16209230,0,0,91985091,0,91800860,2815276,562758,370074,2515387,161107065,473497600,335544320,0
persistent_sample,grid_33_session,session_grid_medium,gpu_inline_certified,steady,10,4,2048,0,0,2048,2048,361696374,0,380083172,2032215141,0,2773994687,2773994687,679516344,680311011,735777187,0,0,0,0,4,4,0,4,4,38193898,28440958,0,0,140962356,0,140797082,4694937,575653,378119,2707190,164130061,473497600,335544320,0
persistent_sample,grid_33_session,session_grid_medium,gpu_inline_certified,steady,11,4,2048,0,0,2048,2048,359901208,0,385229635,2014735778,0,2759866621,2759866621,681250370,668569427,742131599,0,0,0,0,4,4,0,4,4,37591144,27217693,0,0,145634942,0,145448634,4745052,666886,386483,2598665,166388770,473497600,335544320,0
persistent_sample,grid_33_session,session_grid_medium,gpu_inline_certified,steady,12,4,2048,0,0,2048,2048,358674588,0,383526393,2008189197,0,2750390178,2750390178,669747437,673077959,738464215,0,0,0,0,4,4,0,4,4,38082406,27501463,0,0,146893010,0,146712443,4724402,575582,402355,2648609,162698566,473497600,335544320,0
persistent_sample,grid_33_session,session_grid_medium,gpu_inline_certified,steady,13,4,2048,0,0,2048,2048,354918465,0,381722787,2015654324,0,2752295576,2752295576,669959990,669091460,745644060,0,0,0,0,4,4,0,4,4,37549606,27621621,0,0,148022887,0,147865661,4611436,572858,348574,2518602,160477203,473497600,335544320,0
persistent_sample,grid_33_session,session_grid_medium,gpu_inline_certified,steady,14,4,2048,0,0,2048,2048,357965433,0,314003824,2010880521,0,2682849778,2682849778,668908784,671737747,671953817,0,0,0,0,4,4,0,4,4,37900771,17311593,0,0,90063905,0,89900060,2854040,558951,405180,2681582,162227802,473497600,335544320,0
persistent_sample,grid_33_session,session_grid_medium,gpu_inline_certified,steady,15,4,2048,0,0,2048,2048,357615879,0,377481814,2010121106,0,2745218799,2745218799,674423846,670989465,730277920,0,0,0,0,4,4,0,4,4,37782728,27341819,0,0,141988405,0,141750331,4738348,557500,342950,2524845,162205219,473497600,335544320,0
persistent_sample,grid_33_session,session_grid_medium,gpu_inline_certified,steady,16,4,2048,0,0,2048,2048,359177805,0,383640970,2023229249,0,2766048024,2766048024,672551521,675770384,744375911,0,0,0,0,4,4,0,4,4,37942202,27242361,0,0,147257643,0,147082557,4753175,581293,343885,2547167,162973244,473497600,335544320,0
persistent_sample,grid_33_session,session_grid_medium,gpu_inline_certified,steady,17,4,2048,0,0,2048,2048,358308983,0,383732762,2020855907,0,2762897652,2762897652,671353293,676278115,741047326,0,0,0,0,4,4,0,4,4,37829236,27400490,0,0,147649498,0,147471068,4652415,543903,376837,2594467,162685916,473497600,335544320,0
persistent_sample,grid_33_session,session_grid_medium,gpu_inline_certified,steady,18,4,2048,0,0,2048,2048,353776637,0,310509579,2012275695,0,2676561911,2676561911,668221227,669280520,670361941,0,0,0,0,4,4,0,4,4,37521620,16153636,0,0,90074275,0,89894334,2813865,545024,396233,2604777,160400149,473497600,335544320,0
persistent_sample,grid_33_session,session_grid_medium,gpu_inline_certified,steady,19,4,2048,0,0,2048,2048,358068326,0,376295721,2021034149,0,2755398196,2755398196,740761245,672204830,674396393,0,0,0,0,4,4,0,4,4,37945948,27318937,0,0,141177897,0,140983357,4659137,580152,368843,2596579,161648228,473497600,335544320,0
persistent_sample,grid_33_session,session_grid_medium,gpu_inline_certified,steady,20,4,2048,0,0,2048,2048,358166947,0,381265049,2015713670,0,2755145666,2755145666,741007497,673158146,673230054,0,0,0,0,4,4,0,4,4,37530025,27112445,0,0,145837492,0,145655773,4598582,512272,358590,2465984,162849659,473497600,335544320,0
persistent_summary,grid_33_session,session_grid_medium,gpu_inline_certified,3040784237,20,2676561911,2752295576,2815425827,2846623120,2752295576,743.33637791766762,473497600,335544320,1.1048174707381064,3864168,0
persistent_sample,grid_33_session,session_grid_medium,gpu_candidate_runtime,cold,0,4,2048,0,0,2048,2048,404021081,13485,618374949,806925269,2016650130,1829334784,3845984914,698434434,372066631,388613122,209089142,3579346,1,1,4,3,1,4,4,77276771,28849314,2104,23571410,102399459,23531583,102201949,2820728,526751,498046,7001176,162760702,473341952,335544320,0
persistent_sample,grid_33_session,session_grid_medium,gpu_candidate_runtime,steady,1,4,2048,0,0,2048,2048,358682912,0,310752927,810966162,2030470175,1480402001,3510872176,371545211,369406606,371100443,0,0,0,0,4,4,0,4,4,38362748,15780906,0,0,87969286,0,87799678,2851927,528333,416099,2696179,162147449,473604096,335544320,0
persistent_sample,grid_33_session,session_grid_medium,gpu_candidate_runtime,steady,2,4,2048,0,0,2048,2048,355197814,0,378292742,805598873,2010879384,1539089429,3549968813,368608080,367085178,436340538,0,0,0,0,4,4,0,4,4,37582122,27078551,0,0,145159587,0,144932411,4706408,582978,439525,2656475,160087096,473604096,335544320,0
persistent_sample,grid_33_session,session_grid_medium,gpu_candidate_runtime,steady,3,4,2048,0,0,2048,2048,357540514,0,384316439,808187492,2020632334,1550044445,3570676779,369780585,370807136,440075093,0,0,0,0,4,4,0,4,4,37540697,27271257,0,0,149635217,0,149426523,4668124,572706,361236,2598916,161668286,473604096,335544320,0
persistent_sample,grid_33_session,session_grid_medium,gpu_candidate_runtime,steady,4,4,2048,0,0,2048,2048,356946847,0,500994045,803751830,2005501152,1661692722,3667193874,438690253,366959954,489794495,0,0,0,0,4,4,0,4,4,37472338,52568715,0,0,242084390,0,241865435,4653404,617914,339215,2521878,160736191,473604096,335544320,0
persistent_sample,grid_33_session,session_grid_medium,gpu_candidate_runtime,steady,5,4,2048,0,0,2048,2048,357353219,0,376931083,808660273,2033566121,1542944575,3576510696,372825109,370676841,431909346,0,0,0,0,4,4,0,4,4,37876534,27107464,0,0,141230530,0,141050011,4673504,537170,392886,2769490,162343505,473604096,335544320,0
persistent_sample,grid_33_session,session_grid_medium,gpu_candidate_runtime,steady,6,4,2048,0,0,2048,2048,355036290,0,450826067,809761312,2017196139,1615623669,3632819808,373778901,435949127,437176478,0,0,0,0,4,4,0,4,4,37699046,38168680,0,0,203764609,0,203532030,6544978,539553,357650,2533701,161217850,473604096,335544320,0
persistent_sample,grid_33_session,session_grid_medium,gpu_candidate_runtime,steady,7,4,2048,0,0,2048,2048,355138434,0,311246951,805309120,2009870729,1471694505,3481565234,367968908,368493798,368698886,0,0,0,0,4,4,0,4,4,37449873,16130079,0,0,90215654,0,90043419,2827720,546496,387376,2649553,161040200,473604096,335544320,0
persistent_sample,grid_33_session,session_grid_medium,gpu_candidate_runtime,steady,8,4,2048,0,0,2048,2048,356390188,0,454491736,808374073,2004972214,1619255997,3624228211,371585222,437450076,443056051,0,0,0,0,4,4,0,4,4,37917854,38301020,0,0,206391720,0,206186009,6535660,612913,407465,2497753,161827351,473604096,335544320,0
persistent_sample,grid_33_session,session_grid_medium,gpu_candidate_runtime,steady,9,4,2048,0,0,2048,2048,355549343,0,441597711,800385274,2031723882,1597532328,3629256210,367284576,367007180,497187123,0,0,0,0,4,4,0,4,4,37789502,27064553,0,0,205257407,0,205069786,7161178,578838,345396,2506020,160894817,473604096,335544320,0
persistent_sample,grid_33_session,session_grid_medium,gpu_candidate_runtime,steady,10,4,2048,0,0,2048,2048,353910073,0,314681530,803594621,2010262441,1472186224,3482448665,368233080,368084818,369430875,0,0,0,0,4,4,0,4,4,37679432,15975597,0,0,94151097,0,93933563,2856745,574411,381856,2600950,160461442,473604096,335544320,0
persistent_sample,grid_33_session,session_grid_medium,gpu_candidate_runtime,steady,11,4,2048,0,0,2048,2048,356197855,0,451949953,804885694,2013151054,1613033502,3626184556,438766167,369963417,436896707,0,0,0,0,4,4,0,4,4,37597945,38092626,0,0,203783042,0,203580761,6496486,584822,375743,2645955,162373334,473604096,335544320,0
persistent_sample,grid_33_session,session_grid_medium,gpu_candidate_runtime,steady,12,4,2048,0,0,2048,2048,356630283,0,381909802,811771124,2021458302,1550311209,3571769511,375612451,369803470,436418377,0,0,0,0,4,4,0,4,4,37569362,27073922,0,0,147659404,0,147420026,4684396,529726,362801,2599186,161431005,473604096,335544320,0
persistent_sample,grid_33_session,session_grid_medium,gpu_candidate_runtime,steady,13,4,2048,0,0,2048,2048,361235901,0,382020008,814974316,2032746053,1558230225,3590976278,373370451,373752599,438424216,0,0,0,0,4,4,0,4,4,37951706,27149186,0,0,145054185,0,144879708,4686490,530297,416539,2579971,163651634,473604096,335544320,0
persistent_sample,grid_33_session,session_grid_medium,gpu_candidate_runtime,steady,14,4,2048,0,0,2048,2048,354471935,0,449701269,804377893,2010374831,1608551097,3618925928,367801498,435816352,436452460,0,0,0,0,4,4,0,4,4,37517904,38377225,0,0,202968751,0,202752511,6546682,566517,376646,2571253,160776291,473604096,335544320,0
persistent_sample,grid_33_session,session_grid_medium,gpu_candidate_runtime,steady,15,4,2048,0,0,2048,2048,359589444,0,381065004,806383823,2016606394,1547038271,3563644665,368762112,368792349,440761293,0,0,0,0,4,4,0,4,4,38271564,27332973,0,0,144909634,0,144706459,4674847,533021,404716,2638091,162300158,473604096,335544320,0
persistent_sample,grid_33_session,session_grid_medium,gpu_candidate_runtime,steady,16,4,2048,0,0,2048,2048,355300269,0,380352480,807110374,2001847812,1542763123,3544610935,369097128,369428187,437638894,0,0,0,0,4,4,0,4,4,37838411,26948945,0,0,146027380,0,145842841,4669006,536901,369842,2634342,161327653,473604096,335544320,0
persistent_sample,grid_33_session,session_grid_medium,gpu_candidate_runtime,steady,17,4,2048,0,0,2048,2048,358378858,0,380509461,812633045,2038452161,1551521364,3589973525,366475533,373878130,441414205,0,0,0,0,4,4,0,4,4,37770905,27330578,0,0,145344329,0,145156760,4670227,554212,373620,2512651,161952939,473604096,335544320,0
persistent_sample,grid_33_session,session_grid_medium,gpu_candidate_runtime,steady,18,4,2048,0,0,2048,2048,357338010,0,383080576,811584853,2024747047,1552003439,3576750486,374548313,372945688,436396988,0,0,0,0,4,4,0,4,4,37974320,27454867,0,0,147832614,0,147635965,4783374,568851,377938,2740664,161347948,473604096,335544320,0
persistent_sample,grid_33_session,session_grid_medium,gpu_candidate_runtime,steady,19,4,2048,0,0,2048,2048,357565102,0,314171289,803218206,2008783613,1474954597,3483738210,367223192,369259889,369476670,0,0,0,0,4,4,0,4,4,37514749,16192718,0,0,92218717,0,92061181,2792122,504248,345356,2512179,162091200,473604096,335544320,0
persistent_sample,grid_33_session,session_grid_medium,gpu_candidate_runtime,steady,20,4,2048,0,0,2048,2048,359696969,0,381829887,805837639,2010603326,1547364495,3557967821,437493128,368928228,372289402,0,0,0,0,4,4,0,4,4,37951248,27381336,0,0,145466869,0,145263677,4677912,537753,380814,2591851,162842104,473604096,335544320,0
persistent_summary,grid_33_session,session_grid_medium,gpu_candidate_runtime,1829334784,20,1471694505,1550044445,1619255997,1661692722,3571769511,1321.0250871636445,473604096,335544320,1.1801821489060593,3684837,0
persistent_sample,grid_65_session,session_grid_large,parallel_inline_certified,cold,0,4,1024,32,32,1024,1024,800656091,3255222,630184848,5359821788,0,6793917949,6793917949,1763807107,1682601872,1689686964,0,0,0,0,0,0,0,0,0,0,0,0,0,0,0,0,0,0,0,0,0,535343104,0,0
persistent_sample,grid_65_session,session_grid_large,parallel_inline_certified,steady,1,4,1024,32,0,1024,1024,765136568,0,620140100,5315330839,0,6700607507,6700607507,1670924597,1667448298,1701692476,0,0,0,0,0,0,0,0,0,0,0,0,0,0,0,0,0,0,0,0,0,535867392,0,0
persistent_sample,grid_65_session,session_grid_large,parallel_inline_certified,steady,2,4,1024,32,0,1024,1024,715190466,0,623455728,5333084466,0,6671730660,6671730660,1668570551,1663097820,1678637938,0,0,0,0,0,0,0,0,0,0,0,0,0,0,0,0,0,0,0,0,0,535867392,0,0
persistent_sample,grid_65_session,session_grid_large,parallel_inline_certified,steady,3,4,1024,32,0,1024,1024,705091203,0,623822028,5320697391,0,6649610622,6649610622,1661006898,1662980197,1670068320,0,0,0,0,0,0,0,0,0,0,0,0,0,0,0,0,0,0,0,0,0,535867392,0,0
persistent_sample,grid_65_session,session_grid_large,parallel_inline_certified,steady,4,4,1024,32,0,1024,1024,711897020,0,615517782,5310614340,0,6638029142,6638029142,1652492821,1661825898,1667851437,0,0,0,0,0,0,0,0,0,0,0,0,0,0,0,0,0,0,0,0,0,535867392,0,0
persistent_sample,grid_65_session,session_grid_large,parallel_inline_certified,steady,5,4,1024,32,0,1024,1024,710879870,0,619633198,5332779370,0,6663292438,6663292438,1669574568,1662740640,1672660429,0,0,0,0,0,0,0,0,0,0,0,0,0,0,0,0,0,0,0,0,0,535867392,0,0
persistent_sample,grid_65_session,session_grid_large,parallel_inline_certified,steady,6,4,1024,32,0,1024,1024,704433521,0,622654737,5300625491,0,6627713749,6627713749,1655957063,1656676653,1660620561,0,0,0,0,0,0,0,0,0,0,0,0,0,0,0,0,0,0,0,0,0,535867392,0,0
persistent_sample,grid_65_session,session_grid_large,parallel_inline_certified,steady,7,4,1024,32,0,1024,1024,705866171,0,610059089,5342712253,0,6658637513,6658637513,1659904932,1664193815,1671551123,0,0,0,0,0,0,0,0,0,0,0,0,0,0,0,0,0,0,0,0,0,535867392,0,0
persistent_sample,grid_65_session,session_grid_large,parallel_inline_certified,steady,8,4,1024,32,0,1024,1024,708054376,0,624939453,5320368962,0,6653362791,6653362791,1654862111,1666099648,1671546560,0,0,0,0,0,0,0,0,0,0,0,0,0,0,0,0,0,0,0,0,0,535867392,0,0
persistent_sample,grid_65_session,session_grid_large,parallel_inline_certified,steady,9,4,1024,32,0,1024,1024,705926809,0,637116531,5302412839,0,6645456179,6645456179,1655020056,1666571895,1669823499,0,0,0,0,0,0,0,0,0,0,0,0,0,0,0,0,0,0,0,0,0,535867392,0,0
persistent_sample,grid_65_session,session_grid_large,parallel_inline_certified,steady,10,4,1024,32,0,1024,1024,700752313,0,635167500,5275841156,0,6611760969,6611760969,1647247969,1656794718,1657935434,0,0,0,0,0,0,0,0,0,0,0,0,0,0,0,0,0,0,0,0,0,535867392,0,0
persistent_sample,grid_65_session,session_grid_large,parallel_inline_certified,steady,11,4,1024,32,0,1024,1024,708701864,0,619260129,5340696965,0,6668658958,6668658958,1668177751,1667513649,1675402610,0,0,0,0,0,0,0,0,0,0,0,0,0,0,0,0,0,0,0,0,0,535867392,0,0
persistent_sample,grid_65_session,session_grid_large,parallel_inline_certified,steady,12,4,1024,32,0,1024,1024,706754746,0,619554876,5338524078,0,6664833700,6664833700,1667853314,1664478187,1670335140,0,0,0,0,0,0,0,0,0,0,0,0,0,0,0,0,0,0,0,0,0,535867392,0,0
persistent_sample,grid_65_session,session_grid_large,parallel_inline_certified,steady,13,4,1024,32,0,1024,1024,704372921,0,622701259,5329062772,0,6656136952,6656136952,1658700585,1661577220,1678241597,0,0,0,0,0,0,0,0,0,0,0,0,0,0,0,0,0,0,0,0,0,535867392,0,0
persistent_sample,grid_65_session,session_grid_large,parallel_inline_certified,steady,14,4,1024,32,0,1024,1024,704495140,0,635695395,5339550187,0,6679740722,6679740722,1653899160,1682972537,1685619253,0,0,0,0,0,0,0,0,0,0,0,0,0,0,0,0,0,0,0,0,0,535867392,0,0
persistent_sample,grid_65_session,session_grid_large,parallel_inline_certified,steady,15,4,1024,32,0,1024,1024,705255375,0,617247602,5312621628,0,6635124605,6635124605,1668467904,1655168819,1661738103,0,0,0,0,0,0,0,0,0,0,0,0,0,0,0,0,0,0,0,0,0,535867392,0,0
persistent_sample,grid_65_session,session_grid_large,parallel_inline_certified,steady,16,4,1024,32,0,1024,1024,702855878,0,614175990,5289535281,0,6606567149,6606567149,1648560860,1652783809,1655311228,0,0,0,0,0,0,0,0,0,0,0,0,0,0,0,0,0,0,0,0,0,535867392,0,0
persistent_sample,grid_65_session,session_grid_large,parallel_inline_certified,steady,17,4,1024,32,0,1024,1024,704866082,0,619143632,5298050286,0,6622060000,6622060000,1661458719,1650363150,1662539331,0,0,0,0,0,0,0,0,0,0,0,0,0,0,0,0,0,0,0,0,0,535867392,0,0
persistent_sample,grid_65_session,session_grid_large,parallel_inline_certified,steady,18,4,1024,32,0,1024,1024,701367371,0,634902462,5299857366,0,6636127199,6636127199,1665334263,1653581566,1670025670,0,0,0,0,0,0,0,0,0,0,0,0,0,0,0,0,0,0,0,0,0,535867392,0,0
persistent_sample,grid_65_session,session_grid_large,parallel_inline_certified,steady,19,4,1024,32,0,1024,1024,707465344,0,628315133,5282127275,0,6617907752,6617907752,1646468777,1657409193,1662390634,0,0,0,0,0,0,0,0,0,0,0,0,0,0,0,0,0,0,0,0,0,535867392,0,0
persistent_sample,grid_65_session,session_grid_large,parallel_inline_certified,steady,20,4,1024,32,0,1024,1024,708204074,0,613393565,5300569358,0,6622166997,6622166997,1649674504,1652330755,1673225561,0,0,0,0,0,0,0,0,0,0,0,0,0,0,0,0,0,0,0,0,0,535867392,0,0
persistent_summary,grid_65_session,session_grid_large,parallel_inline_certified,6793917949,20,6606567149,6645456179,6679740722,6700607507,6645456179,153.99397922821714,535867392,0,1.0223403429352447,1301713,0
persistent_sample,grid_65_session,session_grid_large,parallel_candidate_runtime,cold,0,4,1024,32,32,1024,1024,799865882,3054461,634874066,1567275103,5322322058,3005069512,8327391570,805290514,730107334,740154884,0,0,0,0,0,0,0,0,0,0,0,0,0,0,0,0,0,0,0,0,0,535605248,0,0
persistent_sample,grid_65_session,session_grid_large,parallel_candidate_runtime,steady,1,4,1024,32,0,1024,1024,718377279,0,620769249,1558621363,5283462961,2897767891,8181230852,730566093,722496163,726631622,0,0,0,0,0,0,0,0,0,0,0,0,0,0,0,0,0,0,0,0,0,535605248,0,0
persistent_sample,grid_65_session,session_grid_large,parallel_candidate_runtime,steady,2,4,1024,32,0,1024,1024,712675449,0,618220775,1563472922,5335023368,2894369146,8229392514,730577429,722302786,724031607,0,0,0,0,0,0,0,0,0,0,0,0,0,0,0,0,0,0,0,0,0,535605248,0,0
persistent_sample,grid_65_session,session_grid_large,parallel_candidate_runtime,steady,3,4,1024,32,0,1024,1024,705121128,0,635049297,1556854716,5287970221,2897025141,8184995362,725275509,723499566,724914033,0,0,0,0,0,0,0,0,0,0,0,0,0,0,0,0,0,0,0,0,0,535605248,0,0
persistent_sample,grid_65_session,session_grid_large,parallel_candidate_runtime,steady,4,4,1024,32,0,1024,1024,714798435,0,631949021,1573107737,5324120875,2919855193,8243976068,719054861,731615999,740130471,0,0,0,0,0,0,0,0,0,0,0,0,0,0,0,0,0,0,0,0,0,535605248,0,0
persistent_sample,grid_65_session,session_grid_large,parallel_candidate_runtime,steady,5,4,1024,32,0,1024,1024,701722282,0,624835289,1558875328,5284042624,2885432899,8169475523,716289325,722794066,726913780,0,0,0,0,0,0,0,0,0,0,0,0,0,0,0,0,0,0,0,0,0,535605248,0,0
persistent_sample,grid_65_session,session_grid_large,parallel_candidate_runtime,steady,6,4,1024,32,0,1024,1024,709383849,0,645493716,1579803954,5336966255,2934681519,8271647774,721162890,736836912,743120019,0,0,0,0,0,0,0,0,0,0,0,0,0,0,0,0,0,0,0,0,0,535605248,0,0
persistent_sample,grid_65_session,session_grid_large,parallel_candidate_runtime,steady,7,4,1024,32,0,1024,1024,709449541,0,631139166,1570800751,5286516875,2911389458,8197906333,732087810,722897147,734037793,0,0,0,0,0,0,0,0,0,0,0,0,0,0,0,0,0,0,0,0,0,535605248,0,0
persistent_sample,grid_65_session,session_grid_large,parallel_candidate_runtime,steady,8,4,1024,32,0,1024,1024,702493854,0,638589105,1559855590,5286307949,2900938549,8187246498,727451033,724026134,726595871,0,0,0,0,0,0,0,0,0,0,0,0,0,0,0,0,0,0,0,0,0,535605248,0,0
persistent_sample,grid_65_session,session_grid_large,parallel_candidate_runtime,steady,9,4,1024,32,0,1024,1024,713817649,0,632037698,1564195149,5333134805,2910050496,8243185301,723099987,728120470,731432640,0,0,0,0,0,0,0,0,0,0,0,0,0,0,0,0,0,0,0,0,0,535605248,0,0
persistent_sample,grid_65_session,session_grid_large,parallel_candidate_runtime,steady,10,4,1024,32,0,1024,1024,705053175,0,634645925,1560901397,5272592678,2900600497,8173193175,726851961,723910879,727035471,0,0,0,0,0,0,0,0,0,0,0,0,0,0,0,0,0,0,0,0,0,535605248,0,0
persistent_sample,grid_65_session,session_grid_large,parallel_candidate_runtime,steady,11,4,1024,32,0,1024,1024,705370715,0,635254088,1573043398,5337180034,2913668201,8250848235,725627800,730774625,730896376,0,0,0,0,0,0,0,0,0,0,0,0,0,0,0,0,0,0,0,0,0,535605248,0,0
persistent_sample,grid_65_session,session_grid_large,parallel_candidate_runtime,steady,12,4,1024,32,0,1024,1024,708572247,0,628500648,1585335786,5285457212,2922408681,8207865893,726427401,725278683,748878147,0,0,0,0,0,0,0,0,0,0,0,0,0,0,0,0,0,0,0,0,0,535605248,0,0
persistent_sample,grid_65_session,session_grid_large,parallel_candidate_runtime,steady,13,4,1024,32,0,1024,1024,702943571,0,631696970,1572686720,5313632162,2907327261,8220959423,729118415,725649218,727988249,0,0,0,0,0,0,0,0,0,0,0,0,0,0,0,0,0,0,0,0,0,535605248,0,0
persistent_sample,grid_65_session,session_grid_large,parallel_candidate_runtime,steady,14,4,1024,32,0,1024,1024,702559776,0,620560881,1558358541,5281662186,2881479198,8163141384,719220008,718355312,726297940,0,0,0,0,0,0,0,0,0,0,0,0,0,0,0,0,0,0,0,0,0,535605248,0,0
persistent_sample,grid_65_session,session_grid_large,parallel_candidate_runtime,steady,15,4,1024,32,0,1024,1024,719869789,0,631459989,1578450666,5344176483,2929780444,8273956927,726907763,733629684,739510904,0,0,0,0,0,0,0,0,0,0,0,0,0,0,0,0,0,0,0,0,0,535605248,0,0
persistent_sample,grid_65_session,session_grid_large,parallel_candidate_runtime,steady,16,4,1024,32,0,1024,1024,704701462,0,618064024,1560300390,5306507750,2883065876,8189573626,720952552,721641690,723875994,0,0,0,0,0,0,0,0,0,0,0,0,0,0,0,0,0,0,0,0,0,535605248,0,0
persistent_sample,grid_65_session,session_grid_large,parallel_candidate_runtime,steady,17,4,1024,32,0,1024,1024,712912862,0,630387821,1560887698,5310319550,2904188381,8214507931,719581217,726224852,737458606,0,0,0,0,0,0,0,0,0,0,0,0,0,0,0,0,0,0,0,0,0,535605248,0,0
persistent_sample,grid_65_session,session_grid_large,parallel_candidate_runtime,steady,18,4,1024,32,0,1024,1024,708980852,0,628081068,1569963596,5288658926,2907025516,8195684442,731697654,719119343,739469086,0,0,0,0,0,0,0,0,0,0,0,0,0,0,0,0,0,0,0,0,0,535605248,0,0
persistent_sample,grid_65_session,session_grid_large,parallel_candidate_runtime,steady,19,4,1024,32,0,1024,1024,700703911,0,632737868,1567170161,5277326409,2900611940,8177938349,718177633,731475663,736286168,0,0,0,0,0,0,0,0,0,0,0,0,0,0,0,0,0,0,0,0,0,535605248,0,0
persistent_sample,grid_65_session,session_grid_large,parallel_candidate_runtime,steady,20,4,1024,32,0,1024,1024,700823299,0,632340896,1570680228,5294368861,2903844423,8198213284,721477348,727660842,730919769,0,0,0,0,0,0,0,0,0,0,0,0,0,0,0,0,0,0,0,0,0,535605248,0,0
persistent_summary,grid_65_session,session_grid_large,parallel_candidate_runtime,3005069512,20,2881479198,2903844423,2929780444,2934681519,8197906333,352.59420728327746,535605248,0,1.0348589918241635,1129054,0
persistent_sample,grid_65_session,session_grid_large,gpu_inline_certified,cold,0,4,1024,0,0,1024,1024,794586836,7354,1102491165,5300661550,0,7197746905,7197746905,2072521568,1718250626,1720263047,229694435,3465230,1,1,4,3,1,4,4,108278894,40926559,2304,28531750,364021128,28492832,363824448,5140061,589960,407022,11323051,310110771,631918592,738197504,0
persistent_sample,grid_65_session,session_grid_large,gpu_inline_certified,steady,1,4,1024,0,0,1024,1024,703269846,0,770368667,5273768345,0,6747406858,6747406858,1686333647,1685767945,1690807633,0,0,0,0,4,4,0,4,4,73893542,30928062,0,0,346713289,0,346505307,5102870,614489,355635,4713070,308047710,631918592,738197504,0
persistent_sample,grid_65_session,session_grid_large,gpu_inline_certified,steady,2,4,1024,0,0,1024,1024,701360473,0,791216250,5295316032,0,6787892755,6787892755,1708445819,1696914836,1698482441,0,0,0,0,4,4,0,4,4,73430784,30918323,0,0,368425747,0,368219578,5350310,545155,378128,4778384,307389419,631918592,738197504,0
persistent_sample,grid_65_session,session_grid_large,gpu_inline_certified,steady,3,4,1024,0,0,1024,1024,698989677,0,791718107,5300979583,0,6791687367,6791687367,1700282138,1692294861,1717301040,0,0,0,0,4,4,0,4,4,73551392,31383326,0,0,368513590,0,368261662,5249499,721981,350465,4577371,307370483,631918592,738197504,0
persistent_sample,grid_65_session,session_grid_large,gpu_inline_certified,steady,4,4,1024,0,0,1024,1024,714968708,0,792546396,5295220609,0,6802735713,6802735713,1720937281,1690196062,1704297805,0,0,0,0,4,4,0,4,4,73913819,31531676,0,0,368647757,0,368412634,5085647,617483,336419,4458127,307955468,631918592,738197504,0
persistent_sample,grid_65_session,session_grid_large,gpu_inline_certified,steady,5,4,1024,0,0,1024,1024,699177371,0,793841162,5293918293,0,6786936826,6786936826,1705762229,1696222906,1702872362,0,0,0,0,4,4,0,4,4,74447320,31658920,0,0,368815585,0,368615901,5229419,559905,333544,4702461,308094008,631918592,738197504,0
persistent_sample,grid_65_session,session_grid_large,gpu_inline_certified,steady,6,4,1024,0,0,1024,1024,710312544,0,797682112,5342939593,0,6850934249,6850934249,1722552352,1707806992,1717744052,0,0,0,0,4,4,0,4,4,74466406,32076259,0,0,368335638,0,368092534,5178844,631310,337992,4618179,312037484,631918592,738197504,0
persistent_sample,grid_65_session,session_grid_large,gpu_inline_certified,steady,7,4,1024,0,0,1024,1024,700171833,0,795905062,5285974557,0,6782051452,6782051452,1698226095,1686190812,1714004365,0,0,0,0,4,4,0,4,4,73771937,30710947,0,0,368374845,0,368159426,5122726,603596,378919,4827649,312114443,631918592,738197504,0
persistent_sample,grid_65_session,session_grid_large,gpu_inline_certified,steady,8,4,1024,0,0,1024,1024,702638867,0,792915136,5314214123,0,6809768126,6809768126,1696406139,1705318801,1723382232,0,0,0,0,4,4,0,4,4,73872158,30954209,0,0,368533229,0,368284153,5227637,620777,378378,4754068,308574680,631918592,738197504,0
persistent_sample,grid_65_session,session_grid_large,gpu_inline_certified,steady,9,4,1024,0,0,1024,1024,706935383,0,792710617,5294892976,0,6794538976,6794538976,1709340117,1694885019,1699707898,0,0,0,0,4,4,0,4,4,74108747,30771801,0,0,368297919,0,368120090,5407767,613864,369363,4632708,308508448,631918592,738197504,0
persistent_sample,grid_65_session,session_grid_large,gpu_inline_certified,steady,10,4,1024,0,0,1024,1024,705606760,0,794748553,5307756580,0,6808111893,6808111893,1696371239,1710865754,1714802435,0,0,0,0,4,4,0,4,4,74023465,31563938,0,0,368532104,0,368314013,5281579,747439,342010,4524571,309733447,631918592,738197504,0
persistent_sample,grid_65_session,session_grid_large,gpu_inline_certified,steady,11,4,1024,0,0,1024,1024,703197794,0,795672355,5332379578,0,6831249727,6831249727,1708938102,1711243692,1723044360,0,0,0,0,4,4,0,4,4,74278179,31769559,0,0,368756729,0,368527521,5137055,731878,354303,4546563,310098089,631918592,738197504,0
persistent_sample,grid_65_session,session_grid_large,gpu_inline_certified,steady,12,4,1024,0,0,1024,1024,709287149,0,769049035,5308494741,0,6786830925,6786830925,1704680997,1695178071,1696829857,0,0,0,0,4,4,0,4,4,73726390,29921970,0,0,347154224,0,346950076,5162032,560082,342270,4864828,307317239,631918592,738197504,0
persistent_sample,grid_65_session,session_grid_large,gpu_inline_certified,steady,13,4,1024,0,0,1024,1024,707935631,0,775602925,5337373860,0,6820912416,6820912416,1716338965,1701860576,1704349591,0,0,0,0,4,4,0,4,4,74775543,30881962,0,0,346777298,0,346596125,5296678,647990,355826,4512190,312355438,631918592,738197504,0
persistent_sample,grid_65_session,session_grid_large,gpu_inline_certified,steady,14,4,1024,0,0,1024,1024,699818962,0,770452578,5297388261,0,6767659801,6767659801,1687840897,1692512964,1695145946,0,0,0,0,4,4,0,4,4,73517914,30561992,0,0,346901268,0,346677853,6076649,637880,332742,4619462,307804671,631918592,738197504,0
persistent_sample,grid_65_session,session_grid_large,gpu_inline_certified,steady,15,4,1024,0,0,1024,1024,700374358,0,781035765,5290725321,0,6772135444,6772135444,1686346947,1694534382,1702196491,0,0,0,0,4,4,0,4,4,73795048,31126573,0,0,357650690,0,357472184,5117688,615618,334827,4678073,307717248,631918592,738197504,0
persistent_sample,grid_65_session,session_grid_large,gpu_inline_certified,steady,16,4,1024,0,0,1024,1024,708957350,0,795691150,5314816796,0,6819465296,6819465296,1720089648,1699880332,1704611496,0,0,0,0,4,4,0,4,4,74668820,32399583,0,0,368268911,0,368061975,5239679,734475,337772,4360039,309681871,631918592,738197504,0
persistent_sample,grid_65_session,session_grid_large,gpu_inline_certified,steady,17,4,1024,0,0,1024,1024,700436167,0,791040154,5293110580,0,6784586901,6784586901,1701996949,1690128340,1705692466,0,0,0,0,4,4,0,4,4,73461158,30920085,0,0,368366155,0,368167453,5151632,612193,340527,4614332,307574072,631918592,738197504,0
persistent_sample,grid_65_session,session_grid_large,gpu_inline_certified,steady,18,4,1024,0,0,1024,1024,710330877,0,799215599,5326226829,0,6835773305,6835773305,1690842680,1711181126,1737847319,0,0,0,0,4,4,0,4,4,74854070,31464879,0,0,368673951,0,368485061,5176000,648121,341788,4716876,313339914,631918592,738197504,0
persistent_sample,grid_65_session,session_grid_large,gpu_inline_certified,steady,19,4,1024,0,0,1024,1024,704152240,0,770264353,5286573324,0,6760989917,6760989917,1700214798,1687605425,1688415393,0,0,0,0,4,4,0,4,4,73798047,31023781,0,0,347071272,0,346857085,5193201,689689,403634,4528719,307556010,631918592,738197504,0
persistent_sample,grid_65_session,session_grid_large,gpu_inline_certified,steady,20,4,1024,0,0,1024,1024,705263721,0,793179191,5317275394,0,6815718306,6815718306,1691591605,1713996333,1725272135,0,0,0,0,4,4,0,4,4,73993307,31148169,0,0,368421786,0,368217242,5197108,597135,335910,4702699,308783077,631918592,738197504,0
persistent_summary,grid_65_session,session_grid_large,gpu_inline_certified,7197746905,20,6747406858,6791687367,6835773305,6850934249,6791687367,150.70926866664868,631918592,738197504,1.0597877252084651,7876747,0
persistent_sample,grid_65_session,session_grid_large,gpu_candidate_runtime,cold,0,4,1024,0,0,1024,1024,793177602,9218,1086222581,1567836753,5331961024,3447246154,8779207178,1106220892,778609320,793425095,206190471,3712830,1,1,4,3,1,4,4,105559568,40241966,2214,28662398,375179533,28623231,374953121,5362925,617352,413304,11240574,309039446,631599104,738197504,0
persistent_sample,grid_65_session,session_grid_large,gpu_candidate_runtime,steady,1,4,1024,0,0,1024,1024,705230245,0,934339990,1556886082,5275515892,3196456317,8471972209,772551809,770955197,884843785,0,0,0,0,4,4,0,4,4,73304088,52749356,0,0,489529451,0,489265430,5195728,705329,327221,4741663,307787154,631599104,738197504,0
persistent_sample,grid_65_session,session_grid_large,gpu_candidate_runtime,steady,2,4,1024,0,0,1024,1024,703808789,0,816342172,1575134284,5314239277,3095285245,8409524522,767233282,768291039,795478266,0,0,0,0,4,4,0,4,4,74086775,31456794,0,0,390099987,0,389877430,5230794,684288,340655,4856904,309585975,631599104,738197504,0
persistent_sample,grid_65_session,session_grid_large,gpu_candidate_runtime,steady,3,4,1024,0,0,1024,1024,724647260,0,923720283,1561529691,5315153243,3209897234,8525050477,773159620,784692467,884154153,0,0,0,0,4,4,0,4,4,74034488,52881350,0,0,475044323,0,474847189,5169788,613204,391292,4653818,310932020,631599104,738197504,0
persistent_sample,grid_65_session,session_grid_large,gpu_candidate_runtime,steady,4,4,1024,0,0,1024,1024,700379550,0,931173215,1568028271,5327294186,3199581036,8526875222,766643756,773199243,890159369,0,0,0,0,4,4,0,4,4,73207820,52649070,0,0,487485216,0,487274782,5134329,617153,348944,4783193,306947490,631599104,738197504,0
persistent_sample,grid_65_session,session_grid_large,gpu_candidate_runtime,steady,5,4,1024,0,0,1024,1024,712744011,0,902769241,1572172098,5345409121,3187685350,8533094471,865502855,773781358,776255635,0,0,0,0,4,4,0,4,4,74305674,53042597,0,0,451756958,0,451525823,5120093,612263,332311,4424042,313175303,631599104,738197504,0
persistent_sample,grid_65_session,session_grid_large,gpu_candidate_runtime,steady,6,4,1024,0,0,1024,1024,699314483,0,907141123,1575486786,5291942192,3181942392,8473884584,764070180,767454157,884263418,0,0,0,0,4,4,0,4,4,73540619,53254697,0,0,462232701,0,461998722,5112178,656738,344645,4647356,307352189,631599104,738197504,0
persistent_sample,grid_65_session,session_grid_large,gpu_candidate_runtime,steady,7,4,1024,0,0,1024,1024,704338954,0,900541287,1558793027,5326892072,3163673268,8490565340,769730549,773394645,849848998,0,0,0,0,4,4,0,4,4,74724666,53658433,0,0,450209587,0,449992901,5388142,709395,346597,4516998,310987469,631599104,738197504,0
persistent_sample,grid_65_session,session_grid_large,gpu_candidate_runtime,steady,8,4,1024,0,0,1024,1024,700320150,0,915159608,1552265257,5282088643,3167745015,8449833658,766650077,768668001,866961290,0,0,0,0,4,4,0,4,4,73603508,53040812,0,0,470640334,0,470432307,5150199,627220,361196,4622069,307114270,631599104,738197504,0
persistent_sample,grid_65_session,session_grid_large,gpu_candidate_runtime,steady,9,4,1024,0,0,1024,1024,705269410,0,1041990620,1560867124,5329463006,3308127154,8637590160,888253284,777069243,867919822,0,0,0,0,4,4,0,4,4,73627294,74706654,0,0,573538391,0,573306968,5186108,698937,342432,4600696,309290108,631599104,738197504,0
persistent_sample,grid_65_session,session_grid_large,gpu_candidate_runtime,steady,10,4,1024,0,0,1024,1024,701890583,0,932607833,1552922136,5294787724,3187420552,8482208276,765774335,769286034,884725675,0,0,0,0,4,4,0,4,4,73282651,52232604,0,0,488295641,0,488102294,5050591,664020,345137,4660299,308076890,631599104,738197504,0
persistent_sample,grid_65_session,session_grid_large,gpu_candidate_runtime,steady,11,4,1024,0,0,1024,1024,706606278,0,936416605,1559414828,5316062404,3202437711,8518500115,766567220,773644743,888741660,0,0,0,0,4,4,0,4,4,73286275,52796066,0,0,492023292,0,491766519,5174955,655214,329988,4698742,307452073,631599104,738197504,0
persistent_sample,grid_65_session,session_grid_large,gpu_candidate_runtime,steady,12,4,1024,0,0,1024,1024,707294520,0,1004121324,1575518528,5319544338,3286934372,8606478710,877856785,771176816,867651742,0,0,0,0,4,4,0,4,4,74700123,74251949,0,0,532354550,0,532064664,5167323,683668,347760,4494204,312121747,631599104,738197504,0
persistent_sample,grid_65_session,session_grid_large,gpu_candidate_runtime,steady,13,4,1024,0,0,1024,1024,705083520,0,816227836,1550733167,5300036728,3072044523,8372081251,775256759,765547040,765955037,0,0,0,0,4,4,0,4,4,74255979,31862035,0,0,390148376,0,389940411,5190868,589678,332290,4541094,309307516,631599104,738197504,0
persistent_sample,grid_65_session,session_grid_large,gpu_candidate_runtime,steady,14,4,1024,0,0,1024,1024,703031193,0,1046061543,1562119071,5297619373,3311211807,8608831180,878977348,768969439,894368354,0,0,0,0,4,4,0,4,4,73328416,74559678,0,0,578928244,0,578703623,5125824,680843,329617,4717950,308390971,631599104,738197504,0
persistent_sample,grid_65_session,session_grid_large,gpu_candidate_runtime,steady,15,4,1024,0,0,1024,1024,707690046,0,821115572,1570571210,5305201004,3099376828,8404577832,778489517,770619962,782833606,0,0,0,0,4,4,0,4,4,74903827,32827647,0,0,390357241,0,390132007,5288994,746458,384930,4558056,312048419,631599104,738197504,0
persistent_sample,grid_65_session,session_grid_large,gpu_candidate_runtime,steady,16,4,1024,0,0,1024,1024,702041187,0,1047304349,1549517244,5283757464,3298862780,8582620244,866678560,765542391,901670210,0,0,0,0,4,4,0,4,4,73728333,74334087,0,0,580804527,0,580584063,5221594,668902,375844,4658445,307512617,631599104,738197504,0
persistent_sample,grid_65_session,session_grid_large,gpu_candidate_runtime,steady,17,4,1024,0,0,1024,1024,707129063,0,920860302,1563022818,5301209745,3191012183,8492221928,775151399,779427022,868421897,0,0,0,0,4,4,0,4,4,74634586,53496387,0,0,470559100,0,470338686,5225683,666957,359854,4522186,311395549,631599104,738197504,0
persistent_sample,grid_65_session,session_grid_large,gpu_candidate_runtime,steady,18,4,1024,0,0,1024,1024,705948432,0,942766486,1572381661,5303865814,3221096579,8524962393,781949752,771966105,897581722,0,0,0,0,4,4,0,4,4,73911392,53007260,0,0,495287059,0,495064001,5148236,672447,331550,4638399,309770143,631599104,738197504,0
persistent_sample,grid_65_session,session_grid_large,gpu_candidate_runtime,steady,19,4,1024,0,0,1024,1024,700417249,0,1038215604,1559728822,5299921151,3298361675,8598282826,866954811,768942432,897420903,0,0,0,0,4,4,0,4,4,74722273,75409609,0,0,569521312,0,569282130,5235351,677138,325990,4661823,307662108,631599104,738197504,0
persistent_sample,grid_65_session,session_grid_large,gpu_candidate_runtime,steady,20,4,1024,0,0,1024,1024,705498536,0,815988069,1557647692,5294299319,3079134297,8373433616,780348642,767417867,767731522,0,0,0,0,4,4,0,4,4,74378800,31297119,0,0,390571022,0,390368476,5235422,569604,371395,4456804,309107903,631599104,738197504,0
persistent_summary,grid_65_session,session_grid_large,gpu_candidate_runtime,3447246154,20,3072044523,3191012183,3308127154,3311211807,8492221928,320.35476116284434,631599104,738197504,1.0802986501791114,8778401,0
persistent_sample,ring_1024_session,session_wide,parallel_inline_certified,cold,0,4,8192,32,32,8192,8192,1069809458,3016950,586114876,4293104180,0,5952045464,5952045464,1546449326,1462493249,1482660425,0,0,0,0,0,0,0,0,0,0,0,0,0,0,0,0,0,0,0,0,0,391131136,0,0
persistent_sample,ring_1024_session,session_wide,parallel_inline_certified,steady,1,4,8192,32,0,8192,8192,926395303,0,588552270,4280220965,0,5795168538,5795168538,1446251756,1450602503,1451810618,0,0,0,0,0,0,0,0,0,0,0,0,0,0,0,0,0,0,0,0,0,391393280,0,0
persistent_sample,ring_1024_session,session_wide,parallel_inline_certified,steady,2,4,8192,32,0,8192,8192,928918384,0,583908290,4274512865,0,5787339539,5787339539,1443781783,1445617745,1454093997,0,0,0,0,0,0,0,0,0,0,0,0,0,0,0,0,0,0,0,0,0,391393280,0,0
persistent_sample,ring_1024_session,session_wide,parallel_inline_certified,steady,3,4,8192,32,0,8192,8192,918939538,0,584384960,4283466068,0,5786790566,5786790566,1443651954,1445637162,1455211653,0,0,0,0,0,0,0,0,0,0,0,0,0,0,0,0,0,0,0,0,0,391393280,0,0
persistent_sample,ring_1024_session,session_wide,parallel_inline_certified,steady,4,4,8192,32,0,8192,8192,916959222,0,585879250,4289679600,0,5792518072,5792518072,1448954541,1449288825,1449322157,0,0,0,0,0,0,0,0,0,0,0,0,0,0,0,0,0,0,0,0,0,391393280,0,0
persistent_sample,ring_1024_session,session_wide,parallel_inline_certified,steady,5,4,8192,32,0,8192,8192,916809856,0,585982684,4283513017,0,5786305557,5786305557,1442151992,1447286185,1451295908,0,0,0,0,0,0,0,0,0,0,0,0,0,0,0,0,0,0,0,0,0,391393280,0,0
persistent_sample,ring_1024_session,session_wide,parallel_inline_certified,steady,6,4,8192,32,0,8192,8192,921797847,0,582281525,4290737204,0,5794816576,5794816576,1451281222,1447902384,1450267413,0,0,0,0,0,0,0,0,0,0,0,0,0,0,0,0,0,0,0,0,0,391393280,0,0
persistent_sample,ring_1024_session,session_wide,parallel_inline_certified,steady,7,4,8192,32,0,8192,8192,916599553,0,582527630,4295337537,0,5794464720,5794464720,1456881905,1444433917,1452865585,0,0,0,0,0,0,0,0,0,0,0,0,0,0,0,0,0,0,0,0,0,391393280,0,0
persistent_sample,ring_1024_session,session_wide,parallel_inline_certified,steady,8,4,8192,32,0,8192,8192,924868033,0,586775213,4278713558,0,5790356804,5790356804,1448302503,1447071085,1451243749,0,0,0,0,0,0,0,0,0,0,0,0,0,0,0,0,0,0,0,0,0,391393280,0,0
persistent_sample,ring_1024_session,session_wide,parallel_inline_certified,steady,9,4,8192,32,0,8192,8192,925129524,0,597152100,4274275671,0,5796557295,5796557295,1447164953,1449815254,1455606369,0,0,0,0,0,0,0,0,0,0,0,0,0,0,0,0,0,0,0,0,0,391393280,0,0
persistent_sample,ring_1024_session,session_wide,parallel_inline_certified,steady,10,4,8192,32,0,8192,8192,915633055,0,584842439,4287069690,0,5787545184,5787545184,1442442593,1447792123,1450325311,0,0,0,0,0,0,0,0,0,0,0,0,0,0,0,0,0,0,0,0,0,391393280,0,0
persistent_sample,ring_1024_session,session_wide,parallel_inline_certified,steady,11,4,8192,32,0,8192,8192,919842447,0,583627787,4286839558,0,5790309792,5790309792,1445118398,1445661559,1455148997,0,0,0,0,0,0,0,0,0,0,0,0,0,0,0,0,0,0,0,0,0,391393280,0,0
persistent_sample,ring_1024_session,session_wide,parallel_inline_certified,steady,12,4,8192,32,0,8192,8192,914184740,0,588109889,4283896549,0,5786191178,5786191178,1447454194,1444833153,1452934702,0,0,0,0,0,0,0,0,0,0,0,0,0,0,0,0,0,0,0,0,0,391393280,0,0
persistent_sample,ring_1024_session,session_wide,parallel_inline_certified,steady,13,4,8192,32,0,8192,8192,920439246,0,585034517,4283241605,0,5788715368,5788715368,1441755920,1450685876,1451447786,0,0,0,0,0,0,0,0,0,0,0,0,0,0,0,0,0,0,0,0,0,391393280,0,0
persistent_sample,ring_1024_session,session_wide,parallel_inline_certified,steady,14,4,8192,32,0,8192,8192,917434252,0,584249824,4277428547,0,5779112623,5779112623,1442521090,1445521849,1449401485,0,0,0,0,0,0,0,0,0,0,0,0,0,0,0,0,0,0,0,0,0,391393280,0,0
persistent_sample,ring_1024_session,session_wide,parallel_inline_certified,steady,15,4,8192,32,0,8192,8192,922943709,0,591692942,4279697608,0,5794334259,5794334259,1445388495,1448573824,1453389047,0,0,0,0,0,0,0,0,0,0,0,0,0,0,0,0,0,0,0,0,0,391393280,0,0
persistent_sample,ring_1024_session,session_wide,parallel_inline_certified,steady,16,4,8192,32,0,8192,8192,915452788,0,581829820,4280217108,0,5777499716,5777499716,1442232833,1446652351,1447288527,0,0,0,0,0,0,0,0,0,0,0,0,0,0,0,0,0,0,0,0,0,391393280,0,0
persistent_sample,ring_1024_session,session_wide,parallel_inline_certified,steady,17,4,8192,32,0,8192,8192,916926881,0,585058782,4284189675,0,5786175338,5786175338,1443937715,1449123303,1451726196,0,0,0,0,0,0,0,0,0,0,0,0,0,0,0,0,0,0,0,0,0,391393280,0,0
persistent_sample,ring_1024_session,session_wide,parallel_inline_certified,steady,18,4,8192,32,0,8192,8192,918503753,0,580095518,4277689758,0,5776289029,5776289029,1440994575,1446238177,1449422706,0,0,0,0,0,0,0,0,0,0,0,0,0,0,0,0,0,0,0,0,0,391393280,0,0
persistent_sample,ring_1024_session,session_wide,parallel_inline_certified,steady,19,4,8192,32,0,8192,8192,918752588,0,582194007,4279821565,0,5780768160,5780768160,1443011625,1446228422,1450220795,0,0,0,0,0,0,0,0,0,0,0,0,0,0,0,0,0,0,0,0,0,391393280,0,0
persistent_sample,ring_1024_session,session_wide,parallel_inline_certified,steady,20,4,8192,32,0,8192,8192,922044485,0,584395811,4287964937,0,5794405233,5794405233,1446907104,1447819346,1453697305,0,0,0,0,0,0,0,0,0,0,0,0,0,0,0,0,0,0,0,0,0,391393280,0,0
persistent_summary,ring_1024_session,session_wide,parallel_inline_certified,5952045464,20,5776289029,5787545184,5795168538,5796557295,5787545184,1415.1671794549356,391393280,0,1.0284231526096368,1157810,0
persistent_sample,ring_1024_session,session_wide,parallel_candidate_runtime,cold,0,4,8192,32,32,8192,8192,1063768728,3020005,589557038,2122990948,4297461543,3779336719,8076798262,1002081296,909848454,958960886,0,0,0,0,0,0,0,0,0,0,0,0,0,0,0,0,0,0,0,0,0,391655424,0,0
persistent_sample,ring_1024_session,session_wide,parallel_candidate_runtime,steady,1,4,8192,32,0,8192,8192,914312199,0,585894385,2127535345,4283869775,3627741929,7911611704,905208763,907792440,907953656,0,0,0,0,0,0,0,0,0,0,0,0,0,0,0,0,0,0,0,0,0,391655424,0,0
persistent_sample,ring_1024_session,session_wide,parallel_candidate_runtime,steady,2,4,8192,32,0,8192,8192,919687758,0,582401060,2124476502,4281068673,3626565320,7907633993,903790930,908139327,908695804,0,0,0,0,0,0,0,0,0,0,0,0,0,0,0,0,0,0,0,0,0,391655424,0,0
persistent_sample,ring_1024_session,session_wide,parallel_candidate_runtime,steady,3,4,8192,32,0,8192,8192,922139828,0,576313269,2127655808,4287764958,3626108905,7913873863,910791965,909010049,909712064,0,0,0,0,0,0,0,0,0,0,0,0,0,0,0,0,0,0,0,0,0,391655424,0,0
persistent_sample,ring_1024_session,session_wide,parallel_candidate_runtime,steady,4,4,8192,32,0,8192,8192,923041100,0,583102624,2124233060,4299693722,3630376784,7930070506,906337832,912273080,915808464,0,0,0,0,0,0,0,0,0,0,0,0,0,0,0,0,0,0,0,0,0,391655424,0,0
persistent_sample,ring_1024_session,session_wide,parallel_candidate_runtime,steady,5,4,8192,32,0,8192,8192,914061731,0,583000611,2124947586,4283303886,3622009928,7905313814,899867957,906404815,909417309,0,0,0,0,0,0,0,0,0,0,0,0,0,0,0,0,0,0,0,0,0,391655424,0,0
persistent_sample,ring_1024_session,session_wide,parallel_candidate_runtime,steady,6,4,8192,32,0,8192,8192,912922902,0,590075131,2118047819,4282528096,3621045852,7903573948,903548953,904321761,911133116,0,0,0,0,0,0,0,0,0,0,0,0,0,0,0,0,0,0,0,0,0,391655424,0,0
persistent_sample,ring_1024_session,session_wide,parallel_candidate_runtime,steady,7,4,8192,32,0,8192,8192,924996568,0,584311312,2123952096,4281505443,3633259976,7914765419,910809963,904587139,914146931,0,0,0,0,0,0,0,0,0,0,0,0,0,0,0,0,0,0,0,0,0,391655424,0,0
persistent_sample,ring_1024_session,session_wide,parallel_candidate_runtime,steady,8,4,8192,32,0,8192,8192,919766884,0,582805153,2125536743,4283747213,3628108780,7911855993,903334160,907007484,911587433,0,0,0,0,0,0,0,0,0,0,0,0,0,0,0,0,0,0,0,0,0,391655424,0,0
persistent_sample,ring_1024_session,session_wide,parallel_candidate_runtime,steady,9,4,8192,32,0,8192,8192,919309551,0,577616385,2129754181,4277907262,3626680117,7904587379,901757377,906629647,912133399,0,0,0,0,0,0,0,0,0,0,0,0,0,0,0,0,0,0,0,0,0,391655424,0,0
persistent_sample,ring_1024_session,session_wide,parallel_candidate_runtime,steady,10,4,8192,32,0,8192,8192,918513649,0,586306640,2125704674,4326293756,3630524963,7956818719,906498866,908429964,911397605,0,0,0,0,0,0,0,0,0,0,0,0,0,0,0,0,0,0,0,0,0,391655424,0,0
persistent_sample,ring_1024_session,session_wide,parallel_candidate_runtime,steady,11,4,8192,32,0,8192,8192,921236585,0,589192600,2122415197,4284447118,3632844382,7917291500,907677849,909004009,911259212,0,0,0,0,0,0,0,0,0,0,0,0,0,0,0,0,0,0,0,0,0,391655424,0,0
persistent_sample,ring_1024_session,session_wide,parallel_candidate_runtime,steady,12,4,8192,32,0,8192,8192,915523084,0,586843794,2119731599,4283439278,3622098477,7905537755,904212013,906244595,906496175,0,0,0,0,0,0,0,0,0,0,0,0,0,0,0,0,0,0,0,0,0,391655424,0,0
persistent_sample,ring_1024_session,session_wide,parallel_candidate_runtime,steady,13,4,8192,32,0,8192,8192,917120331,0,594836130,2124582778,4290171682,3636539239,7926710921,902545273,909796856,917130661,0,0,0,0,0,0,0,0,0,0,0,0,0,0,0,0,0,0,0,0,0,391655424,0,0
persistent_sample,ring_1024_session,session_wide,parallel_candidate_runtime,steady,14,4,8192,32,0,8192,8192,916288069,0,589223916,2127429378,4286657115,3632941363,7919598478,908633397,908937651,910367715,0,0,0,0,0,0,0,0,0,0,0,0,0,0,0,0,0,0,0,0,0,391655424,0,0
persistent_sample,ring_1024_session,session_wide,parallel_candidate_runtime,steady,15,4,8192,32,0,8192,8192,919347053,0,592821697,2128849148,4281587750,3641017898,7922605648,917657855,908305869,908497585,0,0,0,0,0,0,0,0,0,0,0,0,0,0,0,0,0,0,0,0,0,391655424,0,0
persistent_sample,ring_1024_session,session_wide,parallel_candidate_runtime,steady,16,4,8192,32,0,8192,8192,913593155,0,584891693,2126698121,4282865675,3625182969,7908048644,905090161,905782712,910435406,0,0,0,0,0,0,0,0,0,0,0,0,0,0,0,0,0,0,0,0,0,391655424,0,0
persistent_sample,ring_1024_session,session_wide,parallel_candidate_runtime,steady,17,4,8192,32,0,8192,8192,921304536,0,591606492,2126584177,4303027283,3639495205,7942522488,909428767,909737246,912788086,0,0,0,0,0,0,0,0,0,0,0,0,0,0,0,0,0,0,0,0,0,391655424,0,0
persistent_sample,ring_1024_session,session_wide,parallel_candidate_runtime,steady,18,4,8192,32,0,8192,8192,913477157,0,588525071,2126069747,4287558054,3628071975,7915630029,904114367,906321139,912061909,0,0,0,0,0,0,0,0,0,0,0,0,0,0,0,0,0,0,0,0,0,391655424,0,0
persistent_sample,ring_1024_session,session_wide,parallel_candidate_runtime,steady,19,4,8192,32,0,8192,8192,917921229,0,594727427,2124729420,4278680661,3637378076,7916058737,910211929,909178606,911059108,0,0,0,0,0,0,0,0,0,0,0,0,0,0,0,0,0,0,0,0,0,391655424,0,0
persistent_sample,ring_1024_session,session_wide,parallel_candidate_runtime,steady,20,4,8192,32,0,8192,8192,915086378,0,588235799,2120414671,4280825747,3623736848,7904562595,904936068,906150173,908204620,0,0,0,0,0,0,0,0,0,0,0,0,0,0,0,0,0,0,0,0,0,391655424,0,0
persistent_summary,ring_1024_session,session_wide,parallel_candidate_runtime,3779336719,20,3621045852,3628071975,3639495205,3641017898,7913873863,2257.9256843561343,391655424,0,1.0416928729755974,1127662,0
persistent_sample,ring_1024_session,session_wide,gpu_inline_certified,cold,0,4,8192,0,0,8192,8192,1052353615,23605,1111826069,4349217881,0,6513421170,6513421170,1868585143,1547559172,1585654569,212887036,3658748,1,1,4,3,1,4,4,143752323,48817125,1964,17091121,211029410,17052192,210852604,9811210,642110,418144,38450961,425265917,728977408,469762048,0
persistent_sample,ring_1024_session,session_wide,gpu_inline_certified,steady,1,4,8192,0,0,8192,8192,903154301,0,866640371,4306955727,0,6076750399,6076750399,1494262574,1505892157,1579940590,0,0,0,0,4,4,0,4,4,98236419,68192582,0,0,259192691,0,258992059,9696992,670113,337885,10324774,419988915,728977408,469762048,0
persistent_sample,ring_1024_session,session_wide,gpu_inline_certified,steady,2,4,8192,0,0,8192,8192,911717395,0,937869175,4308738158,0,6158324728,6158324728,1505044999,1505826345,1649499058,0,0,0,0,4,4,0,4,4,97666411,67041248,0,0,320033320,0,319827903,18631701,640847,343973,10117452,423394223,728977408,469762048,0
persistent_sample,ring_1024_session,session_wide,gpu_inline_certified,steady,3,4,8192,0,0,8192,8192,911751059,0,907128161,4341695237,0,6160574457,6160574457,1628466960,1514325562,1514598153,0,0,0,0,4,4,0,4,4,99679616,67910417,0,0,292679417,0,292474465,9779090,686513,357971,10147930,425887207,728977408,469762048,0
persistent_sample,ring_1024_session,session_wide,gpu_inline_certified,steady,4,4,8192,0,0,8192,8192,906595305,0,1027894264,4325007390,0,6259496959,6259496959,1643277821,1515664973,1597015762,0,0,0,0,4,4,0,4,4,98525741,95299507,0,0,383200429,0,383014462,16850899,631338,343773,9972046,423070531,728977408,469762048,0
persistent_sample,ring_1024_session,session_wide,gpu_inline_certified,steady,5,4,8192,0,0,8192,8192,913742421,0,936373104,4348375317,0,6198490842,6198490842,1516211996,1515687460,1665668523,0,0,0,0,4,4,0,4,4,97742035,67179201,0,0,321714247,0,321499707,16649927,654341,349874,9956205,422127274,728977408,469762048,0
persistent_sample,ring_1024_session,session_wide,gpu_inline_certified,steady,6,4,8192,0,0,8192,8192,904173446,0,861773331,4334464093,0,6100410870,6100410870,1515833868,1504398055,1578328066,0,0,0,0,4,4,0,4,4,98854520,68344421,0,0,252839528,0,252649372,9704068,653030,351679,10110179,420915906,728977408,469762048,0
persistent_sample,ring_1024_session,session_wide,gpu_inline_certified,steady,7,4,8192,0,0,8192,8192,910530155,0,938252978,4316225350,0,6165008483,6165008483,1507973997,1566973584,1589135898,0,0,0,0,4,4,0,4,4,97521666,67793836,0,0,323594114,0,323416349,16740108,615779,353511,10313636,421320328,728977408,469762048,0
persistent_sample,ring_1024_session,session_wide,gpu_inline_certified,steady,8,4,8192,0,0,8192,8192,910275639,0,869649244,4349084288,0,6129009171,6129009171,1500671021,1520127086,1588247858,0,0,0,0,4,4,0,4,4,98040852,67690278,0,0,258446362,0,258230366,9744596,644054,374161,10140798,424568143,728977408,469762048,0
persistent_sample,ring_1024_session,session_wide,gpu_inline_certified,steady,9,4,8192,0,0,8192,8192,914327918,0,938249973,4317071140,0,6169649031,6169649031,1508606699,1512329540,1641443632,0,0,0,0,4,4,0,4,4,98300257,67825246,0,0,319867579,0,319692119,16747892,637421,354963,10693948,423822667,728977408,469762048,0
persistent_sample,ring_1024_session,session_wide,gpu_inline_certified,steady,10,4,8192,0,0,8192,8192,904394330,0,885131406,4310492656,0,6100018392,6100018392,1597597731,1496874763,1511234462,0,0,0,0,4,4,0,4,4,96974148,67349322,0,0,278618338,0,278401143,9773963,605620,355777,10443492,421010746,728977408,469762048,0
persistent_sample,ring_1024_session,session_wide,gpu_inline_certified,steady,11,4,8192,0,0,8192,8192,907758938,0,1044968927,4339854987,0,6292582852,6292582852,1669353979,1512160138,1608735217,0,0,0,0,4,4,0,4,4,97183716,95407894,0,0,399087176,0,398867905,16728938,672105,344956,10404856,425139286,728977408,469762048,0
persistent_sample,ring_1024_session,session_wide,gpu_inline_certified,steady,12,4,8192,0,0,8192,8192,905781359,0,935285670,4313320209,0,6154387238,6154387238,1490024116,1504127586,1662065204,0,0,0,0,4,4,0,4,4,97379696,67852268,0,0,319586869,0,319357847,16837744,699487,384080,10519314,422026212,728977408,469762048,0
persistent_sample,ring_1024_session,session_wide,gpu_inline_certified,steady,13,4,8192,0,0,8192,8192,910693055,0,920662375,4309071700,0,6140427130,6140427130,1498569441,1517228122,1629322191,0,0,0,0,4,4,0,4,4,97259479,66703496,0,0,298401844,0,298212158,16807335,668029,415228,10178639,430228325,728977408,469762048,0
persistent_sample,ring_1024_session,session_wide,gpu_inline_certified,steady,14,4,8192,0,0,8192,8192,903458899,0,931614447,4342317409,0,6177390755,6177390755,1514564370,1507802292,1657712693,0,0,0,0,4,4,0,4,4,97710567,67589887,0,0,319307403,0,319098783,16854116,641459,363540,10052449,419095026,728977408,469762048,0
persistent_sample,ring_1024_session,session_wide,gpu_inline_certified,steady,15,4,8192,0,0,8192,8192,902847679,0,901881873,4297522489,0,6102252041,6102252041,1494564977,1501267885,1610852387,0,0,0,0,4,4,0,4,4,97453338,69478928,0,0,290838555,0,290638624,10201854,635357,373238,10289981,422610622,728977408,469762048,0
persistent_sample,ring_1024_session,session_wide,gpu_inline_certified,steady,16,4,8192,0,0,8192,8192,906079627,0,937956730,4325987024,0,6170023381,6170023381,1494390327,1512174875,1656274657,0,0,0,0,4,4,0,4,4,98388086,68531127,0,0,319529687,0,319319676,16753133,636659,352100,10048171,423717767,728977408,469762048,0
persistent_sample,ring_1024_session,session_wide,gpu_inline_certified,steady,17,4,8192,0,0,8192,8192,903414148,0,903046207,4307654835,0,6114115190,6114115190,1613146207,1499184533,1507197147,0,0,0,0,4,4,0,4,4,97168263,67043386,0,0,297605469,0,297390688,9612865,571424,330358,10078219,420636223,728977408,469762048,0
persistent_sample,ring_1024_session,session_wide,gpu_inline_certified,steady,18,4,8192,0,0,8192,8192,908425006,0,1059262092,4307619653,0,6275306751,6275306751,1645641191,1505842668,1628611643,0,0,0,0,4,4,0,4,4,97261046,89806232,0,0,414309270,0,414097279,23727698,702634,320489,10071617,423063106,728977408,469762048,0
persistent_sample,ring_1024_session,session_wide,gpu_inline_certified,steady,19,4,8192,0,0,8192,8192,910531756,0,937782537,4354965740,0,6203280033,6203280033,1518133656,1528056303,1646334430,0,0,0,0,4,4,0,4,4,97935389,67476690,0,0,319182361,0,319005431,16826214,632260,351989,10352798,425024836,728977408,469762048,0
persistent_sample,ring_1024_session,session_wide,gpu_inline_certified,steady,20,4,8192,0,0,8192,8192,909309695,0,889444290,4325160740,0,6123914725,6123914725,1501255842,1507569647,1614435535,0,0,0,0,4,4,0,4,4,98471870,67651542,0,0,278854885,0,278657180,9979921,690471,368199,9962349,423465053,728977408,469762048,0
persistent_summary,ring_1024_session,session_wide,gpu_inline_certified,6513421170,20,6076750399,6158324728,6275306751,6292582852,6158324728,1329.7461230570434,728977408,469762048,1.0576612078258048,5271019,0
persistent_sample,ring_1024_session,session_wide,gpu_candidate_runtime,cold,0,4,8192,0,0,8192,8192,1029649501,20099,1090109504,2140757780,4332141225,4260536884,8592678109,1308180248,986215590,1001877849,195316473,3539482,1,1,4,3,1,4,4,143727698,48716543,2184,16867842,210590114,16829984,210402462,9764013,577187,411790,34126766,426469412,728977408,469762048,0
persistent_sample,ring_1024_session,session_wide,gpu_candidate_runtime,steady,1,4,8192,0,0,8192,8192,912509396,0,995206884,2145940063,4346675064,4053656343,8400331407,1067661088,970296291,1057178820,0,0,0,0,4,4,0,4,4,98957183,96736668,0,0,353906693,0,353703450,9798797,582206,363310,9970443,424891584,728977408,469762048,0
persistent_sample,ring_1024_session,session_wide,gpu_candidate_runtime,steady,2,4,8192,0,0,8192,8192,907016571,0,999041568,2137003832,4316373165,4043061971,8359435136,1066505179,961953130,1059408896,0,0,0,0,4,4,0,4,4,98157655,96981684,0,0,362528173,0,362326839,9719335,615940,333223,9998878,420706680,728977408,469762048,0
persistent_sample,ring_1024_session,session_wide,gpu_candidate_runtime,steady,3,4,8192,0,0,8192,8192,907658710,0,1053491431,2134292458,4327929606,4095442599,8423372205,1080314653,971445960,1090866015,0,0,0,0,4,4,0,4,4,97897431,97030644,0,0,412844730,0,412641209,9760594,593115,356868,10282898,424725151,728977408,469762048,0
persistent_sample,ring_1024_session,session_wide,gpu_candidate_runtime,steady,4,4,8192,0,0,8192,8192,906513253,0,1012255111,2135625141,4308257650,4054393505,8362651155,1072909755,956380432,1069552129,0,0,0,0,4,4,0,4,4,98904917,96984198,0,0,371940508,0,371722303,9638001,619215,336339,10193778,423638155,728977408,469762048,0
persistent_sample,ring_1024_session,session_wide,gpu_candidate_runtime,steady,5,4,8192,0,0,8192,8192,905777493,0,1038922883,2143832037,4347298517,4088532413,8435830930,1080649210,964823759,1086139110,0,0,0,0,4,4,0,4,4,98404745,97033581,0,0,402432612,0,402234238,10093067,655306,362120,10275674,419665778,728977408,469762048,0
persistent_sample,ring_1024_session,session_wide,gpu_candidate_runtime,steady,6,4,8192,0,0,8192,8192,911209850,0,1012943157,2135892022,4325960959,4060045029,8386005988,1060940100,962206838,1080731306,0,0,0,0,4,4,0,4,4,98356993,97528590,0,0,374605559,0,374405021,9605531,634944,336570,10037520,421837450,728977408,469762048,0
persistent_sample,ring_1024_session,session_wide,gpu_candidate_runtime,steady,7,4,8192,0,0,8192,8192,913362070,0,1021197687,2136685889,4327498850,4071245646,8398744496,1061012280,971806336,1078449874,0,0,0,0,4,4,0,4,4,98709263,97262504,0,0,379671909,0,379456866,9712294,650824,349514,9965844,424875535,728977408,469762048,0
persistent_sample,ring_1024_session,session_wide,gpu_candidate_runtime,steady,8,4,8192,0,0,8192,8192,904281336,0,1014080968,2134654897,4331273736,4053017201,8384290937,1052031738,960976542,1081516478,0,0,0,0,4,4,0,4,4,97642015,98421798,0,0,374962914,0,374766303,9675172,651988,339735,9875683,422511663,728977408,469762048,0
persistent_sample,ring_1024_session,session_wide,gpu_candidate_runtime,steady,9,4,8192,0,0,8192,8192,909611417,0,1023960918,2152717264,4315527546,4086289599,8401817145,1064434633,980968865,1082805490,0,0,0,0,4,4,0,4,4,97974750,97377245,0,0,382578550,0,382350554,9717343,585963,376434,10528985,424821648,728977408,469762048,0
persistent_sample,ring_1024_session,session_wide,gpu_candidate_runtime,steady,10,4,8192,0,0,8192,8192,912022579,0,993645097,2142313041,4322601616,4047980717,8370582333,1062921631,966400457,1057394474,0,0,0,0,4,4,0,4,4,99517482,97762620,0,0,351151522,0,350953115,9822613,675344,377747,10134615,424203154,728977408,469762048,0
persistent_sample,ring_1024_session,session_wide,gpu_candidate_runtime,steady,11,4,8192,0,0,8192,8192,900725409,0,1037970856,2139138541,4322356970,4077834806,8400191776,1081792944,958911522,1078397178,0,0,0,0,4,4,0,4,4,97144064,96791122,0,0,402878059,0,402668695,9719125,594587,338965,10103656,420401278,728977408,469762048,0
persistent_sample,ring_1024_session,session_wide,gpu_candidate_runtime,steady,12,4,8192,0,0,8192,8192,906369466,0,1022133967,2142707788,4314515850,4071211221,8385727071,1070312394,965512348,1078036674,0,0,0,0,4,4,0,4,4,97815618,96912943,0,0,384774374,0,384583675,9689550,610471,386917,10451606,421492488,728977408,469762048,0
persistent_sample,ring_1024_session,session_wide,gpu_candidate_runtime,steady,13,4,8192,0,0,8192,8192,911762448,0,1048515299,2135546712,4322945573,4095824459,8418770032,1077242512,974776766,1088884950,0,0,0,0,4,4,0,4,4,97874947,97244310,0,0,407726076,0,407525660,9765053,657307,328785,10192453,424726368,728977408,469762048,0
persistent_sample,ring_1024_session,session_wide,gpu_candidate_runtime,steady,14,4,8192,0,0,8192,8192,906324933,0,1019988182,2127890608,4302964999,4054203723,8357168722,1054576282,961019074,1083805657,0,0,0,0,4,4,0,4,4,97721578,96705977,0,0,382690215,0,382486556,9683588,596482,357580,10419557,421813205,728977408,469762048,0
persistent_sample,ring_1024_session,session_wide,gpu_candidate_runtime,steady,15,4,8192,0,0,8192,8192,910375862,0,1054334933,2131667276,4332566718,4096378071,8428944789,1084319100,969255022,1086814470,0,0,0,0,4,4,0,4,4,98012310,97312862,0,0,414373755,0,414160448,9700111,624108,347590,10194439,423769758,728977408,469762048,0
persistent_sample,ring_1024_session,session_wide,gpu_candidate_runtime,steady,16,4,8192,0,0,8192,8192,904608531,0,1023139303,2137105393,4304692646,4064853227,8369545873,1062644072,971498488,1075112199,0,0,0,0,4,4,0,4,4,98695626,96921979,0,0,383490657,0,383274426,9808405,668829,344284,10019745,423189778,728977408,469762048,0
persistent_sample,ring_1024_session,session_wide,gpu_candidate_runtime,steady,17,4,8192,0,0,8192,8192,910964525,0,1045150926,2130257048,4337213914,4086372499,8423586413,1075471435,967332363,1088271660,0,0,0,0,4,4,0,4,4,97735943,98453466,0,0,403966127,0,403762356,9652759,575171,361857,10174901,424230702,728977408,469762048,0
persistent_sample,ring_1024_session,session_wide,gpu_candidate_runtime,steady,18,4,8192,0,0,8192,8192,909104299,0,1006291314,2133321310,4313670412,4048716923,8362387335,1058823269,957691897,1076621048,0,0,0,0,4,4,0,4,4,98950603,96990048,0,0,367068075,0,366841427,9779240,669885,371016,10223312,422239135,728977408,469762048,0
persistent_sample,ring_1024_session,session_wide,gpu_candidate_runtime,steady,19,4,8192,0,0,8192,8192,906741302,0,1047787688,2170367410,4326433681,4124896400,8451330081,1076788162,1003331754,1089903799,0,0,0,0,4,4,0,4,4,98290256,96890074,0,0,407046161,0,406831233,9746638,650608,356387,10187614,424619950,728977408,469762048,0
persistent_sample,ring_1024_session,session_wide,gpu_candidate_runtime,steady,20,4,8192,0,0,8192,8192,901522777,0,1002290705,2125462845,4301124062,4029276327,8330400389,1037744662,956807801,1079986176,0,0,0,0,4,4,0,4,4,97513180,98638655,0,0,365711502,0,365446970,9774561,679389,363899,10067328,419542191,728977408,469762048,0
persistent_summary,ring_1024_session,session_wide,gpu_candidate_runtime,4260536884,20,4029276327,4064853227,4096378071,4124896400,8386005988,2012.1775941627077,728977408,469762048,1.0481403991908513,5750371,0
persistent_verdict,case_id,workload_class,lane,cpu_steady_median_ns,gpu_steady_median_ns,median_ratio,median_pass,cpu_steady_p95_ns,gpu_steady_p95_ns,p95_ratio,p95_pass,gpu_peak_bytes,memory_pass,technical_crossover_this_run,automatic_dispatch
persistent_verdict,tree_session_control,session_control,inline_certified,47969532,58257245,0.82340886528362267,fail,48102533,59263057,0.81167822645396104,fail,33554432,pass,ineligible,unauthorized
persistent_verdict,tree_session_control,session_control,candidate_runtime,31710504,41642976,0.76148505812841039,fail,32437055,42045249,0.77147967419576946,fail,33554432,pass,ineligible,unauthorized
persistent_verdict,grid_33_session,session_grid_medium,inline_certified,2650198461,2752295576,0.9629047418125124,fail,2666886904,2815425827,0.94724104553722988,fail,335544320,pass,fail,unauthorized
persistent_verdict,grid_33_session,session_grid_medium,candidate_runtime,1446002044,1550044445,0.93287779499767831,fail,1459786485,1619255997,0.90151680012582969,fail,335544320,pass,fail,unauthorized
persistent_verdict,grid_65_session,session_grid_large,inline_certified,6645456179,6791687367,0.97846909315783293,fail,6679740722,6835773305,0.97717411388030229,fail,738197504,pass,fail,unauthorized
persistent_verdict,grid_65_session,session_grid_large,candidate_runtime,2903844423,3191012183,0.91000731318737182,fail,2929780444,3308127154,0.8856311464501827,fail,738197504,pass,fail,unauthorized
persistent_verdict,ring_1024_session,session_wide,inline_certified,5787545184,6158324728,0.93979214147084844,fail,5795168538,6275306751,0.92348769039481815,fail,469762048,pass,fail,unauthorized
persistent_verdict,ring_1024_session,session_wide,candidate_runtime,3628071975,4064853227,0.89254685775644615,fail,3639495205,4096378071,0.88846662635110074,fail,469762048,pass,fail,unauthorized
completion,complete,cases=4,raw_sessions=320,raw_prefixes=1280,persistent_samples=336,failures=0,records_before_completion=1839,completed_utc=2026-08-19T08:11:16Z,fingerprint=v1-824f0a6b3566c60917278d020942c7a4
