metadata,key,value
metadata,evidence_contract,gpu02s-persistent-session-v1
metadata,base_revision,1d0625589a6bb5b7744fe7319183c55a3032ff10
metadata,status,incomplete_until_completion_record
metadata,evidence_kind,canonical
metadata,automatic_dispatch_authorized,false
metadata,production_acceptance_authorized,false
metadata,speedup_claim,false
metadata,workload_representation,compiler-derived synthetic session envelope
metadata,command,/home/adam/.cache/bazel/_bazel_adam/eecd01b58056b0b7acbaf3efb8be965c/execroot/_main/bazel-out/k8-opt/bin/cuda/gpu02s_session_benchmark --corpus=replays/prepared_ac/session_v1/corpus.csv --source=./.bazelrc --source=./.bazelversion --source=./BUILD.bazel --source=./MODULE.bazel --source=./MODULE.bazel.lock --source=./README.md --source=docs/BUILDING.md --source=docs/adr/ADR-001-cpp-cuda-migration.md --source=docs/roadmap.md --source=cpp/BUILD.bazel --source=cpp/benchmarks/prepared_ac_session.cc --source=cpp/benchmarks/prepared_ac_session.h --source=cpp/include/ohmnivore/compiler.h --source=cpp/include/ohmnivore/ir.h --source=cpp/include/ohmnivore/prepared_ac.h --source=cpp/include/ohmnivore/solver.h --source=cpp/include/ohmnivore/sparse.h --source=cpp/include/ohmnivore/status.h --source=cpp/src/compiler.cc --source=cpp/src/prepared_ac.cc --source=cpp/src/prepared_ac_internal.h --source=cpp/src/solver.cc --source=cuda/gpu02s_session_benchmark.cc --source=cuda/prepared_ac_cuda.cu --source=cuda/prepared_ac_cuda.h --source=cuda/BUILD.bazel --source=replays/prepared_ac/session_v1/corpus.csv --source=replays/prepared_ac/session_v1/BUILD.bazel --source=replays/prepared_ac/session_v1/README.md --source=third_party/cudss/BUILD.bazel --source=third_party/cudss/BUILD.cudss.bazel --source=third_party/cudss/PROVENANCE.md --source=third_party/suitesparse/BUILD.bazel --source=third_party/suitesparse/BUILD.suitesparse.bazel --source=third_party/suitesparse/PROVENANCE.md --warmups=3 --repetitions=20 --persistent-sessions=20
metadata,start_utc,2026-08-19T06:23:53Z
metadata,manifest_fingerprint,v1-de52b10506655ec327cab7e010fbe106
metadata,source_fingerprint,v1-3fd5bc5a942844e720117d9a43d50c6c
metadata,binary_fingerprint,v1-ae9c40b2e86de2649b7f3958533d3839
metadata,source_input_count,35
metadata,source_identity_scope,governing_docs+benchmark+session_corpus+prepared_contract+compiler+solver+cuda_executor+bazel_module_lock+vendor_build_inputs
metadata,bazel_version,9.2.0
metadata,compiler,15.2.0
metadata,build_mode,optimized_cuda
metadata,bazel_configuration,opt+cuda
metadata,canonical_bazel_invocation,bazel run -c opt --config=cuda //cuda:gpu02s_session_benchmark -- --warmups=3 --repetitions=20 --persistent-sessions=20
metadata,host_toolchain,nvcc-13.0.88+gcc-15.2.0
metadata,suitesparse_version,7.12.3
metadata,suitesparse_archive_sha256,158ee4ed2ce3fdcbf52c4e47e94b0d1a8ae13344b4a835991d78a3ad20f08086
metadata,klu_version,2.3.6
metadata,cudss_version,0.8.0.10
metadata,cudss_archive_sha256,ba18f5fd80dcbbe905d158caac5b3061d848442bb5abd477b5f296b4257a4937
metadata,cudss_execution_shape,uniform_batch_all_members
metadata,cudss_matching,disabled
metadata,cudss_deterministic_mode,disabled
metadata,cudss_fp64_iterative_refinement_steps,1
metadata,cudss_reordering,default
metadata,cudss_factorization,default
metadata,cuda_toolkit_redist_version,13.0.2
metadata,nvcc_redist_version,13.0.88
metadata,cublas_redist_version,13.1.0.3
metadata,cublas_archive_sha256,88bc951efd906032a371153ca61975e0d9c4761e4012169169a6b3a47931606e
metadata,cuda_architectures,compute_120+sm_120
metadata,cuda_runtime_linkage,static
metadata,kernel,Linux 6.18.33.2-microsoft-standard-WSL2 x86_64
metadata,cpu,AMD Ryzen 9 9950X3D 16-Core Processor
metadata,hardware_threads,32
metadata,gpu,NVIDIA GeForce RTX 5080
metadata,gpu_uuid,12fc46ca1e10bfc0099784b0fa735418
metadata,compute_capability,12.0
metadata,driver_api,13030
metadata,runtime_api,13000
metadata,gpu_global_memory_bytes,17094475776
metadata,warmups,3
metadata,repetitions,20
metadata,persistent_steady_sessions,20
metadata,expected_raw_sessions,320
metadata,expected_raw_prefixes,1280
metadata,expected_persistent_samples,336
metadata,quantile_rule,nearest_rank_sorted_ceil_pn_minus_1
metadata,clock,std::chrono::steady_clock
metadata,fork_overhead_in_timing,false
metadata,memory_boundary,"isolated_child_ru_maxrss+max(controlled_plus_cudss_peak,cuda_mem_info_batch_delta)"
metadata,validation_boundary,all_results_residual_checked+fresh_cpu_klu_componentwise_certified
metadata,cuda_phase_boundary,host_intervals_nonoverlapping;remainder=complete_execute_wall_minus_classified_intervals
metadata,cuda_device_telemetry_boundary,event_elapsed_overlaps_host_submit_and_sync_intervals
metadata,cold_boundary,fresh_child_one_context_per_session
metadata,steady_boundary,later_same-structure corners
metadata,candidate_boundary,execute+residual_validation;fresh KLU certification measured separately and mandatory
metadata,inline_boundary,execute+complete fresh KLU certification
metadata,technical_crossover_thresholds,median=1.25;p95=1.10;gpu_peak_bytes=2147483648
sample,case_id,workload_class,mode,repetition,prefix_corners,dimension,nnz,batch,accepted_members,participating_threads,preparation_ns,executor_create_ns,execute_ns,runtime_validation_ns,excluded_certification_ns,lane_total_ns,certified_total_ns,first_corner_ns,later_corner_median_ns,later_corner_p95_ns,cpu_symbolic_analyses,backend_solves,certification_solves,structure_preparations,structure_uploads,values_rhs_uploads,same_structure_refreshes,cuda_analyses,factorization_calls,solve_calls,context_setup_ns,library_setup_ns,host_pack_ns,upload_ns,matrix_setup_ns,analysis_ns,factor_solve_ns,analysis_device_ns,factor_solve_device_ns,readback_ns,phase_status_ns,memory_accounting_ns,result_assembly_ns,release_ns,cuda_execute_phase_remainder_ns,cpu_peak_rss_bytes,gpu_peak_batch_bytes,outstanding_device_bytes,failures
persistent_sample,case_id,workload_class,mode,phase,ordinal,corner_count,accepted_members,participating_threads,cpu_symbolic_analyses,backend_solves,certification_solves,preparation_ns,executor_create_ns,execute_ns,runtime_validation_ns,excluded_certification_ns,lane_total_ns,certified_total_ns,first_corner_ns,later_corner_median_ns,later_corner_p95_ns,context_setup_ns,library_setup_ns,structure_preparations,structure_uploads,values_rhs_uploads,same_structure_refreshes,cuda_analyses,factorization_calls,solve_calls,host_pack_ns,upload_ns,matrix_setup_ns,analysis_ns,factor_solve_ns,analysis_device_ns,factor_solve_device_ns,readback_ns,phase_status_ns,memory_accounting_ns,result_assembly_ns,cuda_execute_phase_remainder_ns,cpu_peak_rss_bytes,gpu_peak_batch_bytes,failures
identity,case_id,corner_ordinal,structure_fingerprint,batch_fingerprint,aggregate_member_fingerprint,member_count
case,case_id,workload_class,topology,node_count,branch_count,dimension,nnz,batch,corner_count
summary,case_id,workload_class,mode,prefix_corners,sample_count,min_total_ns,median_total_ns,p95_total_ns,max_total_ns,certified_median_ns,first_corner_median_ns,later_corner_median_ns,later_corner_p95_ns,median_throughput_members_per_second,peak_cpu_bytes,peak_gpu_bytes
crossover,case_id,lane,status,first_prefix_corners,first_accepted_members
persistent_summary,case_id,workload_class,mode,cold_total_ns,steady_sample_count,steady_min_ns,steady_median_ns,steady_p95_ns,steady_max_ns,steady_certified_median_ns,steady_median_throughput_members_per_second,steady_peak_cpu_bytes,steady_peak_gpu_bytes,cold_to_steady_ratio,release_ns,outstanding_device_bytes
case,tree_session_control,session_control,binary_tree,256,1,257,768,64,4
identity,tree_session_control,0,v1-b7dbae64c3b47c80919d1f9a135cb449,v1-944885829915d0a64a2e55f5f547d477,v1-a78388075811b2da71da8957f6e21b25,64
identity,tree_session_control,1,v1-b7dbae64c3b47c80919d1f9a135cb449,v1-f3e43cae737a0c58716fd22289374485,v1-6bcc459185e8ae6a11b2cd98033f470d,64
identity,tree_session_control,2,v1-b7dbae64c3b47c80919d1f9a135cb449,v1-00a28829c51e7b5308590fca454ee2ae,v1-0cda82fd4604786f0ab829565a9013d0,64
identity,tree_session_control,3,v1-b7dbae64c3b47c80919d1f9a135cb449,v1-842bd8a6cfc0998f48357f6d3400210e,v1-7c096f3e2c58567533ebbd0760c4c866,64
sample,tree_session_control,session_control,parallel_inline_certified,0,1,257,768,64,64,32,3165391,3700778,3414533,8194912,0,18475614,18475614,18475614,0,0,32,64,64,0,0,0,0,0,0,0,0,0,0,0,0,0,0,0,0,0,0,0,0,0,0,108810240,0,0,0
sample,tree_session_control,session_control,parallel_inline_certified,0,2,257,768,64,128,32,5536744,3700778,4902990,16397788,0,30538300,30538300,18475614,12062686,12062686,32,128,128,0,0,0,0,0,0,0,0,0,0,0,0,0,0,0,0,0,0,0,0,0,0,108810240,0,0,0
sample,tree_session_control,session_control,parallel_inline_certified,0,3,257,768,64,192,32,7676147,3700778,6487479,24550028,0,42414432,42414432,18475614,11876132,12062686,32,192,192,0,0,0,0,0,0,0,0,0,0,0,0,0,0,0,0,0,0,0,0,0,0,108810240,0,0,0
sample,tree_session_control,session_control,parallel_inline_certified,0,4,257,768,64,256,32,9821972,3700778,8117866,33263163,0,54903779,54903779,18475614,12062686,12489347,32,256,256,0,0,0,0,0,0,0,0,0,0,0,0,0,0,0,0,0,0,0,0,866675,0,108810240,0,0,0
sample,tree_session_control,session_control,parallel_inline_certified,1,1,257,768,64,64,32,3215455,3020676,3551864,8184021,0,17972016,17972016,17972016,0,0,32,64,64,0,0,0,0,0,0,0,0,0,0,0,0,0,0,0,0,0,0,0,0,0,0,109334528,0,0,0
sample,tree_session_control,session_control,parallel_inline_certified,1,2,257,768,64,128,32,5607257,3020676,5178673,16386046,0,30192652,30192652,17972016,12220636,12220636,32,128,128,0,0,0,0,0,0,0,0,0,0,0,0,0,0,0,0,0,0,0,0,0,0,109334528,0,0,0
sample,tree_session_control,session_control,parallel_inline_certified,1,3,257,768,64,192,32,7735448,3020676,6839247,24541863,0,42137234,42137234,17972016,11944582,12220636,32,192,192,0,0,0,0,0,0,0,0,0,0,0,0,0,0,0,0,0,0,0,0,0,0,109334528,0,0,0
sample,tree_session_control,session_control,parallel_inline_certified,1,4,257,768,64,256,32,9882826,3020676,8577688,32684796,0,54165986,54165986,17972016,12028752,12220636,32,256,256,0,0,0,0,0,0,0,0,0,0,0,0,0,0,0,0,0,0,0,0,862027,0,109334528,0,0,0
sample,tree_session_control,session_control,parallel_inline_certified,2,1,257,768,64,64,32,3187713,3023462,3807190,8158281,0,18176646,18176646,18176646,0,0,32,64,64,0,0,0,0,0,0,0,0,0,0,0,0,0,0,0,0,0,0,0,0,0,0,108310528,0,0,0
sample,tree_session_control,session_control,parallel_inline_certified,2,2,257,768,64,128,32,5546262,3023462,5581169,16355206,0,30506099,30506099,18176646,12329453,12329453,32,128,128,0,0,0,0,0,0,0,0,0,0,0,0,0,0,0,0,0,0,0,0,0,0,108310528,0,0,0
sample,tree_session_control,session_control,parallel_inline_certified,2,3,257,768,64,192,32,7663293,3023462,7447934,25064324,0,43199013,43199013,18176646,12329453,12692914,32,192,192,0,0,0,0,0,0,0,0,0,0,0,0,0,0,0,0,0,0,0,0,0,0,108310528,0,0,0
sample,tree_session_control,session_control,parallel_inline_certified,2,4,257,768,64,256,32,9799329,3023462,9307776,33241171,0,55371738,55371738,18176646,12329453,12692914,32,256,256,0,0,0,0,0,0,0,0,0,0,0,0,0,0,0,0,0,0,0,0,1143201,0,108310528,0,0,0
sample,tree_session_control,session_control,parallel_inline_certified,3,1,257,768,64,64,32,3175661,2882494,3561523,8158433,0,17778111,17778111,17778111,0,0,32,64,64,0,0,0,0,0,0,0,0,0,0,0,0,0,0,0,0,0,0,0,0,0,0,108810240,0,0,0
sample,tree_session_control,session_control,parallel_inline_certified,3,2,257,768,64,128,32,5634190,2882494,5205184,16336342,0,30058210,30058210,17778111,12280099,12280099,32,128,128,0,0,0,0,0,0,0,0,0,0,0,0,0,0,0,0,0,0,0,0,0,0,108810240,0,0,0
sample,tree_session_control,session_control,parallel_inline_certified,3,3,257,768,64,192,32,7760988,2882494,6855959,24489123,0,41988564,41988564,17778111,11930354,12280099,32,192,192,0,0,0,0,0,0,0,0,0,0,0,0,0,0,0,0,0,0,0,0,0,0,108810240,0,0,0
sample,tree_session_control,session_control,parallel_inline_certified,3,4,257,768,64,256,32,9889089,2882494,8529718,32676100,0,53977401,53977401,17778111,11988837,12280099,32,256,256,0,0,0,0,0,0,0,0,0,0,0,0,0,0,0,0,0,0,0,0,858180,0,108810240,0,0,0
sample,tree_session_control,session_control,parallel_inline_certified,4,1,257,768,64,64,32,3106179,2803994,3611809,8174713,0,17696695,17696695,17696695,0,0,32,64,64,0,0,0,0,0,0,0,0,0,0,0,0,0,0,0,0,0,0,0,0,0,0,108548096,0,0,0
sample,tree_session_control,session_control,parallel_inline_certified,4,2,257,768,64,128,32,5534741,2803994,5354909,16331802,0,30025446,30025446,17696695,12328751,12328751,32,128,128,0,0,0,0,0,0,0,0,0,0,0,0,0,0,0,0,0,0,0,0,0,0,108548096,0,0,0
sample,tree_session_control,session_control,parallel_inline_certified,4,3,257,768,64,192,32,7677339,2803994,7104431,24472781,0,42058545,42058545,17696695,12033099,12328751,32,192,192,0,0,0,0,0,0,0,0,0,0,0,0,0,0,0,0,0,0,0,0,0,0,108548096,0,0,0
sample,tree_session_control,session_control,parallel_inline_certified,4,4,257,768,64,256,32,9790311,2803994,8883609,32696368,0,54174282,54174282,17696695,12115737,12328751,32,256,256,0,0,0,0,0,0,0,0,0,0,0,0,0,0,0,0,0,0,0,0,816581,0,108548096,0,0,0
sample,tree_session_control,session_control,parallel_inline_certified,5,1,257,768,64,64,32,3071843,3727068,3504063,8187729,0,18490703,18490703,18490703,0,0,32,64,64,0,0,0,0,0,0,0,0,0,0,0,0,0,0,0,0,0,0,0,0,0,0,109596672,0,0,0
sample,tree_session_control,session_control,parallel_inline_certified,5,2,257,768,64,128,32,5561691,3727068,5234970,16383592,0,30907321,30907321,18490703,12416618,12416618,32,128,128,0,0,0,0,0,0,0,0,0,0,0,0,0,0,0,0,0,0,0,0,0,0,109596672,0,0,0
sample,tree_session_control,session_control,parallel_inline_certified,5,3,257,768,64,192,32,7689823,3727068,6961829,24580787,0,42959507,42959507,18490703,12052186,12416618,32,192,192,0,0,0,0,0,0,0,0,0,0,0,0,0,0,0,0,0,0,0,0,0,0,109596672,0,0,0
sample,tree_session_control,session_control,parallel_inline_certified,5,4,257,768,64,256,32,9840908,3727068,8630949,32787991,0,54986916,54986916,18490703,12052186,12416618,32,256,256,0,0,0,0,0,0,0,0,0,0,0,0,0,0,0,0,0,0,0,0,963259,0,109596672,0,0,0
sample,tree_session_control,session_control,parallel_inline_certified,6,1,257,768,64,64,32,3239632,3304156,3639341,8174924,0,18358053,18358053,18358053,0,0,32,64,64,0,0,0,0,0,0,0,0,0,0,0,0,0,0,0,0,0,0,0,0,0,0,109072384,0,0,0
sample,tree_session_control,session_control,parallel_inline_certified,6,2,257,768,64,128,32,5589876,3304156,5509462,16336462,0,30739956,30739956,18358053,12381903,12381903,32,128,128,0,0,0,0,0,0,0,0,0,0,0,0,0,0,0,0,0,0,0,0,0,0,109072384,0,0,0
sample,tree_session_control,session_control,parallel_inline_certified,6,3,257,768,64,192,32,7698590,3304156,7267160,24582040,0,42851946,42851946,18358053,12111990,12381903,32,192,192,0,0,0,0,0,0,0,0,0,0,0,0,0,0,0,0,0,0,0,0,0,0,109072384,0,0,0
sample,tree_session_control,session_control,parallel_inline_certified,6,4,257,768,64,256,32,9805601,3304156,8979993,32773836,0,54863586,54863586,18358053,12111990,12381903,32,256,256,0,0,0,0,0,0,0,0,0,0,0,0,0,0,0,0,0,0,0,0,854793,0,109072384,0,0,0
sample,tree_session_control,session_control,parallel_inline_certified,7,1,257,768,64,64,32,3140384,2934693,3537828,8196795,0,17809700,17809700,17809700,0,0,32,64,64,0,0,0,0,0,0,0,0,0,0,0,0,0,0,0,0,0,0,0,0,0,0,109858816,0,0,0
sample,tree_session_control,session_control,parallel_inline_certified,7,2,257,768,64,128,32,5534550,2934693,5090657,16424639,0,29984539,29984539,17809700,12174839,12174839,32,128,128,0,0,0,0,0,0,0,0,0,0,0,0,0,0,0,0,0,0,0,0,0,0,109858816,0,0,0
sample,tree_session_control,session_control,parallel_inline_certified,7,3,257,768,64,192,32,7632704,2934693,6813108,24620573,0,42001078,42001078,17809700,12016539,12174839,32,192,192,0,0,0,0,0,0,0,0,0,0,0,0,0,0,0,0,0,0,0,0,0,0,109858816,0,0,0
sample,tree_session_control,session_control,parallel_inline_certified,7,4,257,768,64,256,32,9753070,2934693,8482598,32792852,0,53963213,53963213,17809700,12016539,12174839,32,256,256,0,0,0,0,0,0,0,0,0,0,0,0,0,0,0,0,0,0,0,0,1075531,0,109858816,0,0,0
sample,tree_session_control,session_control,parallel_inline_certified,8,1,257,768,64,64,32,3166402,3027008,3257576,8279081,0,17730067,17730067,17730067,0,0,32,64,64,0,0,0,0,0,0,0,0,0,0,0,0,0,0,0,0,0,0,0,0,0,0,109596672,0,0,0
sample,tree_session_control,session_control,parallel_inline_certified,8,2,257,768,64,128,32,5594032,3027008,4917077,16472590,0,30010707,30010707,17730067,12280640,12280640,32,128,128,0,0,0,0,0,0,0,0,0,0,0,0,0,0,0,0,0,0,0,0,0,0,109596672,0,0,0
sample,tree_session_control,session_control,parallel_inline_certified,8,3,257,768,64,192,32,7801735,3027008,6559655,24673764,0,42062162,42062162,17730067,12051455,12280640,32,192,192,0,0,0,0,0,0,0,0,0,0,0,0,0,0,0,0,0,0,0,0,0,0,109596672,0,0,0
sample,tree_session_control,session_control,parallel_inline_certified,8,4,257,768,64,256,32,9938212,3027008,8199990,32853017,0,54018227,54018227,17730067,12051455,12280640,32,256,256,0,0,0,0,0,0,0,0,0,0,0,0,0,0,0,0,0,0,0,0,907843,0,109596672,0,0,0
sample,tree_session_control,session_control,parallel_inline_certified,9,1,257,768,64,64,32,3408624,3127459,3599165,8199340,0,18334588,18334588,18334588,0,0,32,64,64,0,0,0,0,0,0,0,0,0,0,0,0,0,0,0,0,0,0,0,0,0,0,108810240,0,0,0
sample,tree_session_control,session_control,parallel_inline_certified,9,2,257,768,64,128,32,5792641,3127459,5084196,16408869,0,30413165,30413165,18334588,12078577,12078577,32,128,128,0,0,0,0,0,0,0,0,0,0,0,0,0,0,0,0,0,0,0,0,0,0,108810240,0,0,0
sample,tree_session_control,session_control,parallel_inline_certified,9,3,257,768,64,192,32,7908519,3127459,6565358,24829501,0,42430837,42430837,18334588,12017672,12078577,32,192,192,0,0,0,0,0,0,0,0,0,0,0,0,0,0,0,0,0,0,0,0,0,0,108810240,0,0,0
sample,tree_session_control,session_control,parallel_inline_certified,9,4,257,768,64,256,32,10055385,3127459,8036462,33040373,0,54259679,54259679,18334588,12017672,12078577,32,256,256,0,0,0,0,0,0,0,0,0,0,0,0,0,0,0,0,0,0,0,0,907854,0,108810240,0,0,0
sample,tree_session_control,session_control,parallel_inline_certified,10,1,257,768,64,64,32,3221297,2929223,3587783,8209048,0,17947351,17947351,17947351,0,0,32,64,64,0,0,0,0,0,0,0,0,0,0,0,0,0,0,0,0,0,0,0,0,0,0,109281280,0,0,0
sample,tree_session_control,session_control,parallel_inline_certified,10,2,257,768,64,128,32,5651822,2929223,5279866,16429058,0,30289969,30289969,17947351,12342618,12342618,32,128,128,0,0,0,0,0,0,0,0,0,0,0,0,0,0,0,0,0,0,0,0,0,0,109281280,0,0,0
sample,tree_session_control,session_control,parallel_inline_certified,10,3,257,768,64,192,32,7831902,2929223,6955498,24627136,0,42343759,42343759,17947351,12053790,12342618,32,192,192,0,0,0,0,0,0,0,0,0,0,0,0,0,0,0,0,0,0,0,0,0,0,109281280,0,0,0
sample,tree_session_control,session_control,parallel_inline_certified,10,4,257,768,64,256,32,9971455,2929223,8612936,32831225,0,54344839,54344839,17947351,12053790,12342618,32,256,256,0,0,0,0,0,0,0,0,0,0,0,0,0,0,0,0,0,0,0,0,880553,0,109281280,0,0,0
sample,tree_session_control,session_control,parallel_inline_certified,11,1,257,768,64,64,32,3169308,2963336,3334252,8157851,0,17624747,17624747,17624747,0,0,32,64,64,0,0,0,0,0,0,0,0,0,0,0,0,0,0,0,0,0,0,0,0,0,0,109858816,0,0,0
sample,tree_session_control,session_control,parallel_inline_certified,11,2,257,768,64,128,32,5597930,2963336,5098552,16339177,0,29998995,29998995,17624747,12374248,12374248,32,128,128,0,0,0,0,0,0,0,0,0,0,0,0,0,0,0,0,0,0,0,0,0,0,109858816,0,0,0
sample,tree_session_control,session_control,parallel_inline_certified,11,3,257,768,64,192,32,7727524,2963336,6835390,24517147,0,42043397,42043397,17624747,12044402,12374248,32,192,192,0,0,0,0,0,0,0,0,0,0,0,0,0,0,0,0,0,0,0,0,0,0,109858816,0,0,0
sample,tree_session_control,session_control,parallel_inline_certified,11,4,257,768,64,256,32,9854934,2963336,8527533,32690207,0,54036010,54036010,17624747,12044402,12374248,32,256,256,0,0,0,0,0,0,0,0,0,0,0,0,0,0,0,0,0,0,0,0,874130,0,109858816,0,0,0
sample,tree_session_control,session_control,parallel_inline_certified,12,1,257,768,64,64,32,3272404,3020657,3354320,8181216,0,17828597,17828597,17828597,0,0,32,64,64,0,0,0,0,0,0,0,0,0,0,0,0,0,0,0,0,0,0,0,0,0,0,109621248,0,0,0
sample,tree_session_control,session_control,parallel_inline_certified,12,2,257,768,64,128,32,5652764,3020657,5055329,16341001,0,30069751,30069751,17828597,12241154,12241154,32,128,128,0,0,0,0,0,0,0,0,0,0,0,0,0,0,0,0,0,0,0,0,0,0,109621248,0,0,0
sample,tree_session_control,session_control,parallel_inline_certified,12,3,257,768,64,192,32,7739396,3020657,6754035,24542185,0,42056273,42056273,17828597,11986522,12241154,32,192,192,0,0,0,0,0,0,0,0,0,0,0,0,0,0,0,0,0,0,0,0,0,0,109621248,0,0,0
sample,tree_session_control,session_control,parallel_inline_certified,12,4,257,768,64,256,32,9834946,3020657,8477778,32726887,0,54060268,54060268,17828597,12003995,12241154,32,256,256,0,0,0,0,0,0,0,0,0,0,0,0,0,0,0,0,0,0,0,0,862668,0,109621248,0,0,0
sample,tree_session_control,session_control,parallel_inline_certified,13,1,257,768,64,64,32,3206549,3196500,3504044,8162921,0,18070014,18070014,18070014,0,0,32,64,64,0,0,0,0,0,0,0,0,0,0,0,0,0,0,0,0,0,0,0,0,0,0,109596672,0,0,0
sample,tree_session_control,session_control,parallel_inline_certified,13,2,257,768,64,128,32,5614381,3196500,5412007,16351801,0,30574689,30574689,18070014,12504675,12504675,32,128,128,0,0,0,0,0,0,0,0,0,0,0,0,0,0,0,0,0,0,0,0,0,0,109596672,0,0,0
sample,tree_session_control,session_control,parallel_inline_certified,13,3,257,768,64,192,32,7706734,3196500,7134137,24545049,0,42582420,42582420,18070014,12007731,12504675,32,192,192,0,0,0,0,0,0,0,0,0,0,0,0,0,0,0,0,0,0,0,0,0,0,109596672,0,0,0
sample,tree_session_control,session_control,parallel_inline_certified,13,4,257,768,64,256,32,9842360,3196500,8758312,32736994,0,54534166,54534166,18070014,12007731,12504675,32,256,256,0,0,0,0,0,0,0,0,0,0,0,0,0,0,0,0,0,0,0,0,856366,0,109596672,0,0,0
sample,tree_session_control,session_control,parallel_inline_certified,14,1,257,768,64,64,32,3145342,2862667,3531627,8142312,0,17681948,17681948,17681948,0,0,32,64,64,0,0,0,0,0,0,0,0,0,0,0,0,0,0,0,0,0,0,0,0,0,0,109039616,0,0,0
sample,tree_session_control,session_control,parallel_inline_certified,14,2,257,768,64,128,32,5528567,2862667,5391459,17127364,0,30910057,30910057,17681948,13228109,13228109,32,128,128,0,0,0,0,0,0,0,0,0,0,0,0,0,0,0,0,0,0,0,0,0,0,109039616,0,0,0
sample,tree_session_control,session_control,parallel_inline_certified,14,3,257,768,64,192,32,7819066,2862667,7117376,25313919,0,43113028,43113028,17681948,12202971,13228109,32,192,192,0,0,0,0,0,0,0,0,0,0,0,0,0,0,0,0,0,0,0,0,0,0,109039616,0,0,0
sample,tree_session_control,session_control,parallel_inline_certified,14,4,257,768,64,256,32,9929324,2862667,8780304,33531483,0,55103778,55103778,17681948,12202971,13228109,32,256,256,0,0,0,0,0,0,0,0,0,0,0,0,0,0,0,0,0,0,0,0,824997,0,109039616,0,0,0
sample,tree_session_control,session_control,parallel_inline_certified,15,1,257,768,64,64,32,3179087,2924783,3442447,8178501,0,17724818,17724818,17724818,0,0,32,64,64,0,0,0,0,0,0,0,0,0,0,0,0,0,0,0,0,0,0,0,0,0,0,109019136,0,0,0
sample,tree_session_control,session_control,parallel_inline_certified,15,2,257,768,64,128,32,5604152,2924783,5015714,16473252,0,30017901,30017901,17724818,12293083,12293083,32,128,128,0,0,0,0,0,0,0,0,0,0,0,0,0,0,0,0,0,0,0,0,0,0,109019136,0,0,0
sample,tree_session_control,session_control,parallel_inline_certified,15,3,257,768,64,192,32,7742803,2924783,6581047,24679575,0,41928208,41928208,17724818,11910307,12293083,32,192,192,0,0,0,0,0,0,0,0,0,0,0,0,0,0,0,0,0,0,0,0,0,0,109019136,0,0,0
sample,tree_session_control,session_control,parallel_inline_certified,15,4,257,768,64,256,32,9895351,2924783,8266287,32883293,0,53969714,53969714,17724818,12041506,12293083,32,256,256,0,0,0,0,0,0,0,0,0,0,0,0,0,0,0,0,0,0,0,0,860885,0,109019136,0,0,0
sample,tree_session_control,session_control,parallel_inline_certified,16,1,257,768,64,64,32,3131387,2942648,3489977,8210622,0,17774634,17774634,17774634,0,0,32,64,64,0,0,0,0,0,0,0,0,0,0,0,0,0,0,0,0,0,0,0,0,0,0,110145536,0,0,0
sample,tree_session_control,session_control,parallel_inline_certified,16,2,257,768,64,128,32,5527116,2942648,5115293,16418208,0,30003265,30003265,17774634,12228631,12228631,32,128,128,0,0,0,0,0,0,0,0,0,0,0,0,0,0,0,0,0,0,0,0,0,0,110145536,0,0,0
sample,tree_session_control,session_control,parallel_inline_certified,16,3,257,768,64,192,32,7671558,2942648,6655428,24648467,0,41918101,41918101,17774634,11914836,12228631,32,192,192,0,0,0,0,0,0,0,0,0,0,0,0,0,0,0,0,0,0,0,0,0,0,110145536,0,0,0
sample,tree_session_control,session_control,parallel_inline_certified,16,4,257,768,64,256,32,9800542,2942648,8316613,32845482,0,53905285,53905285,17774634,11987184,12228631,32,256,256,0,0,0,0,0,0,0,0,0,0,0,0,0,0,0,0,0,0,0,0,892114,0,110145536,0,0,0
sample,tree_session_control,session_control,parallel_inline_certified,17,1,257,768,64,64,32,3192131,3568947,3504855,8227313,0,18493246,18493246,18493246,0,0,32,64,64,0,0,0,0,0,0,0,0,0,0,0,0,0,0,0,0,0,0,0,0,0,0,110120960,0,0,0
sample,tree_session_control,session_control,parallel_inline_certified,17,2,257,768,64,128,32,5547794,3568947,5259017,16460447,0,30836205,30836205,18493246,12342959,12342959,32,128,128,0,0,0,0,0,0,0,0,0,0,0,0,0,0,0,0,0,0,0,0,0,0,110120960,0,0,0
sample,tree_session_control,session_control,parallel_inline_certified,17,3,257,768,64,192,32,7649466,3568947,6998060,24820311,0,43036784,43036784,18493246,12200579,12342959,32,192,192,0,0,0,0,0,0,0,0,0,0,0,0,0,0,0,0,0,0,0,0,0,0,110120960,0,0,0
sample,tree_session_control,session_control,parallel_inline_certified,17,4,257,768,64,256,32,9780192,3568947,8501494,33032726,0,54883359,54883359,18493246,12200579,12342959,32,256,256,0,0,0,0,0,0,0,0,0,0,0,0,0,0,0,0,0,0,0,0,859702,0,110120960,0,0,0
sample,tree_session_control,session_control,parallel_inline_certified,18,1,257,768,64,64,32,3218723,2976642,3289856,8260726,0,17745947,17745947,17745947,0,0,32,64,64,0,0,0,0,0,0,0,0,0,0,0,0,0,0,0,0,0,0,0,0,0,0,109019136,0,0,0
sample,tree_session_control,session_control,parallel_inline_certified,18,2,257,768,64,128,32,5646563,2976642,4939118,16525450,0,30087773,30087773,17745947,12341826,12341826,32,128,128,0,0,0,0,0,0,0,0,0,0,0,0,0,0,0,0,0,0,0,0,0,0,109019136,0,0,0
sample,tree_session_control,session_control,parallel_inline_certified,18,3,257,768,64,192,32,7807096,2976642,6676989,24741491,0,42202218,42202218,17745947,12114445,12341826,32,192,192,0,0,0,0,0,0,0,0,0,0,0,0,0,0,0,0,0,0,0,0,0,0,109019136,0,0,0
sample,tree_session_control,session_control,parallel_inline_certified,18,4,257,768,64,256,32,10181094,2976642,8660615,33274836,0,55093187,55093187,17745947,12341826,12890969,32,256,256,0,0,0,0,0,0,0,0,0,0,0,0,0,0,0,0,0,0,0,0,1016971,0,109019136,0,0,0
sample,tree_session_control,session_control,parallel_inline_certified,19,1,257,768,64,64,32,3662325,3739271,3844089,8792717,0,20038402,20038402,20038402,0,0,32,64,64,0,0,0,0,0,0,0,0,0,0,0,0,0,0,0,0,0,0,0,0,0,0,108810240,0,0,0
sample,tree_session_control,session_control,parallel_inline_certified,19,2,257,768,64,128,32,6580657,3739271,5946942,17142463,0,33409333,33409333,20038402,13370931,13370931,32,128,128,0,0,0,0,0,0,0,0,0,0,0,0,0,0,0,0,0,0,0,0,0,0,108810240,0,0,0
sample,tree_session_control,session_control,parallel_inline_certified,19,3,257,768,64,192,32,8699521,3739271,7676277,25328607,0,45443676,45443676,20038402,12034343,13370931,32,192,192,0,0,0,0,0,0,0,0,0,0,0,0,0,0,0,0,0,0,0,0,0,0,108810240,0,0,0
sample,tree_session_control,session_control,parallel_inline_certified,19,4,257,768,64,256,32,10834806,3739271,9406543,33492069,0,57472689,57472689,20038402,12034343,13370931,32,256,256,0,0,0,0,0,0,0,0,0,0,0,0,0,0,0,0,0,0,0,0,879941,0,108810240,0,0,0
summary,tree_session_control,session_control,parallel_inline_certified,1,20,17624747,17828597,18493246,20038402,17828597,17828597,0,0,3565.9858661035828,110145536,0
summary,tree_session_control,session_control,parallel_inline_certified,2,20,29984539,30192652,30910057,33409333,30192652,17828597,12328751,13228109,4225.8214262285974,110145536,0
summary,tree_session_control,session_control,parallel_inline_certified,3,20,41918101,42202218,43199013,45443676,42202218,17828597,12033099,13228109,4534.3163794220536,110145536,0
summary,tree_session_control,session_control,parallel_inline_certified,4,20,53905285,54259679,55371738,57472689,54259679,17828597,12044402,13228109,4710.6589091192263,110145536,0
sample,tree_session_control,session_control,parallel_candidate_runtime,0,1,257,768,64,64,32,3209244,2914474,3438862,4153708,8293037,13716288,22009325,13716288,0,0,32,64,64,0,0,0,0,0,0,0,0,0,0,0,0,0,0,0,0,0,0,0,0,0,0,108810240,0,0,0
sample,tree_session_control,session_control,parallel_candidate_runtime,0,2,257,768,64,128,32,5372983,2914474,5197672,8264934,16482948,21750063,38233011,13716288,8033775,8033775,32,128,128,0,0,0,0,0,0,0,0,0,0,0,0,0,0,0,0,0,0,0,0,0,0,108810240,0,0,0
sample,tree_session_control,session_control,parallel_candidate_runtime,0,3,257,768,64,192,32,7583931,2914474,6827206,12360341,24672189,29685952,54358141,13716288,7935889,8033775,32,192,192,0,0,0,0,0,0,0,0,0,0,0,0,0,0,0,0,0,0,0,0,0,0,108810240,0,0,0
sample,tree_session_control,session_control,parallel_candidate_runtime,0,4,257,768,64,256,32,9712754,2914474,8451591,16447331,32802538,37526150,70328688,13716288,7935889,8033775,32,256,256,0,0,0,0,0,0,0,0,0,0,0,0,0,0,0,0,0,0,0,0,928222,0,108810240,0,0,0
sample,tree_session_control,session_control,parallel_candidate_runtime,1,1,257,768,64,64,32,3221346,3039783,3371392,4063056,8113937,13695577,21809514,13695577,0,0,32,64,64,0,0,0,0,0,0,0,0,0,0,0,0,0,0,0,0,0,0,0,0,0,0,109039616,0,0,0
sample,tree_session_control,session_control,parallel_candidate_runtime,1,2,257,768,64,128,32,5386538,3039783,5153897,8184051,16287678,21764269,38051947,13695577,8068692,8068692,32,128,128,0,0,0,0,0,0,0,0,0,0,0,0,0,0,0,0,0,0,0,0,0,0,109039616,0,0,0
sample,tree_session_control,session_control,parallel_candidate_runtime,1,3,257,768,64,192,32,7580414,3039783,6791326,12274137,24544548,29685660,54230208,13695577,7921391,8068692,32,192,192,0,0,0,0,0,0,0,0,0,0,0,0,0,0,0,0,0,0,0,0,0,0,109039616,0,0,0
sample,tree_session_control,session_control,parallel_candidate_runtime,1,4,257,768,64,256,32,9713475,3039783,8389951,16346911,32679607,37490120,70169727,13695577,7921391,8068692,32,256,256,0,0,0,0,0,0,0,0,0,0,0,0,0,0,0,0,0,0,0,0,918203,0,109039616,0,0,0
sample,tree_session_control,session_control,parallel_candidate_runtime,2,1,257,768,64,64,32,3145533,2917491,3079507,4115515,8163392,13258046,21421438,13258046,0,0,32,64,64,0,0,0,0,0,0,0,0,0,0,0,0,0,0,0,0,0,0,0,0,0,0,109019136,0,0,0
sample,tree_session_control,session_control,parallel_candidate_runtime,2,2,257,768,64,128,32,5435682,2917491,4886148,8204339,16343015,21443660,37786675,13258046,8185614,8185614,32,128,128,0,0,0,0,0,0,0,0,0,0,0,0,0,0,0,0,0,0,0,0,0,0,109019136,0,0,0
sample,tree_session_control,session_control,parallel_candidate_runtime,2,3,257,768,64,192,32,7733295,2917491,8592416,12353038,24901066,31596240,56497306,13258046,8185614,10152580,32,192,192,0,0,0,0,0,0,0,0,0,0,0,0,0,0,0,0,0,0,0,0,0,0,109019136,0,0,0
sample,tree_session_control,session_control,parallel_candidate_runtime,2,4,257,768,64,256,32,9953371,2917491,10295690,16818868,33228760,39985420,73214180,13258046,8389180,10152580,32,256,256,0,0,0,0,0,0,0,0,0,0,0,0,0,0,0,0,0,0,0,0,992805,0,109019136,0,0,0
sample,tree_session_control,session_control,parallel_candidate_runtime,3,1,257,768,64,64,32,3340383,3660440,3666714,4109644,8149024,14777181,22926205,14777181,0,0,32,64,64,0,0,0,0,0,0,0,0,0,0,0,0,0,0,0,0,0,0,0,0,0,0,109391872,0,0,0
sample,tree_session_control,session_control,parallel_candidate_runtime,3,2,257,768,64,128,32,5632185,3660440,5158206,8204230,16342393,22655061,38997454,14777181,7877880,7877880,32,128,128,0,0,0,0,0,0,0,0,0,0,0,0,0,0,0,0,0,0,0,0,0,0,109391872,0,0,0
sample,tree_session_control,session_control,parallel_candidate_runtime,3,3,257,768,64,192,32,7825390,3660440,6850890,12286092,24494503,30622812,55117315,14777181,7877880,7967751,32,192,192,0,0,0,0,0,0,0,0,0,0,0,0,0,0,0,0,0,0,0,0,0,0,109391872,0,0,0
sample,tree_session_control,session_control,parallel_candidate_runtime,3,4,257,768,64,256,32,9923795,3660440,8499270,16388072,32668575,38471577,71140152,14777181,7877880,7967751,32,256,256,0,0,0,0,0,0,0,0,0,0,0,0,0,0,0,0,0,0,0,0,876284,0,109391872,0,0,0
sample,tree_session_control,session_control,parallel_candidate_runtime,4,1,257,768,64,64,32,3303162,2994827,3288716,4077002,8105312,13663707,21769019,13663707,0,0,32,64,64,0,0,0,0,0,0,0,0,0,0,0,0,0,0,0,0,0,0,0,0,0,0,109301760,0,0,0
sample,tree_session_control,session_control,parallel_candidate_runtime,4,2,257,768,64,128,32,5508910,2994827,4966091,8140538,16233507,21610366,37843873,13663707,7946659,7946659,32,128,128,0,0,0,0,0,0,0,0,0,0,0,0,0,0,0,0,0,0,0,0,0,0,109301760,0,0,0
sample,tree_session_control,session_control,parallel_candidate_runtime,4,3,257,768,64,192,32,7714589,2994827,6556661,12212461,24341834,29478538,53820372,13663707,7868172,7946659,32,192,192,0,0,0,0,0,0,0,0,0,0,0,0,0,0,0,0,0,0,0,0,0,0,109301760,0,0,0
sample,tree_session_control,session_control,parallel_candidate_runtime,4,4,257,768,64,256,32,9844634,2994827,8281236,16288131,32483674,37408828,69892502,13663707,7930290,7946659,32,256,256,0,0,0,0,0,0,0,0,0,0,0,0,0,0,0,0,0,0,0,0,935266,0,109301760,0,0,0
sample,tree_session_control,session_control,parallel_candidate_runtime,5,1,257,768,64,64,32,3322048,2948089,3730303,4110386,8190192,14110826,22301018,14110826,0,0,32,64,64,0,0,0,0,0,0,0,0,0,0,0,0,0,0,0,0,0,0,0,0,0,0,108756992,0,0,0
sample,tree_session_control,session_control,parallel_candidate_runtime,5,2,257,768,64,128,32,5544759,2948089,5432226,8308669,16355857,22233743,38589600,14110826,8122917,8122917,32,128,128,0,0,0,0,0,0,0,0,0,0,0,0,0,0,0,0,0,0,0,0,0,0,108756992,0,0,0
sample,tree_session_control,session_control,parallel_candidate_runtime,5,3,257,768,64,192,32,7803609,2948089,7115472,12360564,24608017,30227734,54835751,14110826,7993991,8122917,32,192,192,0,0,0,0,0,0,0,0,0,0,0,0,0,0,0,0,0,0,0,0,0,0,108756992,0,0,0
sample,tree_session_control,session_control,parallel_candidate_runtime,5,4,257,768,64,256,32,9939145,2948089,8746329,16430172,32782439,38063735,70846174,14110826,7993991,8122917,32,256,256,0,0,0,0,0,0,0,0,0,0,0,0,0,0,0,0,0,0,0,0,1054022,0,108756992,0,0,0
sample,tree_session_control,session_control,parallel_candidate_runtime,6,1,257,768,64,64,32,3256544,2956694,3429393,4121908,8157089,13764539,21921628,13764539,0,0,32,64,64,0,0,0,0,0,0,0,0,0,0,0,0,0,0,0,0,0,0,0,0,0,0,109596672,0,0,0
sample,tree_session_control,session_control,parallel_candidate_runtime,6,2,257,768,64,128,32,5457203,2956694,5163826,8212526,16343383,21790249,38133632,13764539,8025710,8025710,32,128,128,0,0,0,0,0,0,0,0,0,0,0,0,0,0,0,0,0,0,0,0,0,0,109596672,0,0,0
sample,tree_session_control,session_control,parallel_candidate_runtime,6,3,257,768,64,192,32,7666779,2956694,6902578,12297142,24518567,29823193,54341760,13764539,8025710,8032944,32,192,192,0,0,0,0,0,0,0,0,0,0,0,0,0,0,0,0,0,0,0,0,0,0,109596672,0,0,0
sample,tree_session_control,session_control,parallel_candidate_runtime,6,4,257,768,64,256,32,9771707,2956694,8574824,16384313,32687348,37687538,70374886,13764539,8025710,8032944,32,256,256,0,0,0,0,0,0,0,0,0,0,0,0,0,0,0,0,0,0,0,0,1031509,0,109596672,0,0,0
sample,tree_session_control,session_control,parallel_candidate_runtime,7,1,257,768,64,64,32,3260501,3136075,3561373,4092131,8169582,14050080,22219662,14050080,0,0,32,64,64,0,0,0,0,0,0,0,0,0,0,0,0,0,0,0,0,0,0,0,0,0,0,109596672,0,0,0
sample,tree_session_control,session_control,parallel_candidate_runtime,7,2,257,768,64,128,32,5414431,3136075,5314893,8173161,16369422,22038560,38407982,14050080,7988480,7988480,32,128,128,0,0,0,0,0,0,0,0,0,0,0,0,0,0,0,0,0,0,0,0,0,0,109596672,0,0,0
sample,tree_session_control,session_control,parallel_candidate_runtime,7,3,257,768,64,192,32,7583520,3136075,7108850,12245685,24596915,30074130,54671045,14050080,7988480,8035570,32,192,192,0,0,0,0,0,0,0,0,0,0,0,0,0,0,0,0,0,0,0,0,0,0,109596672,0,0,0
sample,tree_session_control,session_control,parallel_candidate_runtime,7,4,257,768,64,256,32,9676575,3136075,8778320,16323709,32784142,37914679,70698821,14050080,7988480,8035570,32,256,256,0,0,0,0,0,0,0,0,0,0,0,0,0,0,0,0,0,0,0,0,911260,0,109596672,0,0,0
sample,tree_session_control,session_control,parallel_candidate_runtime,8,1,257,768,64,64,32,3242376,2951165,3517659,4066964,8137382,13778164,21915546,13778164,0,0,32,64,64,0,0,0,0,0,0,0,0,0,0,0,0,0,0,0,0,0,0,0,0,0,0,109019136,0,0,0
sample,tree_session_control,session_control,parallel_candidate_runtime,8,2,257,768,64,128,32,5417467,2951165,5170697,8130610,16357391,21669939,38027330,13778164,7891775,7891775,32,128,128,0,0,0,0,0,0,0,0,0,0,0,0,0,0,0,0,0,0,0,0,0,0,109019136,0,0,0
sample,tree_session_control,session_control,parallel_candidate_runtime,8,3,257,768,64,192,32,7625200,2951165,6963983,12208694,24527515,29749042,54276557,13778164,7891775,8079103,32,192,192,0,0,0,0,0,0,0,0,0,0,0,0,0,0,0,0,0,0,0,0,0,0,109019136,0,0,0
sample,tree_session_control,session_control,parallel_candidate_runtime,8,4,257,768,64,256,32,9735778,2951165,8730508,16279264,32671209,37696715,70367924,13778164,7947673,8079103,32,256,256,0,0,0,0,0,0,0,0,0,0,0,0,0,0,0,0,0,0,0,0,950284,0,109019136,0,0,0
sample,tree_session_control,session_control,parallel_candidate_runtime,9,1,257,768,64,64,32,3220626,3019633,3412421,4106498,8174733,13759178,21933911,13759178,0,0,32,64,64,0,0,0,0,0,0,0,0,0,0,0,0,0,0,0,0,0,0,0,0,0,0,109039616,0,0,0
sample,tree_session_control,session_control,parallel_candidate_runtime,9,2,257,768,64,128,32,5398642,3019633,5065139,8193359,16338805,21676773,38015578,13759178,7917595,7917595,32,128,128,0,0,0,0,0,0,0,0,0,0,0,0,0,0,0,0,0,0,0,0,0,0,109039616,0,0,0
sample,tree_session_control,session_control,parallel_candidate_runtime,9,3,257,768,64,192,32,7610182,3019633,6665749,12265131,24568844,29560695,54129539,13759178,7883922,7917595,32,192,192,0,0,0,0,0,0,0,0,0,0,0,0,0,0,0,0,0,0,0,0,0,0,109039616,0,0,0
sample,tree_session_control,session_control,parallel_candidate_runtime,9,4,257,768,64,256,32,9737431,3019633,8285865,16343245,32760079,37386174,70146253,13759178,7883922,7917595,32,256,256,0,0,0,0,0,0,0,0,0,0,0,0,0,0,0,0,0,0,0,0,855044,0,109039616,0,0,0
sample,tree_session_control,session_control,parallel_candidate_runtime,10,1,257,768,64,64,32,3217279,2934302,3534302,4105105,8171237,13790988,21962225,13790988,0,0,32,64,64,0,0,0,0,0,0,0,0,0,0,0,0,0,0,0,0,0,0,0,0,0,0,109334528,0,0,0
sample,tree_session_control,session_control,parallel_candidate_runtime,10,2,257,768,64,128,32,5360749,2934302,5240993,8190904,16335521,21726948,38062469,13790988,7935960,7935960,32,128,128,0,0,0,0,0,0,0,0,0,0,0,0,0,0,0,0,0,0,0,0,0,0,109334528,0,0,0
sample,tree_session_control,session_control,parallel_candidate_runtime,10,3,257,768,64,192,32,7563902,2934302,7069165,12257686,24531836,29825055,54356891,13790988,7935960,8098107,32,192,192,0,0,0,0,0,0,0,0,0,0,0,0,0,0,0,0,0,0,0,0,0,0,109334528,0,0,0
sample,tree_session_control,session_control,parallel_candidate_runtime,10,4,257,768,64,256,32,9672586,2934302,8833686,16320290,32709586,37760864,70470450,13790988,7935960,8098107,32,256,256,0,0,0,0,0,0,0,0,0,0,0,0,0,0,0,0,0,0,0,0,900360,0,109334528,0,0,0
sample,tree_session_control,session_control,parallel_candidate_runtime,11,1,257,768,64,64,32,3317219,3000728,3461313,4075649,8120360,13854909,21975269,13854909,0,0,32,64,64,0,0,0,0,0,0,0,0,0,0,0,0,0,0,0,0,0,0,0,0,0,0,109596672,0,0,0
sample,tree_session_control,session_control,parallel_candidate_runtime,11,2,257,768,64,128,32,5543978,3000728,4980869,8158692,16276157,21684267,37960424,13854909,7829358,7829358,32,128,128,0,0,0,0,0,0,0,0,0,0,0,0,0,0,0,0,0,0,0,0,0,0,109596672,0,0,0
sample,tree_session_control,session_control,parallel_candidate_runtime,11,3,257,768,64,192,32,7772951,3000728,6550901,12218861,24517467,29543441,54060908,13854909,7829358,7859174,32,192,192,0,0,0,0,0,0,0,0,0,0,0,0,0,0,0,0,0,0,0,0,0,0,109596672,0,0,0
sample,tree_session_control,session_control,parallel_candidate_runtime,11,4,257,768,64,256,32,9903187,3000728,8133386,16295121,32673145,37332422,70005567,13854909,7829358,7859174,32,256,256,0,0,0,0,0,0,0,0,0,0,0,0,0,0,0,0,0,0,0,0,904367,0,109596672,0,0,0
sample,tree_session_control,session_control,parallel_candidate_runtime,12,1,257,768,64,64,32,3265070,2866654,3556826,4071331,8089762,13759881,21849643,13759881,0,0,32,64,64,0,0,0,0,0,0,0,0,0,0,0,0,0,0,0,0,0,0,0,0,0,0,109858816,0,0,0
sample,tree_session_control,session_control,parallel_candidate_runtime,12,2,257,768,64,128,32,5419701,2866654,5281500,8135698,16260679,21703553,37964232,13759881,7943672,7943672,32,128,128,0,0,0,0,0,0,0,0,0,0,0,0,0,0,0,0,0,0,0,0,0,0,109858816,0,0,0
sample,tree_session_control,session_control,parallel_candidate_runtime,12,3,257,768,64,192,32,7644766,2866654,6984072,12257054,24420124,29752546,54172670,13759881,7943672,8048993,32,192,192,0,0,0,0,0,0,0,0,0,0,0,0,0,0,0,0,0,0,0,0,0,0,109858816,0,0,0
sample,tree_session_control,session_control,parallel_candidate_runtime,12,4,257,768,64,256,32,9749121,2866654,8626230,16404219,32557326,37646224,70203550,13759881,7943672,8048993,32,256,256,0,0,0,0,0,0,0,0,0,0,0,0,0,0,0,0,0,0,0,0,871064,0,109858816,0,0,0
sample,tree_session_control,session_control,parallel_candidate_runtime,13,1,257,768,64,64,32,3305217,2954139,3910726,4079677,8151039,14249759,22400798,14249759,0,0,32,64,64,0,0,0,0,0,0,0,0,0,0,0,0,0,0,0,0,0,0,0,0,0,0,109072384,0,0,0
sample,tree_session_control,session_control,parallel_candidate_runtime,13,2,257,768,64,128,32,5434400,2954139,5677671,8161949,16373984,22228159,38602143,14249759,7978400,7978400,32,128,128,0,0,0,0,0,0,0,0,0,0,0,0,0,0,0,0,0,0,0,0,0,0,109072384,0,0,0
sample,tree_session_control,session_control,parallel_candidate_runtime,13,3,257,768,64,192,32,7644367,2954139,7378911,12230345,24514903,30207762,54722665,14249759,7978400,7979603,32,192,192,0,0,0,0,0,0,0,0,0,0,0,0,0,0,0,0,0,0,0,0,0,0,109072384,0,0,0
sample,tree_session_control,session_control,parallel_candidate_runtime,13,4,257,768,64,256,32,9728835,2954139,9184880,16291517,32683125,38159371,70842496,14249759,7978400,7979603,32,256,256,0,0,0,0,0,0,0,0,0,0,0,0,0,0,0,0,0,0,0,0,967587,0,109072384,0,0,0
sample,tree_session_control,session_control,parallel_candidate_runtime,14,1,257,768,64,64,32,3278496,3064349,3648939,4079597,8199190,14071381,22270571,14071381,0,0,32,64,64,0,0,0,0,0,0,0,0,0,0,0,0,0,0,0,0,0,0,0,0,0,0,108515328,0,0,0
sample,tree_session_control,session_control,parallel_candidate_runtime,14,2,257,768,64,128,32,5394925,3064349,5419240,8170285,16388932,22048799,38437731,14071381,7977418,7977418,32,128,128,0,0,0,0,0,0,0,0,0,0,0,0,0,0,0,0,0,0,0,0,0,0,108515328,0,0,0
sample,tree_session_control,session_control,parallel_candidate_runtime,14,3,257,768,64,192,32,7573402,3064349,7212174,12262205,24577993,30112130,54690123,14071381,7977418,8063331,32,192,192,0,0,0,0,0,0,0,0,0,0,0,0,0,0,0,0,0,0,0,0,0,0,108515328,0,0,0
sample,tree_session_control,session_control,parallel_candidate_runtime,14,4,257,768,64,256,32,9661588,3064349,8923373,16339377,32797772,37988687,70786459,14071381,7977418,8063331,32,256,256,0,0,0,0,0,0,0,0,0,0,0,0,0,0,0,0,0,0,0,0,911781,0,108515328,0,0,0
sample,tree_session_control,session_control,parallel_candidate_runtime,15,1,257,768,64,64,32,3266352,2980300,3365531,4092722,8119879,13704905,21824784,13704905,0,0,32,64,64,0,0,0,0,0,0,0,0,0,0,0,0,0,0,0,0,0,0,0,0,0,0,108810240,0,0,0
sample,tree_session_control,session_control,parallel_candidate_runtime,15,2,257,768,64,128,32,5417206,2980300,5252224,8160557,16287568,21810287,38097855,13704905,8105382,8105382,32,128,128,0,0,0,0,0,0,0,0,0,0,0,0,0,0,0,0,0,0,0,0,0,0,108810240,0,0,0
sample,tree_session_control,session_control,parallel_candidate_runtime,15,3,257,768,64,192,32,7636330,2980300,7032284,12251175,24721453,29900089,54621542,13704905,8089802,8105382,32,192,192,0,0,0,0,0,0,0,0,0,0,0,0,0,0,0,0,0,0,0,0,0,0,108810240,0,0,0
sample,tree_session_control,session_control,parallel_candidate_runtime,15,4,257,768,64,256,32,9739854,2980300,8764303,16357944,32899923,37842401,70742324,13704905,8089802,8105382,32,256,256,0,0,0,0,0,0,0,0,0,0,0,0,0,0,0,0,0,0,0,0,961205,0,108810240,0,0,0
sample,tree_session_control,session_control,parallel_candidate_runtime,16,1,257,768,64,64,32,3276412,2870350,3661332,4078104,8475885,13886198,22362083,13886198,0,0,32,64,64,0,0,0,0,0,0,0,0,0,0,0,0,0,0,0,0,0,0,0,0,0,0,109281280,0,0,0
sample,tree_session_control,session_control,parallel_candidate_runtime,16,2,257,768,64,128,32,5397770,2870350,5163124,8138305,16661909,21569549,38231458,13886198,7683351,7683351,32,128,128,0,0,0,0,0,0,0,0,0,0,0,0,0,0,0,0,0,0,0,0,0,0,109281280,0,0,0
sample,tree_session_control,session_control,parallel_candidate_runtime,16,3,257,768,64,192,32,7575124,2870350,6678813,12224054,24898229,29348341,54246570,13886198,7683351,7778792,32,192,192,0,0,0,0,0,0,0,0,0,0,0,0,0,0,0,0,0,0,0,0,0,0,109281280,0,0,0
sample,tree_session_control,session_control,parallel_candidate_runtime,16,4,257,768,64,256,32,9675953,2870350,8267359,16295866,33092369,37109528,70201897,13886198,7761187,7778792,32,256,256,0,0,0,0,0,0,0,0,0,0,0,0,0,0,0,0,0,0,0,0,919436,0,109281280,0,0,0
sample,tree_session_control,session_control,parallel_candidate_runtime,17,1,257,768,64,64,32,3191891,3392913,3450962,4045062,8215140,14080828,22295968,14080828,0,0,32,64,64,0,0,0,0,0,0,0,0,0,0,0,0,0,0,0,0,0,0,0,0,0,0,109334528,0,0,0
sample,tree_session_control,session_control,parallel_candidate_runtime,17,2,257,768,64,128,32,5343267,3392913,5046201,8103960,16376557,21886341,38262898,14080828,7805513,7805513,32,128,128,0,0,0,0,0,0,0,0,0,0,0,0,0,0,0,0,0,0,0,0,0,0,109334528,0,0,0
sample,tree_session_control,session_control,parallel_candidate_runtime,17,3,257,768,64,192,32,7541923,3392913,6633756,12163659,24577479,29732251,54309730,14080828,7805513,7845910,32,192,192,0,0,0,0,0,0,0,0,0,0,0,0,0,0,0,0,0,0,0,0,0,0,109334528,0,0,0
sample,tree_session_control,session_control,parallel_candidate_runtime,17,4,257,768,64,256,32,9615120,3392913,8280593,16224551,32831393,37513177,70344570,14080828,7805513,7845910,32,256,256,0,0,0,0,0,0,0,0,0,0,0,0,0,0,0,0,0,0,0,0,889479,0,109334528,0,0,0
sample,tree_session_control,session_control,parallel_candidate_runtime,18,1,257,768,64,64,32,3252026,3006859,3709785,4082683,8175504,14051353,22226857,14051353,0,0,32,64,64,0,0,0,0,0,0,0,0,0,0,0,0,0,0,0,0,0,0,0,0,0,0,109334528,0,0,0
sample,tree_session_control,session_control,parallel_candidate_runtime,18,2,257,768,64,128,32,5374958,3006859,5271211,8159795,16341009,21812823,38153832,14051353,7761470,7761470,32,128,128,0,0,0,0,0,0,0,0,0,0,0,0,0,0,0,0,0,0,0,0,0,0,109334528,0,0,0
sample,tree_session_control,session_control,parallel_candidate_runtime,18,3,257,768,64,192,32,7562222,3006859,6957484,12227349,24495454,29753914,54249368,14051353,7761470,7941091,32,192,192,0,0,0,0,0,0,0,0,0,0,0,0,0,0,0,0,0,0,0,0,0,0,109334528,0,0,0
sample,tree_session_control,session_control,parallel_candidate_runtime,18,4,257,768,64,256,32,9670095,3006859,8686337,16340539,32652855,37703830,70356685,14051353,7941091,7949916,32,256,256,0,0,0,0,0,0,0,0,0,0,0,0,0,0,0,0,0,0,0,0,897104,0,109334528,0,0,0
sample,tree_session_control,session_control,parallel_candidate_runtime,19,1,257,768,64,64,32,3198283,2971372,3433311,4036334,8122765,13639300,21762065,13639300,0,0,32,64,64,0,0,0,0,0,0,0,0,0,0,0,0,0,0,0,0,0,0,0,0,0,0,109563904,0,0,0
sample,tree_session_control,session_control,parallel_candidate_runtime,19,2,257,768,64,128,32,5373493,2971372,5134711,8119578,16295665,21599154,37894819,13639300,7959854,7959854,32,128,128,0,0,0,0,0,0,0,0,0,0,0,0,0,0,0,0,0,0,0,0,0,0,109563904,0,0,0
sample,tree_session_control,session_control,parallel_candidate_runtime,19,3,257,768,64,192,32,7598127,2971372,6876208,12186951,24504424,29632658,54137082,13639300,7959854,8033504,32,192,192,0,0,0,0,0,0,0,0,0,0,0,0,0,0,0,0,0,0,0,0,0,0,109563904,0,0,0
sample,tree_session_control,session_control,parallel_candidate_runtime,19,4,257,768,64,256,32,9687544,2971372,8688951,16344125,32664790,37691992,70356782,13639300,8033504,8059334,32,256,256,0,0,0,0,0,0,0,0,0,0,0,0,0,0,0,0,0,0,0,0,883948,0,109563904,0,0,0
summary,tree_session_control,session_control,parallel_candidate_runtime,1,20,13258046,13778164,14249759,14777181,21962225,13778164,0,0,4640.7117459604779,109858816,0
summary,tree_session_control,session_control,parallel_candidate_runtime,2,20,21443660,21750063,22233743,22655061,38097855,13778164,7946659,8122917,5881.1991342323508,109858816,0
summary,tree_session_control,session_control,parallel_candidate_runtime,3,20,29348341,29752546,30622812,31596240,54309730,13778164,7935889,8122917,6452.9325452779085,109858816,0
summary,tree_session_control,session_control,parallel_candidate_runtime,4,20,37109528,37691992,38471577,39985420,70356782,13778164,7941091,8122917,6791.0426677762243,109858816,0
sample,tree_session_control,session_control,gpu_inline_certified,0,1,257,768,64,64,0,3688134,10790,241205974,8372569,0,253277467,253277467,253277467,0,0,0,64,64,1,1,1,0,1,1,1,192540001,4013921,398197,8701995,1894,16523416,17333146,16478239,17284639,56017,150295,158110,127382,0,1201600,291266560,33554432,0,0
sample,tree_session_control,session_control,gpu_inline_certified,0,2,257,768,64,128,0,6030081,10790,245509506,16544177,0,268094554,268094554,253277467,14817087,14817087,0,128,128,1,1,2,1,1,2,2,192540001,4013921,593658,8875174,1894,16523416,20105490,16478239,20007038,124748,250024,252810,174051,0,2054319,291266560,33554432,0,0
sample,tree_session_control,session_control,gpu_inline_certified,0,3,257,768,64,192,0,8045698,10790,249814190,24689064,0,282559742,282559742,253277467,14465188,14817087,0,192,192,1,1,3,2,1,3,3,192540001,4013921,778059,9026922,1894,16523416,22938441,16478239,22795196,182237,389739,330437,212554,0,2876569,291266560,33554432,0,0
sample,tree_session_control,session_control,gpu_inline_certified,0,4,257,768,64,256,0,10063480,10790,254016841,32872324,0,296963435,296963435,253277467,14465188,14817087,0,256,256,1,1,4,3,1,4,4,192540001,4013921,962710,9191114,1894,16523416,25720934,16478239,25531546,240117,482625,392626,250125,808735,3697358,291266560,33554432,0,0
sample,tree_session_control,session_control,gpu_inline_certified,1,1,257,768,64,64,0,3155582,10139,240142344,8539746,0,251847811,251847811,251847811,0,0,0,64,64,1,1,1,0,1,1,1,191538409,3598825,374411,8675584,1383,16555036,17628506,16515615,17577983,60485,152479,153100,122343,0,1281783,291266560,33554432,0,0
sample,tree_session_control,session_control,gpu_inline_certified,1,2,257,768,64,128,0,5483121,10139,244493257,16899871,0,266886388,266886388,251847811,15038577,15038577,0,128,128,1,1,2,1,1,2,2,191538409,3598825,558530,8867038,1383,16555036,20456176,16515615,20358750,117032,265063,220489,168260,0,2147016,291266560,33554432,0,0
sample,tree_session_control,session_control,gpu_inline_certified,1,3,257,768,64,192,0,7614218,10139,248792191,25073652,0,281490200,281490200,251847811,14603812,15038577,0,192,192,1,1,3,2,1,3,3,191538409,3598825,742149,9046739,1383,16555036,23303395,16515615,23168701,168469,372467,279922,204760,0,2980637,291266560,33554432,0,0
sample,tree_session_control,session_control,gpu_inline_certified,1,4,257,768,64,256,0,9622010,10139,253053272,33594011,0,296279432,296279432,251847811,14789232,15038577,0,256,256,1,1,4,3,1,4,4,191538409,3598825,925517,9222613,1383,16555036,26116337,16515615,25947516,218013,467628,359533,240728,914868,3809250,291266560,33554432,0,0
sample,tree_session_control,session_control,gpu_inline_certified,2,1,257,768,64,64,0,3098735,5922,236763399,8351168,0,248219224,248219224,248219224,0,0,0,64,64,1,1,1,0,1,1,1,189452278,3591630,373048,8326341,1273,16305894,17035950,16268415,16987422,53472,166977,134775,122944,0,1198817,291266560,33554432,0,0
sample,tree_session_control,session_control,gpu_inline_certified,2,2,257,768,64,128,0,5392481,5922,241068785,16467110,0,262934298,262934298,248219224,14715074,14715074,0,128,128,1,1,2,1,1,2,2,189452278,3591630,567898,8519878,1273,16305894,19839124,16268415,19743836,106533,280973,208305,167208,0,2027791,291266560,33554432,0,0
sample,tree_session_control,session_control,gpu_inline_certified,2,3,257,768,64,192,0,7548284,5922,245356007,24585707,0,277495920,277495920,248219224,14561622,14715074,0,192,192,1,1,3,2,1,3,3,189452278,3591630,751477,8697455,1273,16305894,22660704,16268415,22525916,158222,401531,275783,202735,0,2857025,291266560,33554432,0,0
sample,tree_session_control,session_control,gpu_inline_certified,2,4,257,768,64,256,0,9559514,5922,249657095,32724993,0,291947524,291947524,248219224,14561622,14715074,0,256,256,1,1,4,3,1,4,4,189452278,3591630,934936,8857178,1273,16305894,25518119,16268415,25344666,210792,499628,338882,235297,880462,3711188,291266560,33554432,0,0
sample,tree_session_control,session_control,gpu_inline_certified,3,1,257,768,64,64,0,3681551,10350,239845292,8358261,0,251895454,251895454,251895454,0,0,0,64,64,1,1,1,0,1,1,1,192231595,3581933,375944,8569753,1403,16303751,17102807,16264575,17052447,56087,168679,142741,124947,0,1185652,291266560,33554432,0,0
sample,tree_session_control,session_control,gpu_inline_certified,3,2,257,768,64,128,0,5956711,10350,244182749,16478991,0,266628801,266628801,251895454,14733347,14733347,0,128,128,1,1,2,1,1,2,2,192231595,3581933,576816,8763300,1403,16303751,19937299,16264575,19842590,115019,271173,208877,167437,0,2024146,291266560,33554432,0,0
sample,tree_session_control,session_control,gpu_inline_certified,3,3,257,768,64,192,0,8081406,10350,248470862,24780063,0,281342681,281342681,251895454,14713880,14733347,0,192,192,1,1,3,2,1,3,3,192231595,3581933,770694,8944504,1403,16303751,22760911,16264575,22604221,166387,376673,275022,204518,0,2853471,291266560,33554432,0,0
sample,tree_session_control,session_control,gpu_inline_certified,3,4,257,768,64,256,0,10132752,10350,252852753,33068843,0,296064698,296064698,251895454,14722017,14733347,0,256,256,1,1,4,3,1,4,4,192231595,3581933,954313,9145265,1403,16303751,25618067,16264575,25410909,226922,499846,338451,241267,1019537,3709940,291266560,33554432,0,0
sample,tree_session_control,session_control,gpu_inline_certified,4,1,257,768,64,64,0,2825786,6262,238538348,8438372,0,249808768,249808768,249808768,0,0,0,64,64,1,1,1,0,1,1,1,191824141,3275209,401763,8263982,1493,16068013,17060195,16029024,17008159,64542,158140,117334,126129,0,1177407,290947072,33554432,0,0
sample,tree_session_control,session_control,gpu_inline_certified,4,2,257,768,64,128,0,5126165,6262,242801865,17117452,0,265051744,265051744,249808768,15242976,15242976,0,128,128,1,1,2,1,1,2,2,191824141,3275209,586534,8425048,1493,16068013,19872586,16029024,19792574,115719,260063,172159,171886,0,2029014,290947072,33554432,0,0
sample,tree_session_control,session_control,gpu_inline_certified,4,3,257,768,64,192,0,7281468,6262,247142258,25300310,0,279730298,279730298,249808768,14678554,15242976,0,192,192,1,1,3,2,1,3,3,191824141,3275209,773469,8621511,1493,16068013,22694446,16029024,22557117,172507,383557,239597,213025,0,2875290,290947072,33554432,0,0
sample,tree_session_control,session_control,gpu_inline_certified,4,4,257,768,64,256,0,9300382,6262,251391667,33475243,0,294173554,294173554,249808768,14678554,15242976,0,256,256,1,1,4,3,1,4,4,191824141,3275209,957418,8776656,1493,16068013,25528158,16029024,25354427,226900,481864,292687,248853,748452,3710275,290947072,33554432,0,0
sample,tree_session_control,session_control,gpu_inline_certified,5,1,257,768,64,64,0,3281091,6152,240422155,8387948,0,252097346,252097346,252097346,0,0,0,64,64,1,1,1,0,1,1,1,192693111,3566592,372256,8270105,1443,16451130,17433856,16409696,17385696,54203,144244,133412,124136,0,1177667,291266560,33554432,0,0
sample,tree_session_control,session_control,gpu_inline_certified,5,2,257,768,64,128,0,5570399,6152,244695410,16548836,0,266820797,266820797,252097346,14723451,14723451,0,128,128,1,1,2,1,1,2,2,192693111,3566592,567537,8441270,1443,16451130,20256946,16409696,20149600,107835,237911,193045,168450,0,2010140,291266560,33554432,0,0
sample,tree_session_control,session_control,gpu_inline_certified,5,3,257,768,64,192,0,7690656,6152,248918750,24874036,0,281489594,281489594,252097346,14668797,14723451,0,192,192,1,1,3,2,1,3,3,192693111,3566592,750985,8632393,1443,16451130,23016325,16409696,22862463,160555,329375,257859,216391,0,2842591,291266560,33554432,0,0
sample,tree_session_control,session_control,gpu_inline_certified,5,4,257,768,64,256,0,9743745,6152,253309167,33198413,0,296257477,296257477,252097346,14723451,14767883,0,256,256,1,1,4,3,1,4,4,192693111,3566592,934504,8907195,1443,16451130,25836549,16409696,25656030,214638,433192,316991,250215,934725,3703607,291266560,33554432,0,0
sample,tree_session_control,session_control,gpu_inline_certified,6,1,257,768,64,64,0,2826277,6463,238372664,8396795,0,249602199,249602199,249602199,0,0,0,64,64,1,1,1,0,1,1,1,190884458,3660280,373018,8310201,1433,16248004,17239385,16205663,17190495,56938,140957,137491,124146,0,1196353,291266560,33554432,0,0
sample,tree_session_control,session_control,gpu_inline_certified,6,2,257,768,64,128,0,5121225,6463,242809269,17147252,0,265084209,265084209,249602199,15482010,15482010,0,128,128,1,1,2,1,1,2,2,190884458,3660280,568068,8503538,1433,16248004,20083195,16205663,19988542,108666,253200,234706,192175,0,2071546,291266560,33554432,0,0
sample,tree_session_control,session_control,gpu_inline_certified,6,3,257,768,64,192,0,7281908,6463,247147747,25254297,0,279690415,279690415,249602199,14606206,15482010,0,192,192,1,1,3,2,1,3,3,190884458,3660280,754522,8720961,1433,16248004,22891077,16205663,22754396,162909,348551,299600,230999,0,2944953,291266560,33554432,0,0
sample,tree_session_control,session_control,gpu_inline_certified,6,4,257,768,64,256,0,9313976,6463,251513176,33622608,0,294456223,294456223,249602199,14765808,15482010,0,256,256,1,1,4,3,1,4,4,190884458,3660280,938030,8896535,1433,16248004,25741289,16205663,25551612,219106,482495,380233,287977,868380,3773336,291266560,33554432,0,0
sample,tree_session_control,session_control,gpu_inline_certified,7,1,257,768,64,64,0,3469379,10019,243507866,8836158,0,255823422,255823422,255823422,0,0,0,64,64,1,1,1,0,1,1,1,195191907,3596811,377497,8642020,1533,16376588,17649074,16337087,17599904,59343,154844,138962,143442,0,1175845,290947072,33554432,0,0
sample,tree_session_control,session_control,gpu_inline_certified,7,2,257,768,64,128,0,5798121,10019,247850122,17226110,0,270884372,270884372,255823422,15060950,15060950,0,128,128,1,1,2,1,1,2,2,195191907,3596811,561626,8841750,1533,16376588,20488465,16337087,20393728,114638,250916,210117,186314,0,2029457,290947072,33554432,0,0
sample,tree_session_control,session_control,gpu_inline_certified,7,3,257,768,64,192,0,7983250,10019,252267281,25391775,0,285652325,285652325,255823422,14767953,15060950,0,192,192,1,1,3,2,1,3,3,195191907,3596811,752167,9064303,1533,16376588,23329561,16337087,23195870,185353,359912,282655,224266,0,2902225,290947072,33554432,0,0
sample,tree_session_control,session_control,gpu_inline_certified,7,4,257,768,64,256,0,10006823,10019,256543281,33560787,0,300120910,300120910,255823422,14767953,15060950,0,256,256,1,1,4,3,1,4,4,195191907,3596811,935565,9237261,1533,16376588,26171027,16337087,25985084,236059,460803,350785,257098,914817,3727844,290947072,33554432,0,0
sample,tree_session_control,session_control,gpu_inline_certified,8,1,257,768,64,64,0,2826217,6482,240811856,8665504,0,252310059,252310059,252310059,0,0,0,64,64,1,1,1,0,1,1,1,192518580,3925285,376324,8345328,1433,16230160,17680936,16184831,17624031,62508,171436,141478,124567,0,1233821,291266560,33554432,0,0
sample,tree_session_control,session_control,gpu_inline_certified,8,2,257,768,64,128,0,5132607,6482,245177528,17181825,0,267498442,267498442,252310059,15188383,15188383,0,128,128,1,1,2,1,1,2,2,192518580,3925285,561024,8535700,1433,16230160,20461988,16184831,20367615,128984,255215,242811,190192,0,2126156,291266560,33554432,0,0
sample,tree_session_control,session_control,gpu_inline_certified,8,3,257,768,64,192,0,7274785,6482,249506659,25353913,0,282141839,282141839,252310059,14643397,15188383,0,192,192,1,1,3,2,1,3,3,192518580,3925285,755203,8741180,1433,16230160,23319726,16184831,23141693,182335,343302,311141,225479,0,2952835,291266560,33554432,0,0
sample,tree_session_control,session_control,gpu_inline_certified,8,4,257,768,64,256,0,9292146,6482,253799211,33556760,0,296654599,296654599,252310059,14643397,15188383,0,256,256,1,1,4,3,1,4,4,192518580,3925285,938852,8921202,1433,16230160,26147796,16184831,25932059,239914,452490,381204,258532,914457,3783763,291266560,33554432,0,0
sample,tree_session_control,session_control,gpu_inline_certified,9,1,257,768,64,64,0,2893284,6302,240212869,8589641,0,251702096,251702096,251702096,0,0,0,64,64,1,1,1,0,1,1,1,192619742,3729572,374381,8212285,1302,16233907,17231592,16194591,17186080,66457,163000,160875,249283,0,1170473,291041280,33554432,0,0
sample,tree_session_control,session_control,gpu_inline_certified,9,2,257,768,64,128,0,5167121,6302,244592166,17514277,0,267279866,267279866,251702096,15577770,15577770,0,128,128,1,1,2,1,1,2,2,192619742,3729572,559032,8395302,1302,16233907,20007184,16194591,19924126,122203,254554,303366,354363,0,2011639,291041280,33554432,0,0
sample,tree_session_control,session_control,gpu_inline_certified,9,3,257,768,64,192,0,7628565,6302,253299531,26243724,0,287178122,287178122,251702096,15577770,19898256,0,192,192,1,1,3,2,1,3,3,192619742,3729572,742801,8554465,1302,16233907,27146571,16194591,22731678,188478,399899,421471,417894,0,2843429,291041280,33554432,0,0
sample,tree_session_control,session_control,gpu_inline_certified,9,4,257,768,64,256,0,9665213,6302,257631817,34526732,0,301830064,301830064,251702096,15577770,19898256,0,256,256,1,1,4,3,1,4,4,192619742,3729572,926780,8737913,1302,16233907,29970022,16194591,25513085,253792,511882,495261,454003,1271233,3697641,291041280,33554432,0,0
sample,tree_session_control,session_control,gpu_inline_certified,10,1,257,768,64,64,0,2963707,6853,243828034,8392126,0,255190720,255190720,255190720,0,0,0,64,64,1,1,1,0,1,1,1,196336420,3593263,405570,8285684,1282,16679233,16845618,16636991,16792798,55525,155956,149173,125098,0,1195212,291041280,33554432,0,0
sample,tree_session_control,session_control,gpu_inline_certified,10,2,257,768,64,128,0,5252463,6853,248319383,16895693,0,270474392,270474392,255190720,15283672,15283672,0,128,128,1,1,2,1,1,2,2,196336420,3593263,612483,8504099,1282,16679233,19721480,16636991,19607069,132722,280021,242380,189551,0,2026449,291041280,33554432,0,0
sample,tree_session_control,session_control,gpu_inline_certified,10,3,257,768,64,192,0,7406113,6853,252681016,25043234,0,285137216,285137216,255190720,14662824,15283672,0,192,192,1,1,3,2,1,3,3,196336420,3593263,796322,8701063,1282,16679233,22550402,16636991,22384540,187115,425968,317082,225600,0,2867266,291041280,33554432,0,0
sample,tree_session_control,session_control,gpu_inline_certified,10,4,257,768,64,256,0,9464442,6853,256951947,33172901,0,299596143,299596143,255190720,14662824,15283672,0,256,256,1,1,4,3,1,4,4,196336420,3593263,979811,8875384,1282,16679233,25372652,16636991,25167290,239435,531558,385772,262230,896972,3694907,291041280,33554432,0,0
sample,tree_session_control,session_control,gpu_inline_certified,11,1,257,768,64,64,0,2846205,6152,239542836,8343754,0,250738947,250738947,250738947,0,0,0,64,64,1,1,1,0,1,1,1,192000336,3723791,375333,8772388,1413,16055899,16943555,16013599,16893631,55976,147832,140346,122973,0,1202994,291266560,33554432,0,0
sample,tree_session_control,session_control,gpu_inline_certified,11,2,257,768,64,128,0,5110264,6152,243949485,16470225,0,265536126,265536126,250738947,14797179,14797179,0,128,128,1,1,2,1,1,2,2,192000336,3723791,570093,8967058,1413,16055899,19792384,16013599,19700062,119817,268290,217933,166606,0,2065865,291266560,33554432,0,0
sample,tree_session_control,session_control,gpu_inline_certified,11,3,257,768,64,192,0,7241221,6152,248273637,24592047,0,280113057,280113057,250738947,14576931,14797179,0,192,192,1,1,3,2,1,3,3,192000336,3723791,753932,9149665,1413,16055899,22636144,16013599,22491324,169672,365805,283217,204628,0,2929135,291266560,33554432,0,0
sample,tree_session_control,session_control,gpu_inline_certified,11,4,257,768,64,256,0,9255496,6152,252592439,32712386,0,294566473,294566473,250738947,14576931,14797179,0,256,256,1,1,4,3,1,4,4,192000336,3723791,946688,9332503,1413,16055899,25502357,16013599,25295867,222652,456358,346187,237981,838922,3766274,291266560,33554432,0,0
sample,tree_session_control,session_control,gpu_inline_certified,12,1,257,768,64,64,0,2884528,5961,249309893,8427053,0,260627435,260627435,260627435,0,0,0,64,64,1,1,1,0,1,1,1,201879065,3793954,403256,8881095,2244,16456149,16236192,16409631,16189471,53261,152810,136810,119467,0,1195590,291266560,33554432,0,0
sample,tree_session_control,session_control,gpu_inline_certified,12,2,257,768,64,128,0,5125634,5961,253619756,16842324,0,275593675,275593675,260627435,14966240,14966240,0,128,128,1,1,2,1,1,2,2,201879065,3793954,598076,9081867,2244,16456149,19042382,16409631,18945118,118374,247590,206041,163431,0,2030583,291266560,33554432,0,0
sample,tree_session_control,session_control,gpu_inline_certified,12,3,257,768,64,192,0,7286267,5961,257883573,24998853,0,290174654,290174654,260627435,14580979,14966240,0,192,192,1,1,3,2,1,3,3,201879065,3793954,794469,9259304,2244,16456149,21838932,16409631,21694782,178048,349233,270584,201613,0,2859978,291266560,33554432,0,0
sample,tree_session_control,session_control,gpu_inline_certified,12,4,257,768,64,256,0,9314649,5961,262147349,33139050,0,304607009,304607009,260627435,14580979,14966240,0,256,256,1,1,4,3,1,4,4,201879065,3793954,977837,9440959,2244,16456149,24646023,16409631,24465628,230228,451668,334926,235327,857178,3698969,291266560,33554432,0,0
sample,tree_session_control,session_control,gpu_inline_certified,13,1,257,768,64,64,0,2915506,6402,231980275,8387989,0,243290172,243290172,243290172,0,0,0,64,64,1,1,1,0,1,1,1,186482719,3558638,368800,7869023,1593,16088712,15964456,16032159,15914528,60534,141549,142240,115770,0,1186241,291266560,33554432,0,0
sample,tree_session_control,session_control,gpu_inline_certified,13,2,257,768,64,128,0,5163735,6402,236240284,16534549,0,257944970,257944970,243290172,14654798,14654798,0,128,128,1,1,2,1,1,2,2,186482719,3558638,562999,8034758,1593,16088712,18780342,16032159,18683839,111491,236891,207945,160064,0,2014132,291266560,33554432,0,0
sample,tree_session_control,session_control,gpu_inline_certified,13,3,257,768,64,192,0,7283751,6402,240676638,25015293,0,272982084,272982084,243290172,14654798,15037114,0,192,192,1,1,3,2,1,3,3,186482719,3558638,746377,8212295,1593,16088712,21583183,16032159,21445886,197264,419904,320173,209919,0,2855861,291266560,33554432,0,0
sample,tree_session_control,session_control,gpu_inline_certified,13,4,257,768,64,256,0,9293828,6402,244935786,33252455,0,287488471,287488471,243290172,14654798,15037114,0,256,256,1,1,4,3,1,4,4,186482719,3558638,940726,8390073,1593,16088712,24406124,16032159,24227902,248151,503564,383193,240727,832601,3691566,291266560,33554432,0,0
sample,tree_session_control,session_control,gpu_inline_certified,14,1,257,768,64,64,0,2853920,5841,233630248,8628645,0,245118654,245118654,245118654,0,0,0,64,64,1,1,1,0,1,1,1,187730457,3839080,500851,7799581,1794,15868974,16204421,15826944,16154975,52599,140877,143293,116662,0,1231659,291266560,33554432,0,0
sample,tree_session_control,session_control,gpu_inline_certified,14,2,257,768,64,128,0,5105846,5841,237918091,16829888,0,259859666,259859666,245118654,14741012,14741012,0,128,128,1,1,2,1,1,2,2,187730457,3839080,684991,7964845,1794,15868974,19041139,15826944,18953599,104708,237720,213276,158402,0,2072705,291266560,33554432,0,0
sample,tree_session_control,session_control,gpu_inline_certified,14,3,257,768,64,192,0,7256821,5841,242133386,25082830,0,274478878,274478878,245118654,14619212,14741012,0,192,192,1,1,3,2,1,3,3,187730457,3839080,868489,8143935,1794,15868974,21817201,15826944,21691838,157067,334574,277238,192747,0,2901830,291266560,33554432,0,0
sample,tree_session_control,session_control,gpu_inline_certified,14,4,257,768,64,256,0,9266707,5841,246363479,33258716,0,288894743,288894743,245118654,14619212,14741012,0,256,256,1,1,4,3,1,4,4,187730457,3839080,1052028,8309990,1794,15868974,24625192,15826944,24452861,207532,434855,334918,223315,785191,3735344,291266560,33554432,0,0
sample,tree_session_control,session_control,gpu_inline_certified,15,1,257,768,64,64,0,2862807,5952,236623944,8397948,0,247890651,247890651,247890651,0,0,0,64,64,1,1,1,0,1,1,1,190357697,3550253,374140,8496674,2034,16161229,16019410,16117664,15972031,56166,149715,143192,119597,0,1193837,290930688,33554432,0,0
sample,tree_session_control,session_control,gpu_inline_certified,15,2,257,768,64,128,0,5263175,5952,241061029,16961119,0,263291275,263291275,247890651,15400624,15400624,0,128,128,1,1,2,1,1,2,2,190357697,3550253,558530,8723174,2034,16161229,18885492,16117664,18795422,108536,257540,228684,186925,0,2040935,290930688,33554432,0,0
sample,tree_session_control,session_control,gpu_inline_certified,15,3,257,768,64,192,0,7417255,5952,245333892,25080688,0,277837787,277837787,247890651,14546512,15400624,0,192,192,1,1,3,2,1,3,3,190357697,3550253,752198,8908806,2034,16161229,21696709,16117664,21561470,161066,360826,290060,224075,0,2868939,290930688,33554432,0,0
sample,tree_session_control,session_control,gpu_inline_certified,15,4,257,768,64,256,0,9450395,5952,249568113,33208322,0,292232782,292232782,247890651,14546512,15400624,0,256,256,1,1,4,3,1,4,4,190357697,3550253,935607,9068319,2034,16161229,24498530,16117664,24325341,214457,464132,364702,257208,1021210,3693945,290930688,33554432,0,0
sample,tree_session_control,session_control,gpu_inline_certified,16,1,257,768,64,64,0,2931587,5941,239576810,8403027,0,250917365,250917365,250917365,0,0,0,64,64,1,1,1,0,1,1,1,192576800,3505548,385752,8277338,1543,16201125,16941111,16158975,16893407,56507,154022,148322,125097,0,1203645,291266560,33554432,0,0
sample,tree_session_control,session_control,gpu_inline_certified,16,2,257,768,64,128,0,5190176,5941,243931990,16536943,0,265665050,265665050,250917365,14747685,14747685,0,128,128,1,1,2,1,1,2,2,192576800,3505548,593787,8472829,1543,16201125,19763079,16158975,19680382,118235,243782,215680,171104,0,2068478,291266560,33554432,0,0
sample,tree_session_control,session_control,gpu_inline_certified,16,3,257,768,64,192,0,7318287,5941,248209522,30132379,0,285666129,285666129,250917365,14747685,20001079,0,192,192,1,1,3,2,1,3,3,192576800,3505548,779840,8629687,1543,16201125,22615065,16158975,22488188,168210,340094,281265,207152,0,2903193,291266560,33554432,0,0
sample,tree_session_control,session_control,gpu_inline_certified,16,4,257,768,64,256,0,9337972,5941,252535357,38268760,0,300148030,300148030,250917365,14747685,20001079,0,256,256,1,1,4,3,1,4,4,192576800,3505548,963669,8850086,1543,16201125,25451292,16158975,25255932,219247,441517,350116,241207,862537,3733207,291266560,33554432,0,0
sample,tree_session_control,session_control,gpu_inline_certified,17,1,257,768,64,64,0,2914644,5961,234477066,8414920,0,245812591,245812591,245812591,0,0,0,64,64,1,1,1,0,1,1,1,189002652,3645463,371245,7594280,1533,15840090,16390263,15798879,16343999,56207,142702,140036,122673,0,1169922,291266560,33554432,0,0
sample,tree_session_control,session_control,gpu_inline_certified,17,2,257,768,64,128,0,5192108,5961,238723229,16583843,0,260505141,260505141,245812591,14692550,14692550,0,128,128,1,1,2,1,1,2,2,189002652,3645463,556076,7764934,1533,15840090,19189166,15798879,19092158,107324,238253,203367,164272,0,2010099,291266560,33554432,0,0
sample,tree_session_control,session_control,gpu_inline_certified,17,3,257,768,64,192,0,7321531,5961,242989169,24772644,0,275089305,275089305,245812591,14584164,14692550,0,192,192,1,1,3,2,1,3,3,189002652,3645463,739665,7920990,1533,15840090,22041301,15798879,21895324,157048,328444,276415,202034,0,2833534,291266560,33554432,0,0
sample,tree_session_control,session_control,gpu_inline_certified,17,4,257,768,64,256,0,9336658,5961,247317799,32924755,0,289585173,289585173,245812591,14584164,14692550,0,256,256,1,1,4,3,1,4,4,189002652,3645463,923263,8124387,1533,15840090,24871435,15798879,24685114,210109,430788,346408,248742,806511,3672929,291266560,33554432,0,0
sample,tree_session_control,session_control,gpu_inline_certified,18,1,257,768,64,64,0,3007511,6382,242116243,8306202,0,253436338,253436338,253436338,0,0,0,64,64,1,1,1,0,1,1,1,194661118,3609464,371876,8158803,1693,16220142,17431000,16180992,17410014,52800,154894,131219,122723,0,1200511,290897920,33554432,0,0
sample,tree_session_control,session_control,gpu_inline_certified,18,2,257,768,64,128,0,5297369,6382,246380030,16442793,0,268126574,268126574,253436338,14690236,14690236,0,128,128,1,1,2,1,1,2,2,194661118,3609464,556346,8364433,1693,16220142,20206541,16180992,20148284,105841,240096,199649,167408,0,2047299,290897920,33554432,0,0
sample,tree_session_control,session_control,gpu_inline_certified,18,3,257,768,64,192,0,7424838,6382,250636473,24748084,0,282815777,282815777,253436338,14689203,14690236,0,192,192,1,1,3,2,1,3,3,194661118,3609464,739845,8520679,1693,16220142,23017850,16180992,22913690,157209,341198,263790,204829,0,2898656,290897920,33554432,0,0
sample,tree_session_control,session_control,gpu_inline_certified,18,4,257,768,64,256,0,9546236,6382,254879851,33082591,0,297515060,297515060,253436338,14690236,14699283,0,256,256,1,1,4,3,1,4,4,194661118,3609464,923314,8679510,1693,16220142,25804162,16180992,25640409,209940,432402,323563,237561,836158,3776982,290897920,33554432,0,0
sample,tree_session_control,session_control,gpu_inline_certified,19,1,257,768,64,64,0,2878175,9167,243287327,8336399,0,254511068,254511068,254511068,0,0,0,64,64,1,1,1,0,1,1,1,195526061,3614673,395842,8452221,1623,16225651,17358823,16182495,17311263,54634,176615,146648,121781,0,1212755,291266560,33554432,0,0
sample,tree_session_control,session_control,gpu_inline_certified,19,2,257,768,64,128,0,5178172,9167,247582694,16496915,0,269266948,269266948,254511068,14755880,14755880,0,128,128,1,1,2,1,1,2,2,195526061,3614673,590943,8649155,1623,16225651,20159791,16182495,20069726,107694,275984,215078,168119,0,2047922,291266560,33554432,0,0
sample,tree_session_control,session_control,gpu_inline_certified,19,3,257,768,64,192,0,7320299,9167,251826563,25640167,0,284796196,284796196,254511068,14755880,15529248,0,192,192,1,1,3,2,1,3,3,195526061,3614673,781665,8808878,1623,16225651,22956693,16182495,22830140,159412,366285,283238,204307,0,2898077,291266560,33554432,0,0
sample,tree_session_control,session_control,gpu_inline_certified,19,4,257,768,64,256,0,9507993,9167,256146487,33780295,0,299443942,299443942,254511068,14755880,15529248,0,256,256,1,1,4,3,1,4,4,195526061,3614673,973750,8991435,1623,16225651,25812577,16182495,25647196,210569,461896,350777,239053,885882,3738422,291266560,33554432,0,0
summary,tree_session_control,session_control,gpu_inline_certified,1,20,243290172,251702096,255823422,260627435,251702096,251702096,0,0,254.12172432977786,291266560,33554432
summary,tree_session_control,session_control,gpu_inline_certified,2,20,257944970,266628801,270884372,275593675,266628801,251702096,14797179,15482010,479.72272566144835,291266560,33554432
summary,tree_session_control,session_control,gpu_inline_certified,3,20,272982084,281489594,287178122,290174654,281489594,251702096,14643397,19898256,682.0841364992458,291266560,33554432
summary,tree_session_control,session_control,gpu_inline_certified,4,20,287488471,296257477,301830064,304607009,296257477,251702096,14662824,19898256,864.04917908712605,291266560,33554432
sample,tree_session_control,session_control,gpu_candidate_runtime,0,1,257,768,64,64,0,2851435,7274,238441415,4170700,8234336,245470824,253705160,245470824,0,0,0,64,64,1,1,1,0,1,1,1,191112570,3597040,375012,8657771,1433,16199933,16816902,16157375,16771102,57940,156919,148231,121271,0,1196393,290967552,33554432,0,0
sample,tree_session_control,session_control,gpu_candidate_runtime,0,2,257,768,64,128,0,5193322,7274,242743143,8196845,16413017,256140584,272553601,245470824,10669760,10669760,0,128,128,1,1,2,1,1,2,2,191112570,3597040,569732,8871457,1433,16199933,19621579,16157375,19536062,113215,245297,218254,165845,0,2026788,290967552,33554432,0,0
sample,tree_session_control,session_control,gpu_candidate_runtime,0,3,257,768,64,192,0,7211995,7274,246988173,12775430,24595455,266982872,291578327,245470824,10669760,10842288,0,192,192,1,1,3,2,1,3,3,191112570,3597040,753420,9051308,1433,16199933,22410626,16157375,22283740,164553,352591,280411,201904,0,2862384,290967552,33554432,0,0
sample,tree_session_control,session_control,gpu_candidate_runtime,0,4,257,768,64,256,0,9248212,7274,251310381,17339818,32745321,277905685,310651006,245470824,10842288,10922813,0,256,256,1,1,4,3,1,4,4,191112570,3597040,936899,9239525,1433,16199933,25222656,16157375,25054138,215771,453664,362998,252640,957388,3715252,290967552,33554432,0,0
sample,tree_session_control,session_control,gpu_candidate_runtime,1,1,257,768,64,64,0,2995329,6262,237898764,4175088,8227153,245075443,253302596,245075443,0,0,0,64,64,1,1,1,0,1,1,1,191509184,3617168,374221,8424447,1483,16100112,16168453,16060831,16115999,59052,151970,159123,133053,0,1200498,291004416,33554432,0,0
sample,tree_session_control,session_control,gpu_candidate_runtime,1,2,257,768,64,128,0,5366793,6262,242214449,8198208,16419420,255785712,272205132,245075443,10710269,10710269,0,128,128,1,1,2,1,1,2,2,191509184,3617168,559203,8624477,1483,16100112,18997344,16060831,18874719,112644,241310,228004,178028,0,2045492,291004416,33554432,0,0
sample,tree_session_control,session_control,gpu_candidate_runtime,1,3,257,768,64,192,0,7389163,6262,246473376,12443419,24563025,266312220,290875245,245075443,10526508,10710269,0,192,192,1,1,3,2,1,3,3,191509184,3617168,742882,8809718,1483,16100112,21792121,16060831,21628637,170273,340850,292557,213004,0,2884024,291004416,33554432,0,0
sample,tree_session_control,session_control,gpu_candidate_runtime,1,4,257,768,64,256,0,9414198,6262,250737082,16666189,32849389,276823731,309673120,245075443,10526508,10710269,0,256,256,1,1,4,3,1,4,4,191509184,3617168,926290,8986113,1483,16100112,24601226,16060831,24395548,223294,453875,355936,249303,913274,3713098,291004416,33554432,0,0
sample,tree_session_control,session_control,gpu_candidate_runtime,2,1,257,768,64,64,0,3202129,10209,235034465,4191079,8363020,242437882,250800902,242437882,0,0,0,64,64,1,1,1,0,1,1,1,187535397,3546535,407043,8595251,2305,16353935,16896064,16290624,16848575,55656,148732,149404,124156,0,1219987,291266560,33554432,0,0
sample,tree_session_control,session_control,gpu_candidate_runtime,2,2,257,768,64,128,0,5587889,10209,239470740,8598198,16504430,253667036,270171466,242437882,11229154,11229154,0,128,128,1,1,2,1,1,2,2,187535397,3546535,592926,8811792,2305,16353935,19761867,16290624,19671102,118145,255043,246659,189150,0,2056986,291266560,33554432,0,0
sample,tree_session_control,session_control,gpu_candidate_runtime,2,3,257,768,64,192,0,7628264,10209,243798588,12615186,24675727,264052247,288727974,242437882,10385211,11229154,0,192,192,1,1,3,2,1,3,3,187535397,3546535,800510,9036619,2305,16353935,22578545,16290624,22442302,171246,353721,312724,223896,0,2883155,291266560,33554432,0,0
sample,tree_session_control,session_control,gpu_candidate_runtime,2,4,257,768,64,256,0,9637880,10209,248121577,16641832,32818390,274411498,307229888,242437882,10385211,11229154,0,256,256,1,1,4,3,1,4,4,187535397,3546535,992595,9230787,2305,16353935,25424378,16290624,25245884,221631,459882,372157,255466,855695,3726509,291266560,33554432,0,0
sample,tree_session_control,session_control,gpu_candidate_runtime,3,1,257,768,64,64,0,3304666,6241,241731061,4196159,8591694,249238127,257829821,249238127,0,0,0,64,64,1,1,1,0,1,1,1,193787267,3731687,375193,8519918,1553,16354757,17299230,16315296,17244351,60295,141400,149454,124777,0,1185530,291196928,33554432,0,0
sample,tree_session_control,session_control,gpu_candidate_runtime,3,2,257,768,64,128,0,5727577,6241,246144893,8556498,16736490,260435209,277171699,249238127,11197082,11197082,0,128,128,1,1,2,1,1,2,2,193787267,3731687,569812,8729256,1553,16354757,20114714,16315296,20023485,124106,244827,245467,190171,0,2051276,291196928,33554432,0,0
sample,tree_session_control,session_control,gpu_candidate_runtime,3,3,257,768,64,192,0,7757212,6241,250511174,13325834,25070456,271600461,296670917,249238127,11165252,11197082,0,192,192,1,1,3,2,1,3,3,193787267,3731687,753520,8931240,1553,16354757,22952842,16315296,22816379,177707,335831,339797,240536,0,2904437,291196928,33554432,0,0
sample,tree_session_control,session_control,gpu_candidate_runtime,3,4,257,768,64,256,0,9883870,6241,254829224,17394851,33392880,282114186,315507066,249238127,11165252,11197082,0,256,256,1,1,4,3,1,4,4,193787267,3731687,950764,9148162,1553,16354757,25759131,16315296,25585465,229986,434339,407385,273038,1114026,3751155,291196928,33554432,0,0
sample,tree_session_control,session_control,gpu_candidate_runtime,4,1,257,768,64,64,0,2854932,6452,239628218,4276470,8302336,246766072,255068408,246766072,0,0,0,64,64,1,1,1,0,1,1,1,191949429,3671301,382185,8230450,1533,16522546,17245869,16479455,17200256,53952,142609,131869,127892,0,1168583,291266560,33554432,0,0
sample,tree_session_control,session_control,gpu_candidate_runtime,4,2,257,768,64,128,0,5227758,6452,243996223,8326010,16463754,257556443,274020197,246766072,10790371,10790371,0,128,128,1,1,2,1,1,2,2,191949429,3671301,569211,8438024,1533,16522546,20084649,16479455,19991904,112333,253409,193616,172497,0,2027675,291266560,33554432,0,0
sample,tree_session_control,session_control,gpu_candidate_runtime,4,3,257,768,64,192,0,7300263,6452,248401679,12593644,24836995,268302038,293139033,246766072,10745595,10790371,0,192,192,1,1,3,2,1,3,3,191949429,3671301,759092,8675385,1533,16522546,22904103,16479455,22757759,170944,377335,285801,225157,0,2859053,291266560,33554432,0,0
sample,tree_session_control,session_control,gpu_candidate_runtime,4,4,257,768,64,256,0,9317604,6452,252688879,16603077,33306178,278616012,311922190,246766072,10745595,10790371,0,256,256,1,1,4,3,1,4,4,191949429,3671301,942731,8871878,1533,16522546,25720792,16479455,25536990,231619,479409,351325,258561,978227,3687755,291266560,33554432,0,0
sample,tree_session_control,session_control,gpu_candidate_runtime,5,1,257,768,64,64,0,2843660,5871,239502017,4370640,8425839,246722188,255148027,246722188,0,0,0,64,64,1,1,1,0,1,1,1,193156732,3576481,381394,8045286,1473,16458944,16273391,16410144,16217054,58261,159512,128705,121030,0,1140808,290947072,33554432,0,0
sample,tree_session_control,session_control,gpu_candidate_runtime,5,2,257,768,64,128,0,5256662,5871,243799269,8470444,16698739,257532246,274230985,246722188,10810058,10810058,0,128,128,1,1,2,1,1,2,2,193156732,3576481,582315,8235217,1473,16458944,19084179,16410144,18981181,113776,257939,180033,167579,0,1984601,290947072,33554432,0,0
sample,tree_session_control,session_control,gpu_candidate_runtime,5,3,257,768,64,192,0,7371287,5871,248106679,12506127,24846882,267989964,292836846,246722188,10457718,10810058,0,192,192,1,1,3,2,1,3,3,193156732,3576481,775021,8418044,1473,16458944,21891550,16410144,21709852,176345,367117,239536,204059,0,2841377,290947072,33554432,0,0
sample,tree_session_control,session_control,gpu_candidate_runtime,5,4,257,768,64,256,0,9482707,5871,252446038,16596164,33380216,278530780,311910996,246722188,10540816,10810058,0,256,256,1,1,4,3,1,4,4,193156732,3576481,958820,8620157,1473,16458944,24770678,16410144,24505403,229586,472777,288719,240668,820369,3671003,290947072,33554432,0,0
sample,tree_session_control,session_control,gpu_candidate_runtime,6,1,257,768,64,64,0,2826788,6212,233703937,4181179,8247132,240718116,248965248,240718116,0,0,0,64,64,1,1,1,0,1,1,1,188333643,3527368,358250,7756389,1613,15975136,16094172,15936384,16043872,56798,152460,133292,117663,0,1197153,291266560,33554432,0,0
sample,tree_session_control,session_control,gpu_candidate_runtime,6,2,257,768,64,128,0,5199574,6212,238013641,8201814,16398912,251421241,267820153,240718116,10703125,10703125,0,128,128,1,1,2,1,1,2,2,188333643,3527368,553050,7911804,1613,15975136,18908856,15936384,18816287,118385,274853,223954,158010,0,2026969,291266560,33554432,0,0
sample,tree_session_control,session_control,gpu_candidate_runtime,6,3,257,768,64,192,0,7325872,6212,242237943,12254330,24552073,261824357,286376430,240718116,10403116,10703125,0,192,192,1,1,3,2,1,3,3,188333643,3527368,744975,8067389,1613,15975136,21698223,15936384,21564127,171166,379983,292054,193036,0,2853357,291266560,33554432,0,0
sample,tree_session_control,session_control,gpu_candidate_runtime,6,4,257,768,64,256,0,9367819,6212,246422389,16281768,32683473,272078188,304761661,240718116,10403116,10703125,0,256,256,1,1,4,3,1,4,4,188333643,3527368,928544,8234526,1613,15975136,24475267,15936384,24274366,223786,468992,351086,225788,798076,3676640,291266560,33554432,0,0
sample,tree_session_control,session_control,gpu_candidate_runtime,7,1,257,768,64,64,0,3277615,10219,237782564,4199916,8283259,245270314,253553573,245270314,0,0,0,64,64,1,1,1,0,1,1,1,191963797,3561884,365283,7752411,2314,16074325,16308899,16021024,16253407,52640,152519,154513,119977,0,1274002,291266560,33554432,0,0
sample,tree_session_control,session_control,gpu_candidate_runtime,7,2,257,768,64,128,0,5894114,10219,242087930,8216594,16438856,256208857,272647713,245270314,10938543,10938543,0,128,128,1,1,2,1,1,2,2,191963797,3561884,549814,7949235,2314,16074325,19129676,16021024,19014718,107494,260674,225508,160935,0,2102274,291266560,33554432,0,0
sample,tree_session_control,session_control,gpu_candidate_runtime,7,3,257,768,64,192,0,7940790,10219,246345305,12255172,24569766,266551486,291121252,245270314,10342629,10938543,0,192,192,1,1,3,2,1,3,3,191963797,3561884,734064,8143764,2314,16074325,21926576,16021024,21776509,158401,365675,289650,192495,0,2932360,291266560,33554432,0,0
sample,tree_session_control,session_control,gpu_candidate_runtime,7,4,257,768,64,256,0,9955235,10219,250617708,16694823,33317167,277277985,310595152,245270314,10726499,10938543,0,256,256,1,1,4,3,1,4,4,191963797,3561884,918314,8329457,2314,16074325,24747653,16021024,24547771,218325,457960,351528,223003,902945,3769148,291266560,33554432,0,0
sample,tree_session_control,session_control,gpu_candidate_runtime,8,1,257,768,64,64,0,2829673,6443,236745825,4228569,8219349,243810510,252029859,243810510,0,0,0,64,64,1,1,1,0,1,1,1,190790899,3723641,363520,8073212,1623,16211765,15911193,16168064,15862110,55295,150477,153131,116741,0,1194328,291266560,33554432,0,0
sample,tree_session_control,session_control,gpu_candidate_runtime,8,2,257,768,64,128,0,5171590,6443,241158715,8268151,16388521,254604899,270993420,243810510,10794389,10794389,0,128,128,1,1,2,1,1,2,2,190790899,3723641,559372,8282960,1623,16211765,18783699,16168064,18677789,109648,284241,222052,160764,0,2028051,291266560,33554432,0,0
sample,tree_session_control,session_control,gpu_candidate_runtime,8,3,257,768,64,192,0,7211744,6443,245511671,13079368,24583642,265809226,290392868,243810510,10794389,11204327,0,192,192,1,1,3,2,1,3,3,190790899,3723641,744263,8489342,1623,16211765,21619695,16168064,21478397,179781,363080,316190,211931,0,2859461,291266560,33554432,0,0
sample,tree_session_control,session_control,gpu_candidate_runtime,8,4,257,768,64,256,0,9225919,6443,249795847,17115021,32724031,276143230,308867261,243810510,10794389,11204327,0,256,256,1,1,4,3,1,4,4,190790899,3723641,929335,8691465,1623,16211765,24421475,16168064,24242909,231539,469441,382556,243010,925267,3699098,291266560,33554432,0,0
sample,tree_session_control,session_control,gpu_candidate_runtime,9,1,257,768,64,64,0,3591891,11252,230427547,4294384,8475956,238325074,246801030,238325074,0,0,0,64,64,1,1,1,0,1,1,1,185187629,3267775,395110,8188188,1643,15730683,15987108,15689023,15939232,55475,141318,159361,120569,0,1192688,291102720,33554432,0,0
sample,tree_session_control,session_control,gpu_candidate_runtime,9,2,257,768,64,128,0,6010063,11252,234852850,8508507,16818648,249382672,266201320,238325074,11057598,11057598,0,128,128,1,1,2,1,1,2,2,185187629,3267775,580412,8403977,1643,15730683,18842809,15689023,18756223,109057,251488,241737,166016,0,2069624,291102720,33554432,0,0
sample,tree_session_control,session_control,gpu_candidate_runtime,9,3,257,768,64,192,0,8093268,11252,239122358,12571994,24925351,259798872,284724223,238325074,10416200,11057598,0,192,192,1,1,3,2,1,3,3,185187629,3267775,764251,8591323,1643,15730683,21630333,15689023,21506878,161797,351188,305779,202526,0,2927431,291102720,33554432,0,0
sample,tree_session_control,session_control,gpu_candidate_runtime,9,4,257,768,64,256,0,10111811,11252,243437352,16587869,33050931,270148284,303199215,238325074,10416200,11057598,0,256,256,1,1,4,3,1,4,4,185187629,3267775,957749,8800500,1643,15730683,24475226,15689023,24310525,212463,448062,361195,233164,872326,3761263,291102720,33554432,0,0
sample,tree_session_control,session_control,gpu_candidate_runtime,10,1,257,768,64,64,0,2914836,6472,237264119,4222939,8200532,244408366,252608898,244408366,0,0,0,64,64,1,1,1,0,1,1,1,191036756,3620696,375302,8109931,1393,16004742,16404122,15962847,16354015,57499,184731,139295,117453,0,1212199,291266560,33554432,0,0
sample,tree_session_control,session_control,gpu_candidate_runtime,10,2,257,768,64,128,0,5261202,6472,241634377,8355686,16555468,255257737,271813205,244408366,10849371,10849371,0,128,128,1,1,2,1,1,2,2,191036756,3620696,569892,8323646,1393,16004742,19258183,15962847,19167613,111832,281255,208846,163520,0,2053616,291266560,33554432,0,0
sample,tree_session_control,session_control,gpu_candidate_runtime,10,3,257,768,64,192,0,7352463,6472,245943079,12499866,24822876,265801880,290624756,244408366,10544143,10849371,0,192,192,1,1,3,2,1,3,3,191036756,3620696,753410,8525509,1393,16004742,22063281,15962847,21934557,172016,382277,274421,196933,0,2911645,291266560,33554432,0,0
sample,tree_session_control,session_control,gpu_candidate_runtime,10,4,257,768,64,256,0,9402887,6472,250292729,16517104,32948476,276219192,309167668,244408366,10544143,10849371,0,256,256,1,1,4,3,1,4,4,191036756,3620696,936798,8724306,1393,16004742,24902563,15962847,24720124,231259,501404,339986,233262,996583,3759564,291266560,33554432,0,0
sample,tree_session_control,session_control,gpu_candidate_runtime,11,1,257,768,64,64,0,2853839,5821,235739133,4166702,8279012,242765495,251044507,242765495,0,0,0,64,64,1,1,1,0,1,1,1,190159891,3597401,370063,8033796,1543,16003169,15910674,15963775,15863808,55154,137341,157660,122022,0,1190419,290914304,33554432,0,0
sample,tree_session_control,session_control,gpu_candidate_runtime,11,2,257,768,64,128,0,5246623,5821,240064105,8704670,16437003,254021219,270458222,242765495,11255724,11255724,0,128,128,1,1,2,1,1,2,2,190159891,3597401,554704,8240769,1543,16003169,18746309,15963775,18661758,107654,226100,224005,166676,0,2035884,290914304,33554432,0,0
sample,tree_session_control,session_control,gpu_candidate_runtime,11,3,257,768,64,192,0,7287999,5821,244329845,12733951,24563985,264357616,288921601,242765495,10336397,11255724,0,192,192,1,1,3,2,1,3,3,190159891,3597401,748812,8450528,1543,16003169,21539833,15963775,21412092,159161,318917,282376,200581,0,2867633,290914304,33554432,0,0
sample,tree_session_control,session_control,gpu_candidate_runtime,11,4,257,768,64,256,0,9297605,5821,248691097,16744487,32696268,274739010,307435278,242765495,10381394,11255724,0,256,256,1,1,4,3,1,4,4,190159891,3597401,932481,8656439,1543,16003169,24413168,15963775,24247611,211090,403408,342851,234034,1104848,3735622,290914304,33554432,0,0
sample,tree_session_control,session_control,gpu_candidate_runtime,12,1,257,768,64,64,0,2824413,6282,238603902,4465600,9336199,245900197,255236396,245900197,0,0,0,64,64,1,1,1,0,1,1,1,189687244,3722668,447008,8056640,1573,16995653,17819939,16938207,17769503,106442,211792,164833,152991,0,1237119,291266560,33554432,0,0
sample,tree_session_control,session_control,gpu_candidate_runtime,12,2,257,768,64,128,0,5447955,6282,243165244,9029637,18696884,257649118,276346002,245900197,11748921,11748921,0,128,128,1,1,2,1,1,2,2,189687244,3722668,646797,8294382,1573,16995653,20705579,16938207,20618079,169061,326509,248562,200712,0,2166504,291266560,33554432,0,0
sample,tree_session_control,session_control,gpu_candidate_runtime,12,3,257,768,64,192,0,7782508,6282,247748085,13593012,27928455,269129887,297058342,245900197,11480769,11748921,0,192,192,1,1,3,2,1,3,3,189687244,3722668,874930,8518057,1573,16995653,23581390,16938207,23453022,230467,449112,329175,247090,0,3110726,291266560,33554432,0,0
sample,tree_session_control,session_control,gpu_candidate_runtime,12,4,257,768,64,256,0,10136348,6282,252233112,17971998,37295953,280347740,317643693,245900197,11480769,11748921,0,256,256,1,1,4,3,1,4,4,189687244,3722668,1098144,8716353,1573,16995653,26422145,16938207,26248957,289229,560213,418935,287848,965182,4033107,291266560,33554432,0,0
sample,tree_session_control,session_control,gpu_candidate_runtime,13,1,257,768,64,64,0,3106228,8516,256288936,4287111,8641920,263690791,272332711,263690791,0,0,0,64,64,1,1,1,0,1,1,1,205209530,4010165,412544,8804459,1533,17302396,18513926,17220352,18461854,63571,182678,202575,131750,0,1453809,291266560,33554432,0,0
sample,tree_session_control,session_control,gpu_candidate_runtime,13,2,257,768,64,128,0,5586629,8516,260829979,8450246,17181557,274875370,292056927,263690791,11184579,11184579,0,128,128,1,1,2,1,1,2,2,205209530,4010165,613625,9097095,1533,17302396,21348179,17220352,21239868,127082,301323,301442,190992,0,2326617,291266560,33554432,0,0
sample,tree_session_control,session_control,gpu_candidate_runtime,13,3,257,768,64,192,0,7700533,8516,265401570,12717921,25548525,285828540,311377065,263690791,10953170,11184579,0,192,192,1,1,3,2,1,3,3,205209530,4010165,799167,9387206,1533,17302396,24217608,17220352,24074138,201073,429756,397504,239073,0,3206559,291266560,33554432,0,0
sample,tree_session_control,session_control,gpu_candidate_runtime,13,4,257,768,64,256,0,9830657,8516,269962762,17110392,33974134,296912327,330886461,263690791,11083787,11184579,0,256,256,1,1,4,3,1,4,4,205209530,4010165,984139,9670584,1533,17302396,27101485,17220352,26890682,269874,546828,488587,292013,1156987,4085628,291266560,33554432,0,0
sample,tree_session_control,session_control,gpu_candidate_runtime,14,1,257,768,64,64,0,3267916,7835,252049265,4203732,8287418,259528748,267816166,259528748,0,0,0,64,64,1,1,1,0,1,1,1,203966369,4192591,411221,8398618,1823,16183081,17087649,16139551,17039999,55035,142921,149864,182777,0,1277316,291266560,33554432,0,0
sample,tree_session_control,session_control,gpu_candidate_runtime,14,2,257,768,64,128,0,5654669,7835,256454379,8249034,16539408,270365917,286905325,259528748,10837169,10837169,0,128,128,1,1,2,1,1,2,2,203966369,4192591,597204,8623926,1823,16183081,19960153,16139551,19864958,113697,248852,220087,223344,0,2123252,291266560,33554432,0,0
sample,tree_session_control,session_control,gpu_candidate_runtime,14,3,257,768,64,192,0,7678963,7835,260713568,12266032,24684565,280666398,305350963,259528748,10300481,10837169,0,192,192,1,1,3,2,1,3,3,203966369,4192591,780622,8817424,1823,16183081,22758858,16139551,22614621,165195,344814,288638,260004,0,2954149,291266560,33554432,0,0
sample,tree_session_control,session_control,gpu_candidate_runtime,14,4,257,768,64,256,0,9694250,7835,264958299,16337873,32802221,290998257,323800478,259528748,10331859,10837169,0,256,256,1,1,4,3,1,4,4,203966369,4192591,964341,8994500,1823,16183081,25567039,16139551,25385116,217344,441177,346558,291835,859652,3791641,291266560,33554432,0,0
sample,tree_session_control,session_control,gpu_candidate_runtime,15,1,257,768,64,64,0,3010106,7104,239986489,4246073,8330087,247249772,255579859,247249772,0,0,0,64,64,1,1,1,0,1,1,1,192172263,3709884,401653,8319829,1603,16468523,17175295,16428607,17125726,58982,152270,143021,121370,0,1261796,291266560,33554432,0,0
sample,tree_session_control,session_control,gpu_candidate_runtime,15,2,257,768,64,128,0,5367052,7104,244393849,8726030,16487106,258494035,274981141,247249772,11244263,11244263,0,128,128,1,1,2,1,1,2,2,192172263,3709884,586024,8545437,1603,16468523,20012071,16428607,19907901,111152,246289,213725,185171,0,2141707,291266560,33554432,0,0
sample,tree_session_control,session_control,gpu_candidate_runtime,15,3,257,768,64,192,0,7389353,7104,248759668,13001208,24639207,269157333,293796540,247249772,10663298,11244263,0,192,192,1,1,3,2,1,3,3,192172263,3709884,769633,8729075,1603,16468523,22852726,16428607,22693213,226732,363381,281343,221239,0,2963266,291266560,33554432,0,0
sample,tree_session_control,session_control,gpu_candidate_runtime,15,4,257,768,64,256,0,9416241,7104,253014858,17117845,32795576,279556048,312351624,247249772,10663298,11244263,0,256,256,1,1,4,3,1,4,4,192172263,3709884,953422,8925288,1603,16468523,25659746,16428607,25463387,277679,450998,346396,253571,883228,3795485,291266560,33554432,0,0
sample,tree_session_control,session_control,gpu_candidate_runtime,16,1,257,768,64,64,0,2869729,6492,240496497,4257224,8440308,247629942,256070250,247629942,0,0,0,64,64,1,1,1,0,1,1,1,192811767,3745412,405049,8163622,1282,16285274,17375004,16241151,17319039,59112,147480,134705,187085,0,1180705,291266560,33554432,0,0
sample,tree_session_control,session_control,gpu_candidate_runtime,16,2,257,768,64,128,0,5299282,6492,245240755,8754986,16637403,259301515,275938918,247629942,11671573,11671573,0,128,128,1,1,2,1,1,2,2,192811767,3745412,688427,8407345,1282,16285274,20207473,16241151,20123679,114597,238503,207313,232070,0,2301292,291266560,33554432,0,0
sample,tree_session_control,session_control,gpu_candidate_runtime,16,3,257,768,64,192,0,7329216,6492,249523138,12792513,24799011,269651359,294450370,247629942,10349844,11671573,0,192,192,1,1,3,2,1,3,3,192811767,3745412,872136,8587668,1282,16285274,23053527,16241151,22942014,166987,322974,268048,266967,0,3141096,291266560,33554432,0,0
sample,tree_session_control,session_control,gpu_candidate_runtime,16,4,257,768,64,256,0,9339013,6492,253829766,16806535,32935282,279981806,312917088,247629942,10349844,11671573,0,256,256,1,1,4,3,1,4,4,192811767,3745412,1055654,8787277,1282,16285274,25889301,16241151,25734396,217233,401594,365683,299198,924957,3970091,291266560,33554432,0,0
sample,tree_session_control,session_control,gpu_candidate_runtime,17,1,257,768,64,64,0,3372504,10430,240723378,4238168,8267639,248344480,256612119,248344480,0,0,0,64,64,1,1,1,0,1,1,1,193026485,3584788,369592,8705310,1503,16210443,17164645,16169088,17117536,58291,145657,157098,130248,0,1169318,291069952,33554432,0,0
sample,tree_session_control,session_control,gpu_candidate_runtime,17,2,257,768,64,128,0,5753766,10430,245050204,8333665,16623977,259148065,275772042,248344480,10803585,10803585,0,128,128,1,1,2,1,1,2,2,193026485,3584788,554253,8904778,1503,16210443,19973269,16169088,19885054,118155,255466,231268,172328,0,2017468,291069952,33554432,0,0
sample,tree_session_control,session_control,gpu_candidate_runtime,17,3,257,768,64,192,0,7824268,10430,249375176,12516007,24939889,269725881,294665770,248344480,10577816,10803585,0,192,192,1,1,3,2,1,3,3,193026485,3584788,738202,9112823,1503,16210443,22800379,16169088,22666686,172117,356768,299037,205221,0,2867410,291069952,33554432,0,0
sample,tree_session_control,session_control,gpu_candidate_runtime,17,4,257,768,64,256,0,9893497,10430,253725678,16539138,33069786,280168743,313238529,248344480,10577816,10803585,0,256,256,1,1,4,3,1,4,4,193026485,3584788,921870,9317742,1503,16210443,25621836,16169088,25431389,256036,445517,368219,237382,892645,3733857,291069952,33554432,0,0
sample,tree_session_control,session_control,gpu_candidate_runtime,18,1,257,768,64,64,0,3480919,6632,244634115,4232147,8257370,252353813,260611183,252353813,0,0,0,64,64,1,1,1,0,1,1,1,197168020,3726856,538693,8354005,1684,16330922,16877289,16287008,16834047,54122,145837,156366,123384,0,1156937,291266560,33554432,0,0
sample,tree_session_control,session_control,gpu_candidate_runtime,18,2,257,768,64,128,0,5854066,6632,248940993,8351380,16534557,263153071,279687628,252353813,10799258,10799258,0,128,128,1,1,2,1,1,2,2,197168020,3726856,722852,8537073,1684,16330922,19665322,16287008,19581501,112744,263320,245715,168179,0,1998306,291266560,33554432,0,0
sample,tree_session_control,session_control,gpu_candidate_runtime,18,3,257,768,64,192,0,7917915,6632,253425038,12460433,24956180,273810018,298766198,252353813,10656947,10799258,0,192,192,1,1,3,2,1,3,3,197168020,3726856,920998,8743856,1684,16330922,22504804,16287008,22352956,166847,373629,303004,202404,0,2982014,291266560,33554432,0,0
sample,tree_session_control,session_control,gpu_candidate_runtime,18,4,257,768,64,256,0,10022000,6632,257766493,16485456,33121025,284280581,317401606,252353813,10656947,10799258,0,256,256,1,1,4,3,1,4,4,197168020,3726856,1118554,8943395,1684,16330922,25323106,16287008,25151227,220099,464451,371214,239835,870583,3858357,291266560,33554432,0,0
sample,tree_session_control,session_control,gpu_candidate_runtime,19,1,257,768,64,64,0,3361052,6372,243893489,4346894,8273772,251607807,259881579,251607807,0,0,0,64,64,1,1,1,0,1,1,1,196133756,3810937,381043,8167100,1733,16471789,17192687,16428543,17122814,73790,161657,156288,129987,0,1212722,291266560,33554432,0,0
sample,tree_session_control,session_control,gpu_candidate_runtime,19,2,257,768,64,128,0,5761240,6372,248417820,8436311,16610562,262621743,279232305,251607807,11013936,11013936,0,128,128,1,1,2,1,1,2,2,196133756,3810937,568179,8413728,1733,16471789,20071655,16428543,19931101,139625,282266,251249,182336,0,2090567,291266560,33554432,0,0
sample,tree_session_control,session_control,gpu_candidate_runtime,19,3,257,768,64,192,0,7827413,6372,252897628,12527209,25022326,273258622,298280948,251607807,10636879,11013936,0,192,192,1,1,3,2,1,3,3,196133756,3810937,791673,8648925,1733,16471789,22958338,16428543,22767611,197034,389610,337693,224145,0,2931995,291266560,33554432,0,0
sample,tree_session_control,session_control,gpu_candidate_runtime,19,4,257,768,64,256,0,9919696,6372,257330796,16650299,33282341,283907163,317189504,251607807,10648541,11013936,0,256,256,1,1,4,3,1,4,4,196133756,3810937,977737,8873080,1733,16471789,25812690,16428543,25592603,251758,511721,408297,262037,1038222,3815261,291266560,33554432,0,0
summary,tree_session_control,session_control,gpu_candidate_runtime,1,20,238325074,245900197,259528748,263690791,255068408,245900197,0,0,259.40107178362086,291266560,33554432
summary,tree_session_control,session_control,gpu_candidate_runtime,2,20,249382672,257532246,270365917,274875370,274020197,245900197,10849371,11671573,496.97844289610725,291266560,33554432
summary,tree_session_control,session_control,gpu_candidate_runtime,3,20,259798872,267989964,280666398,285828540,292836846,245900197,10544143,11671573,715.61141104712738,291266560,33554432
summary,tree_session_control,session_control,gpu_candidate_runtime,4,20,270148284,278530780,290998257,296912327,311910996,245900197,10577816,11671573,918.82730702498179,291266560,33554432
case,grid_33_session,session_grid_medium,square_grid,1089,1,1090,5315,512,4
identity,grid_33_session,0,v1-63822ed82e7701ddd501f728e75d304c,v1-aec8b61f33c90b18fe07e1dedb3e1127,v1-70f671d8ca545c680323b286998f8b87,512
identity,grid_33_session,1,v1-63822ed82e7701ddd501f728e75d304c,v1-68054feff22e9e5fb4657f7f7f6ef0e8,v1-4e58bfae516276cbd39b9c77eb1002b0,512
identity,grid_33_session,2,v1-63822ed82e7701ddd501f728e75d304c,v1-321fb2f12f804c524bff4c51b9cda9d9,v1-d839d10798d62c34bd67340c2cf7ae9f,512
identity,grid_33_session,3,v1-63822ed82e7701ddd501f728e75d304c,v1-5c75f6f1b4e8a7ed8924f41db708dd06,v1-5a94b25b83bbf5a532613f5e00e4476a,512
sample,grid_33_session,session_grid_medium,parallel_inline_certified,0,1,1090,5315,512,512,32,107873875,3123661,66065604,505716223,0,682779363,682779363,682779363,0,0,32,512,512,0,0,0,0,0,0,0,0,0,0,0,0,0,0,0,0,0,0,0,0,0,0,206200832,0,0,0
sample,grid_33_session,session_grid_medium,parallel_inline_certified,0,2,1090,5315,512,1024,32,212033367,3123661,132054564,1008454201,0,1355665793,1355665793,682779363,672886430,672886430,32,1024,1024,0,0,0,0,0,0,0,0,0,0,0,0,0,0,0,0,0,0,0,0,0,0,206200832,0,0,0
sample,grid_33_session,session_grid_medium,parallel_inline_certified,0,3,1090,5315,512,1536,32,315853935,3123661,194469918,1508685348,0,2022132862,2022132862,682779363,666467069,672886430,32,1536,1536,0,0,0,0,0,0,0,0,0,0,0,0,0,0,0,0,0,0,0,0,0,0,206200832,0,0,0
sample,grid_33_session,session_grid_medium,parallel_inline_certified,0,4,1090,5315,512,2048,32,420115882,3123661,258105606,2008260210,0,2689605359,2689605359,682779363,667472497,672886430,32,2048,2048,0,0,0,0,0,0,0,0,0,0,0,0,0,0,0,0,0,0,0,0,1034433,0,206200832,0,0,0
sample,grid_33_session,session_grid_medium,parallel_inline_certified,1,1,1090,5315,512,512,32,106030876,2988293,64894551,502720789,0,676634509,676634509,676634509,0,0,32,512,512,0,0,0,0,0,0,0,0,0,0,0,0,0,0,0,0,0,0,0,0,0,0,206106624,0,0,0
sample,grid_33_session,session_grid_medium,parallel_inline_certified,1,2,1090,5315,512,1024,32,210450443,2988293,127100728,1003457259,0,1343996723,1343996723,676634509,667362214,667362214,32,1024,1024,0,0,0,0,0,0,0,0,0,0,0,0,0,0,0,0,0,0,0,0,0,0,206106624,0,0,0
sample,grid_33_session,session_grid_medium,parallel_inline_certified,1,3,1090,5315,512,1536,32,314673066,2988293,192919635,1533923926,0,2044504920,2044504920,676634509,667362214,700508197,32,1536,1536,0,0,0,0,0,0,0,0,0,0,0,0,0,0,0,0,0,0,0,0,0,0,206106624,0,0,0
sample,grid_33_session,session_grid_medium,parallel_inline_certified,1,4,1090,5315,512,2048,32,419089407,2988293,260516608,2048317561,0,2730911869,2730911869,676634509,686406949,700508197,32,2048,2048,0,0,0,0,0,0,0,0,0,0,0,0,0,0,0,0,0,0,0,0,1206662,0,206106624,0,0,0
sample,grid_33_session,session_grid_medium,parallel_inline_certified,2,1,1090,5315,512,512,32,110895303,3150123,69667264,516335763,0,700048453,700048453,700048453,0,0,32,512,512,0,0,0,0,0,0,0,0,0,0,0,0,0,0,0,0,0,0,0,0,0,0,206200832,0,0,0
sample,grid_33_session,session_grid_medium,parallel_inline_certified,2,2,1090,5315,512,1024,32,220064248,3150123,137900004,1017940703,0,1379055078,1379055078,700048453,679006625,679006625,32,1024,1024,0,0,0,0,0,0,0,0,0,0,0,0,0,0,0,0,0,0,0,0,0,0,206200832,0,0,0
sample,grid_33_session,session_grid_medium,parallel_inline_certified,2,3,1090,5315,512,1536,32,323795668,3150123,204641723,1519045573,0,2050633087,2050633087,700048453,671578009,679006625,32,1536,1536,0,0,0,0,0,0,0,0,0,0,0,0,0,0,0,0,0,0,0,0,0,0,206200832,0,0,0
sample,grid_33_session,session_grid_medium,parallel_inline_certified,2,4,1090,5315,512,2048,32,427502242,3150123,271981197,2019028463,0,2721662025,2721662025,700048453,671578009,679006625,32,2048,2048,0,0,0,0,0,0,0,0,0,0,0,0,0,0,0,0,0,0,0,0,1036990,0,206200832,0,0,0
sample,grid_33_session,session_grid_medium,parallel_inline_certified,3,1,1090,5315,512,512,32,107923921,2961694,66152480,499935268,0,676973363,676973363,676973363,0,0,32,512,512,0,0,0,0,0,0,0,0,0,0,0,0,0,0,0,0,0,0,0,0,0,0,207085568,0,0,0
sample,grid_33_session,session_grid_medium,parallel_inline_certified,3,2,1090,5315,512,1024,32,212576620,2961694,130850898,1005610947,0,1352000159,1352000159,676973363,675026796,675026796,32,1024,1024,0,0,0,0,0,0,0,0,0,0,0,0,0,0,0,0,0,0,0,0,0,0,207085568,0,0,0
sample,grid_33_session,session_grid_medium,parallel_inline_certified,3,3,1090,5315,512,1536,32,316934980,2961694,195410273,1505133904,0,2020440851,2020440851,676973363,668440692,675026796,32,1536,1536,0,0,0,0,0,0,0,0,0,0,0,0,0,0,0,0,0,0,0,0,0,0,207085568,0,0,0
sample,grid_33_session,session_grid_medium,parallel_inline_certified,3,4,1090,5315,512,2048,32,420830882,2961694,260436403,2003577832,0,2687806811,2687806811,676973363,668440692,675026796,32,2048,2048,0,0,0,0,0,0,0,0,0,0,0,0,0,0,0,0,0,0,0,0,1045376,0,207085568,0,0,0
sample,grid_33_session,session_grid_medium,parallel_inline_certified,4,1,1090,5315,512,512,32,107006810,3063156,66550957,500993038,0,677613961,677613961,677613961,0,0,32,512,512,0,0,0,0,0,0,0,0,0,0,0,0,0,0,0,0,0,0,0,0,0,0,206540800,0,0,0
sample,grid_33_session,session_grid_medium,parallel_inline_certified,4,2,1090,5315,512,1024,32,212319963,3063156,133436610,1003973759,0,1352793488,1352793488,677613961,675179527,675179527,32,1024,1024,0,0,0,0,0,0,0,0,0,0,0,0,0,0,0,0,0,0,0,0,0,0,206540800,0,0,0
sample,grid_33_session,session_grid_medium,parallel_inline_certified,4,3,1090,5315,512,1536,32,316416256,3063156,199101655,1503132454,0,2021713521,2021713521,677613961,668920033,675179527,32,1536,1536,0,0,0,0,0,0,0,0,0,0,0,0,0,0,0,0,0,0,0,0,0,0,206540800,0,0,0
sample,grid_33_session,session_grid_medium,parallel_inline_certified,4,4,1090,5315,512,2048,32,420084827,3063156,265051270,2012727839,0,2700927092,2700927092,677613961,675179527,679213571,32,2048,2048,0,0,0,0,0,0,0,0,0,0,0,0,0,0,0,0,0,0,0,0,1035857,0,206540800,0,0,0
sample,grid_33_session,session_grid_medium,parallel_inline_certified,5,1,1090,5315,512,512,32,111184643,2996831,66607524,502526760,0,683315758,683315758,683315758,0,0,32,512,512,0,0,0,0,0,0,0,0,0,0,0,0,0,0,0,0,0,0,0,0,0,0,206307328,0,0,0
sample,grid_33_session,session_grid_medium,parallel_inline_certified,5,2,1090,5315,512,1024,32,216071277,2996831,135397073,1001870076,0,1356335257,1356335257,683315758,673019499,673019499,32,1024,1024,0,0,0,0,0,0,0,0,0,0,0,0,0,0,0,0,0,0,0,0,0,0,206307328,0,0,0
sample,grid_33_session,session_grid_medium,parallel_inline_certified,5,3,1090,5315,512,1536,32,319968101,2996831,200995872,1505747322,0,2029708126,2029708126,683315758,673019499,673372869,32,1536,1536,0,0,0,0,0,0,0,0,0,0,0,0,0,0,0,0,0,0,0,0,0,0,206307328,0,0,0
sample,grid_33_session,session_grid_medium,parallel_inline_certified,5,4,1090,5315,512,2048,32,424587047,2996831,267356627,2006836171,0,2701776676,2701776676,683315758,673019499,673372869,32,2048,2048,0,0,0,0,0,0,0,0,0,0,0,0,0,0,0,0,0,0,0,0,1062538,0,206307328,0,0,0
sample,grid_33_session,session_grid_medium,parallel_inline_certified,6,1,1090,5315,512,512,32,108568386,2948219,65435539,500772158,0,677724302,677724302,677724302,0,0,32,512,512,0,0,0,0,0,0,0,0,0,0,0,0,0,0,0,0,0,0,0,0,0,0,206606336,0,0,0
sample,grid_33_session,session_grid_medium,parallel_inline_certified,6,2,1090,5315,512,1024,32,213441755,2948219,133136950,1002702055,0,1352228979,1352228979,677724302,674504677,674504677,32,1024,1024,0,0,0,0,0,0,0,0,0,0,0,0,0,0,0,0,0,0,0,0,0,0,206606336,0,0,0
sample,grid_33_session,session_grid_medium,parallel_inline_certified,6,3,1090,5315,512,1536,32,317456412,2948219,198891966,1521335841,0,2040632438,2040632438,677724302,674504677,688403459,32,1536,1536,0,0,0,0,0,0,0,0,0,0,0,0,0,0,0,0,0,0,0,0,0,0,206606336,0,0,0
sample,grid_33_session,session_grid_medium,parallel_inline_certified,6,4,1090,5315,512,2048,32,421559308,2948219,263868893,2022642985,0,2711019405,2711019405,677724302,674504677,688403459,32,2048,2048,0,0,0,0,0,0,0,0,0,0,0,0,0,0,0,0,0,0,0,0,1017122,0,206606336,0,0,0
sample,grid_33_session,session_grid_medium,parallel_inline_certified,7,1,1090,5315,512,512,32,107627779,2989537,69084939,501331388,0,681033643,681033643,681033643,0,0,32,512,512,0,0,0,0,0,0,0,0,0,0,0,0,0,0,0,0,0,0,0,0,0,0,205496320,0,0,0
sample,grid_33_session,session_grid_medium,parallel_inline_certified,7,2,1090,5315,512,1024,32,212637206,2989537,134416540,1000972186,0,1351015469,1351015469,681033643,669981826,669981826,32,1024,1024,0,0,0,0,0,0,0,0,0,0,0,0,0,0,0,0,0,0,0,0,0,0,205496320,0,0,0
sample,grid_33_session,session_grid_medium,parallel_inline_certified,7,3,1090,5315,512,1536,32,317291067,2989537,199271136,1499873198,0,2019424938,2019424938,681033643,668409469,669981826,32,1536,1536,0,0,0,0,0,0,0,0,0,0,0,0,0,0,0,0,0,0,0,0,0,0,205496320,0,0,0
sample,grid_33_session,session_grid_medium,parallel_inline_certified,7,4,1090,5315,512,2048,32,421780286,2989537,265697034,2005902147,0,2696369004,2696369004,681033643,669981826,676944066,32,2048,2048,0,0,0,0,0,0,0,0,0,0,0,0,0,0,0,0,0,0,0,0,1005188,0,205496320,0,0,0
sample,grid_33_session,session_grid_medium,parallel_inline_certified,8,1,1090,5315,512,512,32,106669199,3484587,64687437,502438721,0,677279944,677279944,677279944,0,0,32,512,512,0,0,0,0,0,0,0,0,0,0,0,0,0,0,0,0,0,0,0,0,0,0,205615104,0,0,0
sample,grid_33_session,session_grid_medium,parallel_inline_certified,8,2,1090,5315,512,1024,32,210815125,3484587,127260631,1006787398,0,1348347741,1348347741,677279944,671067797,671067797,32,1024,1024,0,0,0,0,0,0,0,0,0,0,0,0,0,0,0,0,0,0,0,0,0,0,205615104,0,0,0
sample,grid_33_session,session_grid_medium,parallel_inline_certified,8,3,1090,5315,512,1536,32,314387944,3484587,188794309,1510706200,0,2017373040,2017373040,677279944,669025299,671067797,32,1536,1536,0,0,0,0,0,0,0,0,0,0,0,0,0,0,0,0,0,0,0,0,0,0,205615104,0,0,0
sample,grid_33_session,session_grid_medium,parallel_inline_certified,8,4,1090,5315,512,2048,32,418117049,3484587,254943583,2012659029,0,2689204248,2689204248,677279944,671067797,671831208,32,2048,2048,0,0,0,0,0,0,0,0,0,0,0,0,0,0,0,0,0,0,0,0,1414887,0,205615104,0,0,0
sample,grid_33_session,session_grid_medium,parallel_inline_certified,9,1,1090,5315,512,512,32,106674208,2957596,65012015,501097615,0,675741434,675741434,675741434,0,0,32,512,512,0,0,0,0,0,0,0,0,0,0,0,0,0,0,0,0,0,0,0,0,0,0,206254080,0,0,0
sample,grid_33_session,session_grid_medium,parallel_inline_certified,9,2,1090,5315,512,1024,32,211753558,2957596,132433093,1005237425,0,1352381672,1352381672,675741434,676640238,676640238,32,1024,1024,0,0,0,0,0,0,0,0,0,0,0,0,0,0,0,0,0,0,0,0,0,0,206254080,0,0,0
sample,grid_33_session,session_grid_medium,parallel_inline_certified,9,3,1090,5315,512,1536,32,315312450,2957596,197320771,1506915291,0,2022506108,2022506108,675741434,670124436,676640238,32,1536,1536,0,0,0,0,0,0,0,0,0,0,0,0,0,0,0,0,0,0,0,0,0,0,206254080,0,0,0
sample,grid_33_session,session_grid_medium,parallel_inline_certified,9,4,1090,5315,512,2048,32,418957185,2957596,260669747,2006900562,0,2689485090,2689485090,675741434,670124436,676640238,32,2048,2048,0,0,0,0,0,0,0,0,0,0,0,0,0,0,0,0,0,0,0,0,1044073,0,206254080,0,0,0
sample,grid_33_session,session_grid_medium,parallel_inline_certified,10,1,1090,5315,512,512,32,111815080,3230234,65797717,507537452,0,688380483,688380483,688380483,0,0,32,512,512,0,0,0,0,0,0,0,0,0,0,0,0,0,0,0,0,0,0,0,0,0,0,205537280,0,0,0
sample,grid_33_session,session_grid_medium,parallel_inline_certified,10,2,1090,5315,512,1024,32,215955858,3230234,130640159,1006937112,0,1356763363,1356763363,688380483,668382880,668382880,32,1024,1024,0,0,0,0,0,0,0,0,0,0,0,0,0,0,0,0,0,0,0,0,0,0,205537280,0,0,0
sample,grid_33_session,session_grid_medium,parallel_inline_certified,10,3,1090,5315,512,1536,32,319375376,3230234,197924648,1508671205,0,2029201463,2029201463,688380483,668382880,672438100,32,1536,1536,0,0,0,0,0,0,0,0,0,0,0,0,0,0,0,0,0,0,0,0,0,0,205537280,0,0,0
sample,grid_33_session,session_grid_medium,parallel_inline_certified,10,4,1090,5315,512,2048,32,423675045,3230234,265193868,2013280318,0,2705379465,2705379465,688380483,672438100,676178002,32,2048,2048,0,0,0,0,0,0,0,0,0,0,0,0,0,0,0,0,0,0,0,0,1035115,0,205537280,0,0,0
sample,grid_33_session,session_grid_medium,parallel_inline_certified,11,1,1090,5315,512,512,32,107371653,2948840,63944816,500947288,0,675212597,675212597,675212597,0,0,32,512,512,0,0,0,0,0,0,0,0,0,0,0,0,0,0,0,0,0,0,0,0,0,0,206434304,0,0,0
sample,grid_33_session,session_grid_medium,parallel_inline_certified,11,2,1090,5315,512,1024,32,211675490,2948840,130075444,1000582135,0,1345281909,1345281909,675212597,670069312,670069312,32,1024,1024,0,0,0,0,0,0,0,0,0,0,0,0,0,0,0,0,0,0,0,0,0,0,206434304,0,0,0
sample,grid_33_session,session_grid_medium,parallel_inline_certified,11,3,1090,5315,512,1536,32,315361063,2948840,194368402,1508841709,0,2021520014,2021520014,675212597,670069312,676238105,32,1536,1536,0,0,0,0,0,0,0,0,0,0,0,0,0,0,0,0,0,0,0,0,0,0,206434304,0,0,0
sample,grid_33_session,session_grid_medium,parallel_inline_certified,11,4,1090,5315,512,2048,32,419451735,2948840,262576474,2008754041,0,2693731090,2693731090,675212597,672211076,676238105,32,2048,2048,0,0,0,0,0,0,0,0,0,0,0,0,0,0,0,0,0,0,0,0,1047188,0,206434304,0,0,0
sample,grid_33_session,session_grid_medium,parallel_inline_certified,12,1,1090,5315,512,512,32,106298665,2972345,64245828,499573611,0,673090449,673090449,673090449,0,0,32,512,512,0,0,0,0,0,0,0,0,0,0,0,0,0,0,0,0,0,0,0,0,0,0,206852096,0,0,0
sample,grid_33_session,session_grid_medium,parallel_inline_certified,12,2,1090,5315,512,1024,32,210157396,2972345,132744122,1003107912,0,1348981775,1348981775,673090449,675891326,675891326,32,1024,1024,0,0,0,0,0,0,0,0,0,0,0,0,0,0,0,0,0,0,0,0,0,0,206852096,0,0,0
sample,grid_33_session,session_grid_medium,parallel_inline_certified,12,3,1090,5315,512,1536,32,315364839,2972345,199066673,1505470980,0,2022874837,2022874837,673090449,673893062,675891326,32,1536,1536,0,0,0,0,0,0,0,0,0,0,0,0,0,0,0,0,0,0,0,0,0,0,206852096,0,0,0
sample,grid_33_session,session_grid_medium,parallel_inline_certified,12,4,1090,5315,512,2048,32,419465190,2972345,268831532,2007377888,0,2698646955,2698646955,673090449,675772118,675891326,32,2048,2048,0,0,0,0,0,0,0,0,0,0,0,0,0,0,0,0,0,0,0,0,1031899,0,206852096,0,0,0
sample,grid_33_session,session_grid_medium,parallel_inline_certified,13,1,1090,5315,512,512,32,107088775,3105537,63128557,504833616,0,678156485,678156485,678156485,0,0,32,512,512,0,0,0,0,0,0,0,0,0,0,0,0,0,0,0,0,0,0,0,0,0,0,206950400,0,0,0
sample,grid_33_session,session_grid_medium,parallel_inline_certified,13,2,1090,5315,512,1024,32,211682853,3105537,128243907,1009349298,0,1352381595,1352381595,678156485,674225110,674225110,32,1024,1024,0,0,0,0,0,0,0,0,0,0,0,0,0,0,0,0,0,0,0,0,0,0,206950400,0,0,0
sample,grid_33_session,session_grid_medium,parallel_inline_certified,13,3,1090,5315,512,1536,32,315580988,3105537,195736442,1512299877,0,2026722844,2026722844,678156485,674225110,674341249,32,1536,1536,0,0,0,0,0,0,0,0,0,0,0,0,0,0,0,0,0,0,0,0,0,0,206950400,0,0,0
sample,grid_33_session,session_grid_medium,parallel_inline_certified,13,4,1090,5315,512,2048,32,420152233,3105537,262395934,2017683950,0,2703337654,2703337654,678156485,674341249,676614810,32,2048,2048,0,0,0,0,0,0,0,0,0,0,0,0,0,0,0,0,0,0,0,0,1370993,0,206950400,0,0,0
sample,grid_33_session,session_grid_medium,parallel_inline_certified,14,1,1090,5315,512,512,32,107356954,3067064,64853933,500745353,0,676023304,676023304,676023304,0,0,32,512,512,0,0,0,0,0,0,0,0,0,0,0,0,0,0,0,0,0,0,0,0,0,0,206360576,0,0,0
sample,grid_33_session,session_grid_medium,parallel_inline_certified,14,2,1090,5315,512,1024,32,212384795,3067064,134113193,1002130670,0,1351695722,1351695722,676023304,675672418,675672418,32,1024,1024,0,0,0,0,0,0,0,0,0,0,0,0,0,0,0,0,0,0,0,0,0,0,206360576,0,0,0
sample,grid_33_session,session_grid_medium,parallel_inline_certified,14,3,1090,5315,512,1536,32,316500875,3067064,198609808,1507150699,0,2025328446,2025328446,676023304,673632724,675672418,32,1536,1536,0,0,0,0,0,0,0,0,0,0,0,0,0,0,0,0,0,0,0,0,0,0,206360576,0,0,0
sample,grid_33_session,session_grid_medium,parallel_inline_certified,14,4,1090,5315,512,2048,32,420758985,3067064,264041317,2009771223,0,2697638589,2697638589,676023304,673632724,675672418,32,2048,2048,0,0,0,0,0,0,0,0,0,0,0,0,0,0,0,0,0,0,0,0,1064661,0,206360576,0,0,0
sample,grid_33_session,session_grid_medium,parallel_inline_certified,15,1,1090,5315,512,512,32,106708933,3042158,64806944,500382994,0,674941029,674941029,674941029,0,0,32,512,512,0,0,0,0,0,0,0,0,0,0,0,0,0,0,0,0,0,0,0,0,0,0,207241216,0,0,0
sample,grid_33_session,session_grid_medium,parallel_inline_certified,15,2,1090,5315,512,1024,32,211092831,3042158,129431973,1000735071,0,1344302033,1344302033,674941029,669361004,669361004,32,1024,1024,0,0,0,0,0,0,0,0,0,0,0,0,0,0,0,0,0,0,0,0,0,0,207241216,0,0,0
sample,grid_33_session,session_grid_medium,parallel_inline_certified,15,3,1090,5315,512,1536,32,314912218,3042158,195368572,1500202356,0,2013525304,2013525304,674941029,669223271,669361004,32,1536,1536,0,0,0,0,0,0,0,0,0,0,0,0,0,0,0,0,0,0,0,0,0,0,207241216,0,0,0
sample,grid_33_session,session_grid_medium,parallel_inline_certified,15,4,1090,5315,512,2048,32,418860207,3042158,261001214,2001519062,0,2684422641,2684422641,674941029,669361004,670897337,32,2048,2048,0,0,0,0,0,0,0,0,0,0,0,0,0,0,0,0,0,0,0,0,1076855,0,207241216,0,0,0
sample,grid_33_session,session_grid_medium,parallel_inline_certified,16,1,1090,5315,512,512,32,106770558,3076262,65753330,500835692,0,676435842,676435842,676435842,0,0,32,512,512,0,0,0,0,0,0,0,0,0,0,0,0,0,0,0,0,0,0,0,0,0,0,205778944,0,0,0
sample,grid_33_session,session_grid_medium,parallel_inline_certified,16,2,1090,5315,512,1024,32,211525518,3076262,128614007,1006807879,0,1350023666,1350023666,676435842,673587824,673587824,32,1024,1024,0,0,0,0,0,0,0,0,0,0,0,0,0,0,0,0,0,0,0,0,0,0,205778944,0,0,0
sample,grid_33_session,session_grid_medium,parallel_inline_certified,16,3,1090,5315,512,1536,32,315212139,3076262,194067899,1508723763,0,2021080063,2021080063,676435842,671056397,673587824,32,1536,1536,0,0,0,0,0,0,0,0,0,0,0,0,0,0,0,0,0,0,0,0,0,0,205778944,0,0,0
sample,grid_33_session,session_grid_medium,parallel_inline_certified,16,4,1090,5315,512,2048,32,419383109,3076262,261693695,2010216743,0,2694369809,2694369809,676435842,673289746,673587824,32,2048,2048,0,0,0,0,0,0,0,0,0,0,0,0,0,0,0,0,0,0,0,0,1310409,0,205778944,0,0,0
sample,grid_33_session,session_grid_medium,parallel_inline_certified,17,1,1090,5315,512,512,32,107230510,2983837,64158440,500870058,0,675242845,675242845,675242845,0,0,32,512,512,0,0,0,0,0,0,0,0,0,0,0,0,0,0,0,0,0,0,0,0,0,0,205643776,0,0,0
sample,grid_33_session,session_grid_medium,parallel_inline_certified,17,2,1090,5315,512,1024,32,212207181,2983837,128911551,1000797676,0,1344900245,1344900245,675242845,669657400,669657400,32,1024,1024,0,0,0,0,0,0,0,0,0,0,0,0,0,0,0,0,0,0,0,0,0,0,205643776,0,0,0
sample,grid_33_session,session_grid_medium,parallel_inline_certified,17,3,1090,5315,512,1536,32,316596818,2983837,191241220,1499858137,0,2010680012,2010680012,675242845,665779767,669657400,32,1536,1536,0,0,0,0,0,0,0,0,0,0,0,0,0,0,0,0,0,0,0,0,0,0,205643776,0,0,0
sample,grid_33_session,session_grid_medium,parallel_inline_certified,17,4,1090,5315,512,2048,32,421107795,2983837,254788150,2005385258,0,2684265040,2684265040,675242845,669657400,673585028,32,2048,2048,0,0,0,0,0,0,0,0,0,0,0,0,0,0,0,0,0,0,0,0,1040827,0,205643776,0,0,0
sample,grid_33_session,session_grid_medium,parallel_inline_certified,18,1,1090,5315,512,512,32,108085845,3481221,65550315,500670829,0,677788210,677788210,677788210,0,0,32,512,512,0,0,0,0,0,0,0,0,0,0,0,0,0,0,0,0,0,0,0,0,0,0,206159872,0,0,0
sample,grid_33_session,session_grid_medium,parallel_inline_certified,18,2,1090,5315,512,1024,32,212422140,3481221,133199063,1008383049,0,1357485473,1357485473,677788210,679697263,679697263,32,1024,1024,0,0,0,0,0,0,0,0,0,0,0,0,0,0,0,0,0,0,0,0,0,0,206159872,0,0,0
sample,grid_33_session,session_grid_medium,parallel_inline_certified,18,3,1090,5315,512,1536,32,316059388,3481221,197459818,1512205062,0,2029205489,2029205489,677788210,671720016,679697263,32,1536,1536,0,0,0,0,0,0,0,0,0,0,0,0,0,0,0,0,0,0,0,0,0,0,206159872,0,0,0
sample,grid_33_session,session_grid_medium,parallel_inline_certified,18,4,1090,5315,512,2048,32,420142755,3481221,263404564,2012186764,0,2699215304,2699215304,677788210,671720016,679697263,32,2048,2048,0,0,0,0,0,0,0,0,0,0,0,0,0,0,0,0,0,0,0,0,1231328,0,206159872,0,0,0
sample,grid_33_session,session_grid_medium,parallel_inline_certified,19,1,1090,5315,512,512,32,107086460,2979599,64750798,500626807,0,675443664,675443664,675443664,0,0,32,512,512,0,0,0,0,0,0,0,0,0,0,0,0,0,0,0,0,0,0,0,0,0,0,205905920,0,0,0
sample,grid_33_session,session_grid_medium,parallel_inline_certified,19,2,1090,5315,512,1024,32,211923800,2979599,130986445,1000074406,0,1345964250,1345964250,675443664,670520586,670520586,32,1024,1024,0,0,0,0,0,0,0,0,0,0,0,0,0,0,0,0,0,0,0,0,0,0,205905920,0,0,0
sample,grid_33_session,session_grid_medium,parallel_inline_certified,19,3,1090,5315,512,1536,32,315729540,2979599,198321348,1501033184,0,2018063671,2018063671,675443664,670520586,672099421,32,1536,1536,0,0,0,0,0,0,0,0,0,0,0,0,0,0,0,0,0,0,0,0,0,0,205905920,0,0,0
sample,grid_33_session,session_grid_medium,parallel_inline_certified,19,4,1090,5315,512,2048,32,419437916,2979599,263225307,2002162626,0,2687805448,2687805448,675443664,670520586,672099421,32,2048,2048,0,0,0,0,0,0,0,0,0,0,0,0,0,0,0,0,0,0,0,0,1155083,0,205905920,0,0,0
summary,grid_33_session,session_grid_medium,parallel_inline_certified,1,20,673090449,676973363,688380483,700048453,676973363,676973363,0,0,755.96509912302974,207241216,0
summary,grid_33_session,session_grid_medium,parallel_inline_certified,2,20,1343996723,1351695722,1357485473,1379055078,1351695722,676973363,673019499,679006625,757.39636063164107,207241216,0
summary,grid_33_session,session_grid_medium,parallel_inline_certified,3,20,2010680012,2022132862,2044504920,2050633087,2022132862,676973363,670069312,688403459,759.45382509569163,207241216,0
summary,grid_33_session,session_grid_medium,parallel_inline_certified,4,20,2684265040,2696369004,2721662025,2730911869,2696369004,676973363,671720016,688403459,759.18249699978617,207241216,0
sample,grid_33_session,session_grid_medium,parallel_candidate_runtime,0,1,1090,5315,512,512,32,107865149,2973125,65934315,203394331,499360714,380166920,879527634,380166920,0,0,32,512,512,0,0,0,0,0,0,0,0,0,0,0,0,0,0,0,0,0,0,0,0,0,0,205774848,0,0,0
sample,grid_33_session,session_grid_medium,parallel_candidate_runtime,0,2,1090,5315,512,1024,32,211897309,2973125,133257097,405114524,1005098968,753242055,1758341023,380166920,373075135,373075135,32,1024,1024,0,0,0,0,0,0,0,0,0,0,0,0,0,0,0,0,0,0,0,0,0,0,205774848,0,0,0
sample,grid_33_session,session_grid_medium,parallel_candidate_runtime,0,3,1090,5315,512,1536,32,316111495,2973125,201401097,606270336,1505492039,1126756053,2632248092,380166920,373075135,373513998,32,1536,1536,0,0,0,0,0,0,0,0,0,0,0,0,0,0,0,0,0,0,0,0,0,0,205774848,0,0,0
sample,grid_33_session,session_grid_medium,parallel_candidate_runtime,0,4,1090,5315,512,2048,32,420733444,2973125,268780797,812277469,2004078510,1504764835,3508843345,380166920,373513998,378008782,32,2048,2048,0,0,0,0,0,0,0,0,0,0,0,0,0,0,0,0,0,0,0,0,977396,0,205774848,0,0,0
sample,grid_33_session,session_grid_medium,parallel_candidate_runtime,1,1,1090,5315,512,512,32,108570929,2983657,65319687,205504228,505514167,382378501,887892668,382378501,0,0,32,512,512,0,0,0,0,0,0,0,0,0,0,0,0,0,0,0,0,0,0,0,0,0,0,205643776,0,0,0
sample,grid_33_session,session_grid_medium,parallel_candidate_runtime,1,2,1090,5315,512,1024,32,212607466,2983657,132403053,406992479,1003712762,754986655,1758699417,382378501,372608154,372608154,32,1024,1024,0,0,0,0,0,0,0,0,0,0,0,0,0,0,0,0,0,0,0,0,0,0,205643776,0,0,0
sample,grid_33_session,session_grid_medium,parallel_candidate_runtime,1,3,1090,5315,512,1536,32,318833493,2983657,198612711,608675972,1502334870,1129105833,2631440703,382378501,372608154,374119178,32,1536,1536,0,0,0,0,0,0,0,0,0,0,0,0,0,0,0,0,0,0,0,0,0,0,205643776,0,0,0
sample,grid_33_session,session_grid_medium,parallel_candidate_runtime,1,4,1090,5315,512,2048,32,423485820,2983657,265726074,810768812,2002181012,1502964363,3505145375,382378501,373858530,374119178,32,2048,2048,0,0,0,0,0,0,0,0,0,0,0,0,0,0,0,0,0,0,0,0,1165403,0,205643776,0,0,0
sample,grid_33_session,session_grid_medium,parallel_candidate_runtime,2,1,1090,5315,512,512,32,107667303,3099755,65393698,203903800,503727082,380064556,883791638,380064556,0,0,32,512,512,0,0,0,0,0,0,0,0,0,0,0,0,0,0,0,0,0,0,0,0,0,0,206127104,0,0,0
sample,grid_33_session,session_grid_medium,parallel_candidate_runtime,2,2,1090,5315,512,1024,32,211983492,3099755,131413424,404742719,1004276542,751239390,1755515932,380064556,371174834,371174834,32,1024,1024,0,0,0,0,0,0,0,0,0,0,0,0,0,0,0,0,0,0,0,0,0,0,206127104,0,0,0
sample,grid_33_session,session_grid_medium,parallel_candidate_runtime,2,3,1090,5315,512,1536,32,316348153,3099755,198841906,607210322,1504397486,1125500136,2629897622,380064556,371174834,374260746,32,1536,1536,0,0,0,0,0,0,0,0,0,0,0,0,0,0,0,0,0,0,0,0,0,0,206127104,0,0,0
sample,grid_33_session,session_grid_medium,parallel_candidate_runtime,2,4,1090,5315,512,2048,32,421483528,3099755,265923841,810042613,2005445072,1500549737,3505994809,380064556,374260746,375049601,32,2048,2048,0,0,0,0,0,0,0,0,0,0,0,0,0,0,0,0,0,0,0,0,1023194,0,206127104,0,0,0
sample,grid_33_session,session_grid_medium,parallel_candidate_runtime,3,1,1090,5315,512,512,32,108664645,3012641,65119756,203588687,502767482,380385729,883153211,380385729,0,0,32,512,512,0,0,0,0,0,0,0,0,0,0,0,0,0,0,0,0,0,0,0,0,0,0,206462976,0,0,0
sample,grid_33_session,session_grid_medium,parallel_candidate_runtime,3,2,1090,5315,512,1024,32,212944112,3012641,130827449,407621868,1004878519,754406070,1759284589,380385729,374020341,374020341,32,1024,1024,0,0,0,0,0,0,0,0,0,0,0,0,0,0,0,0,0,0,0,0,0,0,206462976,0,0,0
sample,grid_33_session,session_grid_medium,parallel_candidate_runtime,3,3,1090,5315,512,1536,32,317053106,3012641,194887934,608208624,1502808116,1123162305,2625970421,380385729,368756235,374020341,32,1536,1536,0,0,0,0,0,0,0,0,0,0,0,0,0,0,0,0,0,0,0,0,0,0,206462976,0,0,0
sample,grid_33_session,session_grid_medium,parallel_candidate_runtime,3,4,1090,5315,512,2048,32,421101986,3012641,263125983,810299038,2005602940,1497539648,3503142588,380385729,374020341,374377343,32,2048,2048,0,0,0,0,0,0,0,0,0,0,0,0,0,0,0,0,0,0,0,0,1034604,0,206462976,0,0,0
sample,grid_33_session,session_grid_medium,parallel_candidate_runtime,4,1,1090,5315,512,512,32,109188388,3039722,66052599,201901785,499438610,380182494,879621104,380182494,0,0,32,512,512,0,0,0,0,0,0,0,0,0,0,0,0,0,0,0,0,0,0,0,0,0,0,206299136,0,0,0
sample,grid_33_session,session_grid_medium,parallel_candidate_runtime,4,2,1090,5315,512,1024,32,214058768,3039722,131424294,403646160,1002186776,752168944,1754355720,380182494,371986450,371986450,32,1024,1024,0,0,0,0,0,0,0,0,0,0,0,0,0,0,0,0,0,0,0,0,0,0,206299136,0,0,0
sample,grid_33_session,session_grid_medium,parallel_candidate_runtime,4,3,1090,5315,512,1536,32,317863174,3039722,198623069,604917867,1507694953,1124443832,2632138785,380182494,371986450,372274888,32,1536,1536,0,0,0,0,0,0,0,0,0,0,0,0,0,0,0,0,0,0,0,0,0,0,206299136,0,0,0
sample,grid_33_session,session_grid_medium,parallel_candidate_runtime,4,4,1090,5315,512,2048,32,421849334,3039722,266647492,805799283,2007164644,1497335831,3504500475,380182494,372274888,372891999,32,2048,2048,0,0,0,0,0,0,0,0,0,0,0,0,0,0,0,0,0,0,0,0,1086743,0,206299136,0,0,0
sample,grid_33_session,session_grid_medium,parallel_candidate_runtime,5,1,1090,5315,512,512,32,109064579,3069654,65935647,215807602,499979566,393877482,893857048,393877482,0,0,32,512,512,0,0,0,0,0,0,0,0,0,0,0,0,0,0,0,0,0,0,0,0,0,0,205410304,0,0,0
sample,grid_33_session,session_grid_medium,parallel_candidate_runtime,5,2,1090,5315,512,1024,32,213600274,3069654,130764422,416794663,1013598953,764229013,1777827966,393877482,370351531,370351531,32,1024,1024,0,0,0,0,0,0,0,0,0,0,0,0,0,0,0,0,0,0,0,0,0,0,205410304,0,0,0
sample,grid_33_session,session_grid_medium,parallel_candidate_runtime,5,3,1090,5315,512,1536,32,318257981,3069654,198470080,617526168,1514879459,1137323883,2652203342,393877482,370351531,373094870,32,1536,1536,0,0,0,0,0,0,0,0,0,0,0,0,0,0,0,0,0,0,0,0,0,0,205410304,0,0,0
sample,grid_33_session,session_grid_medium,parallel_candidate_runtime,5,4,1090,5315,512,2048,32,422605070,3069654,265447375,824506570,2020332338,1515628669,3535961007,393877482,373094870,378304786,32,2048,2048,0,0,0,0,0,0,0,0,0,0,0,0,0,0,0,0,0,0,0,0,1061816,0,205410304,0,0,0
sample,grid_33_session,session_grid_medium,parallel_candidate_runtime,6,1,1090,5315,512,512,32,108591086,2939321,69287263,207765632,501575797,388583302,890159099,388583302,0,0,32,512,512,0,0,0,0,0,0,0,0,0,0,0,0,0,0,0,0,0,0,0,0,0,0,206204928,0,0,0
sample,grid_33_session,session_grid_medium,parallel_candidate_runtime,6,2,1090,5315,512,1024,32,212112707,2939321,136490106,409466527,1000016240,761008661,1761024901,388583302,372425359,372425359,32,1024,1024,0,0,0,0,0,0,0,0,0,0,0,0,0,0,0,0,0,0,0,0,0,0,206204928,0,0,0
sample,grid_33_session,session_grid_medium,parallel_candidate_runtime,6,3,1090,5315,512,1536,32,317263952,2939321,202847325,610961191,1500480036,1134011789,2634491825,388583302,372425359,373003128,32,1536,1536,0,0,0,0,0,0,0,0,0,0,0,0,0,0,0,0,0,0,0,0,0,0,206204928,0,0,0
sample,grid_33_session,session_grid_medium,parallel_candidate_runtime,6,4,1090,5315,512,2048,32,422421590,2939321,271167259,812718874,2000153481,1509247044,3509400525,388583302,373003128,375235255,32,2048,2048,0,0,0,0,0,0,0,0,0,0,0,0,0,0,0,0,0,0,0,0,1078919,0,206204928,0,0,0
sample,grid_33_session,session_grid_medium,parallel_candidate_runtime,7,1,1090,5315,512,512,32,107886128,3410436,64987708,202211184,502161220,378495456,880656676,378495456,0,0,32,512,512,0,0,0,0,0,0,0,0,0,0,0,0,0,0,0,0,0,0,0,0,0,0,207654912,0,0,0
sample,grid_33_session,session_grid_medium,parallel_candidate_runtime,7,2,1090,5315,512,1024,32,211900895,3410436,127763816,403723972,999976687,746799119,1746775806,378495456,368303663,368303663,32,1024,1024,0,0,0,0,0,0,0,0,0,0,0,0,0,0,0,0,0,0,0,0,0,0,207654912,0,0,0
sample,grid_33_session,session_grid_medium,parallel_candidate_runtime,7,3,1090,5315,512,1536,32,315659355,3410436,190655384,607642440,1498852869,1117367615,2616220484,378495456,368303663,370568496,32,1536,1536,0,0,0,0,0,0,0,0,0,0,0,0,0,0,0,0,0,0,0,0,0,0,207654912,0,0,0
sample,grid_33_session,session_grid_medium,parallel_candidate_runtime,7,4,1090,5315,512,2048,32,420360996,3410436,255999277,808876450,1999053787,1488647159,3487700946,378495456,370568496,371279544,32,2048,2048,0,0,0,0,0,0,0,0,0,0,0,0,0,0,0,0,0,0,0,0,1013084,0,207654912,0,0,0
sample,grid_33_session,session_grid_medium,parallel_candidate_runtime,8,1,1090,5315,512,512,32,107889003,2955842,65679993,202272591,499446464,378797429,878243893,378797429,0,0,32,512,512,0,0,0,0,0,0,0,0,0,0,0,0,0,0,0,0,0,0,0,0,0,0,206462976,0,0,0
sample,grid_33_session,session_grid_medium,parallel_candidate_runtime,8,2,1090,5315,512,1024,32,211886818,2955842,132448622,403173609,1005718320,750464891,1756183211,378797429,371667462,371667462,32,1024,1024,0,0,0,0,0,0,0,0,0,0,0,0,0,0,0,0,0,0,0,0,0,0,206462976,0,0,0
sample,grid_33_session,session_grid_medium,parallel_candidate_runtime,8,3,1090,5315,512,1536,32,316219168,2955842,197918355,604442655,1506286988,1121536020,2627823008,378797429,371071129,371667462,32,1536,1536,0,0,0,0,0,0,0,0,0,0,0,0,0,0,0,0,0,0,0,0,0,0,206462976,0,0,0
sample,grid_33_session,session_grid_medium,parallel_candidate_runtime,8,4,1090,5315,512,2048,32,421015829,2955842,262543984,806886412,2007708092,1493402067,3501110159,378797429,371667462,371866047,32,2048,2048,0,0,0,0,0,0,0,0,0,0,0,0,0,0,0,0,0,0,0,0,1009457,0,206462976,0,0,0
sample,grid_33_session,session_grid_medium,parallel_candidate_runtime,9,1,1090,5315,512,512,32,107862504,3060892,65742251,205393128,501182952,382058775,883241727,382058775,0,0,32,512,512,0,0,0,0,0,0,0,0,0,0,0,0,0,0,0,0,0,0,0,0,0,0,206692352,0,0,0
sample,grid_33_session,session_grid_medium,parallel_candidate_runtime,9,2,1090,5315,512,1024,32,212034349,3060892,129211544,407090638,1011030729,751397423,1762428152,382058775,369338648,369338648,32,1024,1024,0,0,0,0,0,0,0,0,0,0,0,0,0,0,0,0,0,0,0,0,0,0,206692352,0,0,0
sample,grid_33_session,session_grid_medium,parallel_candidate_runtime,9,3,1090,5315,512,1536,32,316719378,3060892,193934157,609038574,1511972204,1122753001,2634725205,382058775,369338648,371355578,32,1536,1536,0,0,0,0,0,0,0,0,0,0,0,0,0,0,0,0,0,0,0,0,0,0,206692352,0,0,0
sample,grid_33_session,session_grid_medium,parallel_candidate_runtime,9,4,1090,5315,512,2048,32,425652876,3060892,260275755,814232123,2013351852,1503221646,3516573498,382058775,371355578,380468645,32,2048,2048,0,0,0,0,0,0,0,0,0,0,0,0,0,0,0,0,0,0,0,0,1172036,0,206692352,0,0,0
sample,grid_33_session,session_grid_medium,parallel_candidate_runtime,10,1,1090,5315,512,512,32,107591530,2974750,64807245,201830904,514144918,377204429,891349347,377204429,0,0,32,512,512,0,0,0,0,0,0,0,0,0,0,0,0,0,0,0,0,0,0,0,0,0,0,206725120,0,0,0
sample,grid_33_session,session_grid_medium,parallel_candidate_runtime,10,2,1090,5315,512,1024,32,211674957,2974750,133553319,403115480,1015744191,751318506,1767062697,377204429,374114077,374114077,32,1024,1024,0,0,0,0,0,0,0,0,0,0,0,0,0,0,0,0,0,0,0,0,0,0,206725120,0,0,0
sample,grid_33_session,session_grid_medium,parallel_candidate_runtime,10,3,1090,5315,512,1536,32,316952372,2974750,202120694,608936500,1515115145,1130984316,2646099461,377204429,374114077,379665810,32,1536,1536,0,0,0,0,0,0,0,0,0,0,0,0,0,0,0,0,0,0,0,0,0,0,206725120,0,0,0
sample,grid_33_session,session_grid_medium,parallel_candidate_runtime,10,4,1090,5315,512,2048,32,422205501,2974750,265107963,811104032,2013966081,1501392246,3515358327,377204429,374114077,379665810,32,2048,2048,0,0,0,0,0,0,0,0,0,0,0,0,0,0,0,0,0,0,0,0,1124224,0,206725120,0,0,0
sample,grid_33_session,session_grid_medium,parallel_candidate_runtime,11,1,1090,5315,512,512,32,108150240,3356925,68356535,203387220,501865440,383250920,885116360,383250920,0,0,32,512,512,0,0,0,0,0,0,0,0,0,0,0,0,0,0,0,0,0,0,0,0,0,0,206483456,0,0,0
sample,grid_33_session,session_grid_medium,parallel_candidate_runtime,11,2,1090,5315,512,1024,32,214947240,3356925,134447988,404780393,1001200345,757532546,1758732891,383250920,374281626,374281626,32,1024,1024,0,0,0,0,0,0,0,0,0,0,0,0,0,0,0,0,0,0,0,0,0,0,206483456,0,0,0
sample,grid_33_session,session_grid_medium,parallel_candidate_runtime,11,3,1090,5315,512,1536,32,319787223,3356925,199083949,605633481,1504511059,1127861578,2632372637,383250920,370329032,374281626,32,1536,1536,0,0,0,0,0,0,0,0,0,0,0,0,0,0,0,0,0,0,0,0,0,0,206483456,0,0,0
sample,grid_33_session,session_grid_medium,parallel_candidate_runtime,11,4,1090,5315,512,2048,32,425393312,3356925,267454351,806866389,2005196934,1503070977,3508267911,383250920,374281626,375209399,32,2048,2048,0,0,0,0,0,0,0,0,0,0,0,0,0,0,0,0,0,0,0,0,1030757,0,206483456,0,0,0
sample,grid_33_session,session_grid_medium,parallel_candidate_runtime,12,1,1090,5315,512,512,32,108544187,3046806,64698157,202607757,503203103,378896907,882100010,378896907,0,0,32,512,512,0,0,0,0,0,0,0,0,0,0,0,0,0,0,0,0,0,0,0,0,0,0,207118336,0,0,0
sample,grid_33_session,session_grid_medium,parallel_candidate_runtime,12,2,1090,5315,512,1024,32,212689582,3046806,129285663,411157979,1006988002,756180030,1763168032,378896907,377283123,377283123,32,1024,1024,0,0,0,0,0,0,0,0,0,0,0,0,0,0,0,0,0,0,0,0,0,0,207118336,0,0,0
sample,grid_33_session,session_grid_medium,parallel_candidate_runtime,12,3,1090,5315,512,1536,32,316866316,3046806,196180811,612005042,1506286332,1128098975,2634385307,378896907,371918945,377283123,32,1536,1536,0,0,0,0,0,0,0,0,0,0,0,0,0,0,0,0,0,0,0,0,0,0,207118336,0,0,0
sample,grid_33_session,session_grid_medium,parallel_candidate_runtime,12,4,1090,5315,512,2048,32,420976884,3046806,259152269,815138617,2010125463,1498314576,3508440039,378896907,371918945,377283123,32,2048,2048,0,0,0,0,0,0,0,0,0,0,0,0,0,0,0,0,0,0,0,0,1068619,0,207118336,0,0,0
sample,grid_33_session,session_grid_medium,parallel_candidate_runtime,13,1,1090,5315,512,512,32,108445990,2974157,65154373,202264164,499774233,378838684,878612917,378838684,0,0,32,512,512,0,0,0,0,0,0,0,0,0,0,0,0,0,0,0,0,0,0,0,0,0,0,205844480,0,0,0
sample,grid_33_session,session_grid_medium,parallel_candidate_runtime,13,2,1090,5315,512,1024,32,212298196,2974157,128319940,404138929,999063825,747731222,1746795047,378838684,368892538,368892538,32,1024,1024,0,0,0,0,0,0,0,0,0,0,0,0,0,0,0,0,0,0,0,0,0,0,205844480,0,0,0
sample,grid_33_session,session_grid_medium,parallel_candidate_runtime,13,3,1090,5315,512,1536,32,316564560,2974157,194878289,607912620,1496916809,1122329626,2619246435,378838684,368892538,374598404,32,1536,1536,0,0,0,0,0,0,0,0,0,0,0,0,0,0,0,0,0,0,0,0,0,0,205844480,0,0,0
sample,grid_33_session,session_grid_medium,parallel_candidate_runtime,13,4,1090,5315,512,2048,32,420717036,2974157,260500241,809304307,1996922593,1493495741,3490418334,378838684,371166115,374598404,32,2048,2048,0,0,0,0,0,0,0,0,0,0,0,0,0,0,0,0,0,0,0,0,1038502,0,205844480,0,0,0
sample,grid_33_session,session_grid_medium,parallel_candidate_runtime,14,1,1090,5315,512,512,32,108077060,2999145,65784119,202622415,502874570,379482739,882357309,379482739,0,0,32,512,512,0,0,0,0,0,0,0,0,0,0,0,0,0,0,0,0,0,0,0,0,0,0,205676544,0,0,0
sample,grid_33_session,session_grid_medium,parallel_candidate_runtime,14,2,1090,5315,512,1024,32,212238794,2999145,131800079,404077363,1002690283,751115381,1753805664,379482739,371632642,371632642,32,1024,1024,0,0,0,0,0,0,0,0,0,0,0,0,0,0,0,0,0,0,0,0,0,0,205676544,0,0,0
sample,grid_33_session,session_grid_medium,parallel_candidate_runtime,14,3,1090,5315,512,1536,32,316574490,2999145,199487803,606871613,1503073775,1125933051,2629006826,379482739,371632642,374817670,32,1536,1536,0,0,0,0,0,0,0,0,0,0,0,0,0,0,0,0,0,0,0,0,0,0,205676544,0,0,0
sample,grid_33_session,session_grid_medium,parallel_candidate_runtime,14,4,1090,5315,512,2048,32,421196088,2999145,264963628,809348301,2005717128,1498507162,3504224290,379482739,372574111,374817670,32,2048,2048,0,0,0,0,0,0,0,0,0,0,0,0,0,0,0,0,0,0,0,0,1088156,0,205676544,0,0,0
sample,grid_33_session,session_grid_medium,parallel_candidate_runtime,15,1,1090,5315,512,512,32,107481289,2999325,64094000,201802077,499391909,376376691,875768600,376376691,0,0,32,512,512,0,0,0,0,0,0,0,0,0,0,0,0,0,0,0,0,0,0,0,0,0,0,205508608,0,0,0
sample,grid_33_session,session_grid_medium,parallel_candidate_runtime,15,2,1090,5315,512,1024,32,211443536,2999325,129617184,403746845,999915937,747806890,1747722827,376376691,371430199,371430199,32,1024,1024,0,0,0,0,0,0,0,0,0,0,0,0,0,0,0,0,0,0,0,0,0,0,205508608,0,0,0
sample,grid_33_session,session_grid_medium,parallel_candidate_runtime,15,3,1090,5315,512,1536,32,316639606,2999325,196681745,604608497,1498768441,1120929173,2619697614,376376691,371430199,373122283,32,1536,1536,0,0,0,0,0,0,0,0,0,0,0,0,0,0,0,0,0,0,0,0,0,0,205508608,0,0,0
sample,grid_33_session,session_grid_medium,parallel_candidate_runtime,15,4,1090,5315,512,2048,32,423346595,2999325,263171234,807144548,2001604329,1496661702,3498266031,376376691,373122283,375732529,32,2048,2048,0,0,0,0,0,0,0,0,0,0,0,0,0,0,0,0,0,0,0,0,1369350,0,205508608,0,0,0
sample,grid_33_session,session_grid_medium,parallel_candidate_runtime,16,1,1090,5315,512,512,32,107529811,2973286,65512172,204615641,538663531,380630910,919294441,380630910,0,0,32,512,512,0,0,0,0,0,0,0,0,0,0,0,0,0,0,0,0,0,0,0,0,0,0,206594048,0,0,0
sample,grid_33_session,session_grid_medium,parallel_candidate_runtime,16,2,1090,5315,512,1024,32,214568882,2973286,131870942,410534787,1041371468,759947897,1801319365,380630910,379316987,379316987,32,1024,1024,0,0,0,0,0,0,0,0,0,0,0,0,0,0,0,0,0,0,0,0,0,0,206594048,0,0,0
sample,grid_33_session,session_grid_medium,parallel_candidate_runtime,16,3,1090,5315,512,1536,32,318803566,2973286,198903874,618529876,1552161093,1139210602,2691371695,380630910,379262705,379316987,32,1536,1536,0,0,0,0,0,0,0,0,0,0,0,0,0,0,0,0,0,0,0,0,0,0,206594048,0,0,0
sample,grid_33_session,session_grid_medium,parallel_candidate_runtime,16,4,1090,5315,512,2048,32,423492193,2973286,265168205,824987696,2060943307,1516621380,3577564687,380630910,379262705,379316987,32,2048,2048,0,0,0,0,0,0,0,0,0,0,0,0,0,0,0,0,0,0,0,0,1080271,0,206594048,0,0,0
sample,grid_33_session,session_grid_medium,parallel_candidate_runtime,17,1,1090,5315,512,512,32,107754128,3083375,65987235,202062202,500150332,378886940,879037272,378886940,0,0,32,512,512,0,0,0,0,0,0,0,0,0,0,0,0,0,0,0,0,0,0,0,0,0,0,205545472,0,0,0
sample,grid_33_session,session_grid_medium,parallel_candidate_runtime,17,2,1090,5315,512,1024,32,211292480,3083375,132045365,404786121,1010045980,751207341,1761253321,378886940,372320401,372320401,32,1024,1024,0,0,0,0,0,0,0,0,0,0,0,0,0,0,0,0,0,0,0,0,0,0,205545472,0,0,0
sample,grid_33_session,session_grid_medium,parallel_candidate_runtime,17,3,1090,5315,512,1536,32,315215753,3083375,198370202,610587824,1509189901,1127257154,2636447055,378886940,372320401,376049813,32,1536,1536,0,0,0,0,0,0,0,0,0,0,0,0,0,0,0,0,0,0,0,0,0,0,205545472,0,0,0
sample,grid_33_session,session_grid_medium,parallel_candidate_runtime,17,4,1090,5315,512,2048,32,419149597,3083375,265162186,816807672,2012639407,1504202830,3516842237,378886940,376049813,376945676,32,2048,2048,0,0,0,0,0,0,0,0,0,0,0,0,0,0,0,0,0,0,0,0,1104397,0,205545472,0,0,0
sample,grid_33_session,session_grid_medium,parallel_candidate_runtime,18,1,1090,5315,512,512,32,109769074,3234833,65586263,206611502,512085306,385201672,897286978,385201672,0,0,32,512,512,0,0,0,0,0,0,0,0,0,0,0,0,0,0,0,0,0,0,0,0,0,0,205950976,0,0,0
sample,grid_33_session,session_grid_medium,parallel_candidate_runtime,18,2,1090,5315,512,1024,32,217122231,3234833,129937411,413625728,1014005438,763920203,1777925641,385201672,378718531,378718531,32,1024,1024,0,0,0,0,0,0,0,0,0,0,0,0,0,0,0,0,0,0,0,0,0,0,205950976,0,0,0
sample,grid_33_session,session_grid_medium,parallel_candidate_runtime,18,3,1090,5315,512,1536,32,320935926,3234833,197353940,618825127,1515949644,1140349826,2656299470,385201672,376429623,378718531,32,1536,1536,0,0,0,0,0,0,0,0,0,0,0,0,0,0,0,0,0,0,0,0,0,0,205950976,0,0,0
sample,grid_33_session,session_grid_medium,parallel_candidate_runtime,18,4,1090,5315,512,2048,32,424982923,3234833,261381313,821439577,2018608766,1511038646,3529647412,385201672,376429623,378718531,32,2048,2048,0,0,0,0,0,0,0,0,0,0,0,0,0,0,0,0,0,0,0,0,1058119,0,205950976,0,0,0
sample,grid_33_session,session_grid_medium,parallel_candidate_runtime,19,1,1090,5315,512,512,32,107483223,2996220,70575478,204616480,501519409,385671401,887190810,385671401,0,0,32,512,512,0,0,0,0,0,0,0,0,0,0,0,0,0,0,0,0,0,0,0,0,0,0,206987264,0,0,0
sample,grid_33_session,session_grid_medium,parallel_candidate_runtime,19,2,1090,5315,512,1024,32,211124961,2996220,136781789,406408076,1001412640,757311046,1758723686,385671401,371639645,371639645,32,1024,1024,0,0,0,0,0,0,0,0,0,0,0,0,0,0,0,0,0,0,0,0,0,0,206987264,0,0,0
sample,grid_33_session,session_grid_medium,parallel_candidate_runtime,19,3,1090,5315,512,1536,32,315396785,2996220,205035066,615920735,1499808016,1139348806,2639156822,385671401,371639645,382037760,32,1536,1536,0,0,0,0,0,0,0,0,0,0,0,0,0,0,0,0,0,0,0,0,0,0,206987264,0,0,0
sample,grid_33_session,session_grid_medium,parallel_candidate_runtime,19,4,1090,5315,512,2048,32,419811942,2996220,270842589,818971943,2002575815,1512622694,3515198509,385671401,373273888,382037760,32,2048,2048,0,0,0,0,0,0,0,0,0,0,0,0,0,0,0,0,0,0,0,0,1030527,0,206987264,0,0,0
summary,grid_33_session,session_grid_medium,parallel_candidate_runtime,1,20,376376691,380166920,388583302,393877482,883153211,380166920,0,0,1346.7216615186917,207654912,0
summary,grid_33_session,session_grid_medium,parallel_candidate_runtime,2,20,746799119,752168944,763920203,764229013,1758723686,380166920,371986450,378718531,1359.4567552391907,207654912,0
summary,grid_33_session,session_grid_medium,parallel_candidate_runtime,3,20,1117367615,1126756053,1139348806,1140349826,2632248092,380166920,371632642,379665810,1362.5994694729611,207654912,0
summary,grid_33_session,session_grid_medium,parallel_candidate_runtime,4,20,1488647159,1501392246,1515628669,1516621380,3508267911,380166920,373122283,380468645,1362.6404260923916,207654912,0
sample,grid_33_session,session_grid_medium,gpu_inline_certified,0,1,1090,5315,512,512,0,107508471,12223,344005855,512433467,0,963960016,963960016,963960016,0,0,0,512,512,1,1,1,0,1,1,1,197918663,3709974,28209709,12449882,2384,19356066,36601784,19316640,36550334,788578,156147,149694,3103603,0,41559371,456810496,335544320,0,0
sample,grid_33_session,session_grid_medium,gpu_inline_certified,0,2,1090,5315,512,1024,0,200335884,12223,421944686,1011684010,0,1633976803,1633976803,963960016,670016787,670016787,0,1024,1024,1,1,2,1,1,2,2,197918663,3709974,37553763,16482099,2384,19356066,58145325,19316640,58038589,1525748,278950,239775,4515464,0,82216475,456810496,335544320,0,0
sample,grid_33_session,session_grid_medium,gpu_inline_certified,0,3,1090,5315,512,1536,0,292185180,12223,498634184,1514710202,0,2305541789,2305541789,963960016,670016787,671564986,0,1536,1536,1,1,3,2,1,3,3,197918663,3709974,47003368,20412302,2384,19356066,79699287,19316640,79551708,2258589,424927,332010,5145962,0,122370652,456810496,335544320,0,0
sample,grid_33_session,session_grid_medium,gpu_inline_certified,0,4,1090,5315,512,2048,0,384486264,12223,575795448,2016685636,0,2976979571,2976979571,963960016,671437782,671564986,0,2048,2048,1,1,4,3,1,4,4,197918663,3709974,56520129,24351322,2384,19356066,101248898,19316640,101056156,3048820,546619,483117,5851352,3931716,162758104,456810496,335544320,0,0
sample,grid_33_session,session_grid_medium,gpu_inline_certified,1,1,1090,5315,512,512,0,105756384,8336,352109180,501894020,0,959767920,959767920,959767920,0,0,0,512,512,1,1,1,0,1,1,1,205290131,3746324,28081806,12712791,1814,19612040,37316681,19571968,37257631,751107,154063,144002,3117761,0,41180660,456663040,335544320,0,0
sample,grid_33_session,session_grid_medium,gpu_inline_certified,1,2,1090,5315,512,1024,0,198013764,8336,429498266,1005314680,0,1632835046,1632835046,959767920,673067126,673067126,0,1024,1024,1,1,2,1,1,2,2,205290131,3746324,37487116,16603880,1814,19612040,58795409,19571968,58695903,1474791,290893,237399,4564228,0,81394241,456663040,335544320,0,0
sample,grid_33_session,session_grid_medium,gpu_inline_certified,1,3,1090,5315,512,1536,0,293662745,8336,506265691,1509735489,0,2309672261,2309672261,959767920,673067126,676837215,0,1536,1536,1,1,3,2,1,3,3,205290131,3746324,46851729,20582495,1814,19612040,80340262,19571968,80199614,2196251,398888,316459,5190137,0,121739161,456663040,335544320,0,0
sample,grid_33_session,session_grid_medium,gpu_inline_certified,1,4,1090,5315,512,2048,0,383276153,8336,582628899,2006927982,0,2972841370,2972841370,959767920,673067126,676837215,0,2048,2048,1,1,4,3,1,4,4,205290131,3746324,56234256,24515323,1814,19612040,101912335,19571968,101719612,2923882,546188,387685,5891459,3966401,161567462,456663040,335544320,0,0
sample,grid_33_session,session_grid_medium,gpu_inline_certified,2,1,1090,5315,512,512,0,107174616,8246,343638986,502597897,0,953419745,953419745,953419745,0,0,0,512,512,1,1,1,0,1,1,1,197510088,3634000,27913035,13009444,2595,19613323,36661558,19569728,36607326,768540,144696,150236,3264960,0,40966511,456810496,335544320,0,0
sample,grid_33_session,session_grid_medium,gpu_inline_certified,2,2,1090,5315,512,1024,0,200341384,8246,421833622,1006866226,0,1629049478,1629049478,953419745,675629733,675629733,0,1024,1024,1,1,2,1,1,2,2,197510088,3634000,37315951,16951209,2595,19613323,58153228,19569728,58058749,1506522,282368,238394,4846914,0,81779030,456810496,335544320,0,0
sample,grid_33_session,session_grid_medium,gpu_inline_certified,2,3,1090,5315,512,1536,0,296480996,8246,498938419,1512861303,0,2308288964,2308288964,953419745,675629733,679239486,0,1536,1536,1,1,3,2,1,3,3,197510088,3634000,46692828,20834613,2595,19613323,79689704,19569728,79543355,2252558,401624,328947,5522868,0,122455271,456810496,335544320,0,0
sample,grid_33_session,session_grid_medium,gpu_inline_certified,2,4,1090,5315,512,2048,0,385890850,8246,576483571,2011407516,0,2973790183,2973790183,953419745,675629733,679239486,0,2048,2048,1,1,4,3,1,4,4,197510088,3634000,56306754,24821945,2595,19613323,101240698,19569728,101022202,3018723,560736,424237,6206957,3858107,163143515,456810496,335544320,0,0
sample,grid_33_session,session_grid_medium,gpu_inline_certified,3,1,1090,5315,512,512,0,105130855,8206,347221018,500181207,0,952541286,952541286,952541286,0,0,0,512,512,1,1,1,0,1,1,1,198845443,3592271,30516299,12856704,2205,19468648,36582005,19426080,36527838,750535,148753,150547,3196751,0,41110857,456814592,335544320,0,0
sample,grid_33_session,session_grid_medium,gpu_inline_certified,3,2,1090,5315,512,1024,0,198053439,8206,426447804,1000415843,0,1624925292,1624925292,952541286,672384006,672384006,0,1024,1024,1,1,2,1,1,2,2,198845443,3592271,40164381,16856338,2205,19468648,58158426,19426080,58054333,1497203,276786,232262,4766351,0,82587490,456814592,335544320,0,0
sample,grid_33_session,session_grid_medium,gpu_inline_certified,3,3,1090,5315,512,1536,0,294123739,8206,503508046,1510274355,0,2307914346,2307914346,952541286,672384006,682989054,0,1536,1536,1,1,3,2,1,3,3,198845443,3592271,49551967,20829423,2205,19468648,79690425,19426080,79539484,2249431,435327,328757,5454858,0,123059291,456814592,335544320,0,0
sample,grid_33_session,session_grid_medium,gpu_inline_certified,3,4,1090,5315,512,2048,0,382400580,8206,579787916,2016199077,0,2978395779,2978395779,952541286,672384006,682989054,0,2048,2048,1,1,4,3,1,4,4,198845443,3592271,58937809,24769656,2205,19468648,101138393,19426080,100943580,2975169,543161,409591,6114781,3920595,162990789,456814592,335544320,0,0
sample,grid_33_session,session_grid_medium,gpu_inline_certified,4,1,1090,5315,512,512,0,105369198,8175,344923563,503344092,0,953645028,953645028,953645028,0,0,0,512,512,1,1,1,0,1,1,1,197110017,3560771,28777136,13148418,2885,19776494,36855686,19733728,36805759,781354,191193,177107,3131245,0,41411257,456810496,335544320,0,0
sample,grid_33_session,session_grid_medium,gpu_inline_certified,4,2,1090,5315,512,1024,0,201296866,8175,423866490,1015603453,0,1640774984,1640774984,953645028,687129956,687129956,0,1024,1024,1,1,2,1,1,2,2,197110017,3560771,38634113,17099581,2885,19776494,58329664,19733728,58246077,1538341,309097,283670,4667041,0,82554816,456810496,335544320,0,0
sample,grid_33_session,session_grid_medium,gpu_inline_certified,4,3,1090,5315,512,1536,0,299846133,8175,502244534,1529280324,0,2331379166,2331379166,953645028,687129956,690604182,0,1536,1536,1,1,3,2,1,3,3,197110017,3560771,48199286,21152227,2885,19776494,79847596,19733728,79724412,2293906,421952,361808,5322947,0,124194645,456810496,335544320,0,0
sample,grid_33_session,session_grid_medium,gpu_inline_certified,4,4,1090,5315,512,2048,0,388217713,8175,578593746,2031581134,0,2998400768,2998400768,953645028,687129956,690604182,0,2048,2048,1,1,4,3,1,4,4,197110017,3560771,57538121,25116795,2885,19776494,101366888,19733728,101194747,3017270,551589,454805,6004942,3785658,164093169,456810496,335544320,0,0
sample,grid_33_session,session_grid_medium,gpu_inline_certified,5,1,1090,5315,512,512,0,106347225,13415,345897402,500689541,0,952947583,952947583,952947583,0,0,0,512,512,1,1,1,0,1,1,1,197380419,3832098,30131627,12891660,2384,19628494,36798337,19589984,36740478,754393,164311,158190,3128391,0,41027098,456810496,335544320,0,0
sample,grid_33_session,session_grid_medium,gpu_inline_certified,5,2,1090,5315,512,1024,0,199157935,13415,423813238,1008348807,0,1631333395,1631333395,952947583,678385812,678385812,0,1024,1024,1,1,2,1,1,2,2,197380419,3832098,39515065,16845739,2384,19628494,58333401,19589984,58231326,1512693,292685,255014,4628530,0,81586716,456810496,335544320,0,0
sample,grid_33_session,session_grid_medium,gpu_inline_certified,5,3,1090,5315,512,1536,0,297419186,13415,501648100,1514852689,0,2313933390,2313933390,952947583,678385812,682599995,0,1536,1536,1,1,3,2,1,3,3,197380419,3832098,49149229,20928842,2384,19628494,79851724,19589984,79697884,2255463,447979,348823,5325483,0,122497162,456810496,335544320,0,0
sample,grid_33_session,session_grid_medium,gpu_inline_certified,5,4,1090,5315,512,2048,0,386176599,13415,579219723,2019367133,0,2984776870,2984776870,952947583,678385812,682599995,0,2048,2048,1,1,4,3,1,4,4,197380419,3832098,58660550,25140991,2384,19628494,101415512,19589984,101220284,3033200,588877,429927,6045360,3787753,163061911,456810496,335544320,0,0
sample,grid_33_session,session_grid_medium,gpu_inline_certified,6,1,1090,5315,512,512,0,107282843,13425,347219322,502529347,0,957044937,957044937,957044937,0,0,0,512,512,1,1,1,0,1,1,1,202592353,3541303,27542471,12156455,2144,19410530,36765736,19365568,36711743,716601,153882,157158,3162074,0,41018615,456810496,335544320,0,0
sample,grid_33_session,session_grid_medium,gpu_inline_certified,6,2,1090,5315,512,1024,0,199969030,13425,425081919,1007846058,0,1632910432,1632910432,957044937,675865495,675865495,0,1024,1024,1,1,2,1,1,2,2,202592353,3541303,36901564,16087209,2144,19410530,58224875,19365568,58114397,1409287,281284,246308,4642455,0,81742607,456810496,335544320,0,0
sample,grid_33_session,session_grid_medium,gpu_inline_certified,6,3,1090,5315,512,1536,0,296600658,13425,502385374,1514036377,0,2313035834,2313035834,957044937,675865495,680125402,0,1536,1536,1,1,3,2,1,3,3,202592353,3541303,46521922,20139584,2144,19410530,79762142,19365568,79608443,2122151,454082,352099,5318508,0,122168556,456810496,335544320,0,0
sample,grid_33_session,session_grid_medium,gpu_inline_certified,6,4,1090,5315,512,2048,0,385422786,13425,579275033,2019139061,0,2983850305,2983850305,957044937,675865495,680125402,0,2048,2048,1,1,4,3,1,4,4,202592353,3541303,56090052,24164297,2144,19410530,101314579,19365568,101102106,2835706,592234,443452,5972490,3836856,162315893,456810496,335544320,0,0
sample,grid_33_session,session_grid_medium,gpu_inline_certified,7,1,1090,5315,512,512,0,106201522,7955,345333932,502281707,0,953825116,953825116,953825116,0,0,0,512,512,1,1,1,0,1,1,1,199168501,3580509,29094729,12275371,2214,19196163,36525310,19157247,36472094,781935,165033,156147,3130955,0,41257065,456732672,335544320,0,0
sample,grid_33_session,session_grid_medium,gpu_inline_certified,7,2,1090,5315,512,1024,0,200266426,7955,423846372,1003963805,0,1628084558,1628084558,953825116,674259442,674259442,0,1024,1024,1,1,2,1,1,2,2,199168501,3580509,38499708,16200323,2214,19196163,58060073,19157247,57966589,1519245,269912,230990,4586909,0,82531825,456732672,335544320,0,0
sample,grid_33_session,session_grid_medium,gpu_inline_certified,7,3,1090,5315,512,1536,0,296537090,7955,501175686,1508801386,0,2306522117,2306522117,953825116,674259442,678437559,0,1536,1536,1,1,3,2,1,3,3,199168501,3580509,47908716,20289478,2214,19196163,79643338,19157247,79494460,2250403,418524,316222,5234288,0,123167330,456732672,335544320,0,0
sample,grid_33_session,session_grid_medium,gpu_inline_certified,7,4,1090,5315,512,2048,0,385063638,7955,577492127,2011126054,0,2973689774,2973689774,953825116,674259442,678437559,0,2048,2048,1,1,4,3,1,4,4,199168501,3580509,57310029,24288261,2214,19196163,101196307,19157247,101004090,2989145,532621,398137,5867941,3782533,162962299,456732672,335544320,0,0
sample,grid_33_session,session_grid_medium,gpu_inline_certified,8,1,1090,5315,512,512,0,106101592,8015,339026815,506949039,0,952085461,952085461,952085461,0,0,0,512,512,1,1,1,0,1,1,1,191996421,3532248,29032331,12572726,2044,19266646,36931680,19226976,36875936,790491,183678,149214,3191691,0,41377645,456585216,335544320,0,0
sample,grid_33_session,session_grid_medium,gpu_inline_certified,8,2,1090,5315,512,1024,0,199027303,8015,417697156,1007928823,0,1624661297,1624661297,952085461,672575836,672575836,0,1024,1024,1,1,2,1,1,2,2,191996421,3532248,38847941,16677360,2044,19266646,58464849,19226976,58364094,1526548,319796,243964,4687311,0,82132028,456585216,335544320,0,0
sample,grid_33_session,session_grid_medium,gpu_inline_certified,8,3,1090,5315,512,1536,0,295564542,8015,495310741,1521484067,0,2312367365,2312367365,952085461,672575836,687706068,0,1536,1536,1,1,3,2,1,3,3,191996421,3532248,48255756,20533642,2044,19266646,80036943,19226976,79894333,2269428,452338,333455,5319651,0,123312169,456585216,335544320,0,0
sample,grid_33_session,session_grid_medium,gpu_inline_certified,8,4,1090,5315,512,2048,0,386342843,8015,572747287,2023083365,0,2982181510,2982181510,952085461,672575836,687706068,0,2048,2048,1,1,4,3,1,4,4,191996421,3532248,57887847,24526173,2044,19266646,101552459,19226976,101378011,3002069,567978,413557,5948506,3826646,164051339,456585216,335544320,0,0
sample,grid_33_session,session_grid_medium,gpu_inline_certified,9,1,1090,5315,512,512,0,105719663,7955,335218015,502105320,0,943050953,943050953,943050953,0,0,0,512,512,1,1,1,0,1,1,1,190807810,3490959,28819777,12254731,1954,19141839,36130180,19102304,36081983,750385,148050,108225,3102772,0,40461333,456773632,335544320,0,0
sample,grid_33_session,session_grid_medium,gpu_inline_certified,9,2,1090,5315,512,1024,0,198767493,7955,413578105,1001777008,0,1614130561,1614130561,943050953,671079608,671079608,0,1024,1024,1,1,2,1,1,2,2,190807810,3490959,38224856,16297338,1954,19141839,57568750,19102304,57485246,1474109,272827,171866,4499805,0,81625992,456773632,335544320,0,0
sample,grid_33_session,session_grid_medium,gpu_inline_certified,9,3,1090,5315,512,1536,0,295330839,7955,490721164,1503351871,0,2289411829,2289411829,943050953,671079608,675281268,0,1536,1536,1,1,3,2,1,3,3,190807810,3490959,47662227,20243221,1954,19141839,79035324,19102304,78905885,2248309,392374,266887,5225483,0,122204777,456773632,335544320,0,0
sample,grid_33_session,session_grid_medium,gpu_inline_certified,9,4,1090,5315,512,2048,0,383672674,7955,567097486,2001468397,0,2952246512,2952246512,943050953,671079608,675281268,0,2048,2048,1,1,4,3,1,4,4,190807810,3490959,57062207,24201588,1954,19141839,100580567,19102304,100408188,3002171,533972,336249,5843958,3140554,162094212,456773632,335544320,0,0
sample,grid_33_session,session_grid_medium,gpu_inline_certified,10,1,1090,5315,512,512,0,108325423,8496,342227214,514726967,0,965288100,965288100,965288100,0,0,0,512,512,1,1,1,0,1,1,1,196727431,3759108,27132623,12793684,2495,19514376,36946689,19473600,36892959,731960,153982,147862,3056644,0,41260360,456810496,335544320,0,0
sample,grid_33_session,session_grid_medium,gpu_inline_certified,10,2,1090,5315,512,1024,0,203234107,8496,421054562,1024707851,0,1649005016,1649005016,965288100,683716916,683716916,0,1024,1024,1,1,2,1,1,2,2,196727431,3759108,36640388,16782939,2495,19514376,58561836,19473600,58452413,1436137,274230,241280,4535373,0,82578969,456810496,335544320,0,0
sample,grid_33_session,session_grid_medium,gpu_inline_certified,10,3,1090,5315,512,1536,0,301401009,8496,498554078,1532827071,0,2332790654,2332790654,965288100,683716916,683785638,0,1536,1536,1,1,3,2,1,3,3,196727431,3759108,46202435,20682835,2495,19514376,80088693,19473600,79914941,2139843,410468,336852,5206707,0,123482835,456810496,335544320,0,0
sample,grid_33_session,session_grid_medium,gpu_inline_certified,10,4,1090,5315,512,2048,0,392176555,8496,576328436,2040383392,0,3008896879,3008896879,965288100,683716916,683785638,0,2048,2048,1,1,4,3,1,4,4,196727431,3759108,55729927,24837715,2495,19514376,101646881,19473600,101433275,2858958,551546,435460,5842554,3685738,164421985,456810496,335544320,0,0
sample,grid_33_session,session_grid_medium,gpu_inline_certified,11,1,1090,5315,512,512,0,105542688,7645,339372513,512271140,0,957193986,957193986,957193986,0,0,0,512,512,1,1,1,0,1,1,1,192787860,3532167,29244314,12359971,1553,19549132,36644906,19512447,36587103,800490,155816,142641,3139973,0,41013690,456810496,335544320,0,0
sample,grid_33_session,session_grid_medium,gpu_inline_certified,11,2,1090,5315,512,1024,0,200356065,7645,418156129,1017420353,0,1635940192,1635940192,957193986,678746206,678746206,0,1024,1024,1,1,2,1,1,2,2,192787860,3532167,38838535,16414711,1553,19549132,58227975,19512447,58123167,1546477,298506,241349,4660951,0,82056913,456810496,335544320,0,0
sample,grid_33_session,session_grid_medium,gpu_inline_certified,11,3,1090,5315,512,1536,0,296635276,7645,494990083,1519254121,0,2310887125,2310887125,957193986,674946933,678746206,0,1536,1536,1,1,3,2,1,3,3,192787860,3532167,48269595,20340647,1553,19549132,79757502,19512447,79604285,2282856,434946,349695,5337085,0,122347045,456810496,335544320,0,0
sample,grid_33_session,session_grid_medium,gpu_inline_certified,11,4,1090,5315,512,2048,0,385057416,7645,571282436,2021004460,0,2977351957,2977351957,957193986,674946933,678746206,0,2048,2048,1,1,4,3,1,4,4,192787860,3532167,57672983,24252315,1553,19549132,101226032,19512447,101027901,3027991,582617,433404,5969366,3797212,162247016,456810496,335544320,0,0
sample,grid_33_session,session_grid_medium,gpu_inline_certified,12,1,1090,5315,512,512,0,105166318,8076,339294935,517757288,0,962226617,962226617,962226617,0,0,0,512,512,1,1,1,0,1,1,1,194597544,3507380,27726624,12676044,1583,19333616,36521366,19295520,36469534,740246,148661,137711,3130184,0,40773976,456810496,335544320,0,0
sample,grid_33_session,session_grid_medium,gpu_inline_certified,12,2,1090,5315,512,1024,0,197703342,8076,416992849,1019655918,0,1634360185,1634360185,962226617,672133568,672133568,0,1024,1024,1,1,2,1,1,2,2,194597544,3507380,37108330,16704424,1583,19333616,58030753,19295520,57930877,1606792,278237,248212,4603071,0,80972907,456810496,335544320,0,0
sample,grid_33_session,session_grid_medium,gpu_inline_certified,12,3,1090,5315,512,1536,0,293904575,8076,493466337,1521396349,0,2308775337,2308775337,962226617,672133568,674415152,0,1536,1536,1,1,3,2,1,3,3,194597544,3507380,46502610,20577569,1583,19333616,79570137,19295520,79431195,2337279,409286,329045,5274015,0,121026273,456810496,335544320,0,0
sample,grid_33_session,session_grid_medium,gpu_inline_certified,12,4,1090,5315,512,2048,0,382427776,8076,569875994,2022194371,0,2974506217,2974506217,962226617,672133568,674415152,0,2048,2048,1,1,4,3,1,4,4,194597544,3507380,55910936,24443270,1583,19333616,101067572,19295520,100875706,3100158,550915,411972,5933598,3664839,161017450,456810496,335544320,0,0
sample,grid_33_session,session_grid_medium,gpu_inline_certified,13,1,1090,5315,512,512,0,107681525,8025,337574778,506790010,0,952054338,952054338,952054338,0,0,0,512,512,1,1,1,0,1,1,1,192054405,3560762,28721535,11893987,1913,19110162,36388603,19070655,36339935,749514,179049,145345,3194557,0,41574946,456822784,335544320,0,0
sample,grid_33_session,session_grid_medium,gpu_inline_certified,13,2,1090,5315,512,1024,0,201572450,8025,416167241,1006742466,0,1624490182,1624490182,952054338,672435844,672435844,0,1024,1024,1,1,2,1,1,2,2,192054405,3560762,38395928,15888572,1913,19110162,57918799,19070655,57833374,1478488,291162,241929,4654109,0,82571012,456822784,335544320,0,0
sample,grid_33_session,session_grid_medium,gpu_inline_certified,13,3,1090,5315,512,1536,0,298466019,8025,493432884,1513950310,0,2305857238,2305857238,952054338,672435844,681367056,0,1536,1536,1,1,3,2,1,3,3,192054405,3560762,47754922,19884651,1913,19110162,79439699,19070655,79312510,2211400,419687,329705,5337447,0,123328131,456822784,335544320,0,0
sample,grid_33_session,session_grid_medium,gpu_inline_certified,13,4,1090,5315,512,2048,0,387284131,8025,570321891,2014935910,0,2972549957,2972549957,952054338,672435844,681367056,0,2048,2048,1,1,4,3,1,4,4,192054405,3560762,57151858,23847957,1913,19110162,100961160,19070655,100771069,2971844,552799,443410,6105695,3543660,163559926,456822784,335544320,0,0
sample,grid_33_session,session_grid_medium,gpu_inline_certified,14,1,1090,5315,512,512,0,106537784,8416,342976831,503469828,0,952992859,952992859,952992859,0,0,0,512,512,1,1,1,0,1,1,1,196562659,3504816,28212037,12654291,2495,19258724,36421046,19220384,36369727,764892,173469,163881,3144462,0,42114059,456491008,335544320,0,0
sample,grid_33_session,session_grid_medium,gpu_inline_certified,14,2,1090,5315,512,1024,0,199368637,8416,421261811,1005356950,0,1625995814,1625995814,952992859,673002955,673002955,0,1024,1024,1,1,2,1,1,2,2,196562659,3504816,37576391,16667393,2495,19258724,58021577,19220384,57893949,1508604,306632,257829,4585329,0,83009362,456491008,335544320,0,0
sample,grid_33_session,session_grid_medium,gpu_inline_certified,14,3,1090,5315,512,1536,0,295962046,8416,498092388,1506689992,0,2300752842,2300752842,952992859,673002955,674757028,0,1536,1536,1,1,3,2,1,3,3,196562659,3504816,46994527,20667840,2495,19258724,79596922,19220384,79421051,2256835,463690,347820,5276421,0,123159639,456491008,335544320,0,0
sample,grid_33_session,session_grid_medium,gpu_inline_certified,14,4,1090,5315,512,2048,0,385949008,8416,574247433,2006135639,0,2966340496,2966340496,952992859,673002955,674757028,0,2048,2048,1,1,4,3,1,4,4,196562659,3504816,56322301,24506831,2495,19258724,101105749,19220384,100885882,2994536,595540,424726,5933720,3705797,163035336,456491008,335544320,0,0
sample,grid_33_session,session_grid_medium,gpu_inline_certified,15,1,1090,5315,512,512,0,106024870,8085,340907339,505631254,0,952571548,952571548,952571548,0,0,0,512,512,1,1,1,0,1,1,1,192777750,3491120,29771277,12633202,2434,19311405,36879117,19270975,36823199,827832,162308,191565,3284147,0,41575182,456585216,335544320,0,0
sample,grid_33_session,session_grid_medium,gpu_inline_certified,15,2,1090,5315,512,1024,0,198764921,8085,418362773,1008408037,0,1625543816,1625543816,952571548,672972268,672972268,0,1024,1024,1,1,2,1,1,2,2,192777750,3491120,39151993,16603902,2434,19311405,58359981,19270975,58258526,1561796,292765,272148,4752476,0,81785003,456585216,335544320,0,0
sample,grid_33_session,session_grid_medium,gpu_inline_certified,15,3,1090,5315,512,1536,0,294946607,8085,495126943,1510611762,0,2300693397,2300693397,952571548,672972268,675149581,0,1536,1536,1,1,3,2,1,3,3,192777750,3491120,48570559,20545326,2434,19311405,79864039,19270975,79714493,2305499,436067,400502,5448277,0,121973965,456585216,335544320,0,0
sample,grid_33_session,session_grid_medium,gpu_inline_certified,15,4,1090,5315,512,2048,0,383256044,8085,571188341,2012623472,0,2967075942,2967075942,952571548,672972268,675149581,0,2048,2048,1,1,4,3,1,4,4,192777750,3491120,57987623,24431857,2434,19311405,101340826,19270975,101145565,3046115,547468,492718,6062023,3594657,161697002,456585216,335544320,0,0
sample,grid_33_session,session_grid_medium,gpu_inline_certified,16,1,1090,5315,512,512,0,106752241,13376,346389260,505370028,0,958524905,958524905,958524905,0,0,0,512,512,1,1,1,0,1,1,1,198222882,3622850,29263242,12634565,2635,20032313,36951494,19992959,36890238,759683,148993,144564,3152927,0,41453112,456810496,335544320,0,0
sample,grid_33_session,session_grid_medium,gpu_inline_certified,16,2,1090,5315,512,1024,0,199369509,13376,423927222,1006493150,0,1629803257,1629803257,958524905,671278352,671278352,0,1024,1024,1,1,2,1,1,2,2,198222882,3622850,38684724,16626927,2635,20032313,58446203,19992959,58337757,1518414,272748,241799,4723841,0,81531886,456810496,335544320,0,0
sample,grid_33_session,session_grid_medium,gpu_inline_certified,16,3,1090,5315,512,1536,0,295780861,13376,501475351,1514001788,0,2311271376,2311271376,958524905,671278352,681468119,0,1536,1536,1,1,3,2,1,3,3,198222882,3622850,48075609,20565856,2635,20032313,80068056,19992959,79919676,2273888,394579,333784,5358076,0,122524823,456810496,335544320,0,0
sample,grid_33_session,session_grid_medium,gpu_inline_certified,16,4,1090,5315,512,2048,0,385971540,13376,578264098,2017225018,0,2981474032,2981474032,958524905,671278352,681468119,0,2048,2048,1,1,4,3,1,4,4,198222882,3622850,57448299,24459740,2635,20032313,101579017,19992959,101373083,2995739,532381,421060,6031845,3923000,162915337,456810496,335544320,0,0
sample,grid_33_session,session_grid_medium,gpu_inline_certified,17,1,1090,5315,512,512,0,106545709,7865,341691208,502251243,0,950496025,950496025,950496025,0,0,0,512,512,1,1,1,0,1,1,1,194819226,3448700,29090706,12769510,2565,19222345,37064659,19184896,37013023,760905,167968,149945,3128671,0,41066008,456814592,335544320,0,0
sample,grid_33_session,session_grid_medium,gpu_inline_certified,17,2,1090,5315,512,1024,0,200490538,7865,420249917,1006498277,0,1627246597,1627246597,950496025,676750572,676750572,0,1024,1024,1,1,2,1,1,2,2,194819226,3448700,38453026,16732636,2565,19222345,58576771,19184896,58480958,1499227,290511,234796,4764758,0,82205356,456814592,335544320,0,0
sample,grid_33_session,session_grid_medium,gpu_inline_certified,17,3,1090,5315,512,1536,0,297071463,7865,497571466,1511021736,0,2305672530,2305672530,950496025,676750572,678425933,0,1536,1536,1,1,3,2,1,3,3,194819226,3448700,47867494,20720098,2565,19222345,80143488,19184896,80001853,2219545,401603,328624,5447766,0,122950012,456814592,335544320,0,0
sample,grid_33_session,session_grid_medium,gpu_inline_certified,17,4,1090,5315,512,2048,0,385652835,7865,574411592,2010718989,0,2970791281,2970791281,950496025,676750572,678425933,0,2048,2048,1,1,4,3,1,4,4,194819226,3448700,57406800,24834641,2565,19222345,101724012,19184896,101540028,2968588,528614,418195,6137405,3772785,162900501,456814592,335544320,0,0
sample,grid_33_session,session_grid_medium,gpu_inline_certified,18,1,1090,5315,512,512,0,106018037,8957,343672209,506954486,0,956653689,956653689,956653689,0,0,0,512,512,1,1,1,0,1,1,1,193544025,3613983,29982229,13280841,2545,20107116,37636547,20063615,37585343,783628,152980,158089,3145563,0,41264663,456810496,335544320,0,0
sample,grid_33_session,session_grid_medium,gpu_inline_certified,18,2,1090,5315,512,1024,0,200585559,8957,421877495,1016357713,0,1638829724,1638829724,956653689,682176035,682176035,0,1024,1024,1,1,2,1,1,2,2,193544025,3613983,39362793,17257042,2545,20107116,59148901,20063615,59053054,1496993,279561,236668,4594886,0,82232982,456810496,335544320,0,0
sample,grid_33_session,session_grid_medium,gpu_inline_certified,18,3,1090,5315,512,1536,0,299700836,8957,499844391,1528131410,0,2327685594,2327685594,956653689,682176035,688855870,0,1536,1536,1,1,3,2,1,3,3,193544025,3613983,48977322,21295652,2545,20107116,80650665,20063615,80508541,2358720,420538,321279,5261953,0,123290593,456810496,335544320,0,0
sample,grid_33_session,session_grid_medium,gpu_inline_certified,18,4,1090,5315,512,2048,0,390035308,8957,577806727,2038674511,0,3006525503,3006525503,956653689,682176035,688855870,0,2048,2048,1,1,4,3,1,4,4,193544025,3613983,58923691,25289907,2545,20107116,102190522,20063615,102002973,3120496,551136,398796,5902599,3799285,164161911,456810496,335544320,0,0
sample,grid_33_session,session_grid_medium,gpu_inline_certified,19,1,1090,5315,512,512,0,106596194,8616,341728998,515445853,0,963779661,963779661,963779661,0,0,0,512,512,1,1,1,0,1,1,1,192349056,3703233,30144606,13230365,2504,19843724,36812699,19804256,36759359,790040,153773,163240,3120155,0,41415603,456810496,335544320,0,0
sample,grid_33_session,session_grid_medium,gpu_inline_certified,19,2,1090,5315,512,1024,0,200197732,8616,419964528,1020209139,0,1640380015,1640380015,963779661,676600354,676600354,0,1024,1024,1,1,2,1,1,2,2,192349056,3703233,39709580,17267261,2504,19843724,58339280,19804256,58244159,1555203,292296,268149,4715224,0,81919018,456810496,335544320,0,0
sample,grid_33_session,session_grid_medium,gpu_inline_certified,19,3,1090,5315,512,1536,0,296669482,8616,496716791,1528228449,0,2321623338,2321623338,963779661,676600354,681243323,0,1536,1536,1,1,3,2,1,3,3,192349056,3703233,49108689,21164572,2504,19843724,79924992,19804256,79777437,2296671,431510,359784,5366211,0,122165845,456810496,335544320,0,0
sample,grid_33_session,session_grid_medium,gpu_inline_certified,19,4,1090,5315,512,2048,0,387959202,8616,574190023,2035382194,0,2997540035,2997540035,963779661,676600354,681243323,0,2048,2048,1,1,4,3,1,4,4,192349056,3703233,58686156,25144220,2504,19843724,101457521,19804256,101271484,3046555,546057,445627,6060179,3685279,162905191,456810496,335544320,0,0
summary,grid_33_session,session_grid_medium,gpu_inline_certified,1,20,943050953,953645028,963960016,965288100,953645028,953645028,0,0,536.78603279723245,456822784,335544320
summary,grid_33_session,session_grid_medium,gpu_inline_certified,2,20,1614130561,1629803257,1640774984,1649005016,1629803257,953645028,673067126,683716916,627.70737308421246,456822784,335544320
summary,grid_33_session,session_grid_medium,gpu_inline_certified,3,20,2289411829,2308775337,2331379166,2332790654,2308775337,953645028,673067126,688855870,665.02941821493346,456822784,335544320
summary,grid_33_session,session_grid_medium,gpu_inline_certified,4,20,2952246512,2976979571,3006525503,3008896879,2976979571,953645028,673067126,688855870,687.85955761292621,456822784,335544320
sample,grid_33_session,session_grid_medium,gpu_candidate_runtime,0,1,1090,5315,512,512,0,109092696,18595,338277293,202262624,502111122,649651208,1151762330,649651208,0,0,0,512,512,1,1,1,0,1,1,1,193432335,3561513,27831191,12195931,1983,19121341,36958994,19081695,36905150,733763,140738,143702,3085099,0,41070703,447897600,335544320,0,0
sample,grid_33_session,session_grid_medium,gpu_candidate_runtime,0,2,1090,5315,512,1024,0,198895651,18595,415660203,401988109,1002873792,1016562558,2019436350,649651208,366911350,366911350,0,1024,1024,1,1,2,1,1,2,2,193432335,3561513,37219339,16108861,1983,19121341,58465987,19081695,58368284,1470993,250827,246057,4552035,0,81228932,447897600,335544320,0,0
sample,grid_33_session,session_grid_medium,gpu_candidate_runtime,0,3,1090,5315,512,1536,0,293231593,18595,492515670,601666403,1514835827,1387432261,2902268088,649651208,366911350,370869703,0,1536,1536,1,1,3,2,1,3,3,193432335,3561513,46626102,20093016,1983,19121341,79960504,19081695,79820316,2198756,375823,336679,5217328,0,121590290,447897600,335544320,0,0
sample,grid_33_session,session_grid_medium,gpu_candidate_runtime,0,4,1090,5315,512,2048,0,384846818,18595,570122955,803531420,2016789677,1758519788,3775309465,649651208,370869703,371087527,0,2048,2048,1,1,4,3,1,4,4,193432335,3561513,56028166,23985318,1983,19121341,101493464,19081695,101312667,2919846,488227,421861,5856722,3442347,162812179,447897600,335544320,0,0
sample,grid_33_session,session_grid_medium,gpu_candidate_runtime,1,1,1090,5315,512,512,0,107716060,11993,344781583,202732614,507350668,655242250,1162592918,655242250,0,0,0,512,512,1,1,1,0,1,1,1,196606011,3670129,29309879,12672135,2455,19735227,37278001,19697311,37226591,769922,143172,156889,3080650,0,41357113,447410176,335544320,0,0
sample,grid_33_session,session_grid_medium,gpu_candidate_runtime,1,2,1090,5315,512,1024,0,199089987,11993,423057819,404140713,1018540636,1026300512,2044841148,655242250,371058262,371058262,0,1024,1024,1,1,2,1,1,2,2,196606011,3670129,38784130,16784735,2455,19735227,58828435,19697311,58726590,1547078,264873,251529,4596158,0,81987059,447410176,335544320,0,0
sample,grid_33_session,session_grid_medium,gpu_candidate_runtime,1,3,1090,5315,512,1536,0,293377347,11993,499438134,607729864,1524397227,1400557338,2924954565,655242250,371058262,374256826,0,1536,1536,1,1,3,2,1,3,3,196606011,3670129,48143083,20802755,2455,19735227,80370484,19697311,80224956,2286041,386284,348083,5308130,0,121779452,447410176,335544320,0,0
sample,grid_33_session,session_grid_medium,gpu_candidate_runtime,1,4,1090,5315,512,2048,0,383723311,11993,576053966,808389421,2026245115,1768178691,3794423806,655242250,371058262,374256826,0,2048,2048,1,1,4,3,1,4,4,196606011,3670129,57547682,24759409,2455,19735227,101961054,19697311,101769564,3051505,512934,436742,6051531,3660271,161719287,447410176,335544320,0,0
sample,grid_33_session,session_grid_medium,gpu_candidate_runtime,2,1,1090,5315,512,512,0,106721783,20609,340600733,201446062,510478066,648789187,1159267253,648789187,0,0,0,512,512,1,1,1,0,1,1,1,196438934,3611237,27744416,12106140,1703,19281425,36352493,19241024,36299230,736478,145116,144706,3419102,0,40618983,447897600,335544320,0,0
sample,grid_33_session,session_grid_medium,gpu_candidate_runtime,2,2,1090,5315,512,1024,0,198473528,20609,419112386,401769442,1012579175,1019375965,2031955140,648789187,370586778,370586778,0,1024,1024,1,1,2,1,1,2,2,196438934,3611237,37132133,16141203,1703,19281425,57892357,19241024,57796286,1513293,247791,289601,5047534,0,81515175,447897600,335544320,0,0
sample,grid_33_session,session_grid_medium,gpu_candidate_runtime,2,3,1090,5315,512,1536,0,293132914,20609,495752574,602004394,1514373078,1390910491,2905283569,648789187,370586778,371534526,0,1536,1536,1,1,3,2,1,3,3,196438934,3611237,46512125,20163361,1703,19281425,79450695,19241024,79320669,2258338,362931,376626,5762883,0,121532316,447897600,335544320,0,0
sample,grid_33_session,session_grid_medium,gpu_candidate_runtime,2,4,1090,5315,512,2048,0,384602132,20609,574169416,802682707,2014626737,1761474864,3776101601,648789187,370586778,371534526,0,2048,2048,1,1,4,3,1,4,4,196438934,3611237,56050408,24265091,1703,19281425,100976141,19241024,100793085,3034291,476738,476907,6459786,3700857,163096755,447897600,335544320,0,0
sample,grid_33_session,session_grid_medium,gpu_candidate_runtime,3,1,1090,5315,512,512,0,105546170,12153,339857189,202990153,505854235,648405665,1154259900,648405665,0,0,0,512,512,1,1,1,0,1,1,1,193242001,3666412,29108817,12132279,1623,19271617,37188320,19231103,37137920,752208,151428,145085,3081852,0,41115547,447905792,335544320,0,0
sample,grid_33_session,session_grid_medium,gpu_candidate_runtime,3,2,1090,5315,512,1024,0,195045598,12153,417403999,403405326,1009035162,1015867076,2024902238,648405665,367461411,367461411,0,1024,1024,1,1,2,1,1,2,2,193242001,3666412,38481616,15976128,1623,19271617,58787977,19231103,58690207,1516349,279861,232672,4569938,0,81377805,447905792,335544320,0,0
sample,grid_33_session,session_grid_medium,gpu_candidate_runtime,3,3,1090,5315,512,1536,0,289719090,12153,493645289,606462325,1511434055,1389838857,2901272912,648405665,367461411,373971781,0,1536,1536,1,1,3,2,1,3,3,193242001,3666412,47877979,19910439,1623,19271617,80317030,19231103,80173629,2255873,426972,324457,5223710,0,121127176,447905792,335544320,0,0
sample,grid_33_session,session_grid_medium,gpu_candidate_runtime,3,4,1090,5315,512,2048,0,380012916,12153,570219802,808113044,2013902490,1758357915,3772260405,648405665,368519058,373971781,0,2048,2048,1,1,4,3,1,4,4,193242001,3666412,57271217,23919101,1623,19271617,101808873,19231103,101611548,2990729,573349,410641,5904242,3567033,161159997,447905792,335544320,0,0
sample,grid_33_session,session_grid_medium,gpu_candidate_runtime,4,1,1090,5315,512,512,0,105075265,12283,341781794,202289913,504065777,649159255,1153225032,649159255,0,0,0,512,512,1,1,1,0,1,1,1,195628894,3798914,28659303,12773718,2074,19418977,36545639,19377792,36497278,801602,185471,163601,3404454,0,40399147,447840256,335544320,0,0
sample,grid_33_session,session_grid_medium,gpu_candidate_runtime,4,2,1090,5315,512,1024,0,194901754,12283,419159182,404001819,1006612640,1018075038,2024687678,649159255,368915783,368915783,0,1024,1024,1,1,2,1,1,2,2,195628894,3798914,38045939,16854006,2074,19418977,58154745,19377792,58057533,1532289,296732,255676,4891658,0,80279278,447840256,335544320,0,0
sample,grid_33_session,session_grid_medium,gpu_candidate_runtime,4,3,1090,5315,512,1536,0,289885936,12283,495600332,611496304,1508926295,1396994855,2905921150,649159255,368915783,378919817,0,1536,1536,1,1,3,2,1,3,3,195628894,3798914,47515252,20752679,2074,19418977,79655424,19377792,79513469,2287223,464471,345307,5636012,0,120095105,447840256,335544320,0,0
sample,grid_33_session,session_grid_medium,gpu_candidate_runtime,4,4,1090,5315,512,2048,0,383272741,12283,572181356,815961159,2017297451,1771427539,3788724990,649159255,374432684,378919817,0,2048,2048,1,1,4,3,1,4,4,195628894,3798914,56913309,24726315,2074,19418977,101165500,19377792,100977564,3036456,596050,436301,6306786,3826997,160151780,447840256,335544320,0,0
sample,grid_33_session,session_grid_medium,gpu_candidate_runtime,5,1,1090,5315,512,512,0,105320087,12944,337676116,202110084,504038539,645119231,1149157770,645119231,0,0,0,512,512,1,1,1,0,1,1,1,191679698,3579046,29591432,12446746,2314,19224476,36584301,19177759,36533471,761166,161367,151147,3168797,0,40325626,447897600,335544320,0,0
sample,grid_33_session,session_grid_medium,gpu_candidate_runtime,5,2,1090,5315,512,1024,0,194839689,12944,415165674,403490984,1008832511,1013509291,2022341802,645119231,368390060,368390060,0,1024,1024,1,1,2,1,1,2,2,191679698,3579046,39019565,16555158,2314,19224476,58147258,19177759,58039039,1514968,274451,242020,4702089,0,80224631,447897600,335544320,0,0
sample,grid_33_session,session_grid_medium,gpu_candidate_runtime,5,3,1090,5315,512,1536,0,289177692,12944,491908203,604719815,1510062386,1385818654,2895881040,645119231,368390060,372309363,0,1536,1536,1,1,3,2,1,3,3,191679698,3579046,48629143,20565813,2314,19224476,79764807,19177759,79613565,2264922,406141,337210,5425493,0,120029140,447897600,335544320,0,0
sample,grid_33_session,session_grid_medium,gpu_candidate_runtime,5,4,1090,5315,512,2048,0,380404506,12944,569285117,805933126,2016040166,1755635693,3771675859,645119231,369817039,372309363,0,2048,2048,1,1,4,3,1,4,4,191679698,3579046,57969058,24608541,2314,19224476,101259773,19177759,101047517,2992524,545095,428222,6128478,3893494,160867892,447897600,335544320,0,0
sample,grid_33_session,session_grid_medium,gpu_candidate_runtime,6,1,1090,5315,512,512,0,106431988,20138,339055034,200935554,501302934,646442714,1147745648,646442714,0,0,0,512,512,1,1,1,0,1,1,1,192612529,3518001,29102533,13356172,2575,19587426,36420221,19545215,36341502,757479,164483,205711,3043870,0,40284034,447377408,335544320,0,0
sample,grid_33_session,session_grid_medium,gpu_candidate_runtime,6,2,1090,5315,512,1024,0,196077640,20138,416385660,401414571,999430716,1013898009,2013328725,646442714,367455295,367455295,0,1024,1024,1,1,2,1,1,2,2,192612529,3518001,38434083,17394941,2575,19587426,57886674,19545215,57762109,1484279,270685,322273,4605315,0,80266879,447377408,335544320,0,0
sample,grid_33_session,session_grid_medium,gpu_candidate_runtime,6,3,1090,5315,512,1536,0,290337825,20138,492750172,601150397,1498287983,1384258532,2882546515,646442714,367455295,370360523,0,1536,1536,1,1,3,2,1,3,3,192612529,3518001,47757228,21429532,2575,19587426,79394367,19545215,79201403,2227250,382447,403027,5278884,0,120156906,447377408,335544320,0,0
sample,grid_33_session,session_grid_medium,gpu_candidate_runtime,6,4,1090,5315,512,2048,0,381388933,20138,570013710,801501275,1996930893,1752924056,3749854949,646442714,368665524,370360523,0,2048,2048,1,1,4,3,1,4,4,192612529,3518001,57135325,25469703,2575,19587426,100949366,19545215,100705209,2965852,547480,488960,5943406,3874798,160793087,447377408,335544320,0,0
sample,grid_33_session,session_grid_medium,gpu_candidate_runtime,7,1,1090,5315,512,512,0,105236475,13215,347140314,200921692,505127932,653311696,1158439628,653311696,0,0,0,512,512,1,1,1,0,1,1,1,200300734,3676170,29359788,12808281,2074,19640705,36650643,19599584,36597631,755595,148292,140777,3228952,0,40428303,447578112,335544320,0,0
sample,grid_33_session,session_grid_medium,gpu_candidate_runtime,7,2,1090,5315,512,1024,0,197082343,13215,425350470,400769065,1006206526,1023215093,2029421619,653311696,369903397,369903397,0,1024,1024,1,1,2,1,1,2,2,200300734,3676170,39052713,16750316,2074,19640705,58238093,19599584,58140542,1514776,274521,253892,4707840,0,80938636,447578112,335544320,0,0
sample,grid_33_session,session_grid_medium,gpu_candidate_runtime,7,3,1090,5315,512,1536,0,291813550,13215,501992188,600919113,1505497946,1394738066,2900236012,653311696,369903397,371522973,0,1536,1536,1,1,3,2,1,3,3,200300734,3676170,48392227,20850882,2074,19640705,79859076,19599584,79693052,2244832,397204,344053,5378654,0,120905577,447578112,335544320,0,0
sample,grid_33_session,session_grid_medium,gpu_candidate_runtime,7,4,1090,5315,512,2048,0,382823090,13215,579991554,801568378,2006098061,1764396237,3770494298,653311696,369903397,371522973,0,2048,2048,1,1,4,3,1,4,4,200300734,3676170,58225007,25003057,2074,19640705,101366214,19599584,101158844,2996991,531890,439704,6044759,3708872,161764249,447578112,335544320,0,0
sample,grid_33_session,session_grid_medium,gpu_candidate_runtime,8,1,1090,5315,512,512,0,105333138,12574,346156757,202178078,504538203,653680547,1158218750,653680547,0,0,0,512,512,1,1,1,0,1,1,1,199730611,3663536,29282713,12960118,2234,19365691,36673457,19326976,36607552,767628,168040,149333,3141095,0,40252301,447410176,335544320,0,0
sample,grid_33_session,session_grid_medium,gpu_candidate_runtime,8,2,1090,5315,512,1024,0,195078678,12574,424002281,403657870,1007108420,1022751403,2029859823,653680547,369070856,369070856,0,1024,1024,1,1,2,1,1,2,2,199730611,3663536,38737726,16940295,2234,19365691,58190073,19326976,58083264,1519817,298237,235126,4630904,0,80688031,447410176,335544320,0,0
sample,grid_33_session,session_grid_medium,gpu_candidate_runtime,8,3,1090,5315,512,1536,0,293613757,12574,500464659,605525328,1508534954,1399616318,2908151272,653680547,369070856,376864915,0,1536,1536,1,1,3,2,1,3,3,199730611,3663536,48137315,20915813,2234,19365691,79709374,19326976,79546944,2262187,451106,344724,5341473,0,120540595,447410176,335544320,0,0
sample,grid_33_session,session_grid_medium,gpu_candidate_runtime,8,4,1090,5315,512,2048,0,384215023,12574,576904454,806851756,2012935718,1767983807,3780919525,653680547,369070856,376864915,0,2048,2048,1,1,4,3,1,4,4,199730611,3663536,57538115,24781854,2234,19365691,101262229,19326976,101051999,3019415,580271,450916,6029279,3660371,160480303,447410176,335544320,0,0
sample,grid_33_session,session_grid_medium,gpu_candidate_runtime,9,1,1090,5315,512,512,0,105449171,12434,340747447,203824479,504017536,650033531,1154051067,650033531,0,0,0,512,512,1,1,1,0,1,1,1,193452404,3585568,30090850,13156684,2615,19494579,36423637,19451936,36367967,770313,157920,164422,3069358,0,40379097,447897600,335544320,0,0
sample,grid_33_session,session_grid_medium,gpu_candidate_runtime,9,2,1090,5315,512,1024,0,195712344,12434,418114363,408108049,1005094999,1021947190,2027042189,650033531,371913659,371913659,0,1024,1024,1,1,2,1,1,2,2,193452404,3585568,39529223,17079042,2615,19494579,57945626,19451936,57836478,1507783,296413,251337,4640532,0,80329241,447897600,335544320,0,0
sample,grid_33_session,session_grid_medium,gpu_candidate_runtime,9,3,1090,5315,512,1536,0,290939072,12434,495708048,609369371,1503853457,1396028925,2899882382,650033531,371913659,374081735,0,1536,1536,1,1,3,2,1,3,3,193452404,3585568,49105587,21362716,2615,19494579,79490449,19451936,79341053,2245363,415260,345356,5284535,0,120923616,447897600,335544320,0,0
sample,grid_33_session,session_grid_medium,gpu_candidate_runtime,9,4,1090,5315,512,2048,0,382050868,12434,572986614,810596469,2008601640,1765646385,3774248025,650033531,371913659,374081735,0,2048,2048,1,1,4,3,1,4,4,193452404,3585568,58472845,25390855,2615,19494579,101037805,19451936,100826683,3009734,570784,439333,5948917,3584205,161581175,447897600,335544320,0,0
sample,grid_33_session,session_grid_medium,gpu_candidate_runtime,10,1,1090,5315,512,512,0,105449923,12353,341508531,202079436,501875368,649050243,1150925611,649050243,0,0,0,512,512,1,1,1,0,1,1,1,195057430,3771372,29616461,12513121,2434,19490551,36508386,19455200,36454686,752479,143643,143043,3092482,0,40417129,447897600,335544320,0,0
sample,grid_33_session,session_grid_medium,gpu_candidate_runtime,10,2,1090,5315,512,1024,0,195622856,12353,418957682,404493807,1003119808,1019086698,2022206506,649050243,370036455,370036455,0,1024,1024,1,1,2,1,1,2,2,195057430,3771372,39025198,16675665,2434,19490551,58049633,19455200,57947741,1483537,253722,227573,4589465,0,80331102,447897600,335544320,0,0
sample,grid_33_session,session_grid_medium,gpu_candidate_runtime,10,3,1090,5315,512,1536,0,291018636,12353,495391835,606753735,1507723236,1393176559,2900899795,649050243,370036455,374089861,0,1536,1536,1,1,3,2,1,3,3,195057430,3771372,48389810,20660342,2434,19490551,79532777,19455200,79389565,2230054,390572,313346,5228158,0,120324989,447897600,335544320,0,0
sample,grid_33_session,session_grid_medium,gpu_candidate_runtime,10,4,1090,5315,512,2048,0,381966831,12353,572327310,806925338,2015289847,1761231832,3776521679,649050243,370036455,374089861,0,2048,2048,1,1,4,3,1,4,4,195057430,3771372,57766154,24644558,2434,19490551,101026141,19455200,100839292,2950903,512383,409799,5872912,3682053,160822673,447897600,335544320,0,0
sample,grid_33_session,session_grid_medium,gpu_candidate_runtime,11,1,1090,5315,512,512,0,105353012,12604,338136336,202690210,501266442,646192162,1147458604,646192162,0,0,0,512,512,1,1,1,0,1,1,1,192206632,3655391,29308416,12681702,2816,19412281,36246320,19371328,36192864,747519,152190,176816,3153638,0,40392615,447459328,335544320,0,0
sample,grid_33_session,session_grid_medium,gpu_candidate_runtime,11,2,1090,5315,512,1024,0,195166314,12604,415617340,403171915,1000698591,1013968173,2014666764,646192162,367776011,367776011,0,1024,1024,1,1,2,1,1,2,2,192206632,3655391,38683419,16672019,2816,19412281,57728986,19371328,57625534,1528381,309859,269152,4693382,0,80455022,447459328,335544320,0,0
sample,grid_33_session,session_grid_medium,gpu_candidate_runtime,11,3,1090,5315,512,1536,0,290322442,12604,492044601,602756567,1499376017,1385136214,2884512231,646192162,367776011,371168041,0,1536,1536,1,1,3,2,1,3,3,192206632,3655391,48087958,20566234,2816,19412281,79208254,19371328,79053662,2261703,429636,357359,5380747,0,120475590,447459328,335544320,0,0
sample,grid_33_session,session_grid_medium,gpu_candidate_runtime,11,4,1090,5315,512,2048,0,381302299,12604,568890268,802930648,1998470195,1753135819,3751606014,646192162,367999605,371168041,0,2048,2048,1,1,4,3,1,4,4,192206632,3655391,57544716,24516034,2816,19412281,100655962,19371328,100454717,3016165,548061,491905,6096496,3502471,160743809,447459328,335544320,0,0
sample,grid_33_session,session_grid_medium,gpu_candidate_runtime,12,1,1090,5315,512,512,0,107240815,13195,339140072,201028523,505060398,647422605,1152483003,647422605,0,0,0,512,512,1,1,1,0,1,1,1,194439392,3569468,27836239,12633371,2595,19747749,36394451,19706848,36339358,788487,147551,159272,3051085,0,40370412,447897600,335544320,0,0
sample,grid_33_session,session_grid_medium,gpu_candidate_runtime,12,2,1090,5315,512,1024,0,199082277,13195,417467853,405390426,1008727688,1021953751,2030681439,647422605,374531146,374531146,0,1024,1024,1,1,2,1,1,2,2,194439392,3569468,37404127,16677171,2595,19747749,57948401,19706848,57839134,1527701,289109,240847,4563597,0,81057696,447897600,335544320,0,0
sample,grid_33_session,session_grid_medium,gpu_candidate_runtime,12,3,1090,5315,512,1536,0,294875836,13195,494465769,609314008,1519683840,1398668808,2918352648,647422605,374531146,376715057,0,1536,1536,1,1,3,2,1,3,3,194439392,3569468,46758761,20660855,2595,19747749,79430554,19706848,79264124,2274319,430348,336940,5265951,0,121548837,447897600,335544320,0,0
sample,grid_33_session,session_grid_medium,gpu_candidate_runtime,12,4,1090,5315,512,2048,0,387824551,13195,572373642,809711233,2025457391,1769922621,3795380012,647422605,374531146,376715057,0,2048,2048,1,1,4,3,1,4,4,194439392,3569468,56098797,24546634,2595,19747749,100896927,19706848,100669147,3029493,578519,423584,5937396,3732949,163103088,447897600,335544320,0,0
sample,grid_33_session,session_grid_medium,gpu_candidate_runtime,13,1,1090,5315,512,512,0,105054815,12573,344991774,200450789,503021248,650509951,1153531199,650509951,0,0,0,512,512,1,1,1,0,1,1,1,199228009,3607379,29561694,12453338,2044,19329886,36373498,19289087,36322911,745325,148341,140127,3075920,0,40326213,447438848,335544320,0,0
sample,grid_33_session,session_grid_medium,gpu_candidate_runtime,13,2,1090,5315,512,1024,0,195254513,12573,422162049,400236245,1002373030,1017665380,2020038410,650509951,367155429,367155429,0,1024,1024,1,1,2,1,1,2,2,199228009,3607379,38959098,16325161,2044,19329886,57856230,19289087,57762941,1477806,269431,255807,4468364,0,80382834,447438848,335544320,0,0
sample,grid_33_session,session_grid_medium,gpu_candidate_runtime,13,3,1090,5315,512,1536,0,289615191,12573,498521877,600431687,1499309316,1388581328,2887890644,650509951,367155429,370915948,0,1536,1536,1,1,3,2,1,3,3,199228009,3607379,48353607,20177276,2044,19329886,79392635,19289087,79242396,2212411,389980,346250,5091747,0,120390653,447438848,335544320,0,0
sample,grid_33_session,session_grid_medium,gpu_candidate_runtime,13,4,1090,5315,512,2048,0,380824365,12573,575591853,800258753,1998991254,1756687544,3755678798,650509951,368106216,370915948,0,2048,2048,1,1,4,3,1,4,4,199228009,3607379,57780357,24028770,2044,19329886,100912007,19289087,100724475,2965882,511320,456519,5729067,3801729,161040613,447438848,335544320,0,0
sample,grid_33_session,session_grid_medium,gpu_candidate_runtime,14,1,1090,5315,512,512,0,109031145,12003,345308435,202902555,504882694,657254138,1162136832,657254138,0,0,0,512,512,1,1,1,0,1,1,1,198175879,3616738,28273638,12761092,2064,19476865,36593916,19436031,36551391,757018,149213,145466,3090879,0,42265667,447868928,335544320,0,0
sample,grid_33_session,session_grid_medium,gpu_candidate_runtime,14,2,1090,5315,512,1024,0,199103090,12003,422771788,402255850,1002690114,1024142731,2026832845,657254138,366888593,366888593,0,1024,1024,1,1,2,1,1,2,2,198175879,3616738,37704155,16775134,2064,19476865,58132155,19436031,58042526,1526720,294628,236057,4603001,0,82228392,447868928,335544320,0,0
sample,grid_33_session,session_grid_medium,gpu_candidate_runtime,14,3,1090,5315,512,1536,0,293571071,12003,499140853,602030025,1500910378,1394753952,2895664330,657254138,366888593,370611221,0,1536,1536,1,1,3,2,1,3,3,198175879,3616738,47051905,20754771,2064,19476865,79664462,19436031,79526525,2287605,421819,331599,5272151,0,122084995,447868928,335544320,0,0
sample,grid_33_session,session_grid_medium,gpu_candidate_runtime,14,4,1090,5315,512,2048,0,384168925,12003,576280451,802444375,1998887178,1762905754,3761792932,657254138,368151802,370611221,0,2048,2048,1,1,4,3,1,4,4,198175879,3616738,56401739,24737935,2064,19476865,101259578,19436031,101063516,3076733,547298,426359,5933056,3667033,162626207,447868928,335544320,0,0
sample,grid_33_session,session_grid_medium,gpu_candidate_runtime,15,1,1090,5315,512,512,0,105667579,12263,343180904,201291392,505867787,650152138,1156019925,650152138,0,0,0,512,512,1,1,1,0,1,1,1,196948609,3628780,28862559,12979608,2284,19399760,36695552,19362112,36643200,761957,153601,154895,3144341,0,40448958,447426560,335544320,0,0
sample,grid_33_session,session_grid_medium,gpu_candidate_runtime,15,2,1090,5315,512,1024,0,195271402,12263,420309558,401452028,1011901139,1017045251,2028946390,650152138,366893113,366893113,0,1024,1024,1,1,2,1,1,2,2,196948609,3628780,38269333,16917465,2284,19399760,58243332,19362112,58140606,1580070,278778,254055,4659598,0,80127494,447426560,335544320,0,0
sample,grid_33_session,session_grid_medium,gpu_candidate_runtime,15,3,1090,5315,512,1536,0,289757467,12263,496613847,603234282,1516749051,1389617859,2906366910,650152138,366893113,372572608,0,1536,1536,1,1,3,2,1,3,3,196948609,3628780,47642141,20815057,2284,19399760,79743219,19362112,79601214,2316428,388116,354085,5300906,0,120074462,447426560,335544320,0,0
sample,grid_33_session,session_grid_medium,gpu_candidate_runtime,15,4,1090,5315,512,2048,0,380515913,12263,574302092,806376910,2021565022,1761207178,3782772200,650152138,371589319,372572608,0,2048,2048,1,1,4,3,1,4,4,196948609,3628780,57330990,24879185,2284,19399760,101343707,19362112,101142972,3114073,575882,441540,5971689,3855532,160665593,447426560,335544320,0,0
sample,grid_33_session,session_grid_medium,gpu_candidate_runtime,16,1,1090,5315,512,512,0,108265201,12374,341837763,202124784,500275559,652240122,1152515681,652240122,0,0,0,512,512,1,1,1,0,1,1,1,196320933,3840954,28570564,12214495,2405,19520879,36535748,19481056,36480639,748551,167549,141199,3103795,0,40670691,447410176,335544320,0,0
sample,grid_33_session,session_grid_medium,gpu_candidate_runtime,16,2,1090,5315,512,1024,0,197859466,12374,419263371,402840202,1003603615,1019975413,2023579028,652240122,367735291,367735291,0,1024,1024,1,1,2,1,1,2,2,196320933,3840954,37965805,16150980,2405,19520879,57995838,19481056,57900222,1485431,282949,251498,4748398,0,80697301,447410176,335544320,0,0
sample,grid_33_session,session_grid_medium,gpu_candidate_runtime,16,3,1090,5315,512,1536,0,292167953,12374,495748764,602444120,1502292772,1390373211,2892665983,652240122,367735291,370397798,0,1536,1536,1,1,3,2,1,3,3,196320933,3840954,47344835,20129746,2405,19520879,79546862,19481056,79403933,2230206,422253,343703,5443258,0,120602730,447410176,335544320,0,0
sample,grid_33_session,session_grid_medium,gpu_candidate_runtime,16,4,1090,5315,512,2048,0,383363848,12374,572676206,803228569,2006549231,1759280997,3765830228,652240122,368907786,370397798,0,2048,2048,1,1,4,3,1,4,4,196320933,3840954,56692536,24069447,2405,19520879,101006471,19481056,100826396,2952087,536559,430008,6080428,3509255,161223499,447410176,335544320,0,0
sample,grid_33_session,session_grid_medium,gpu_candidate_runtime,17,1,1090,5315,512,512,0,106731368,12474,337760640,202876863,505544236,647381345,1152925581,647381345,0,0,0,512,512,1,1,1,0,1,1,1,192898546,3641304,27717725,12657225,1984,19776705,36556869,19674528,36508094,713605,150387,141299,3088385,0,40416606,447897600,335544320,0,0
sample,grid_33_session,session_grid_medium,gpu_candidate_runtime,17,2,1090,5315,512,1024,0,195989353,12474,414853434,402655290,1007655633,1013510551,2021166184,647381345,366129206,366129206,0,1024,1024,1,1,2,1,1,2,2,192898546,3641304,37119819,16606354,1984,19776705,58076805,19674528,57986556,1467036,287457,223204,4544390,0,80209830,447897600,335544320,0,0
sample,grid_33_session,session_grid_medium,gpu_candidate_runtime,17,3,1090,5315,512,1536,0,290463764,12474,491276456,604330648,1507794113,1386083342,2893877455,647381345,366129206,372572791,0,1536,1536,1,1,3,2,1,3,3,192898546,3641304,46553462,20603254,1984,19776705,79574688,19674528,79443804,2229975,428796,317763,5209644,0,120040335,447897600,335544320,0,0
sample,grid_33_session,session_grid_medium,gpu_candidate_runtime,17,4,1090,5315,512,2048,0,380656044,12474,567744053,805675049,2009686344,1754087620,3763773964,647381345,368004278,372572791,0,2048,2048,1,1,4,3,1,4,4,192898546,3641304,56002936,24456641,1984,19776705,101119961,19674528,100943259,2964750,567299,397224,5914122,3825604,160002581,447897600,335544320,0,0
sample,grid_33_session,session_grid_medium,gpu_candidate_runtime,18,1,1090,5315,512,512,0,104882475,12924,340429634,201239631,507846026,646564664,1154410690,646564664,0,0,0,512,512,1,1,1,0,1,1,1,194518508,3656032,28988848,12622049,2074,19275713,36529848,19236095,36466783,760053,200271,147673,3091160,0,40637405,447320064,335544320,0,0
sample,grid_33_session,session_grid_medium,gpu_candidate_runtime,18,2,1090,5315,512,1024,0,196173230,12924,419369385,404783127,1018400055,1020338666,2038738721,646564664,373774002,373774002,0,1024,1024,1,1,2,1,1,2,2,194518508,3656032,38605830,16538606,2074,19275713,57987796,19236095,57878430,1538581,352409,236091,4741163,0,81916582,447320064,335544320,0,0
sample,grid_33_session,session_grid_medium,gpu_candidate_runtime,18,3,1090,5315,512,1536,0,290670755,12924,496697155,608474454,1527162442,1395855288,2923017730,646564664,373774002,375516622,0,1536,1536,1,1,3,2,1,3,3,194518508,3656032,48124676,20481553,2074,19275713,79507712,19236095,79356573,2273346,504738,321042,5410855,0,122620906,447320064,335544320,0,0
sample,grid_33_session,session_grid_medium,gpu_candidate_runtime,18,4,1090,5315,512,2048,0,383355207,12924,574308414,812428258,2036903177,1770104803,3807007980,646564664,374249515,375516622,0,2048,2048,1,1,4,3,1,4,4,194518508,3656032,57694087,24524420,2074,19275713,101018809,19236095,100822556,3055330,627731,411433,6174616,3351305,163349661,447320064,335544320,0,0
sample,grid_33_session,session_grid_medium,gpu_candidate_runtime,19,1,1090,5315,512,512,0,108691208,13035,347609227,200694877,501875278,657008347,1158883625,657008347,0,0,0,512,512,1,1,1,0,1,1,1,201335523,3519423,28497495,12325196,2124,19795840,37071236,19758335,37013887,779851,185823,147989,3120766,0,40827961,447410176,335544320,0,0
sample,grid_33_session,session_grid_medium,gpu_candidate_runtime,19,2,1090,5315,512,1024,0,200264570,13035,425648387,402044896,999456158,1027970888,2027427046,657008347,370962541,370962541,0,1024,1024,1,1,2,1,1,2,2,201335523,3519423,37887156,16402037,2124,19795840,58652347,19758335,58553566,1517522,330658,236217,4680558,0,81288982,447410176,335544320,0,0
sample,grid_33_session,session_grid_medium,gpu_candidate_runtime,19,3,1090,5315,512,1536,0,294802671,13035,502457312,601549430,1504056950,1398822448,2902879398,657008347,370851560,370962541,0,1536,1536,1,1,3,2,1,3,3,201335523,3519423,47273690,20393756,2124,19795840,80162512,19758335,80011581,2252297,485902,324996,5343006,0,121568243,447410176,335544320,0,0
sample,grid_33_session,session_grid_medium,gpu_candidate_runtime,19,4,1090,5315,512,2048,0,386122921,13035,580301222,801662249,2002390389,1768099427,3770489816,657008347,370851560,370962541,0,2048,2048,1,1,4,3,1,4,4,201335523,3519423,56868199,24453104,2124,19795840,101644847,19758335,101437341,3059760,601041,437990,6084394,3742137,162498977,447410176,335544320,0,0
summary,grid_33_session,session_grid_medium,gpu_candidate_runtime,1,20,645119231,649159255,657008347,657254138,1153531199,649159255,0,0,788.11521274043412,447905792,335544320
summary,grid_33_session,session_grid_medium,gpu_candidate_runtime,2,20,1013509291,1019086698,1026300512,1027970888,2024902238,649159255,368390060,373774002,1004.5361428548102,447905792,335544320
summary,grid_33_session,session_grid_medium,gpu_candidate_runtime,3,20,1384258532,1390910491,1399616318,1400557338,2900899795,649159255,368390060,376864915,1102.5163968467259,447905792,335544320
summary,grid_33_session,session_grid_medium,gpu_candidate_runtime,4,20,1752924056,1761231832,1770104803,1771427539,3772260405,649159255,369903397,376864915,1162.6620633968921,447905792,335544320
case,grid_65_session,session_grid_large,square_grid,4225,1,4226,20867,256,4
identity,grid_65_session,0,v1-f1d88b451d6bc8c7ca3f9b93db69960a,v1-c76a0870f5cd9a08cdee5d5f21ee45d3,v1-a9f89cf8db30518acb1aea99ba713621,256
identity,grid_65_session,1,v1-f1d88b451d6bc8c7ca3f9b93db69960a,v1-5dc701c8add520174ee5fee5570909b4,v1-56707568273b6ce5c1ef7a42f97e83ba,256
identity,grid_65_session,2,v1-f1d88b451d6bc8c7ca3f9b93db69960a,v1-e53b847c689dda57f11ac1a0fea11690,v1-f708880ce59c36630e2a38e471f9f7b8,256
identity,grid_65_session,3,v1-f1d88b451d6bc8c7ca3f9b93db69960a,v1-e135dbea12457e519257bb3d45750e0e,v1-e37677e75a5d8c3556a61e36b37cf4f6,256
sample,grid_65_session,session_grid_large,parallel_inline_certified,0,1,4226,20867,256,256,32,214127169,3073377,156368361,1321171364,0,1694740271,1694740271,1694740271,0,0,32,256,256,0,0,0,0,0,0,0,0,0,0,0,0,0,0,0,0,0,0,0,0,0,0,411881472,0,0,0
sample,grid_65_session,session_grid_large,parallel_inline_certified,0,2,4226,20867,256,512,32,419311646,3073377,315510389,2639659944,0,3377555356,3377555356,1694740271,1682815085,1682815085,32,512,512,0,0,0,0,0,0,0,0,0,0,0,0,0,0,0,0,0,0,0,0,0,0,411881472,0,0,0
sample,grid_65_session,session_grid_large,parallel_inline_certified,0,3,4226,20867,256,768,32,624567859,3073377,467354439,3959128774,0,5054124449,5054124449,1694740271,1676569093,1682815085,32,768,768,0,0,0,0,0,0,0,0,0,0,0,0,0,0,0,0,0,0,0,0,0,0,411881472,0,0,0
sample,grid_65_session,session_grid_large,parallel_inline_certified,0,4,4226,20867,256,1024,32,831357175,3073377,630660123,5277050628,0,6742141303,6742141303,1694740271,1682815085,1688016854,32,1024,1024,0,0,0,0,0,0,0,0,0,0,0,0,0,0,0,0,0,0,0,0,1042439,0,411881472,0,0,0
sample,grid_65_session,session_grid_large,parallel_inline_certified,1,1,4226,20867,256,256,32,214755272,3013583,156478190,1321440283,0,1695687328,1695687328,1695687328,0,0,32,256,256,0,0,0,0,0,0,0,0,0,0,0,0,0,0,0,0,0,0,0,0,0,0,411590656,0,0,0
sample,grid_65_session,session_grid_large,parallel_inline_certified,1,2,4226,20867,256,512,32,418930424,3013583,318118641,2668735222,0,3408797870,3408797870,1695687328,1713110542,1713110542,32,512,512,0,0,0,0,0,0,0,0,0,0,0,0,0,0,0,0,0,0,0,0,0,0,411590656,0,0,0
sample,grid_65_session,session_grid_large,parallel_inline_certified,1,3,4226,20867,256,768,32,625296264,3013583,477196047,3987334640,0,5092840534,5092840534,1695687328,1684042664,1713110542,32,768,768,0,0,0,0,0,0,0,0,0,0,0,0,0,0,0,0,0,0,0,0,0,0,411590656,0,0,0
sample,grid_65_session,session_grid_large,parallel_inline_certified,1,4,4226,20867,256,1024,32,831179850,3013583,636251339,5315611214,0,6786055986,6786055986,1695687328,1693215452,1713110542,32,1024,1024,0,0,0,0,0,0,0,0,0,0,0,0,0,0,0,0,0,0,0,0,1046186,0,411590656,0,0,0
sample,grid_65_session,session_grid_large,parallel_inline_certified,2,1,4226,20867,256,256,32,213806370,2923992,155893598,1322341925,0,1694965885,1694965885,1694965885,0,0,32,256,256,0,0,0,0,0,0,0,0,0,0,0,0,0,0,0,0,0,0,0,0,0,0,411648000,0,0,0
sample,grid_65_session,session_grid_large,parallel_inline_certified,2,2,4226,20867,256,512,32,419547004,2923992,312729958,2638009505,0,3373210459,3373210459,1694965885,1678244574,1678244574,32,512,512,0,0,0,0,0,0,0,0,0,0,0,0,0,0,0,0,0,0,0,0,0,0,411648000,0,0,0
sample,grid_65_session,session_grid_large,parallel_inline_certified,2,3,4226,20867,256,768,32,624090994,2923992,464952494,3966614493,0,5058581973,5058581973,1694965885,1678244574,1685371514,32,768,768,0,0,0,0,0,0,0,0,0,0,0,0,0,0,0,0,0,0,0,0,0,0,411648000,0,0,0
sample,grid_65_session,session_grid_large,parallel_inline_certified,2,4,4226,20867,256,1024,32,834977829,2923992,616708906,5291400437,0,6746011164,6746011164,1694965885,1685371514,1687429191,32,1024,1024,0,0,0,0,0,0,0,0,0,0,0,0,0,0,0,0,0,0,0,0,1035637,0,411648000,0,0,0
sample,grid_65_session,session_grid_large,parallel_inline_certified,3,1,4226,20867,256,256,32,214582412,3046605,156747959,1314718979,0,1689095955,1689095955,1689095955,0,0,32,256,256,0,0,0,0,0,0,0,0,0,0,0,0,0,0,0,0,0,0,0,0,0,0,411676672,0,0,0
sample,grid_65_session,session_grid_large,parallel_inline_certified,3,2,4226,20867,256,512,32,419843234,3046605,310471917,2639167867,0,3372529623,3372529623,1689095955,1683433668,1683433668,32,512,512,0,0,0,0,0,0,0,0,0,0,0,0,0,0,0,0,0,0,0,0,0,0,411676672,0,0,0
sample,grid_65_session,session_grid_large,parallel_inline_certified,3,3,4226,20867,256,768,32,624873192,3046605,462194242,3955907772,0,5046021811,5046021811,1689095955,1673492188,1683433668,32,768,768,0,0,0,0,0,0,0,0,0,0,0,0,0,0,0,0,0,0,0,0,0,0,411676672,0,0,0
sample,grid_65_session,session_grid_large,parallel_inline_certified,3,4,4226,20867,256,1024,32,829433739,3046605,621207573,5275139208,0,6728827125,6728827125,1689095955,1682805314,1683433668,32,1024,1024,0,0,0,0,0,0,0,0,0,0,0,0,0,0,0,0,0,0,0,0,1019896,0,411676672,0,0,0
sample,grid_65_session,session_grid_large,parallel_inline_certified,4,1,4226,20867,256,256,32,214518976,3006640,156689498,1320864727,0,1695079841,1695079841,1695079841,0,0,32,256,256,0,0,0,0,0,0,0,0,0,0,0,0,0,0,0,0,0,0,0,0,0,0,411557888,0,0,0
sample,grid_65_session,session_grid_large,parallel_inline_certified,4,2,4226,20867,256,512,32,418805694,3006640,313218512,2637249640,0,3372280486,3372280486,1695079841,1677200645,1677200645,32,512,512,0,0,0,0,0,0,0,0,0,0,0,0,0,0,0,0,0,0,0,0,0,0,411557888,0,0,0
sample,grid_65_session,session_grid_large,parallel_inline_certified,4,3,4226,20867,256,768,32,626949657,3006640,463973551,3955023485,0,5048953333,5048953333,1695079841,1676672847,1677200645,32,768,768,0,0,0,0,0,0,0,0,0,0,0,0,0,0,0,0,0,0,0,0,0,0,411557888,0,0,0
sample,grid_65_session,session_grid_large,parallel_inline_certified,4,4,4226,20867,256,1024,32,837075514,3006640,618054053,5288685350,0,6746821557,6746821557,1695079841,1677200645,1697868224,32,1024,1024,0,0,0,0,0,0,0,0,0,0,0,0,0,0,0,0,0,0,0,0,1022431,0,411557888,0,0,0
sample,grid_65_session,session_grid_large,parallel_inline_certified,5,1,4226,20867,256,256,32,214766328,3024923,155723360,1319258488,0,1692773099,1692773099,1692773099,0,0,32,256,256,0,0,0,0,0,0,0,0,0,0,0,0,0,0,0,0,0,0,0,0,0,0,411877376,0,0,0
sample,grid_65_session,session_grid_large,parallel_inline_certified,5,2,4226,20867,256,512,32,419783566,3024923,308849749,2644770880,0,3376429118,3376429118,1692773099,1683656019,1683656019,32,512,512,0,0,0,0,0,0,0,0,0,0,0,0,0,0,0,0,0,0,0,0,0,0,411877376,0,0,0
sample,grid_65_session,session_grid_large,parallel_inline_certified,5,3,4226,20867,256,768,32,626902253,3024923,468064688,3965514737,0,5063506601,5063506601,1692773099,1683656019,1687077483,32,768,768,0,0,0,0,0,0,0,0,0,0,0,0,0,0,0,0,0,0,0,0,0,0,411877376,0,0,0
sample,grid_65_session,session_grid_large,parallel_inline_certified,5,4,4226,20867,256,1024,32,832306325,3024923,630757923,5282123809,0,6748212980,6748212980,1692773099,1684706379,1687077483,32,1024,1024,0,0,0,0,0,0,0,0,0,0,0,0,0,0,0,0,0,0,0,0,1012633,0,411877376,0,0,0
sample,grid_65_session,session_grid_large,parallel_inline_certified,6,1,4226,20867,256,256,32,214445407,3059389,153399755,1324523396,0,1695427947,1695427947,1695427947,0,0,32,256,256,0,0,0,0,0,0,0,0,0,0,0,0,0,0,0,0,0,0,0,0,0,0,411705344,0,0,0
sample,grid_65_session,session_grid_large,parallel_inline_certified,6,2,4226,20867,256,512,32,420597947,3059389,305780644,2641827312,0,3371265292,3371265292,1695427947,1675837345,1675837345,32,512,512,0,0,0,0,0,0,0,0,0,0,0,0,0,0,0,0,0,0,0,0,0,0,411705344,0,0,0
sample,grid_65_session,session_grid_large,parallel_inline_certified,6,3,4226,20867,256,768,32,627436810,3059389,465757969,3960438872,0,5056693040,5056693040,1695427947,1675837345,1685427748,32,768,768,0,0,0,0,0,0,0,0,0,0,0,0,0,0,0,0,0,0,0,0,0,0,411705344,0,0,0
sample,grid_65_session,session_grid_large,parallel_inline_certified,6,4,4226,20867,256,1024,32,837793733,3059389,626107902,5279350111,0,6746311135,6746311135,1695427947,1685427748,1689618095,32,1024,1024,0,0,0,0,0,0,0,0,0,0,0,0,0,0,0,0,0,0,0,0,1001111,0,411705344,0,0,0
sample,grid_65_session,session_grid_large,parallel_inline_certified,7,1,4226,20867,256,256,32,210797430,3064109,156017336,1316026371,0,1685905246,1685905246,1685905246,0,0,32,256,256,0,0,0,0,0,0,0,0,0,0,0,0,0,0,0,0,0,0,0,0,0,0,411590656,0,0,0
sample,grid_65_session,session_grid_large,parallel_inline_certified,7,2,4226,20867,256,512,32,414973496,3064109,316190635,2633408156,0,3367636396,3367636396,1685905246,1681731150,1681731150,32,512,512,0,0,0,0,0,0,0,0,0,0,0,0,0,0,0,0,0,0,0,0,0,0,411590656,0,0,0
sample,grid_65_session,session_grid_large,parallel_inline_certified,7,3,4226,20867,256,768,32,618954161,3064109,471288214,3950564352,0,5043870836,5043870836,1685905246,1676234440,1681731150,32,768,768,0,0,0,0,0,0,0,0,0,0,0,0,0,0,0,0,0,0,0,0,0,0,411590656,0,0,0
sample,grid_65_session,session_grid_large,parallel_inline_certified,7,4,4226,20867,256,1024,32,822123926,3064109,623239010,5277757597,0,6726184642,6726184642,1685905246,1681731150,1682313806,32,1024,1024,0,0,0,0,0,0,0,0,0,0,0,0,0,0,0,0,0,0,0,0,1141908,0,411590656,0,0,0
sample,grid_65_session,session_grid_large,parallel_inline_certified,8,1,4226,20867,256,256,32,215477305,3221687,156454276,1319212080,0,1694365348,1694365348,1694365348,0,0,32,256,256,0,0,0,0,0,0,0,0,0,0,0,0,0,0,0,0,0,0,0,0,0,0,411414528,0,0,0
sample,grid_65_session,session_grid_large,parallel_inline_certified,8,2,4226,20867,256,512,32,419060815,3221687,311280580,2634848098,0,3368411180,3368411180,1694365348,1674045832,1674045832,32,512,512,0,0,0,0,0,0,0,0,0,0,0,0,0,0,0,0,0,0,0,0,0,0,411414528,0,0,0
sample,grid_65_session,session_grid_large,parallel_inline_certified,8,3,4226,20867,256,768,32,624026751,3221687,463133718,3953978864,0,5044361020,5044361020,1694365348,1674045832,1675949840,32,768,768,0,0,0,0,0,0,0,0,0,0,0,0,0,0,0,0,0,0,0,0,0,0,411414528,0,0,0
sample,grid_65_session,session_grid_large,parallel_inline_certified,8,4,4226,20867,256,1024,32,834296949,3221687,620288935,5274196914,0,6732004485,6732004485,1694365348,1675949840,1687643465,32,1024,1024,0,0,0,0,0,0,0,0,0,0,0,0,0,0,0,0,0,0,0,0,1023484,0,411414528,0,0,0
sample,grid_65_session,session_grid_large,parallel_inline_certified,9,1,4226,20867,256,256,32,212649306,2976262,156131282,1322401327,0,1694158177,1694158177,1694158177,0,0,32,256,256,0,0,0,0,0,0,0,0,0,0,0,0,0,0,0,0,0,0,0,0,0,0,411967488,0,0,0
sample,grid_65_session,session_grid_large,parallel_inline_certified,9,2,4226,20867,256,512,32,419916172,2976262,309203686,2650487619,0,3382583739,3382583739,1694158177,1688425562,1688425562,32,512,512,0,0,0,0,0,0,0,0,0,0,0,0,0,0,0,0,0,0,0,0,0,0,411967488,0,0,0
sample,grid_65_session,session_grid_large,parallel_inline_certified,9,3,4226,20867,256,768,32,625425368,2976262,461823733,3969035648,0,5059261011,5059261011,1694158177,1676677272,1688425562,32,768,768,0,0,0,0,0,0,0,0,0,0,0,0,0,0,0,0,0,0,0,0,0,0,411967488,0,0,0
sample,grid_65_session,session_grid_large,parallel_inline_certified,9,4,4226,20867,256,1024,32,829812134,2976262,615015144,5292448777,0,6740252317,6740252317,1694158177,1680991306,1688425562,32,1024,1024,0,0,0,0,0,0,0,0,0,0,0,0,0,0,0,0,0,0,0,0,1014576,0,411967488,0,0,0
sample,grid_65_session,session_grid_large,parallel_inline_certified,10,1,4226,20867,256,256,32,213922414,3005438,153073926,1338527569,0,1708529347,1708529347,1708529347,0,0,32,256,256,0,0,0,0,0,0,0,0,0,0,0,0,0,0,0,0,0,0,0,0,0,0,411643904,0,0,0
sample,grid_65_session,session_grid_large,parallel_inline_certified,10,2,4226,20867,256,512,32,417836573,3005438,304984814,2654523143,0,3380349968,3380349968,1708529347,1671820621,1671820621,32,512,512,0,0,0,0,0,0,0,0,0,0,0,0,0,0,0,0,0,0,0,0,0,0,411643904,0,0,0
sample,grid_65_session,session_grid_large,parallel_inline_certified,10,3,4226,20867,256,768,32,622861261,3005438,457466436,3971987432,0,5055320567,5055320567,1708529347,1671820621,1674970599,32,768,768,0,0,0,0,0,0,0,0,0,0,0,0,0,0,0,0,0,0,0,0,0,0,411643904,0,0,0
sample,grid_65_session,session_grid_large,parallel_inline_certified,10,4,4226,20867,256,1024,32,832663330,3005438,609444411,5294219955,0,6739333134,6739333134,1708529347,1674970599,1684012567,32,1024,1024,0,0,0,0,0,0,0,0,0,0,0,0,0,0,0,0,0,0,0,0,1086994,0,411643904,0,0,0
sample,grid_65_session,session_grid_large,parallel_inline_certified,11,1,4226,20867,256,256,32,211938867,3018972,156902386,1321289011,0,1693149236,1693149236,1693149236,0,0,32,256,256,0,0,0,0,0,0,0,0,0,0,0,0,0,0,0,0,0,0,0,0,0,0,411570176,0,0,0
sample,grid_65_session,session_grid_large,parallel_inline_certified,11,2,4226,20867,256,512,32,415614161,3018972,308362098,2643122546,0,3370117777,3370117777,1693149236,1676968541,1676968541,32,512,512,0,0,0,0,0,0,0,0,0,0,0,0,0,0,0,0,0,0,0,0,0,0,411570176,0,0,0
sample,grid_65_session,session_grid_large,parallel_inline_certified,11,3,4226,20867,256,768,32,621172402,3018972,468480219,3960814269,0,5053485862,5053485862,1693149236,1676968541,1683368085,32,768,768,0,0,0,0,0,0,0,0,0,0,0,0,0,0,0,0,0,0,0,0,0,0,411570176,0,0,0
sample,grid_65_session,session_grid_large,parallel_inline_certified,11,4,4226,20867,256,1024,32,825080369,3018972,624641379,5280865182,0,6733605902,6733605902,1693149236,1680120040,1683368085,32,1024,1024,0,0,0,0,0,0,0,0,0,0,0,0,0,0,0,0,0,0,0,0,1025096,0,411570176,0,0,0
sample,grid_65_session,session_grid_large,parallel_inline_certified,12,1,4226,20867,256,256,32,214136410,2957255,157223626,1324665968,0,1698983259,1698983259,1698983259,0,0,32,256,256,0,0,0,0,0,0,0,0,0,0,0,0,0,0,0,0,0,0,0,0,0,0,411586560,0,0,0
sample,grid_65_session,session_grid_large,parallel_inline_certified,12,2,4226,20867,256,512,32,418454015,2957255,315349214,2643489270,0,3380249754,3380249754,1698983259,1681266495,1681266495,32,512,512,0,0,0,0,0,0,0,0,0,0,0,0,0,0,0,0,0,0,0,0,0,0,411586560,0,0,0
sample,grid_65_session,session_grid_large,parallel_inline_certified,12,3,4226,20867,256,768,32,623985716,2957255,468314444,3960036129,0,5055293544,5055293544,1698983259,1675043790,1681266495,32,768,768,0,0,0,0,0,0,0,0,0,0,0,0,0,0,0,0,0,0,0,0,0,0,411586560,0,0,0
sample,grid_65_session,session_grid_large,parallel_inline_certified,12,4,4226,20867,256,1024,32,833307824,2957255,622300823,5279598908,0,6738164810,6738164810,1698983259,1681266495,1682871266,32,1024,1024,0,0,0,0,0,0,0,0,0,0,0,0,0,0,0,0,0,0,0,0,951386,0,411586560,0,0,0
sample,grid_65_session,session_grid_large,parallel_inline_certified,13,1,4226,20867,256,256,32,214515471,2872896,154824142,1318271063,0,1690483572,1690483572,1690483572,0,0,32,256,256,0,0,0,0,0,0,0,0,0,0,0,0,0,0,0,0,0,0,0,0,0,0,411885568,0,0,0
sample,grid_65_session,session_grid_large,parallel_inline_certified,13,2,4226,20867,256,512,32,419419651,2872896,317156551,2639103199,0,3378552297,3378552297,1690483572,1688068725,1688068725,32,512,512,0,0,0,0,0,0,0,0,0,0,0,0,0,0,0,0,0,0,0,0,0,0,411885568,0,0,0
sample,grid_65_session,session_grid_large,parallel_inline_certified,13,3,4226,20867,256,768,32,624429903,2872896,468551540,3955476178,0,5051330517,5051330517,1690483572,1672778220,1688068725,32,768,768,0,0,0,0,0,0,0,0,0,0,0,0,0,0,0,0,0,0,0,0,0,0,411885568,0,0,0
sample,grid_65_session,session_grid_large,parallel_inline_certified,13,4,4226,20867,256,1024,32,830512890,2872896,618787319,5277525214,0,6729698319,6729698319,1690483572,1678367802,1688068725,32,1024,1024,0,0,0,0,0,0,0,0,0,0,0,0,0,0,0,0,0,0,0,0,1056146,0,411885568,0,0,0
sample,grid_65_session,session_grid_large,parallel_inline_certified,14,1,4226,20867,256,256,32,213970215,2979247,156500104,1345429324,0,1718878890,1718878890,1718878890,0,0,32,256,256,0,0,0,0,0,0,0,0,0,0,0,0,0,0,0,0,0,0,0,0,0,0,411561984,0,0,0
sample,grid_65_session,session_grid_large,parallel_inline_certified,14,2,4226,20867,256,512,32,419059270,2979247,308418731,2666024406,0,3396481654,3396481654,1718878890,1677602764,1677602764,32,512,512,0,0,0,0,0,0,0,0,0,0,0,0,0,0,0,0,0,0,0,0,0,0,411561984,0,0,0
sample,grid_65_session,session_grid_large,parallel_inline_certified,14,3,4226,20867,256,768,32,626622784,2979247,462167073,3984355689,0,5076124793,5076124793,1718878890,1677602764,1679643139,32,768,768,0,0,0,0,0,0,0,0,0,0,0,0,0,0,0,0,0,0,0,0,0,0,411561984,0,0,0
sample,grid_65_session,session_grid_large,parallel_inline_certified,14,4,4226,20867,256,1024,32,835952884,2979247,625209574,5305619431,0,6769761136,6769761136,1718878890,1679643139,1693636343,32,1024,1024,0,0,0,0,0,0,0,0,0,0,0,0,0,0,0,0,0,0,0,0,1025126,0,411561984,0,0,0
sample,grid_65_session,session_grid_large,parallel_inline_certified,15,1,4226,20867,256,256,32,214644911,2925286,155694268,1318157574,0,1691422039,1691422039,1691422039,0,0,32,256,256,0,0,0,0,0,0,0,0,0,0,0,0,0,0,0,0,0,0,0,0,0,0,411758592,0,0,0
sample,grid_65_session,session_grid_large,parallel_inline_certified,15,2,4226,20867,256,512,32,421770654,2925286,308941784,2642670820,0,3376308544,3376308544,1691422039,1684886505,1684886505,32,512,512,0,0,0,0,0,0,0,0,0,0,0,0,0,0,0,0,0,0,0,0,0,0,411758592,0,0,0
sample,grid_65_session,session_grid_large,parallel_inline_certified,15,3,4226,20867,256,768,32,628551808,2925286,467898041,3961302115,0,5060677250,5060677250,1691422039,1684368706,1684886505,32,768,768,0,0,0,0,0,0,0,0,0,0,0,0,0,0,0,0,0,0,0,0,0,0,411758592,0,0,0
sample,grid_65_session,session_grid_large,parallel_inline_certified,15,4,4226,20867,256,1024,32,833085043,2925286,625688375,5284285404,0,6745984108,6745984108,1691422039,1684886505,1685306858,32,1024,1024,0,0,0,0,0,0,0,0,0,0,0,0,0,0,0,0,0,0,0,0,1058971,0,411758592,0,0,0
sample,grid_65_session,session_grid_large,parallel_inline_certified,16,1,4226,20867,256,256,32,213257451,3024424,154830173,1317310487,0,1688422535,1688422535,1688422535,0,0,32,256,256,0,0,0,0,0,0,0,0,0,0,0,0,0,0,0,0,0,0,0,0,0,0,411582464,0,0,0
sample,grid_65_session,session_grid_large,parallel_inline_certified,16,2,4226,20867,256,512,32,416769998,3024424,314220364,2631586401,0,3365601187,3365601187,1688422535,1677178652,1677178652,32,512,512,0,0,0,0,0,0,0,0,0,0,0,0,0,0,0,0,0,0,0,0,0,0,411582464,0,0,0
sample,grid_65_session,session_grid_large,parallel_inline_certified,16,3,4226,20867,256,768,32,621485479,3024424,467398879,3952728509,0,5044637291,5044637291,1688422535,1677178652,1679036104,32,768,768,0,0,0,0,0,0,0,0,0,0,0,0,0,0,0,0,0,0,0,0,0,0,411582464,0,0,0
sample,grid_65_session,session_grid_large,parallel_inline_certified,16,4,4226,20867,256,1024,32,826505698,3024424,622278085,5277232302,0,6729040509,6729040509,1688422535,1679036104,1684403218,32,1024,1024,0,0,0,0,0,0,0,0,0,0,0,0,0,0,0,0,0,0,0,0,1008966,0,411582464,0,0,0
sample,grid_65_session,session_grid_large,parallel_inline_certified,17,1,4226,20867,256,256,32,214976024,3027750,154582482,1316503670,0,1689089926,1689089926,1689089926,0,0,32,256,256,0,0,0,0,0,0,0,0,0,0,0,0,0,0,0,0,0,0,0,0,0,0,411942912,0,0,0
sample,grid_65_session,session_grid_large,parallel_inline_certified,17,2,4226,20867,256,512,32,420284811,3027750,305947865,2635675507,0,3364935933,3364935933,1689089926,1675846007,1675846007,32,512,512,0,0,0,0,0,0,0,0,0,0,0,0,0,0,0,0,0,0,0,0,0,0,411942912,0,0,0
sample,grid_65_session,session_grid_large,parallel_inline_certified,17,3,4226,20867,256,768,32,625346709,3027750,455632565,3953088082,0,5037095106,5037095106,1689089926,1672159173,1675846007,32,768,768,0,0,0,0,0,0,0,0,0,0,0,0,0,0,0,0,0,0,0,0,0,0,411942912,0,0,0
sample,grid_65_session,session_grid_large,parallel_inline_certified,17,4,4226,20867,256,1024,32,830852189,3027750,606694041,5272353995,0,6712927975,6712927975,1689089926,1675832869,1675846007,32,1024,1024,0,0,0,0,0,0,0,0,0,0,0,0,0,0,0,0,0,0,0,0,1065063,0,411942912,0,0,0
sample,grid_65_session,session_grid_large,parallel_inline_certified,18,1,4226,20867,256,256,32,212646270,2930556,154886238,1345678259,0,1716141323,1716141323,1716141323,0,0,32,256,256,0,0,0,0,0,0,0,0,0,0,0,0,0,0,0,0,0,0,0,0,0,0,411656192,0,0,0
sample,grid_65_session,session_grid_large,parallel_inline_certified,18,2,4226,20867,256,512,32,417151292,2930556,307805241,2661113349,0,3389000438,3389000438,1716141323,1672859115,1672859115,32,512,512,0,0,0,0,0,0,0,0,0,0,0,0,0,0,0,0,0,0,0,0,0,0,411656192,0,0,0
sample,grid_65_session,session_grid_large,parallel_inline_certified,18,3,4226,20867,256,768,32,621203133,2930556,463401828,3980567230,0,5068102747,5068102747,1716141323,1672859115,1679102309,32,768,768,0,0,0,0,0,0,0,0,0,0,0,0,0,0,0,0,0,0,0,0,0,0,411656192,0,0,0
sample,grid_65_session,session_grid_large,parallel_inline_certified,18,4,4226,20867,256,1024,32,826694486,2930556,617659754,5303410933,0,6750695729,6750695729,1716141323,1679102309,1682592982,32,1024,1024,0,0,0,0,0,0,0,0,0,0,0,0,0,0,0,0,0,0,0,0,999067,0,411656192,0,0,0
sample,grid_65_session,session_grid_large,parallel_inline_certified,19,1,4226,20867,256,256,32,212393372,2985870,154806047,1316800961,0,1686986250,1686986250,1686986250,0,0,32,256,256,0,0,0,0,0,0,0,0,0,0,0,0,0,0,0,0,0,0,0,0,0,0,411881472,0,0,0
sample,grid_65_session,session_grid_large,parallel_inline_certified,19,2,4226,20867,256,512,32,415967416,2985870,312140785,2640231019,0,3371325090,3371325090,1686986250,1684338840,1684338840,32,512,512,0,0,0,0,0,0,0,0,0,0,0,0,0,0,0,0,0,0,0,0,0,0,411881472,0,0,0
sample,grid_65_session,session_grid_large,parallel_inline_certified,19,3,4226,20867,256,768,32,620722603,2985870,470537781,3957622500,0,5051868754,5051868754,1686986250,1680543664,1684338840,32,768,768,0,0,0,0,0,0,0,0,0,0,0,0,0,0,0,0,0,0,0,0,0,0,411881472,0,0,0
sample,grid_65_session,session_grid_large,parallel_inline_certified,19,4,4226,20867,256,1024,32,825740549,2985870,622602733,5276972951,0,6728302103,6728302103,1686986250,1680543664,1684338840,32,1024,1024,0,0,0,0,0,0,0,0,0,0,0,0,0,0,0,0,0,0,0,0,1111651,0,411881472,0,0,0
summary,grid_65_session,session_grid_large,parallel_inline_certified,1,20,1685905246,1694158177,1716141323,1718878890,1694158177,1694158177,0,0,151.08902002875473,411967488,0
summary,grid_65_session,session_grid_large,parallel_inline_certified,2,20,3364935933,3373210459,3396481654,3408797870,3373210459,1694158177,1678244574,1688425562,151.64490843405574,411967488,0
summary,grid_65_session,session_grid_large,parallel_inline_certified,3,20,5037095106,5054124449,5076124793,5092840534,5054124449,1694158177,1676569093,1688425562,151.91996138612362,411967488,0
summary,grid_65_session,session_grid_large,parallel_inline_certified,4,20,6712927975,6739333134,6769761136,6786055986,6739333134,1694158177,1680543664,1697868224,151.92309602673291,411967488,0
sample,grid_65_session,session_grid_large,parallel_candidate_runtime,0,1,4226,20867,256,256,32,214016073,3055092,155352714,388034220,1314395579,760458099,2074853678,760458099,0,0,32,256,256,0,0,0,0,0,0,0,0,0,0,0,0,0,0,0,0,0,0,0,0,0,0,411586560,0,0,0
sample,grid_65_session,session_grid_large,parallel_candidate_runtime,0,2,4226,20867,256,512,32,419472200,3055092,314399874,778877826,2633685873,1515804992,4149490865,760458099,755346893,755346893,32,512,512,0,0,0,0,0,0,0,0,0,0,0,0,0,0,0,0,0,0,0,0,0,0,411586560,0,0,0
sample,grid_65_session,session_grid_large,parallel_candidate_runtime,0,3,4226,20867,256,768,32,624808359,3055092,465819210,1168748614,3954851006,2262431275,6217282281,760458099,746626283,755346893,32,768,768,0,0,0,0,0,0,0,0,0,0,0,0,0,0,0,0,0,0,0,0,0,0,411586560,0,0,0
sample,grid_65_session,session_grid_large,parallel_candidate_runtime,0,4,4226,20867,256,1024,32,832224577,3055092,617842963,1562565105,5279173373,3015687737,8294861110,760458099,753256462,755346893,32,1024,1024,0,0,0,0,0,0,0,0,0,0,0,0,0,0,0,0,0,0,0,0,1057618,0,411586560,0,0,0
sample,grid_65_session,session_grid_large,parallel_candidate_runtime,1,1,4226,20867,256,256,32,213668301,2938600,155503059,390265237,1314407189,762375197,2076782386,762375197,0,0,32,256,256,0,0,0,0,0,0,0,0,0,0,0,0,0,0,0,0,0,0,0,0,0,0,411799552,0,0,0
sample,grid_65_session,session_grid_large,parallel_candidate_runtime,1,2,4226,20867,256,512,32,418141722,2938600,307251278,777745656,2635221155,1506077256,4141298411,762375197,743702059,743702059,32,512,512,0,0,0,0,0,0,0,0,0,0,0,0,0,0,0,0,0,0,0,0,0,0,411799552,0,0,0
sample,grid_65_session,session_grid_large,parallel_candidate_runtime,1,3,4226,20867,256,768,32,622584374,2938600,458872376,1169160246,3960244745,2253555596,6213800341,762375197,743702059,747478340,32,768,768,0,0,0,0,0,0,0,0,0,0,0,0,0,0,0,0,0,0,0,0,0,0,411799552,0,0,0
sample,grid_65_session,session_grid_large,parallel_candidate_runtime,1,4,4226,20867,256,1024,32,828313049,2938600,611727056,1561689884,5287823311,3004668589,8292491900,762375197,747478340,751112993,32,1024,1024,0,0,0,0,0,0,0,0,0,0,0,0,0,0,0,0,0,0,0,0,1079660,0,411799552,0,0,0
sample,grid_65_session,session_grid_large,parallel_candidate_runtime,2,1,4226,20867,256,256,32,214717634,3031207,154417589,388216458,1316889147,760382888,2077272035,760382888,0,0,32,256,256,0,0,0,0,0,0,0,0,0,0,0,0,0,0,0,0,0,0,0,0,0,0,411619328,0,0,0
sample,grid_65_session,session_grid_large,parallel_candidate_runtime,2,2,4226,20867,256,512,32,418516485,3031207,310318514,776135281,2637539986,1508001487,4145541473,760382888,747618599,747618599,32,512,512,0,0,0,0,0,0,0,0,0,0,0,0,0,0,0,0,0,0,0,0,0,0,411619328,0,0,0
sample,grid_65_session,session_grid_large,parallel_candidate_runtime,2,3,4226,20867,256,768,32,623914802,3031207,462065223,1165640876,3954828069,2254652108,6209480177,760382888,746650621,747618599,32,768,768,0,0,0,0,0,0,0,0,0,0,0,0,0,0,0,0,0,0,0,0,0,0,411619328,0,0,0
sample,grid_65_session,session_grid_large,parallel_candidate_runtime,2,4,4226,20867,256,1024,32,830201137,3031207,621348571,1555244087,5276915305,3009825002,8286740307,760382888,747618599,755172894,32,1024,1024,0,0,0,0,0,0,0,0,0,0,0,0,0,0,0,0,0,0,0,0,1071354,0,411619328,0,0,0
sample,grid_65_session,session_grid_large,parallel_candidate_runtime,3,1,4226,20867,256,256,32,218776993,2894646,155713920,388823561,1328810853,766209120,2095019973,766209120,0,0,32,256,256,0,0,0,0,0,0,0,0,0,0,0,0,0,0,0,0,0,0,0,0,0,0,411848704,0,0,0
sample,grid_65_session,session_grid_large,parallel_candidate_runtime,3,2,4226,20867,256,512,32,426863255,2894646,307836060,779621059,2658583435,1517215020,4175798455,766209120,751005900,751005900,32,512,512,0,0,0,0,0,0,0,0,0,0,0,0,0,0,0,0,0,0,0,0,0,0,411848704,0,0,0
sample,grid_65_session,session_grid_large,parallel_candidate_runtime,3,3,4226,20867,256,768,32,637117564,2894646,473578715,1178204904,4001483894,2291795829,6293279723,766209120,751005900,774580809,32,768,768,0,0,0,0,0,0,0,0,0,0,0,0,0,0,0,0,0,0,0,0,0,0,411848704,0,0,0
sample,grid_65_session,session_grid_large,parallel_candidate_runtime,3,4,4226,20867,256,1024,32,847061604,2894646,633249118,1576024787,5337147719,3059230155,8396377874,766209120,767434326,774580809,32,1024,1024,0,0,0,0,0,0,0,0,0,0,0,0,0,0,0,0,0,0,0,0,1049422,0,411848704,0,0,0
sample,grid_65_session,session_grid_large,parallel_candidate_runtime,4,1,4226,20867,256,256,32,215137311,3068536,155209221,393920809,1326604743,767335877,2093940620,767335877,0,0,32,256,256,0,0,0,0,0,0,0,0,0,0,0,0,0,0,0,0,0,0,0,0,0,0,411885568,0,0,0
sample,grid_65_session,session_grid_large,parallel_candidate_runtime,4,2,4226,20867,256,512,32,419353705,3068536,313909341,784921582,2650642111,1521253164,4171895275,767335877,753917287,753917287,32,512,512,0,0,0,0,0,0,0,0,0,0,0,0,0,0,0,0,0,0,0,0,0,0,411885568,0,0,0
sample,grid_65_session,session_grid_large,parallel_candidate_runtime,4,3,4226,20867,256,768,32,626122234,3068536,468516791,1178111524,3985713369,2275819085,6261532454,767335877,753917287,754565921,32,768,768,0,0,0,0,0,0,0,0,0,0,0,0,0,0,0,0,0,0,0,0,0,0,411885568,0,0,0
sample,grid_65_session,session_grid_large,parallel_candidate_runtime,4,4,4226,20867,256,1024,32,832077018,3068536,628496923,1568858084,5320386359,3032500561,8352886920,767335877,754565921,756681476,32,1024,1024,0,0,0,0,0,0,0,0,0,0,0,0,0,0,0,0,0,0,0,0,1104959,0,411885568,0,0,0
sample,grid_65_session,session_grid_large,parallel_candidate_runtime,5,1,4226,20867,256,256,32,215289570,3596800,156853584,389266318,1332178003,765006272,2097184275,765006272,0,0,32,256,256,0,0,0,0,0,0,0,0,0,0,0,0,0,0,0,0,0,0,0,0,0,0,411799552,0,0,0
sample,grid_65_session,session_grid_large,parallel_candidate_runtime,5,2,4226,20867,256,512,32,421402495,3596800,310524824,784944723,2672139688,1520468842,4192608530,765006272,755462570,755462570,32,512,512,0,0,0,0,0,0,0,0,0,0,0,0,0,0,0,0,0,0,0,0,0,0,411799552,0,0,0
sample,grid_65_session,session_grid_large,parallel_candidate_runtime,5,3,4226,20867,256,768,32,633508730,3596800,462502337,1177465513,4004292980,2277073380,6281366360,765006272,755462570,756604538,32,768,768,0,0,0,0,0,0,0,0,0,0,0,0,0,0,0,0,0,0,0,0,0,0,411799552,0,0,0
sample,grid_65_session,session_grid_large,parallel_candidate_runtime,5,4,4226,20867,256,1024,32,839634780,3596800,616926199,1569418055,5334756926,3029575834,8364332760,765006272,755462570,756604538,32,1024,1024,0,0,0,0,0,0,0,0,0,0,0,0,0,0,0,0,0,0,0,0,1118936,0,411799552,0,0,0
sample,grid_65_session,session_grid_large,parallel_candidate_runtime,6,1,4226,20867,256,256,32,214518667,3164590,155620012,388635404,1328840782,761938673,2090779455,761938673,0,0,32,256,256,0,0,0,0,0,0,0,0,0,0,0,0,0,0,0,0,0,0,0,0,0,0,411799552,0,0,0
sample,grid_65_session,session_grid_large,parallel_candidate_runtime,6,2,4226,20867,256,512,32,420206595,3164590,306612979,778045648,2659106602,1508029812,4167136414,761938673,746091139,746091139,32,512,512,0,0,0,0,0,0,0,0,0,0,0,0,0,0,0,0,0,0,0,0,0,0,411799552,0,0,0
sample,grid_65_session,session_grid_large,parallel_candidate_runtime,6,3,4226,20867,256,768,32,625740272,3164590,462592915,1173328345,3994616981,2264826122,6259443103,761938673,746091139,756796310,32,768,768,0,0,0,0,0,0,0,0,0,0,0,0,0,0,0,0,0,0,0,0,0,0,411799552,0,0,0
sample,grid_65_session,session_grid_large,parallel_candidate_runtime,6,4,4226,20867,256,1024,32,832232609,3164590,616222437,1565649308,5326128916,3017268944,8343397860,761938673,752442822,756796310,32,1024,1024,0,0,0,0,0,0,0,0,0,0,0,0,0,0,0,0,0,0,0,0,1004919,0,411799552,0,0,0
sample,grid_65_session,session_grid_large,parallel_candidate_runtime,7,1,4226,20867,256,256,32,217828353,3077033,156882320,389493452,1338686913,767281158,2105968071,767281158,0,0,32,256,256,0,0,0,0,0,0,0,0,0,0,0,0,0,0,0,0,0,0,0,0,0,0,411639808,0,0,0
sample,grid_65_session,session_grid_large,parallel_candidate_runtime,7,2,4226,20867,256,512,32,429944388,3077033,319784200,788992406,2680058602,1541798027,4221856629,767281158,774516869,774516869,32,512,512,0,0,0,0,0,0,0,0,0,0,0,0,0,0,0,0,0,0,0,0,0,0,411639808,0,0,0
sample,grid_65_session,session_grid_large,parallel_candidate_runtime,7,3,4226,20867,256,768,32,640724256,3077033,480239574,1188893252,4017590594,2312934115,6330524709,767281158,771136088,774516869,32,768,768,0,0,0,0,0,0,0,0,0,0,0,0,0,0,0,0,0,0,0,0,0,0,411639808,0,0,0
sample,grid_65_session,session_grid_large,parallel_candidate_runtime,7,4,4226,20867,256,1024,32,850289103,3077033,642276422,1586385442,5378988347,3082028000,8461016347,767281158,771136088,774516869,32,1024,1024,0,0,0,0,0,0,0,0,0,0,0,0,0,0,0,0,0,0,0,0,1366625,0,411639808,0,0,0
sample,grid_65_session,session_grid_large,parallel_candidate_runtime,8,1,4226,20867,256,256,32,217120617,3038941,173584064,394395050,1328864523,788138672,2117003195,788138672,0,0,32,256,256,0,0,0,0,0,0,0,0,0,0,0,0,0,0,0,0,0,0,0,0,0,0,412090368,0,0,0
sample,grid_65_session,session_grid_large,parallel_candidate_runtime,8,2,4226,20867,256,512,32,423195038,3038941,326718455,786441400,2662551306,1539393834,4201945140,788138672,751255162,751255162,32,512,512,0,0,0,0,0,0,0,0,0,0,0,0,0,0,0,0,0,0,0,0,0,0,412090368,0,0,0
sample,grid_65_session,session_grid_large,parallel_candidate_runtime,8,3,4226,20867,256,768,32,633678302,3038941,479816819,1183319397,3998401572,2299853459,6298255031,788138672,751255162,760459625,32,768,768,0,0,0,0,0,0,0,0,0,0,0,0,0,0,0,0,0,0,0,0,0,0,412090368,0,0,0
sample,grid_65_session,session_grid_large,parallel_candidate_runtime,8,4,4226,20867,256,1024,32,845616200,3038941,642574074,1581273597,5342295442,3072502812,8414798254,788138672,760459625,772649353,32,1024,1024,0,0,0,0,0,0,0,0,0,0,0,0,0,0,0,0,0,0,0,0,1121751,0,412090368,0,0,0
sample,grid_65_session,session_grid_large,parallel_candidate_runtime,9,1,4226,20867,256,256,32,214798970,3355281,155409523,390781070,1327729496,764344844,2092074340,764344844,0,0,32,256,256,0,0,0,0,0,0,0,0,0,0,0,0,0,0,0,0,0,0,0,0,0,0,412090368,0,0,0
sample,grid_65_session,session_grid_large,parallel_candidate_runtime,9,2,4226,20867,256,512,32,420809741,3355281,313210478,783727210,2657887971,1521102710,4178990681,764344844,756757866,756757866,32,512,512,0,0,0,0,0,0,0,0,0,0,0,0,0,0,0,0,0,0,0,0,0,0,412090368,0,0,0
sample,grid_65_session,session_grid_large,parallel_candidate_runtime,9,3,4226,20867,256,768,32,626584415,3355281,472097233,1174589602,3986109865,2276626531,6262736396,764344844,755523821,756757866,32,768,768,0,0,0,0,0,0,0,0,0,0,0,0,0,0,0,0,0,0,0,0,0,0,412090368,0,0,0
sample,grid_65_session,session_grid_large,parallel_candidate_runtime,9,4,4226,20867,256,1024,32,833805924,3355281,625327928,1567786245,5317605367,3030275378,8347880745,764344844,755523821,756757866,32,1024,1024,0,0,0,0,0,0,0,0,0,0,0,0,0,0,0,0,0,0,0,0,1070965,0,412090368,0,0,0
sample,grid_65_session,session_grid_large,parallel_candidate_runtime,10,1,4226,20867,256,256,32,217148381,3083125,157749246,388683634,1321047753,766664386,2087712139,766664386,0,0,32,256,256,0,0,0,0,0,0,0,0,0,0,0,0,0,0,0,0,0,0,0,0,0,0,411750400,0,0,0
sample,grid_65_session,session_grid_large,parallel_candidate_runtime,10,2,4226,20867,256,512,32,422387306,3083125,312786731,785579042,2641704893,1523836204,4165541097,766664386,757171818,757171818,32,512,512,0,0,0,0,0,0,0,0,0,0,0,0,0,0,0,0,0,0,0,0,0,0,411750400,0,0,0
sample,grid_65_session,session_grid_large,parallel_candidate_runtime,10,3,4226,20867,256,768,32,628115311,3083125,477418146,1180744550,3969852207,2289361132,6259213339,766664386,757171818,765524928,32,768,768,0,0,0,0,0,0,0,0,0,0,0,0,0,0,0,0,0,0,0,0,0,0,411750400,0,0,0
sample,grid_65_session,session_grid_large,parallel_candidate_runtime,10,4,4226,20867,256,1024,32,834256742,3083125,637042675,1575320936,5299311885,3049703478,8349015363,766664386,760342346,765524928,32,1024,1024,0,0,0,0,0,0,0,0,0,0,0,0,0,0,0,0,0,0,0,0,984990,0,411750400,0,0,0
sample,grid_65_session,session_grid_large,parallel_candidate_runtime,11,1,4226,20867,256,256,32,219937930,3000659,158525311,400131356,1344917823,781595256,2126513079,781595256,0,0,32,256,256,0,0,0,0,0,0,0,0,0,0,0,0,0,0,0,0,0,0,0,0,0,0,411639808,0,0,0
sample,grid_65_session,session_grid_large,parallel_candidate_runtime,11,2,4226,20867,256,512,32,427178268,3000659,316009003,796462565,2674566857,1542650495,4217217352,781595256,761055239,761055239,32,512,512,0,0,0,0,0,0,0,0,0,0,0,0,0,0,0,0,0,0,0,0,0,0,411639808,0,0,0
sample,grid_65_session,session_grid_large,parallel_candidate_runtime,11,3,4226,20867,256,768,32,633051637,3000659,476223451,1190719132,4007968517,2302994879,6310963396,781595256,760344384,761055239,32,768,768,0,0,0,0,0,0,0,0,0,0,0,0,0,0,0,0,0,0,0,0,0,0,411639808,0,0,0
sample,grid_65_session,session_grid_large,parallel_candidate_runtime,11,4,4226,20867,256,1024,32,840998625,3000659,628857694,1583358617,5337651887,3056215595,8393867482,781595256,760344384,761055239,32,1024,1024,0,0,0,0,0,0,0,0,0,0,0,0,0,0,0,0,0,0,0,0,1018775,0,411639808,0,0,0
sample,grid_65_session,session_grid_large,parallel_candidate_runtime,12,1,4226,20867,256,256,32,213274434,3073857,154819310,390586828,1334425485,761754429,2096179914,761754429,0,0,32,256,256,0,0,0,0,0,0,0,0,0,0,0,0,0,0,0,0,0,0,0,0,0,0,411832320,0,0,0
sample,grid_65_session,session_grid_large,parallel_candidate_runtime,12,2,4226,20867,256,512,32,419922235,3073857,311591321,780980691,2659270902,1515568104,4174839006,761754429,753813675,753813675,32,512,512,0,0,0,0,0,0,0,0,0,0,0,0,0,0,0,0,0,0,0,0,0,0,411832320,0,0,0
sample,grid_65_session,session_grid_large,parallel_candidate_runtime,12,3,4226,20867,256,768,32,626275557,3073857,472354360,1173648272,3994740112,2275352046,6270092158,761754429,753813675,759783942,32,768,768,0,0,0,0,0,0,0,0,0,0,0,0,0,0,0,0,0,0,0,0,0,0,411832320,0,0,0
sample,grid_65_session,session_grid_large,parallel_candidate_runtime,12,4,4226,20867,256,1024,32,833805914,3073857,624983423,1567195693,5317963179,3029058887,8347022066,761754429,753813675,759783942,32,1024,1024,0,0,0,0,0,0,0,0,0,0,0,0,0,0,0,0,0,0,0,0,1023493,0,411832320,0,0,0
sample,grid_65_session,session_grid_large,parallel_candidate_runtime,13,1,4226,20867,256,256,32,214511594,2958327,154018321,390956281,1351819983,762444523,2114264506,762444523,0,0,32,256,256,0,0,0,0,0,0,0,0,0,0,0,0,0,0,0,0,0,0,0,0,0,0,411742208,0,0,0
sample,grid_65_session,session_grid_large,parallel_candidate_runtime,13,2,4226,20867,256,512,32,419731326,2958327,306946524,782729188,2684372884,1512365365,4196738249,762444523,749920842,749920842,32,512,512,0,0,0,0,0,0,0,0,0,0,0,0,0,0,0,0,0,0,0,0,0,0,411742208,0,0,0
sample,grid_65_session,session_grid_large,parallel_candidate_runtime,13,3,4226,20867,256,768,32,626413906,2958327,466011280,1173918417,4019489704,2269301930,6288791634,762444523,749920842,756936565,32,768,768,0,0,0,0,0,0,0,0,0,0,0,0,0,0,0,0,0,0,0,0,0,0,411742208,0,0,0
sample,grid_65_session,session_grid_large,parallel_candidate_runtime,13,4,4226,20867,256,1024,32,833263904,2958327,621133537,1568049753,5359781891,3025405521,8385187412,762444523,756103591,756936565,32,1024,1024,0,0,0,0,0,0,0,0,0,0,0,0,0,0,0,0,0,0,0,0,984740,0,411742208,0,0,0
sample,grid_65_session,session_grid_large,parallel_candidate_runtime,14,1,4226,20867,256,256,32,219636519,3345123,157538298,389206773,1332447451,769726713,2102174164,769726713,0,0,32,256,256,0,0,0,0,0,0,0,0,0,0,0,0,0,0,0,0,0,0,0,0,0,0,411795456,0,0,0
sample,grid_65_session,session_grid_large,parallel_candidate_runtime,14,2,4226,20867,256,512,32,429449330,3345123,315560842,785011991,2669145420,1533367286,4202512706,769726713,763640573,763640573,32,512,512,0,0,0,0,0,0,0,0,0,0,0,0,0,0,0,0,0,0,0,0,0,0,411795456,0,0,0
sample,grid_65_session,session_grid_large,parallel_candidate_runtime,14,3,4226,20867,256,768,32,637444951,3345123,476626104,1176957399,3996894166,2294373577,6291267743,769726713,761006291,763640573,32,768,768,0,0,0,0,0,0,0,0,0,0,0,0,0,0,0,0,0,0,0,0,0,0,411795456,0,0,0
sample,grid_65_session,session_grid_large,parallel_candidate_runtime,14,4,4226,20867,256,1024,32,843348859,3345123,630850888,1575422737,5330358975,3052967607,8383326582,769726713,761006291,763640573,32,1024,1024,0,0,0,0,0,0,0,0,0,0,0,0,0,0,0,0,0,0,0,0,1134816,0,411795456,0,0,0
sample,grid_65_session,session_grid_large,parallel_candidate_runtime,15,1,4226,20867,256,256,32,212733417,3189596,154875769,390577239,1332733261,761376021,2094109282,761376021,0,0,32,256,256,0,0,0,0,0,0,0,0,0,0,0,0,0,0,0,0,0,0,0,0,0,0,412094464,0,0,0
sample,grid_65_session,session_grid_large,parallel_candidate_runtime,15,2,4226,20867,256,512,32,418120734,3189596,308801214,785648042,2673336264,1515759586,4189095850,761376021,754383565,754383565,32,512,512,0,0,0,0,0,0,0,0,0,0,0,0,0,0,0,0,0,0,0,0,0,0,412094464,0,0,0
sample,grid_65_session,session_grid_large,parallel_candidate_runtime,15,3,4226,20867,256,768,32,628433643,3189596,468462320,1184289035,4005678411,2284374594,6290053005,761376021,754383565,768615008,32,768,768,0,0,0,0,0,0,0,0,0,0,0,0,0,0,0,0,0,0,0,0,0,0,412094464,0,0,0
sample,grid_65_session,session_grid_large,parallel_candidate_runtime,15,4,4226,20867,256,1024,32,834728704,3189596,630505410,1577980228,5342889615,3046403938,8389293553,761376021,762029344,768615008,32,1024,1024,0,0,0,0,0,0,0,0,0,0,0,0,0,0,0,0,0,0,0,0,954172,0,412094464,0,0,0
sample,grid_65_session,session_grid_large,parallel_candidate_runtime,16,1,4226,20867,256,256,32,218856934,2997793,158275104,396902892,1344564697,777032723,2121597420,777032723,0,0,32,256,256,0,0,0,0,0,0,0,0,0,0,0,0,0,0,0,0,0,0,0,0,0,0,411885568,0,0,0
sample,grid_65_session,session_grid_large,parallel_candidate_runtime,16,2,4226,20867,256,512,32,425571691,2997793,320291703,788392694,2675778361,1537253881,4213032242,777032723,760221158,760221158,32,512,512,0,0,0,0,0,0,0,0,0,0,0,0,0,0,0,0,0,0,0,0,0,0,411885568,0,0,0
sample,grid_65_session,session_grid_large,parallel_candidate_runtime,16,3,4226,20867,256,768,32,631187001,2997793,481370521,1181407212,4007211592,2296962527,6304174119,777032723,759708646,760221158,32,768,768,0,0,0,0,0,0,0,0,0,0,0,0,0,0,0,0,0,0,0,0,0,0,411885568,0,0,0
sample,grid_65_session,session_grid_large,parallel_candidate_runtime,16,4,4226,20867,256,1024,32,836912720,2997793,635634237,1572677638,5337902062,3048222388,8386124450,777032723,759708646,760221158,32,1024,1024,0,0,0,0,0,0,0,0,0,0,0,0,0,0,0,0,0,0,0,0,999408,0,411885568,0,0,0
sample,grid_65_session,session_grid_large,parallel_candidate_runtime,17,1,4226,20867,256,256,32,215939144,3093425,159935978,393146027,1321578278,772114574,2093692852,772114574,0,0,32,256,256,0,0,0,0,0,0,0,0,0,0,0,0,0,0,0,0,0,0,0,0,0,0,411779072,0,0,0
sample,grid_65_session,session_grid_large,parallel_candidate_runtime,17,2,4226,20867,256,512,32,425624793,3093425,319753491,800622978,2645634100,1549094687,4194728787,772114574,776980113,776980113,32,512,512,0,0,0,0,0,0,0,0,0,0,0,0,0,0,0,0,0,0,0,0,0,0,411779072,0,0,0
sample,grid_65_session,session_grid_large,parallel_candidate_runtime,17,3,4226,20867,256,768,32,635314720,3093425,484066260,1191154901,3969561910,2313629306,6283191216,772114574,764534619,776980113,32,768,768,0,0,0,0,0,0,0,0,0,0,0,0,0,0,0,0,0,0,0,0,0,0,411779072,0,0,0
sample,grid_65_session,session_grid_large,parallel_candidate_runtime,17,4,4226,20867,256,1024,32,845771634,3093425,644078383,1586849309,5311008545,3079792751,8390801296,772114574,766163445,776980113,32,1024,1024,0,0,0,0,0,0,0,0,0,0,0,0,0,0,0,0,0,0,0,0,1106912,0,411779072,0,0,0
sample,grid_65_session,session_grid_large,parallel_candidate_runtime,18,1,4226,20867,256,256,32,216743972,3201910,164808911,391640339,1328287967,776395132,2104683099,776395132,0,0,32,256,256,0,0,0,0,0,0,0,0,0,0,0,0,0,0,0,0,0,0,0,0,0,0,411893760,0,0,0
sample,grid_65_session,session_grid_large,parallel_candidate_runtime,18,2,4226,20867,256,512,32,421193347,3201910,322928800,781372894,2655117378,1528696951,4183814329,776395132,752301819,752301819,32,512,512,0,0,0,0,0,0,0,0,0,0,0,0,0,0,0,0,0,0,0,0,0,0,411893760,0,0,0
sample,grid_65_session,session_grid_large,parallel_candidate_runtime,18,3,4226,20867,256,768,32,625968712,3201910,482318421,1174495456,3976699943,2285984499,6262684442,776395132,752301819,757287548,32,768,768,0,0,0,0,0,0,0,0,0,0,0,0,0,0,0,0,0,0,0,0,0,0,411893760,0,0,0
sample,grid_65_session,session_grid_large,parallel_candidate_runtime,18,4,4226,20867,256,1024,32,829851681,3201910,639092565,1572335258,5326807035,3044481414,8371288449,776395132,757287548,758496915,32,1024,1024,0,0,0,0,0,0,0,0,0,0,0,0,0,0,0,0,0,0,0,0,1070072,0,411893760,0,0,0
sample,grid_65_session,session_grid_large,parallel_candidate_runtime,19,1,4226,20867,256,256,32,216617572,3031256,159248573,389679696,1333674648,768577097,2102251745,768577097,0,0,32,256,256,0,0,0,0,0,0,0,0,0,0,0,0,0,0,0,0,0,0,0,0,0,0,412086272,0,0,0
sample,grid_65_session,session_grid_large,parallel_candidate_runtime,19,2,4226,20867,256,512,32,423356545,3031256,312336426,780509306,2658266528,1519233533,4177500061,768577097,750656436,750656436,32,512,512,0,0,0,0,0,0,0,0,0,0,0,0,0,0,0,0,0,0,0,0,0,0,412086272,0,0,0
sample,grid_65_session,session_grid_large,parallel_candidate_runtime,19,3,4226,20867,256,768,32,629767244,3031256,466723207,1171131041,3998213799,2270652748,6268866547,768577097,750656436,751419215,32,768,768,0,0,0,0,0,0,0,0,0,0,0,0,0,0,0,0,0,0,0,0,0,0,412086272,0,0,0
sample,grid_65_session,session_grid_large,parallel_candidate_runtime,19,4,4226,20867,256,1024,32,841035337,3031256,630916168,1562471280,5355629421,3037454041,8393083462,768577097,751419215,766801293,32,1024,1024,0,0,0,0,0,0,0,0,0,0,0,0,0,0,0,0,0,0,0,0,1010288,0,412086272,0,0,0
summary,grid_65_session,session_grid_large,parallel_candidate_runtime,1,20,760382888,766209120,781595256,788138672,2095019973,766209120,0,0,333.91403679993033,412094464,0
summary,grid_65_session,session_grid_large,parallel_candidate_runtime,2,20,1506077256,1520468842,1542650495,1549094687,4178990681,766209120,753917287,774516869,336.59791454845282,412094464,0
summary,grid_65_session,session_grid_large,parallel_candidate_runtime,3,20,2253555596,2277073380,2312934115,2313629306,6270092158,766209120,753813675,774580809,336.19705017608857,412094464,0
summary,grid_65_session,session_grid_large,parallel_candidate_runtime,4,20,3004668589,3037454041,3079792751,3082028000,8371288449,766209120,756103591,774580809,336.34628061486995,412094464,0
sample,grid_65_session,session_grid_large,gpu_inline_certified,0,1,4226,20867,256,256,0,212285491,11562,484794647,1329171471,0,2026263171,2026263171,2026263171,0,0,0,256,256,1,1,1,0,1,1,1,194116390,3687121,52443309,16806304,3717,28306293,104418425,28262880,104361760,1479991,166987,159883,5693743,0,77512484,589402112,738197504,0,0
sample,grid_65_session,session_grid_large,gpu_inline_certified,0,2,4226,20867,256,512,0,400642468,11562,679781635,2658182732,0,3738618397,3738618397,2026263171,1712355226,1712355226,0,512,512,1,1,2,1,1,2,2,194116390,3687121,71099716,24349238,3717,28306293,191076391,28262880,190977022,2852999,316730,247329,7823818,0,155901893,589402112,738197504,0,0
sample,grid_65_session,session_grid_large,gpu_inline_certified,0,3,4226,20867,256,768,0,576157199,11562,871985707,3985213343,0,5433367811,5433367811,2026263171,1694749414,1712355226,0,768,768,1,1,3,2,1,3,3,194116390,3687121,89457126,31829582,3717,28306293,277708119,28262880,277545821,4182443,489499,329786,9050467,0,232825164,589402112,738197504,0,0
sample,grid_65_session,session_grid_large,gpu_inline_certified,0,4,4226,20867,256,1024,0,757023973,11562,1065538139,5312901042,0,7135474716,7135474716,2026263171,1702106905,1712355226,0,1024,1024,1,1,4,3,1,4,4,194116390,3687121,108077465,40096951,3717,28306293,364445609,28262880,364227388,5520654,656436,413134,10160305,7649666,310054064,589402112,738197504,0,0
sample,grid_65_session,session_grid_large,gpu_inline_certified,1,1,4226,20867,256,256,0,212192639,12143,488230327,1317697318,0,2018132427,2018132427,2018132427,0,0,0,256,256,1,1,1,0,1,1,1,196139798,3537337,54629809,17117384,3176,27326392,104634463,27281343,104571265,1339093,163751,154653,6013189,0,77171282,589185024,738197504,0,0
sample,grid_65_session,session_grid_large,gpu_inline_certified,1,2,4226,20867,256,512,0,399724079,12143,682124990,2647475938,0,3729337150,3729337150,2018132427,1711204723,1711204723,0,512,512,1,1,2,1,1,2,2,196139798,3537337,72956860,24786698,3176,27326392,191304633,27281343,191190175,2614224,313995,236678,8177719,0,154727480,589185024,738197504,0,0
sample,grid_65_session,session_grid_large,gpu_inline_certified,1,3,4226,20867,256,768,0,574745965,12143,874547699,3963630046,0,5412935853,5412935853,2018132427,1683598703,1711204723,0,768,768,1,1,3,2,1,3,3,196139798,3537337,91563222,32272313,3176,27326392,277994111,27281343,277838974,3903091,457628,314386,9339786,0,231696459,589185024,738197504,0,0
sample,grid_65_session,session_grid_large,gpu_inline_certified,1,4,4226,20867,256,1024,0,754608993,12143,1066828537,5283672208,0,7105121881,7105121881,2018132427,1692186028,1711204723,0,1024,1024,1,1,4,3,1,4,4,196139798,3537337,109820090,39617522,3176,27326392,364890650,27281343,364687198,5281710,608275,401461,10517663,7686527,308684463,589185024,738197504,0,0
sample,grid_65_session,session_grid_large,gpu_inline_certified,2,1,4226,20867,256,256,0,208129063,12334,494790304,1339908397,0,2042840098,2042840098,2042840098,0,0,0,256,256,1,1,1,0,1,1,1,197176716,3554920,56892666,17744676,3446,28838453,105797273,28794399,105729436,1426369,194309,159793,5697098,0,77304585,589402112,738197504,0,0
sample,grid_65_session,session_grid_large,gpu_inline_certified,2,2,4226,20867,256,512,0,395608704,12334,690348775,2681379299,0,3767349112,3767349112,2042840098,1724509014,1724509014,0,512,512,1,1,2,1,1,2,2,197176716,3554920,75694469,25606344,3446,28838453,192469467,28794399,192360443,2825536,373961,277256,7912024,0,155616183,589402112,738197504,0,0
sample,grid_65_session,session_grid_large,gpu_inline_certified,2,3,4226,20867,256,768,0,574937116,12334,885864887,4011885539,0,5472699876,5472699876,2042840098,1705350764,1724509014,0,768,768,1,1,3,2,1,3,3,197176716,3554920,94606051,33887268,3446,28838453,279233106,28794399,279074395,4252956,545827,367127,9080002,0,234319015,589402112,738197504,0,0
sample,grid_65_session,session_grid_large,gpu_inline_certified,2,4,4226,20867,256,1024,0,758627672,12334,1081520854,5370806337,0,7210967197,7210967197,2042840098,1724509014,1738267321,0,1024,1024,1,1,4,3,1,4,4,197176716,3554920,113606011,41938596,3446,28838453,365972639,28794399,365737948,5675777,799368,463510,10241046,7884892,313250372,589402112,738197504,0,0
sample,grid_65_session,session_grid_large,gpu_inline_certified,3,1,4226,20867,256,256,0,211176380,12664,482655389,1328890380,0,2022734813,2022734813,2022734813,0,0,0,256,256,1,1,1,0,1,1,1,190884085,3660421,53745780,17757110,2725,27538182,104147810,27499103,104074076,1343832,162920,147750,5741774,0,77523000,589402112,738197504,0,0
sample,grid_65_session,session_grid_large,gpu_inline_certified,3,2,4226,20867,256,512,0,395009206,12664,675588356,2659212330,0,3729822556,3729822556,2022734813,1707087743,1707087743,0,512,512,1,1,2,1,1,2,2,190884085,3660421,72113840,25295675,2725,27538182,190848910,27499103,190730205,2641586,305842,230889,7831512,0,154234689,589402112,738197504,0,0
sample,grid_65_session,session_grid_large,gpu_inline_certified,3,3,4226,20867,256,768,0,573932861,12664,870722273,3990258208,0,5434926006,5434926006,2022734813,1705103450,1707087743,0,768,768,1,1,3,2,1,3,3,190884085,3660421,91093932,33206727,2725,27538182,277526022,27499103,277376123,3973696,488418,314006,8833414,0,233200645,589402112,738197504,0,0
sample,grid_65_session,session_grid_large,gpu_inline_certified,3,4,4226,20867,256,1024,0,754575399,12664,1064292810,5316623017,0,7135503890,7135503890,2022734813,1705103450,1707087743,0,1024,1024,1,1,4,3,1,4,4,190884085,3660421,109660387,41010266,2725,27538182,364219997,27499103,364025915,5309022,619497,395510,9985342,7872781,311007376,589402112,738197504,0,0
sample,grid_65_session,session_grid_large,gpu_inline_certified,4,1,4226,20867,256,256,0,207534986,12223,489037601,1324649381,0,2021234191,2021234191,2021234191,0,0,0,256,256,1,1,1,0,1,1,1,195476358,3653859,54493940,17397798,3376,28007805,104667787,27954751,104605405,1405760,176896,151036,5957884,0,77645102,588914688,738197504,0,0
sample,grid_65_session,session_grid_large,gpu_inline_certified,4,2,4226,20867,256,512,0,391547615,12223,682686878,2642433285,0,3716680001,3716680001,2021234191,1695445810,1695445810,0,512,512,1,1,2,1,1,2,2,195476358,3653859,72856119,24885436,3376,28007805,191533018,27954751,191436222,2824604,311352,236007,8122625,0,154776319,588914688,738197504,0,0
sample,grid_65_session,session_grid_large,gpu_inline_certified,4,3,4226,20867,256,768,0,567468037,12223,875936006,3959777884,0,5403194150,5403194150,2021234191,1686514149,1695445810,0,768,768,1,1,3,2,1,3,3,195476358,3653859,91299481,32709344,3376,28007805,278202538,27954751,278057439,4225184,467549,317873,9352881,0,232219758,588914688,738197504,0,0
sample,grid_65_session,session_grid_large,gpu_inline_certified,4,4,4226,20867,256,1024,0,748573746,12223,1068379405,5284463076,0,7101428450,7101428450,2021234191,1695445810,1698234300,0,1024,1024,1,1,4,3,1,4,4,195476358,3653859,109573802,40118895,3376,28007805,364917725,27954751,364724959,5599765,595191,411229,10583939,7765095,309437461,588914688,738197504,0,0
sample,grid_65_session,session_grid_large,gpu_inline_certified,5,1,4226,20867,256,256,0,209164011,12514,487904992,1318165572,0,2015247089,2015247089,2015247089,0,0,0,256,256,1,1,1,0,1,1,1,194989264,3534011,55108277,16914149,2234,27554466,104500540,27512863,104439776,1464371,176946,149163,5633778,0,77877793,589402112,738197504,0,0
sample,grid_65_session,session_grid_large,gpu_inline_certified,5,2,4226,20867,256,512,0,392934611,12514,681101621,2634296770,0,3708345516,3708345516,2015247089,1693098427,1693098427,0,512,512,1,1,2,1,1,2,2,194989264,3534011,73476287,24310574,2234,27554466,191172785,27512863,191069566,2854571,308917,228063,7792097,0,154878352,589402112,738197504,0,0
sample,grid_65_session,session_grid_large,gpu_inline_certified,5,3,4226,20867,256,768,0,569096092,12514,873842314,3954855578,0,5397806498,5397806498,2015247089,1689460982,1693098427,0,768,768,1,1,3,2,1,3,3,194989264,3534011,91795714,32026416,2234,27554466,277832638,27512863,277685309,4302099,434285,334284,8980724,0,232056179,589402112,738197504,0,0
sample,grid_65_session,session_grid_large,gpu_inline_certified,5,4,4226,20867,256,1024,0,748600572,12514,1065863885,5275186257,0,7089663228,7089663228,2015247089,1691856730,1693098427,0,1024,1024,1,1,4,3,1,4,4,194989264,3534011,110039808,39493175,2234,27554466,364504192,27512863,364310333,5759858,554805,419616,10222933,7799822,308789523,589402112,738197504,0,0
sample,grid_65_session,session_grid_large,gpu_inline_certified,6,1,4226,20867,256,256,0,207868032,12023,489683107,1325043278,0,2022606440,2022606440,2022606440,0,0,0,256,256,1,1,1,0,1,1,1,194992332,3677593,54904041,17549535,3326,28552820,104782779,28511423,104726306,1412472,168089,148432,5760730,0,77730958,589414400,738197504,0,0
sample,grid_65_session,session_grid_large,gpu_inline_certified,6,2,4226,20867,256,512,0,393109516,12023,683384738,2646230053,0,3722736330,3722736330,2022606440,1700129890,1700129890,0,512,512,1,1,2,1,1,2,2,194992332,3677593,73509492,25143024,3326,28552820,191453242,28511423,191328672,2847257,382185,235868,7930380,0,154657219,589414400,738197504,0,0
sample,grid_65_session,session_grid_large,gpu_inline_certified,6,3,4226,20867,256,768,0,568443086,12023,875662414,3968632167,0,5412749690,5412749690,2022606440,1690013360,1700129890,0,768,768,1,1,3,2,1,3,3,194992332,3677593,91827447,32605194,3326,28552820,278091194,28511423,277923550,4248698,541197,319287,9101283,0,231702043,589414400,738197504,0,0
sample,grid_65_session,session_grid_large,gpu_inline_certified,6,4,4226,20867,256,1024,0,748600758,12023,1068150761,5290404762,0,7107168304,7107168304,2022606440,1694418614,1700129890,0,1024,1024,1,1,4,3,1,4,4,194992332,3677593,110148829,40009475,3326,28552820,364831251,28511423,364566845,5623539,697554,404389,10241478,8017905,308968175,589414400,738197504,0,0
sample,grid_65_session,session_grid_large,gpu_inline_certified,7,1,4226,20867,256,256,0,210886780,11803,492768233,1337960469,0,2041627285,2041627285,2041627285,0,0,0,256,256,1,1,1,0,1,1,1,199308373,3635364,54998989,17408458,1963,27509540,104600851,27469055,104544062,1459181,179160,145675,6074695,0,77445984,589402112,738197504,0,0
sample,grid_65_session,session_grid_large,gpu_inline_certified,7,2,4226,20867,256,512,0,396412071,11803,686152828,2674452979,0,3757029681,3757029681,2041627285,1715402396,1715402396,0,512,512,1,1,2,1,1,2,2,199308373,3635364,73253703,24897559,1963,27509540,191370301,27469055,191263870,2796671,318625,226238,8195783,0,154638708,589402112,738197504,0,0
sample,grid_65_session,session_grid_large,gpu_inline_certified,7,3,4226,20867,256,768,0,571883029,11803,878412556,3996972616,0,5447280004,5447280004,2041627285,1690250323,1715402396,0,768,768,1,1,3,2,1,3,3,199308373,3635364,91547521,32443459,1963,27509540,278098313,27469055,277941182,4201639,467347,315276,9354273,0,231529488,589402112,738197504,0,0
sample,grid_65_session,session_grid_large,gpu_inline_certified,7,4,4226,20867,256,1024,0,752448602,11803,1072167694,5325546873,0,7150174972,7150174972,2041627285,1702894968,1715402396,0,1024,1024,1,1,4,3,1,4,4,199308373,3635364,110646809,40034534,1963,27509540,364796256,27469055,364591452,5570098,632611,400918,10535696,7494852,309095532,589402112,738197504,0,0
sample,grid_65_session,session_grid_large,gpu_inline_certified,8,1,4226,20867,256,256,0,210865592,12604,487638758,1325665827,0,2024182781,2024182781,2024182781,0,0,0,256,256,1,1,1,0,1,1,1,195260859,3608934,54330901,16954005,2695,28113747,104546649,28071008,104487004,1388678,168189,152879,5770277,0,77340945,589402112,738197504,0,0
sample,grid_65_session,session_grid_large,gpu_inline_certified,8,2,4226,20867,256,512,0,395567861,12604,682064771,2651270217,0,3728915453,3728915453,2024182781,1704732672,1704732672,0,512,512,1,1,2,1,1,2,2,195260859,3608934,73144848,24844678,2695,28113747,191217583,28071008,191100060,2741968,337891,230967,7872619,0,154687982,589402112,738197504,0,0
sample,grid_65_session,session_grid_large,gpu_inline_certified,8,3,4226,20867,256,768,0,571763707,12604,875239820,3978526233,0,5425542364,5425542364,2024182781,1696626911,1704732672,0,768,768,1,1,3,2,1,3,3,195260859,3608934,91752233,32815594,2695,28113747,277859381,28071008,277695228,4106570,494829,313454,8956788,0,231954736,589402112,738197504,0,0
sample,grid_65_session,session_grid_large,gpu_inline_certified,8,4,4226,20867,256,1024,0,753253685,12604,1067318207,5309593906,0,7130178402,7130178402,2024182781,1704636038,1704732672,0,1024,1024,1,1,4,3,1,4,4,195260859,3608934,110027787,40185008,2695,28113747,364570020,28071008,364355355,5457054,644243,393567,10138793,7554226,308915500,589402112,738197504,0,0
sample,grid_65_session,session_grid_large,gpu_inline_certified,9,1,4226,20867,256,256,0,208655135,13155,489875022,1330287393,0,2028830705,2028830705,2028830705,0,0,0,256,256,1,1,1,0,1,1,1,194757584,3686330,56301926,17357299,2545,27493408,104468107,27454463,104412221,1414436,157078,145666,5931173,0,78159470,588914688,738197504,0,0
sample,grid_65_session,session_grid_large,gpu_inline_certified,9,2,4226,20867,256,512,0,395833500,13155,683316220,2659153067,0,3738315942,3738315942,2028830705,1709485237,1709485237,0,512,512,1,1,2,1,1,2,2,194757584,3686330,74594952,24904120,2545,27493408,191122176,27454463,191002747,2805638,311091,225528,8136150,0,155276698,588914688,738197504,0,0
sample,grid_65_session,session_grid_large,gpu_inline_certified,9,3,4226,20867,256,768,0,571687091,13155,876206403,3984842078,0,5432748727,5432748727,2028830705,1694432785,1709485237,0,768,768,1,1,3,2,1,3,3,194757584,3686330,93147402,32600735,2545,27493408,277898327,27454463,277733051,4222388,460835,307784,9285463,0,232343602,588914688,738197504,0,0
sample,grid_65_session,session_grid_large,gpu_inline_certified,9,4,4226,20867,256,1024,0,752308346,13155,1069335479,5315193533,0,7136850513,7136850513,2028830705,1704101786,1709485237,0,1024,1024,1,1,4,3,1,4,4,194757584,3686330,111663142,40104384,2545,27493408,364600797,27454463,364392377,5627255,609298,390170,10495862,7693760,309904704,588914688,738197504,0,0
sample,grid_65_session,session_grid_large,gpu_inline_certified,10,1,4226,20867,256,256,0,209546701,11702,487213698,1330010412,0,2026782513,2026782513,2026782513,0,0,0,256,256,1,1,1,0,1,1,1,192930961,3723841,54688269,17472749,3537,27903898,104947748,27859584,104878203,1417842,168970,150956,6129499,0,77675428,588906496,738197504,0,0
sample,grid_65_session,session_grid_large,gpu_inline_certified,10,2,4226,20867,256,512,0,393707891,11702,680788362,2661588157,0,3736096112,3736096112,2026782513,1709313599,1709313599,0,512,512,1,1,2,1,1,2,2,192930961,3723841,73015912,24831342,3537,27903898,191627221,27859584,191511352,2770060,292645,231780,8259904,0,155197261,588906496,738197504,0,0
sample,grid_65_session,session_grid_large,gpu_inline_certified,10,3,4226,20867,256,768,0,570300759,11702,873146686,3985765098,0,5429224245,5429224245,2026782513,1693128133,1709313599,0,768,768,1,1,3,2,1,3,3,192930961,3723841,91305762,32531413,3537,27903898,278309761,27859584,278128758,4168676,462016,313906,9472316,0,232020599,588906496,738197504,0,0
sample,grid_65_session,session_grid_large,gpu_inline_certified,10,4,4226,20867,256,1024,0,750788813,11702,1065618847,5310834014,0,7127253376,7127253376,2026782513,1698029131,1709313599,0,1024,1024,1,1,4,3,1,4,4,192930961,3723841,109612784,39997740,3537,27903898,365228249,27859584,364979539,5563024,608364,398606,10737809,7669413,308910034,588906496,738197504,0,0
sample,grid_65_session,session_grid_large,gpu_inline_certified,11,1,4226,20867,256,256,0,208775008,12604,485578886,1321651597,0,2016018095,2016018095,2016018095,0,0,0,256,256,1,1,1,0,1,1,1,192463546,3532177,54795760,16849175,2415,27566636,104856590,27521791,104789500,1420407,182337,155436,5984253,0,77770154,589414400,738197504,0,0
sample,grid_65_session,session_grid_large,gpu_inline_certified,11,2,4226,20867,256,512,0,392989632,12604,679026630,2641610013,0,3713638879,3713638879,2016018095,1697620784,1697620784,0,512,512,1,1,2,1,1,2,2,192463546,3532177,73197874,24445120,2415,27566636,191559272,27521791,191437786,2759970,313727,243042,8093509,0,154849342,589414400,738197504,0,0
sample,grid_65_session,session_grid_large,gpu_inline_certified,11,3,4226,20867,256,768,0,568725352,12604,871660557,3961794440,0,5402192953,5402192953,2016018095,1688554074,1697620784,0,768,768,1,1,3,2,1,3,3,192463546,3532177,91774039,31905256,2415,27566636,278271492,27521791,278104312,4120714,438574,332882,9296082,0,231956744,589414400,738197504,0,0
sample,grid_65_session,session_grid_large,gpu_inline_certified,11,4,4226,20867,256,1024,0,748710511,12604,1064556121,5286453994,0,7099733230,7099733230,2016018095,1697540277,1697620784,0,1024,1024,1,1,4,3,1,4,4,192463546,3532177,110170292,39471754,2415,27566636,364949056,27521791,364733238,5519050,563822,412704,10425807,7249186,309478862,589414400,738197504,0,0
sample,grid_65_session,session_grid_large,gpu_inline_certified,12,1,4226,20867,256,256,0,209561631,12554,489197120,1323631692,0,2022402997,2022402997,2022402997,0,0,0,256,256,1,1,1,0,1,1,1,194036252,3595287,56143942,17430019,3307,28052449,104946745,28012832,104890144,1394798,199189,161306,5911616,0,77322210,589402112,738197504,0,0
sample,grid_65_session,session_grid_large,gpu_inline_certified,12,2,4226,20867,256,512,0,393018161,12554,682854331,2642354391,0,3718239437,3718239437,2022402997,1695836440,1695836440,0,512,512,1,1,2,1,1,2,2,194036252,3595287,74441358,24977662,3307,28052449,191660969,28012832,191541249,2771443,332161,244904,8046440,0,154692099,589402112,738197504,0,0
sample,grid_65_session,session_grid_large,gpu_inline_certified,12,3,4226,20867,256,768,0,568258640,12554,877068579,3965330476,0,5410670249,5410670249,2022402997,1692430812,1695836440,0,768,768,1,1,3,2,1,3,3,194036252,3595287,93207044,32562765,3307,28052449,278387406,28012832,278219327,4188473,492797,392334,9232151,0,232918314,589402112,738197504,0,0
sample,grid_65_session,session_grid_large,gpu_inline_certified,12,4,4226,20867,256,1024,0,748494144,12554,1071867487,5298911179,0,7119285364,7119285364,2022402997,1695836440,1708615115,0,1024,1024,1,1,4,3,1,4,4,194036252,3595287,112040818,40374529,3307,28052449,365115118,28012832,364902975,5547154,637953,477905,10460244,7445347,311526471,589402112,738197504,0,0
sample,grid_65_session,session_grid_large,gpu_inline_certified,13,1,4226,20867,256,256,0,208742577,12143,491143635,1322909980,0,2022808335,2022808335,2022808335,0,0,0,256,256,1,1,1,0,1,1,1,196492946,3727027,55459695,17940107,2314,27707185,104327071,27663295,104269915,1467216,168960,159753,6227796,0,77463565,589402112,738197504,0,0
sample,grid_65_session,session_grid_large,gpu_inline_certified,13,2,4226,20867,256,512,0,392345526,12143,687378481,2647573329,0,3727309479,3727309479,2022808335,1704501144,1704501144,0,512,512,1,1,2,1,1,2,2,196492946,3727027,74408498,25864113,2314,27707185,191026035,27663295,190917626,2892482,311510,251036,8307345,0,156387990,589402112,738197504,0,0
sample,grid_65_session,session_grid_large,gpu_inline_certified,13,3,4226,20867,256,768,0,569410920,12143,880377622,3982829655,0,5432630340,5432630340,2022808335,1704501144,1705320861,0,768,768,1,1,3,2,1,3,3,196492946,3727027,92761680,33570296,2314,27707185,277692889,27663295,277540922,4286289,450965,332921,9568059,0,233785051,589402112,738197504,0,0
sample,grid_65_session,session_grid_large,gpu_inline_certified,13,4,4226,20867,256,1024,0,753980605,12143,1073540704,5310608332,0,7138141784,7138141784,2022808335,1705320861,1705511444,0,1024,1024,1,1,4,3,1,4,4,196492946,3727027,111529578,41597079,2314,27707185,364374671,27663295,364170968,5677260,592425,415498,10731218,7719861,310693503,589402112,738197504,0,0
sample,grid_65_session,session_grid_large,gpu_inline_certified,14,1,4226,20867,256,256,0,209845541,19978,489264469,1321019813,0,2020149801,2020149801,2020149801,0,0,0,256,256,1,1,1,0,1,1,1,194612054,3658678,54481697,17596565,3257,28391824,104970452,28346624,104889022,1598485,191694,157899,5848707,0,77753157,589402112,738197504,0,0
sample,grid_65_session,session_grid_large,gpu_inline_certified,14,2,4226,20867,256,512,0,395016688,19978,684092684,2643221238,0,3722350588,3722350588,2020149801,1702200787,1702200787,0,512,512,1,1,2,1,1,2,2,194612054,3658678,73040148,25378312,3257,28391824,191916607,28346624,191765629,3044211,410219,241317,7959655,0,155436402,589402112,738197504,0,0
sample,grid_65_session,session_grid_large,gpu_inline_certified,14,3,4226,20867,256,768,0,571096241,19978,878397185,3976642362,0,5426155766,5426155766,2020149801,1702200787,1703805178,0,768,768,1,1,3,2,1,3,3,194612054,3658678,91713558,32893533,3257,28391824,278610853,28346624,278390620,4496178,552929,332170,9169302,0,233962849,589402112,738197504,0,0
sample,grid_65_session,session_grid_large,gpu_inline_certified,14,4,4226,20867,256,1024,0,753113830,19978,1073511684,5308101693,0,7134747185,7134747185,2020149801,1703805178,1708591419,0,1024,1024,1,1,4,3,1,4,4,194612054,3658678,110872779,40802682,3257,28391824,365295722,28346624,365031869,5887680,707833,412112,10324366,7688950,312542697,589402112,738197504,0,0
sample,grid_65_session,session_grid_large,gpu_inline_certified,15,1,4226,20867,256,256,0,209227038,12483,487807013,1326792199,0,2023838733,2023838733,2023838733,0,0,0,256,256,1,1,1,0,1,1,1,193659225,3497211,55294551,17599269,2084,27738063,104456707,27696128,104399873,1410068,154322,153071,6065968,0,77776474,589004800,738197504,0,0
sample,grid_65_session,session_grid_large,gpu_inline_certified,15,2,4226,20867,256,512,0,395144393,12483,683234186,2650897996,0,3729289058,3729289058,2023838733,1705450325,1705450325,0,512,512,1,1,2,1,1,2,2,193659225,3497211,74031200,25223887,2084,27738063,191145213,27696128,191039234,2790930,300911,244585,8228033,0,156372844,589004800,738197504,0,0
sample,grid_65_session,session_grid_large,gpu_inline_certified,15,3,4226,20867,256,768,0,571362620,12483,878158514,4004918989,0,5454452606,5454452606,2023838733,1705450325,1725163548,0,768,768,1,1,3,2,1,3,3,193659225,3497211,92503217,35235909,2084,27738063,277855589,27696128,277706401,4136445,436718,319226,9396993,0,233377834,589004800,738197504,0,0
sample,grid_65_session,session_grid_large,gpu_inline_certified,15,4,4226,20867,256,1024,0,754304223,12483,1070127089,5332291457,0,7156735252,7156735252,2023838733,1705450325,1725163548,0,1024,1024,1,1,4,3,1,4,4,193659225,3497211,110800973,42771049,2084,27738063,364548052,27696128,364353505,5522577,593425,401012,10578667,7693419,310014751,589004800,738197504,0,0
sample,grid_65_session,session_grid_large,gpu_inline_certified,16,1,4226,20867,256,256,0,208780971,12825,495228363,1331029041,0,2035051200,2035051200,2035051200,0,0,0,256,256,1,1,1,0,1,1,1,193560527,3600026,56409999,17800492,3537,28481375,105306950,28440671,105245947,1462838,173309,153071,5835932,0,82440307,588910592,738197504,0,0
sample,grid_65_session,session_grid_large,gpu_inline_certified,16,2,4226,20867,256,512,0,394749132,12825,689378559,2657473428,0,3741613944,3741613944,2035051200,1706562744,1706562744,0,512,512,1,1,2,1,1,2,2,193560527,3600026,74735448,25240460,3537,28481375,192055229,28440671,191949113,2867946,328585,242280,8033685,0,160229461,588910592,738197504,0,0
sample,grid_65_session,session_grid_large,gpu_inline_certified,16,3,4226,20867,256,768,0,570973630,12825,882004212,3982609379,0,5435600046,5435600046,2035051200,1693986102,1706562744,0,768,768,1,1,3,2,1,3,3,193560527,3600026,93054786,32756582,3537,28481375,279027414,28440671,278876440,4242586,467448,322683,9179961,0,237307287,588910592,738197504,0,0
sample,grid_65_session,session_grid_large,gpu_inline_certified,16,4,4226,20867,256,1024,0,751253309,12825,1074340736,5310537535,0,7136144405,7136144405,2035051200,1700544359,1706562744,0,1024,1024,1,1,4,3,1,4,4,193560527,3600026,111437715,40225314,3537,28481375,365680142,28440671,365485465,5611446,595071,414918,10339493,7673420,314391172,588910592,738197504,0,0
sample,grid_65_session,session_grid_large,gpu_inline_certified,17,1,4226,20867,256,256,0,208571132,19598,492447816,1347409983,0,2048448529,2048448529,2048448529,0,0,0,256,256,1,1,1,0,1,1,1,196945296,3601169,56222601,17440209,2165,27981314,104848931,27943136,104791873,1459100,182157,159672,6230272,0,77374930,589402112,738197504,0,0
sample,grid_65_session,session_grid_large,gpu_inline_certified,17,2,4226,20867,256,512,0,399171520,19598,689744649,2684859070,0,3773794837,3773794837,2048448529,1725346308,1725346308,0,512,512,1,1,2,1,1,2,2,196945296,3601169,75464690,25549658,2165,27981314,191551596,27943136,191428127,2867555,373640,242529,8498389,0,156666648,589402112,738197504,0,0
sample,grid_65_session,session_grid_large,gpu_inline_certified,17,3,4226,20867,256,768,0,577132818,19598,884608001,4015141327,0,5476901744,5476901744,2048448529,1703106907,1725346308,0,768,768,1,1,3,2,1,3,3,196945296,3601169,94220426,33156243,2165,27981314,278275319,27943136,278100477,4228680,507625,320607,9706734,0,235662423,589402112,738197504,0,0
sample,grid_65_session,session_grid_large,gpu_inline_certified,17,4,4226,20867,256,1024,0,757051502,19598,1078051969,5351752883,0,7186875952,7186875952,2048448529,1709974208,1725346308,0,1024,1024,1,1,4,3,1,4,4,196945296,3601169,112899036,40787995,2165,27981314,365015662,27943136,364798170,5667112,661857,400338,10904749,7408979,313185276,589402112,738197504,0,0
sample,grid_65_session,session_grid_large,gpu_inline_certified,18,1,4226,20867,256,256,0,212104763,47781,486645819,1326808572,0,2025606935,2025606935,2025606935,0,0,0,256,256,1,1,1,0,1,1,1,196289361,3687553,52684303,16958984,2464,27673982,104450855,27635776,104389693,1377004,155295,150066,5831544,0,77384408,589344768,738197504,0,0
sample,grid_65_session,session_grid_large,gpu_inline_certified,18,2,4226,20867,256,512,0,400281809,47781,683091757,2650325265,0,3733746612,3733746612,2025606935,1708139677,1708139677,0,512,512,1,1,2,1,1,2,2,196289361,3687553,71639198,25026193,2464,27673982,191220747,27635776,191099003,2729723,333693,225048,7926392,0,156337403,589344768,738197504,0,0
sample,grid_65_session,session_grid_large,gpu_inline_certified,18,3,4226,20867,256,768,0,575999495,47781,879009071,3973442959,0,5428499306,5428499306,2025606935,1694752694,1708139677,0,768,768,1,1,3,2,1,3,3,196289361,3687553,90613599,33002810,2464,27673982,277972623,27635776,277807418,4082091,505059,317695,9094410,0,235767424,589344768,738197504,0,0
sample,grid_65_session,session_grid_large,gpu_inline_certified,18,4,4226,20867,256,1024,0,756894423,47781,1071533422,5304979009,0,7133454635,7133454635,2025606935,1704955329,1708139677,0,1024,1024,1,1,4,3,1,4,4,196289361,3687553,109017597,40522008,2464,27673982,364760617,27635776,364530298,5373073,632241,397476,10328624,7414790,312848426,589344768,738197504,0,0
sample,grid_65_session,session_grid_large,gpu_inline_certified,19,1,4226,20867,256,256,0,208401962,11922,489189470,1327696291,0,2025299645,2025299645,2025299645,0,0,0,256,256,1,1,1,0,1,1,1,194606154,3785699,55634477,16968894,2354,27856197,105081984,27815200,105017789,1424785,195249,154755,6015222,0,77463700,589402112,738197504,0,0
sample,grid_65_session,session_grid_large,gpu_inline_certified,19,2,4226,20867,256,512,0,393134587,11922,682578083,2649542413,0,3725267005,3725267005,2025299645,1699967360,1699967360,0,512,512,1,1,2,1,1,2,2,194606154,3785699,73921734,24345582,2354,27856197,191942307,27815200,191817883,2833590,335015,247811,8090574,0,154611066,589402112,738197504,0,0
sample,grid_65_session,session_grid_large,gpu_inline_certified,19,3,4226,20867,256,768,0,568689164,11922,874833354,3973200286,0,5416734726,5416734726,2025299645,1691467721,1699967360,0,768,768,1,1,3,2,1,3,3,194606154,3785699,92308389,31698835,2354,27856197,278757213,27815200,278593498,4216015,480883,337472,9283068,0,231501075,589402112,738197504,0,0
sample,grid_65_session,session_grid_large,gpu_inline_certified,19,4,4226,20867,256,1024,0,749002407,11922,1068423090,5300124110,0,7117561529,7117561529,2025299645,1699967360,1700826803,0,1024,1024,1,1,4,3,1,4,4,194606154,3785699,110942305,39532931,2354,27856197,365680263,27815200,365472504,5582570,616410,417564,10432441,7682367,308968202,589402112,738197504,0,0
summary,grid_65_session,session_grid_large,gpu_inline_certified,1,20,2015247089,2023838733,2042840098,2048448529,2023838733,2023838733,0,0,126.47079226389289,589414400,738197504
summary,grid_65_session,session_grid_large,gpu_inline_certified,2,20,3708345516,3729289058,3767349112,3773794837,3729289058,2023838733,1705450325,1724509014,137.28981301677163,589414400,738197504
summary,grid_65_session,session_grid_large,gpu_inline_certified,3,20,5397806498,5428499306,5472699876,5476901744,5428499306,2023838733,1693986102,1725163548,141.45667324522162,589414400,738197504
summary,grid_65_session,session_grid_large,gpu_inline_certified,4,20,7089663228,7133454635,7186875952,7210967197,7133454635,2023838733,1702106905,1725346308,143.52295511645377,589414400,738197504
sample,grid_65_session,session_grid_large,gpu_candidate_runtime,0,1,4226,20867,256,256,0,209130126,12414,491339526,388526349,1327236615,1089008415,2416245030,1089008415,0,0,0,256,256,1,1,1,0,1,1,1,197047392,3523711,55225460,17338455,2545,27424447,105221460,27378368,105164447,1463520,167077,160435,5946963,0,77818061,574984192,738197504,0,0
sample,grid_65_session,session_grid_large,gpu_candidate_runtime,0,2,4226,20867,256,512,0,392327737,12414,684696310,776310038,2648020968,1853346499,4501367467,1089008415,764338084,764338084,0,512,512,1,1,2,1,1,2,2,197047392,3523711,73535770,24824220,2545,27424447,192086011,27378368,191985821,2872625,316130,252240,8078531,0,154732688,574984192,738197504,0,0
sample,grid_65_session,session_grid_large,gpu_candidate_runtime,0,3,4226,20867,256,768,0,568421468,12414,876916726,1165613653,3983745051,2610964261,6594709312,1089008415,757617762,764338084,0,768,768,1,1,3,2,1,3,3,197047392,3523711,91846802,32285849,2545,27424447,278936596,27378368,278788123,4262565,481534,332743,9218395,0,231554147,574984192,738197504,0,0
sample,grid_65_session,session_grid_large,gpu_candidate_runtime,0,4,4226,20867,256,1024,0,744461438,12414,1070324945,1556117036,5314409809,3370915833,8685325642,1089008415,759951572,764338084,0,1024,1024,1,1,4,3,1,4,4,197047392,3523711,110386167,40022741,2545,27424447,365860770,27378368,365646555,5634700,616481,423885,10455645,7739067,308926461,574984192,738197504,0,0
sample,grid_65_session,session_grid_large,gpu_candidate_runtime,1,1,4226,20867,256,256,0,211158337,12685,489569501,390904714,1327214337,1091645237,2418859574,1091645237,0,0,0,256,256,1,1,1,0,1,1,1,195691758,3616357,54339847,17907316,2875,27607425,104771624,27564704,104706620,1476984,195972,165322,5926154,0,77867867,574984192,738197504,0,0
sample,grid_65_session,session_grid_large,gpu_candidate_runtime,1,2,4226,20867,256,512,0,395217895,12685,683836601,780977258,2654050497,1860044439,4514094936,1091645237,768399202,768399202,0,512,512,1,1,2,1,1,2,2,195691758,3616357,72931652,25767291,2875,27607425,191650281,27564704,191537947,2875510,375664,244342,8002657,0,155070789,574984192,738197504,0,0
sample,grid_65_session,session_grid_large,gpu_candidate_runtime,1,3,4226,20867,256,768,0,570292189,12685,877087783,1172907208,3998555918,2620299865,6618855783,1091645237,760255426,768399202,0,768,768,1,1,3,2,1,3,3,195691758,3616357,91636631,33417138,2875,27607425,278538978,27564704,278379289,4287872,519546,328652,9225800,0,232214751,574984192,738197504,0,0
sample,grid_65_session,session_grid_large,gpu_candidate_runtime,1,4,4226,20867,256,1024,0,749227797,12685,1083776421,1564262396,5331680313,3397279299,8728959612,1091645237,768399202,776979434,0,1024,1024,1,1,4,3,1,4,4,195691758,3616357,110622354,41754520,2875,27607425,376280152,27564704,376063640,5689644,691704,417531,10299780,7419179,311102321,574984192,738197504,0,0
sample,grid_65_session,session_grid_large,gpu_candidate_runtime,2,1,4226,20867,256,256,0,213319579,19507,487639155,395519044,1333635637,1096497285,2430132922,1096497285,0,0,0,256,256,1,1,1,0,1,1,1,195225008,3627248,53982579,16748375,2334,27408648,105007122,27370176,104951619,1403876,158551,133303,5918340,0,78023771,574459904,738197504,0,0
sample,grid_65_session,session_grid_large,gpu_candidate_runtime,2,2,4226,20867,256,512,0,396890839,19507,681919099,789251486,2663163463,1868080931,4531244394,1096497285,771583646,771583646,0,512,512,1,1,2,1,1,2,2,195225008,3627248,72306856,24219212,2334,27408648,191866160,27370176,191767488,2699937,309207,220028,8060979,0,155973482,574459904,738197504,0,0
sample,grid_65_session,session_grid_large,gpu_candidate_runtime,2,3,4226,20867,256,768,0,572799518,19507,874805398,1179050920,3990208256,2626675343,6616883599,1096497285,758594412,771583646,0,768,768,1,1,3,2,1,3,3,195225008,3627248,90684113,31739522,2334,27408648,278692228,27370176,278551520,4019323,438794,301142,9279533,0,233387505,574459904,738197504,0,0
sample,grid_65_session,session_grid_large,gpu_candidate_runtime,2,4,4226,20867,256,1024,0,749190366,19507,1079361788,1571278458,5327053523,3399850119,8726903642,1096497285,771583646,773174776,0,1024,1024,1,1,4,3,1,4,4,195225008,3627248,109321132,39850664,2334,27408648,376377191,27370176,376178079,5442124,623726,384731,10378841,7762059,310720141,574459904,738197504,0,0
sample,grid_65_session,session_grid_large,gpu_candidate_runtime,3,1,4226,20867,256,256,0,211821456,12464,488236949,391078085,1327551900,1091148954,2418700854,1091148954,0,0,0,256,256,1,1,1,0,1,1,1,195887849,3471953,54009889,17037332,3907,27918135,104688142,27876192,104626559,1395850,171054,182507,6022125,0,77448206,574963712,738197504,0,0
sample,grid_65_session,session_grid_large,gpu_candidate_runtime,3,2,4226,20867,256,512,0,396347190,12464,682540120,782517256,2659395798,1861417030,4520812828,1091148954,770268076,770268076,0,512,512,1,1,2,1,1,2,2,195887849,3471953,72604950,24726984,3907,27918135,191536186,27876192,191427996,2767544,336428,263431,8122714,0,154900039,574963712,738197504,0,0
sample,grid_65_session,session_grid_large,gpu_candidate_runtime,3,3,4226,20867,256,768,0,573012167,12464,876469425,1174590130,3991467251,2624084186,6615551437,1091148954,762667156,770268076,0,768,768,1,1,3,2,1,3,3,195887849,3471953,91196614,32544097,3907,27918135,278352181,27876192,278187099,4219081,510719,356086,9256848,0,232751955,574963712,738197504,0,0
sample,grid_65_session,session_grid_large,gpu_candidate_runtime,3,4,4226,20867,256,1024,0,748812988,12464,1071043925,1563894848,5328459758,3383764225,8712223983,1091148954,762667156,770268076,0,1024,1024,1,1,4,3,1,4,4,195887849,3471953,109842030,40506366,3907,27918135,365177345,27876192,364946844,5639518,705480,449142,10358660,7827354,311083540,574963712,738197504,0,0
sample,grid_65_session,session_grid_large,gpu_candidate_runtime,4,1,4226,20867,256,256,0,208938156,18886,490510428,389683406,1318498407,1089150876,2407649283,1089150876,0,0,0,256,256,1,1,1,0,1,1,1,196271602,3564449,55903186,17569503,2685,27668150,104479668,27627872,104424412,1397544,157158,142190,5893913,0,77460380,574984192,738197504,0,0
sample,grid_65_session,session_grid_large,gpu_candidate_runtime,4,2,4226,20867,256,512,0,393242765,18886,684501511,777840524,2635072006,1855603686,4490675692,1089150876,766452810,766452810,0,512,512,1,1,2,1,1,2,2,196271602,3564449,74434276,25417976,2685,27668150,191441090,27627872,191319356,2766744,283538,225999,7954135,0,154470867,574984192,738197504,0,0
sample,grid_65_session,session_grid_large,gpu_candidate_runtime,4,3,4226,20867,256,768,0,568521037,18886,876801324,1164823729,3954584675,2610164976,6564749651,1089150876,754561290,766452810,0,768,768,1,1,3,2,1,3,3,196271602,3564449,93013957,32730200,2685,27668150,278263729,27627872,278092282,4153548,450686,308255,9131892,0,231242171,574984192,738197504,0,0
sample,grid_65_session,session_grid_large,gpu_candidate_runtime,4,4,4226,20867,256,1024,0,745370772,18886,1069443737,1558886736,5273467829,3373720131,8647187960,1089150876,763555155,766452810,0,1024,1024,1,1,4,3,1,4,4,196271602,3564449,111604329,40234972,2685,27668150,365086399,27627872,364862424,5522878,597134,398707,10241439,7564784,308250993,574984192,738197504,0,0
sample,grid_65_session,session_grid_large,gpu_candidate_runtime,5,1,4226,20867,256,256,0,209567754,11872,500203390,387297750,1323036200,1097080766,2420116966,1097080766,0,0,0,256,256,1,1,1,0,1,1,1,205569060,4226796,54081668,17070595,3997,28512274,105106762,28473087,105035165,1383587,191834,157068,5784053,0,78115696,574984192,738197504,0,0
sample,grid_65_session,session_grid_large,gpu_candidate_runtime,5,2,4226,20867,256,512,0,393965573,11872,694135853,773699169,2642342678,1861812467,4504155145,1097080766,764731701,764731701,0,512,512,1,1,2,1,1,2,2,205569060,4226796,72406065,24604381,3997,28512274,192031626,28473087,191912413,2763848,321060,247459,7892888,0,155556399,574984192,738197504,0,0
sample,grid_65_session,session_grid_large,gpu_candidate_runtime,5,3,4226,20867,256,768,0,570573231,11872,888256115,1162581064,3959981628,2621422282,6581403910,1097080766,759609815,764731701,0,768,768,1,1,3,2,1,3,3,205569060,4226796,90947304,32485877,3997,28512274,278872568,28473087,278709020,4131495,487125,338141,8988198,0,233693280,574984192,738197504,0,0
sample,grid_65_session,session_grid_large,gpu_candidate_runtime,5,4,4226,20867,256,1024,0,746203705,11872,1091734758,1551715168,5291225804,3389665503,8680891307,1097080766,764731701,768243221,0,1024,1024,1,1,4,3,1,4,4,205569060,4226796,109273342,40278664,3997,28512274,376699592,28473087,376478173,5457142,628744,420276,10160925,7244086,310503946,574984192,738197504,0,0
sample,grid_65_session,session_grid_large,gpu_candidate_runtime,6,1,4226,20867,256,256,0,209016540,19266,490201048,386798859,1332832712,1086035713,2418868425,1086035713,0,0,0,256,256,1,1,1,0,1,1,1,196336802,3712689,55322171,17470054,2775,27415309,104850471,27375808,104779296,1413894,176034,153803,5906515,0,77440531,574984192,738197504,0,0
sample,grid_65_session,session_grid_large,gpu_candidate_runtime,6,2,4226,20867,256,512,0,392637821,19266,684442808,772458378,2652961461,1849558273,4502519734,1086035713,763522560,763522560,0,512,512,1,1,2,1,1,2,2,196336802,3712689,73681875,25220241,2775,27415309,191712885,27375808,191589726,2826858,328274,242470,8055046,0,154907584,574984192,738197504,0,0
sample,grid_65_session,session_grid_large,gpu_candidate_runtime,6,3,4226,20867,256,768,0,567804971,19266,878217362,1159535820,3970300672,2605577419,6575878091,1086035713,756019146,763522560,0,768,768,1,1,3,2,1,3,3,196336802,3712689,92186183,33167662,2775,27415309,278594967,27375808,278425214,4214653,496293,329775,9104329,0,232655925,574984192,738197504,0,0
sample,grid_65_session,session_grid_large,gpu_candidate_runtime,6,4,4226,20867,256,1024,0,744038766,19266,1082878178,1548654338,5291347994,3375590548,8666938542,1086035713,763522560,770013129,0,1024,1024,1,1,4,3,1,4,4,196336802,3712689,110747890,41413721,2775,27415309,376274092,27375808,376057118,5589504,649123,421458,10182696,7211845,310132119,574984192,738197504,0,0
sample,grid_65_session,session_grid_large,gpu_candidate_runtime,7,1,4226,20867,256,256,0,207958168,12304,489582292,389189371,1331855869,1086742135,2418598004,1086742135,0,0,0,256,256,1,1,1,0,1,1,1,196388748,3651825,54489069,17009029,2615,28005001,105192744,27963487,105127900,1442749,169061,155556,5789644,0,77286251,574984192,738197504,0,0
sample,grid_65_session,session_grid_large,gpu_candidate_runtime,7,2,4226,20867,256,512,0,393052509,12304,683866333,778377983,2656374646,1855309129,4511683775,1086742135,768566994,768566994,0,512,512,1,1,2,1,1,2,2,196388748,3651825,73013786,24952333,2615,28005001,192122286,27963487,192010875,2808753,345266,243552,7929398,0,154402770,574984192,738197504,0,0
sample,grid_65_session,session_grid_large,gpu_candidate_runtime,7,3,4226,20867,256,768,0,568596595,12304,876523325,1170585807,3980081514,2615718031,6595799545,1086742135,760408902,768566994,0,768,768,1,1,3,2,1,3,3,196388748,3651825,91298387,32459188,2615,28005001,279088900,27963487,278931962,4183203,487076,335527,9071346,0,231551509,574984192,738197504,0,0
sample,grid_65_session,session_grid_large,gpu_candidate_runtime,7,4,4226,20867,256,1024,0,744297128,12304,1071152874,1563621934,5313322194,3379084240,8692406434,1086742135,763366209,768566994,0,1024,1024,1,1,4,3,1,4,4,196388748,3651825,110569942,40404275,2615,28005001,365928683,27963487,365727479,5601426,650866,425839,10250435,7550379,309273219,574984192,738197504,0,0
sample,grid_65_session,session_grid_large,gpu_candidate_runtime,8,1,4226,20867,256,256,0,208083054,11882,491426654,387364651,1320612738,1086886241,2407498979,1086886241,0,0,0,256,256,1,1,1,0,1,1,1,197253460,3493324,56374891,16782830,2074,27595903,104768299,27555616,104703042,1436558,195782,152120,5896577,0,77474836,574926848,738197504,0,0
sample,grid_65_session,session_grid_large,gpu_candidate_runtime,8,2,4226,20867,256,512,0,392296909,11882,685126901,800218744,2640383597,1877654436,4518038033,1086886241,790768195,790768195,0,512,512,1,1,2,1,1,2,2,197253460,3493324,74764993,24278885,2074,27595903,191694187,27555616,191582913,2792513,330618,234856,8152901,0,154533187,574926848,738197504,0,0
sample,grid_65_session,session_grid_large,gpu_candidate_runtime,8,3,4226,20867,256,768,0,568390243,11882,877531198,1188630612,3962358161,2634563935,6596922096,1086886241,756909499,790768195,0,768,768,1,1,3,2,1,3,3,197253460,3493324,93091925,31828221,2074,27595903,278619675,27555616,278439042,4139631,473469,314027,9308465,0,231411024,574926848,738197504,0,0
sample,grid_65_session,session_grid_large,gpu_candidate_runtime,8,4,4226,20867,256,1024,0,744148380,11882,1071231036,1577611741,5282851682,3393003039,8675854721,1086886241,758439104,790768195,0,1024,1024,1,1,4,3,1,4,4,197253460,3493324,111655186,39624406,2074,27595903,365614773,27555616,365368576,5496968,637570,397746,10504697,7550607,308954929,574926848,738197504,0,0
sample,grid_65_session,session_grid_large,gpu_candidate_runtime,9,1,4226,20867,256,256,0,209505571,12444,496697784,386828787,1321494433,1093044586,2414539019,1093044586,0,0,0,256,256,1,1,1,0,1,1,1,202715912,3487072,54339990,18010313,3196,27572079,105178101,27532127,105121597,1432350,171795,161576,5925553,0,77699847,574984192,738197504,0,0
sample,grid_65_session,session_grid_large,gpu_candidate_runtime,9,2,4226,20867,256,512,0,395546939,12444,690288467,772201519,2640956316,1858049369,4499005685,1093044586,765004783,765004783,0,512,512,1,1,2,1,1,2,2,202715912,3487072,72612218,25482883,3196,27572079,192539016,27532127,192418170,2797161,303094,247719,8078632,0,154449485,574984192,738197504,0,0
sample,grid_65_session,session_grid_large,gpu_candidate_runtime,9,3,4226,20867,256,768,0,571143291,12444,882759784,1158705680,3965092094,2612621199,6577713293,1093044586,754571830,765004783,0,768,768,1,1,3,2,1,3,3,202715912,3487072,90903373,32961335,3196,27572079,279662040,27532127,279483864,4161382,489629,333762,9265606,0,231204398,574984192,738197504,0,0
sample,grid_65_session,session_grid_large,gpu_candidate_runtime,9,4,4226,20867,256,1024,0,746415809,12444,1086609329,1547811271,5299424799,3380848853,8680273652,1093044586,765004783,768227654,0,1024,1024,1,1,4,3,1,4,4,202715912,3487072,109399707,40599891,3196,27572079,377275204,27532127,377036026,5513139,615198,446026,10555546,7662531,308426359,574984192,738197504,0,0
sample,grid_65_session,session_grid_large,gpu_candidate_runtime,10,1,4226,20867,256,256,0,211621020,21200,493818500,389913319,1326303665,1095374039,2421677704,1095374039,0,0,0,256,256,1,1,1,0,1,1,1,199476037,3699927,55098128,17046431,2505,27785572,104865877,27744224,104801181,1403355,205430,164833,6037574,0,78032831,574664704,738197504,0,0
sample,grid_65_session,session_grid_large,gpu_candidate_runtime,10,2,4226,20867,256,512,0,395754301,21200,688035141,778796981,2663051342,1862607623,4525658965,1095374039,767233584,767233584,0,512,512,1,1,2,1,1,2,2,199476037,3699927,73704120,24732156,2505,27785572,191842401,27744224,191734939,2744391,351207,248062,8202215,0,155246548,574664704,738197504,0,0
sample,grid_65_session,session_grid_large,gpu_candidate_runtime,10,3,4226,20867,256,768,0,572425533,21200,881157832,1169196213,3993947408,2622800778,6616748186,1095374039,760193155,767233584,0,768,768,1,1,3,2,1,3,3,199476037,3699927,91950600,32492512,2505,27785572,278819148,27744224,278663448,4092792,480603,336839,9408597,0,232612700,574664704,738197504,0,0
sample,grid_65_session,session_grid_large,gpu_candidate_runtime,10,4,4226,20867,256,1024,0,750715057,21200,1085829935,1558498522,5324755374,3395064714,8719820088,1095374039,767233584,772263936,0,1024,1024,1,1,4,3,1,4,4,199476037,3699927,110703791,40310278,2505,27785572,376617203,27744224,376395159,5506397,626229,425066,10560395,7397668,310116535,574664704,738197504,0,0
sample,grid_65_session,session_grid_large,gpu_candidate_runtime,11,1,4226,20867,256,256,0,210054067,12424,491554978,389389971,1325383227,1091011440,2416394667,1091011440,0,0,0,256,256,1,1,1,0,1,1,1,197548599,3736937,54709782,17145649,2334,27745398,105029048,27697023,104968541,1457668,177567,161256,6007447,0,77833293,574984192,738197504,0,0
sample,grid_65_session,session_grid_large,gpu_candidate_runtime,11,2,4226,20867,256,512,0,395808872,12424,684981680,776517816,2651455042,1857320792,4508775834,1091011440,766309352,766309352,0,512,512,1,1,2,1,1,2,2,197548599,3736937,73014853,24734349,2334,27745398,191935872,27697023,191827131,2870491,329496,250877,8111352,0,154701122,574984192,738197504,0,0
sample,grid_65_session,session_grid_large,gpu_candidate_runtime,11,3,4226,20867,256,768,0,575362339,12424,879629380,1172233269,3973972398,2627237412,6601209810,1091011440,766309352,769916620,0,768,768,1,1,3,2,1,3,3,197548599,3736937,91439200,32155833,2334,27745398,278891549,27697023,278723355,4335363,591053,345827,9316220,0,233521067,574984192,738197504,0,0
sample,grid_65_session,session_grid_large,gpu_candidate_runtime,11,4,4226,20867,256,1024,0,757109765,12424,1078456045,1563614699,5302801063,3399192933,8701993996,1091011440,769916620,771955521,0,1024,1024,1,1,4,3,1,4,4,197548599,3736937,110101911,39689269,2334,27745398,371113020,27697023,370898746,5703562,748382,431289,10534864,7400674,311100480,574984192,738197504,0,0
sample,grid_65_session,session_grid_large,gpu_candidate_runtime,12,1,4226,20867,256,256,0,208828068,12374,493186057,391477381,1336532615,1093503880,2430036495,1093503880,0,0,0,256,256,1,1,1,0,1,1,1,197342005,3720655,55459137,17638647,3186,27599512,105250242,27557119,105186908,1431818,164422,166336,5931234,0,78478863,574844928,738197504,0,0
sample,grid_65_session,session_grid_large,gpu_candidate_runtime,12,2,4226,20867,256,512,0,396869651,12374,687624669,782139835,2661290711,1866646529,4527937240,1093503880,773142649,773142649,0,512,512,1,1,2,1,1,2,2,197342005,3720655,73949791,25367936,3186,27599512,192418335,27557119,192296665,2822429,334786,258973,7992428,0,155814633,574844928,738197504,0,0
sample,grid_65_session,session_grid_large,gpu_candidate_runtime,12,3,4226,20867,256,768,0,572425694,12374,880891164,1172354850,3986488908,2625684082,6612172990,1093503880,759037553,773142649,0,768,768,1,1,3,2,1,3,3,197342005,3720655,92500609,33229976,3186,27599512,279395755,27557119,279233750,4214322,468930,350266,9169593,0,232896355,574844928,738197504,0,0
sample,grid_65_session,session_grid_large,gpu_candidate_runtime,12,4,4226,20867,256,1024,0,747569505,12374,1073058472,1563804569,5313781407,3384444920,8698226327,1093503880,759037553,773142649,0,1024,1024,1,1,4,3,1,4,4,197342005,3720655,110864511,40601835,3186,27599512,366342656,27557119,366132789,5606696,606581,432131,10386214,7389572,309552490,574844928,738197504,0,0
sample,grid_65_session,session_grid_large,gpu_candidate_runtime,13,1,4226,20867,256,256,0,212041237,19577,492248810,389260311,1321513436,1093569935,2415083371,1093569935,0,0,0,256,256,1,1,1,0,1,1,1,199931271,3527949,54004472,17602687,2475,27809460,104697766,27768863,104644254,1358510,165103,145297,5581118,0,77422702,574984192,738197504,0,0
sample,grid_65_session,session_grid_large,gpu_candidate_runtime,13,2,4226,20867,256,512,0,396625626,19577,686464168,778203950,2642880654,1861313321,4504193975,1093569935,767743386,767743386,0,512,512,1,1,2,1,1,2,2,199931271,3527949,72652143,25383362,2475,27809460,191675965,27768863,191564734,2718372,339334,269323,7786186,0,154368328,574984192,738197504,0,0
sample,grid_65_session,session_grid_large,gpu_candidate_runtime,13,3,4226,20867,256,768,0,571949500,19577,879082493,1166956480,3971675774,2618008050,6589683824,1093569935,756694729,767743386,0,768,768,1,1,3,2,1,3,3,199931271,3527949,90948236,32814133,2475,27809460,278594700,27768863,278427230,4008702,480893,348333,9030219,0,231586122,574984192,738197504,0,0
sample,grid_65_session,session_grid_large,gpu_candidate_runtime,13,4,4226,20867,256,1024,0,748099268,19577,1072211783,1559004604,5302718604,3379335232,8682053836,1093569935,761327182,767743386,0,1024,1024,1,1,4,3,1,4,4,199931271,3527949,109471148,40565331,2475,27809460,365510603,27768863,365291708,5301567,645095,435829,10206703,7437833,308804352,574984192,738197504,0,0
sample,grid_65_session,session_grid_large,gpu_candidate_runtime,14,1,4226,20867,256,256,0,208248630,20599,490538376,387056908,1323820554,1085864513,2409685067,1085864513,0,0,0,256,256,1,1,1,0,1,1,1,195560878,3515685,56185280,17135249,2254,27575842,105091887,27533632,105031680,1419416,182336,144844,5856601,0,77868104,574984192,738197504,0,0
sample,grid_65_session,session_grid_large,gpu_candidate_runtime,14,2,4226,20867,256,512,0,392408929,20599,684801129,774193977,2646314581,1851424634,4497739215,1085864513,765560121,765560121,0,512,512,1,1,2,1,1,2,2,195560878,3515685,74531507,24595435,2254,27575842,192059238,27533632,191948513,2804165,314678,226899,7987808,0,155626740,574984192,738197504,0,0
sample,grid_65_session,session_grid_large,gpu_candidate_runtime,14,3,4226,20867,256,768,0,567585688,20599,878807353,1162473363,3969447390,2608887003,6578334393,1085864513,757462369,765560121,0,768,768,1,1,3,2,1,3,3,195560878,3515685,92864720,32051594,2254,27575842,278995895,27533632,278838751,4456372,484691,333261,9613856,0,233352305,574984192,738197504,0,0
sample,grid_65_session,session_grid_large,gpu_candidate_runtime,14,4,4226,20867,256,1024,0,744364319,20599,1083733663,1550650285,5291781482,3378768866,8670550348,1085864513,765560121,769881863,0,1024,1024,1,1,4,3,1,4,4,195560878,3515685,111362406,39850173,2254,27575842,376935555,27533632,376700192,5941842,768861,428081,10784579,8716161,311007507,574984192,738197504,0,0
sample,grid_65_session,session_grid_large,gpu_candidate_runtime,15,1,4226,20867,256,256,0,209358869,20048,497311710,387813922,1329077358,1094504549,2423581907,1094504549,0,0,0,256,256,1,1,1,0,1,1,1,203467080,3552776,54419178,16616243,2275,28410179,105114526,28371040,105059583,1458971,163562,158370,5917166,0,78031384,574713856,738197504,0,0
sample,grid_65_session,session_grid_large,gpu_candidate_runtime,15,2,4226,20867,256,512,0,398144210,20048,694033241,775053513,2658845518,1867251012,4526096530,1094504549,772746463,772746463,0,512,512,1,1,2,1,1,2,2,203467080,3552776,73465626,24398952,2275,28410179,192033168,28371040,191926270,2926518,340627,247118,7966578,0,157222344,574713856,738197504,0,0
sample,grid_65_session,session_grid_large,gpu_candidate_runtime,15,3,4226,20867,256,768,0,577881178,20048,888649133,1163480431,4009897505,2630030790,6639928295,1094504549,762779778,772746463,0,768,768,1,1,3,2,1,3,3,203467080,3552776,91872038,31945101,2275,28410179,278967961,28371040,278821180,4345712,476976,333451,9203777,0,236071807,574713856,738197504,0,0
sample,grid_65_session,session_grid_large,gpu_candidate_runtime,15,4,4226,20867,256,1024,0,757816243,20048,1096126898,1557267687,5349740007,3411230876,8760970883,1094504549,772746463,781200086,0,1024,1024,1,1,4,3,1,4,4,203467080,3552776,110752190,40119965,2275,28410179,376736566,28371040,376517502,5789844,664362,422911,10271855,8839967,315936895,574713856,738197504,0,0
sample,grid_65_session,session_grid_large,gpu_candidate_runtime,16,1,4226,20867,256,256,0,208043120,12303,498791733,389707629,1327668062,1096554785,2424222847,1096554785,0,0,0,256,256,1,1,1,0,1,1,1,202502991,3607691,55776426,17074593,2294,28094330,105613885,28056287,105550940,1416370,185512,151087,6636773,0,77729781,574984192,738197504,0,0
sample,grid_65_session,session_grid_large,gpu_candidate_runtime,16,2,4226,20867,256,512,0,392120241,12303,692037302,776977780,2650770887,1861147626,4511918513,1096554785,764592841,764592841,0,512,512,1,1,2,1,1,2,2,202502991,3607691,74038695,24612968,2294,28094330,192619552,28056287,192487130,2762666,323584,239175,8801072,0,154432284,574984192,738197504,0,0
sample,grid_65_session,session_grid_large,gpu_candidate_runtime,16,3,4226,20867,256,768,0,568053678,12303,885131063,1167720345,3976878378,2620917389,6597795767,1096554785,759769763,764592841,0,768,768,1,1,3,2,1,3,3,202502991,3607691,92654305,32391930,2294,28094330,279572037,28056287,279388986,4121046,482816,327642,9875102,0,231498879,574984192,738197504,0,0
sample,grid_65_session,session_grid_large,gpu_candidate_runtime,16,4,4226,20867,256,1024,0,744630315,12303,1078727519,1559568500,5305806295,3382938637,8688744932,1096554785,762021248,764592841,0,1024,1024,1,1,4,3,1,4,4,202502991,3607691,111278190,40445013,2294,28094330,366506999,28056287,366279450,5505304,638331,409498,10959351,7949846,308777527,574984192,738197504,0,0
sample,grid_65_session,session_grid_large,gpu_candidate_runtime,17,1,4226,20867,256,256,0,207669822,12473,497326099,393513386,1325126557,1098521780,2423648337,1098521780,0,0,0,256,256,1,1,1,0,1,1,1,203433587,3504696,54175535,17696425,2875,28254092,105103795,28214527,105039616,1492385,223484,155084,5973093,0,77311048,574984192,738197504,0,0
sample,grid_65_session,session_grid_large,gpu_candidate_runtime,17,2,4226,20867,256,512,0,392134609,12473,691769363,781913113,2648806036,1865829558,4514635594,1098521780,767307778,767307778,0,512,512,1,1,2,1,1,2,2,203433587,3504696,72808027,25630130,2875,28254092,192031886,28214527,191921661,2873668,394649,241229,8026211,0,154568313,574984192,738197504,0,0
sample,grid_65_session,session_grid_large,gpu_candidate_runtime,17,3,4226,20867,256,768,0,568283784,12473,884203202,1171880165,3971045340,2624379624,6595424964,1098521780,758550066,767307778,0,768,768,1,1,3,2,1,3,3,203433587,3504696,91098950,33081159,2875,28254092,279016564,28214527,278839677,4259400,560794,321201,9188859,0,231481025,574984192,738197504,0,0
sample,grid_65_session,session_grid_large,gpu_candidate_runtime,17,4,4226,20867,256,1024,0,746986549,12473,1078010440,1564607598,5320292481,3389617060,8709909541,1098521780,765237436,767307778,0,1024,1024,1,1,4,3,1,4,4,203433587,3504696,109629338,40565742,2875,28254092,365970573,28214527,365749372,5646705,713474,406973,10372667,7388330,309509718,574984192,738197504,0,0
sample,grid_65_session,session_grid_large,gpu_candidate_runtime,18,1,4226,20867,256,256,0,207994879,12052,490145344,388923290,1326239432,1087075565,2413314997,1087075565,0,0,0,256,256,1,1,1,0,1,1,1,196007235,3770469,55613959,16985725,2404,27852270,104663430,27812768,104597537,1422581,165454,159964,6018779,0,77483074,574394368,738197504,0,0
sample,grid_65_session,session_grid_large,gpu_candidate_runtime,18,2,4226,20867,256,512,0,392647640,12052,683971937,777938570,2655199819,1854570199,4509770018,1087075565,767494634,767494634,0,512,512,1,1,2,1,1,2,2,196007235,3770469,73959125,24464727,2404,27852270,191613403,27812768,191500961,2780470,292886,241509,8166027,0,154821412,574394368,738197504,0,0
sample,grid_65_session,session_grid_large,gpu_candidate_runtime,18,3,4226,20867,256,768,0,567790523,12052,876130572,1167914405,3985179030,2611847552,6597026582,1087075565,757277353,767494634,0,768,768,1,1,3,2,1,3,3,196007235,3770469,92234850,31972063,2404,27852270,278633757,27812768,278479970,4159959,425237,321622,9328314,0,231422392,574394368,738197504,0,0
sample,grid_65_session,session_grid_large,gpu_candidate_runtime,18,4,4226,20867,256,1024,0,743486958,12052,1080754318,1559400137,5312012197,3383653465,8695665662,1087075565,767494634,771805913,0,1024,1024,1,1,4,3,1,4,4,196007235,3770469,110947835,40035815,2404,27852270,376531409,27812768,376317093,5554517,593466,410682,10421059,7850719,308627157,574394368,738197504,0,0
sample,grid_65_session,session_grid_large,gpu_candidate_runtime,19,1,4226,20867,256,256,0,212653393,12394,495550142,395149603,1325820495,1103365532,2429186027,1103365532,0,0,0,256,256,1,1,1,0,1,1,1,202718688,3728961,54123877,16792538,2344,27908406,105209586,27868000,105146655,1485010,156426,159232,5902098,0,77362976,574627840,738197504,0,0
sample,grid_65_session,session_grid_large,gpu_candidate_runtime,19,2,4226,20867,256,512,0,398249177,12394,688846087,784175818,2648117971,1871283476,4519401447,1103365532,767917944,767917944,0,512,512,1,1,2,1,1,2,2,202718688,3728961,72443023,24144379,2344,27908406,192116696,27868000,192009117,2866754,293307,242290,8109169,0,154272070,574627840,738197504,0,0
sample,grid_65_session,session_grid_large,gpu_candidate_runtime,19,3,4226,20867,256,768,0,573922378,12394,880951032,1173054533,3972457364,2627940337,6600397701,1103365532,756656861,767917944,0,768,768,1,1,3,2,1,3,3,202718688,3728961,90762871,31495058,2344,27908406,279052121,27868000,278890172,4259939,449273,322393,9307404,0,230943574,574627840,738197504,0,0
sample,grid_65_session,session_grid_large,gpu_candidate_runtime,19,4,4226,20867,256,1024,0,749383287,12394,1086586700,1569397642,5302410667,3405380023,8707790690,1103365532,767917944,777439686,0,1024,1024,1,1,4,3,1,4,4,202718688,3728961,109350788,39141387,2344,27908406,376992824,27868000,376775070,5620713,639935,407054,10498616,7667079,309576984,574627840,738197504,0,0
summary,grid_65_session,session_grid_large,gpu_candidate_runtime,1,20,1085864513,1091645237,1098521780,1103365532,2418700854,1091645237,0,0,234.20819541939528,574984192,738197504
summary,grid_65_session,session_grid_large,gpu_candidate_runtime,2,20,1849558273,1861147626,1871283476,1877654436,4511683775,1091645237,767307778,773142649,275.07459073302363,574984192,738197504
summary,grid_65_session,session_grid_large,gpu_candidate_runtime,3,20,2605577419,2620917389,2630030790,2634563935,6596922096,1091645237,758550066,773142649,292.97073015418886,574984192,738197504
summary,grid_65_session,session_grid_large,gpu_candidate_runtime,4,20,3370915833,3383764225,3405380023,3411230876,8692406434,1091645237,764731701,781200086,302.56069287722374,574984192,738197504
case,ring_1024_session,session_wide,ring_multi,1024,4,1028,3080,2048,4
identity,ring_1024_session,0,v1-cfcbda40801521784614e09d093263f5,v1-ae4d9b83a7094ee748c6d0bc20c40788,v1-3bf98b0b3db3ad82c92c2dd62ca3d145,2048
identity,ring_1024_session,1,v1-cfcbda40801521784614e09d093263f5,v1-3d141cd373f6382595b2f1337278bf16,v1-e3318fe5cd44b184fbdd60a64dbaf6bf,2048
identity,ring_1024_session,2,v1-cfcbda40801521784614e09d093263f5,v1-01b5f0a21275fdadc0a217edf5895fee,v1-7c29301b1d4c64b09f8213fd9099cadf,2048
identity,ring_1024_session,3,v1-cfcbda40801521784614e09d093263f5,v1-2268c4957fc40f2f8458209b14979acc,v1-2dc504934d64d21091c107536600082f,2048
sample,ring_1024_session,session_wide,parallel_inline_certified,0,1,1028,3080,2048,2048,32,321592333,3086632,146221253,1066273505,0,1537173723,1537173723,1537173723,0,0,32,2048,2048,0,0,0,0,0,0,0,0,0,0,0,0,0,0,0,0,0,0,0,0,0,0,390283264,0,0,0
sample,ring_1024_session,session_wide,parallel_inline_certified,0,2,1028,3080,2048,4096,32,576862636,3086632,285939698,2135601200,0,3001490166,3001490166,1537173723,1464316443,1464316443,32,4096,4096,0,0,0,0,0,0,0,0,0,0,0,0,0,0,0,0,0,0,0,0,0,0,390283264,0,0,0
sample,ring_1024_session,session_wide,parallel_inline_certified,0,3,1028,3080,2048,6144,32,833155939,3086632,426497029,3207345752,0,4470085352,4470085352,1537173723,1464316443,1468595186,32,6144,6144,0,0,0,0,0,0,0,0,0,0,0,0,0,0,0,0,0,0,0,0,0,0,390283264,0,0,0
sample,ring_1024_session,session_wide,parallel_inline_certified,0,4,1028,3080,2048,8192,32,1075076683,3086632,565406070,4280195351,0,5923764736,5923764736,1537173723,1464316443,1468595186,32,8192,8192,0,0,0,0,0,0,0,0,0,0,0,0,0,0,0,0,0,0,0,0,1038141,0,390283264,0,0,0
sample,ring_1024_session,session_wide,parallel_inline_certified,1,1,1028,3080,2048,2048,32,325425823,3089837,143084549,1065558653,0,1537158862,1537158862,1537158862,0,0,32,2048,2048,0,0,0,0,0,0,0,0,0,0,0,0,0,0,0,0,0,0,0,0,0,0,389758976,0,0,0
sample,ring_1024_session,session_wide,parallel_inline_certified,1,2,1028,3080,2048,4096,32,581927836,3089837,292466048,2132560436,0,3010044157,3010044157,1537158862,1472885295,1472885295,32,4096,4096,0,0,0,0,0,0,0,0,0,0,0,0,0,0,0,0,0,0,0,0,0,0,389758976,0,0,0
sample,ring_1024_session,session_wide,parallel_inline_certified,1,3,1028,3080,2048,6144,32,836911385,3089837,432892019,3205623219,0,4478516460,4478516460,1537158862,1468472303,1472885295,32,6144,6144,0,0,0,0,0,0,0,0,0,0,0,0,0,0,0,0,0,0,0,0,0,0,389758976,0,0,0
sample,ring_1024_session,session_wide,parallel_inline_certified,1,4,1028,3080,2048,8192,32,1078909714,3089837,579771755,4277252610,0,5939023916,5939023916,1537158862,1468472303,1472885295,32,8192,8192,0,0,0,0,0,0,0,0,0,0,0,0,0,0,0,0,0,0,0,0,1014296,0,389758976,0,0,0
sample,ring_1024_session,session_wide,parallel_inline_certified,2,1,1028,3080,2048,2048,32,322354482,3192513,147535992,1065812192,0,1538895179,1538895179,1538895179,0,0,32,2048,2048,0,0,0,0,0,0,0,0,0,0,0,0,0,0,0,0,0,0,0,0,0,0,390811648,0,0,0
sample,ring_1024_session,session_wide,parallel_inline_certified,2,2,1028,3080,2048,4096,32,575793611,3192513,286613012,2140273289,0,3005872425,3005872425,1538895179,1466977246,1466977246,32,4096,4096,0,0,0,0,0,0,0,0,0,0,0,0,0,0,0,0,0,0,0,0,0,0,390811648,0,0,0
sample,ring_1024_session,session_wide,parallel_inline_certified,2,3,1028,3080,2048,6144,32,830780358,3192513,435827993,3211561130,0,4481361994,4481361994,1538895179,1466977246,1475489569,32,6144,6144,0,0,0,0,0,0,0,0,0,0,0,0,0,0,0,0,0,0,0,0,0,0,390811648,0,0,0
sample,ring_1024_session,session_wide,parallel_inline_certified,2,4,1028,3080,2048,8192,32,1073080795,3192513,585978613,4284520264,0,5946772185,5946772185,1538895179,1466977246,1475489569,32,8192,8192,0,0,0,0,0,0,0,0,0,0,0,0,0,0,0,0,0,0,0,0,988717,0,390811648,0,0,0
sample,ring_1024_session,session_wide,parallel_inline_certified,3,1,1028,3080,2048,2048,32,322225980,3032649,142579643,1066311892,0,1534150164,1534150164,1534150164,0,0,32,2048,2048,0,0,0,0,0,0,0,0,0,0,0,0,0,0,0,0,0,0,0,0,0,0,390021120,0,0,0
sample,ring_1024_session,session_wide,parallel_inline_certified,3,2,1028,3080,2048,4096,32,577411444,3032649,289422160,2135308417,0,3005174670,3005174670,1534150164,1471024506,1471024506,32,4096,4096,0,0,0,0,0,0,0,0,0,0,0,0,0,0,0,0,0,0,0,0,0,0,390021120,0,0,0
sample,ring_1024_session,session_wide,parallel_inline_certified,3,3,1028,3080,2048,6144,32,832093149,3032649,439190582,3207716714,0,4482033094,4482033094,1534150164,1471024506,1476858424,32,6144,6144,0,0,0,0,0,0,0,0,0,0,0,0,0,0,0,0,0,0,0,0,0,0,390021120,0,0,0
sample,ring_1024_session,session_wide,parallel_inline_certified,3,4,1028,3080,2048,8192,32,1075286608,3032649,587174004,4276925276,0,5942418537,5942418537,1534150164,1471024506,1476858424,32,8192,8192,0,0,0,0,0,0,0,0,0,0,0,0,0,0,0,0,0,0,0,0,1082897,0,390021120,0,0,0
sample,ring_1024_session,session_wide,parallel_inline_certified,4,1,1028,3080,2048,2048,32,324589324,3420615,143174620,1067329182,0,1538513741,1538513741,1538513741,0,0,32,2048,2048,0,0,0,0,0,0,0,0,0,0,0,0,0,0,0,0,0,0,0,0,0,0,390250496,0,0,0
sample,ring_1024_session,session_wide,parallel_inline_certified,4,2,1028,3080,2048,4096,32,579916405,3420615,289273994,2139290211,0,3011901225,3011901225,1538513741,1473387484,1473387484,32,4096,4096,0,0,0,0,0,0,0,0,0,0,0,0,0,0,0,0,0,0,0,0,0,0,390250496,0,0,0
sample,ring_1024_session,session_wide,parallel_inline_certified,4,3,1028,3080,2048,6144,32,835611495,3420615,435888556,3214469050,0,4489389716,4489389716,1538513741,1473387484,1477488491,32,6144,6144,0,0,0,0,0,0,0,0,0,0,0,0,0,0,0,0,0,0,0,0,0,0,390250496,0,0,0
sample,ring_1024_session,session_wide,parallel_inline_certified,4,4,1028,3080,2048,8192,32,1076109096,3420615,582090306,4283809372,0,5945429389,5945429389,1538513741,1473387484,1477488491,32,8192,8192,0,0,0,0,0,0,0,0,0,0,0,0,0,0,0,0,0,0,0,0,1325837,0,390250496,0,0,0
sample,ring_1024_session,session_wide,parallel_inline_certified,5,1,1028,3080,2048,2048,32,323719797,3236405,146632356,1069728679,0,1543317237,1543317237,1543317237,0,0,32,2048,2048,0,0,0,0,0,0,0,0,0,0,0,0,0,0,0,0,0,0,0,0,0,0,390021120,0,0,0
sample,ring_1024_session,session_wide,parallel_inline_certified,5,2,1028,3080,2048,4096,32,577775405,3236405,293474783,2139491944,0,3013978537,3013978537,1543317237,1470661300,1470661300,32,4096,4096,0,0,0,0,0,0,0,0,0,0,0,0,0,0,0,0,0,0,0,0,0,0,390021120,0,0,0
sample,ring_1024_session,session_wide,parallel_inline_certified,5,3,1028,3080,2048,6144,32,830273766,3236405,441034691,3218290165,0,4492835027,4492835027,1543317237,1470661300,1478856490,32,6144,6144,0,0,0,0,0,0,0,0,0,0,0,0,0,0,0,0,0,0,0,0,0,0,390021120,0,0,0
sample,ring_1024_session,session_wide,parallel_inline_certified,5,4,1028,3080,2048,8192,32,1077529421,3236405,588877658,4308843359,0,5978486843,5978486843,1543317237,1478856490,1485651816,32,8192,8192,0,0,0,0,0,0,0,0,0,0,0,0,0,0,0,0,0,0,0,0,1045616,0,390021120,0,0,0
sample,ring_1024_session,session_wide,parallel_inline_certified,6,1,1028,3080,2048,2048,32,323254644,3099717,144038190,1071639104,0,1542031655,1542031655,1542031655,0,0,32,2048,2048,0,0,0,0,0,0,0,0,0,0,0,0,0,0,0,0,0,0,0,0,0,0,390512640,0,0,0
sample,ring_1024_session,session_wide,parallel_inline_certified,6,2,1028,3080,2048,4096,32,575737729,3099717,291224501,2162213184,0,3032275131,3032275131,1542031655,1490243476,1490243476,32,4096,4096,0,0,0,0,0,0,0,0,0,0,0,0,0,0,0,0,0,0,0,0,0,0,390512640,0,0,0
sample,ring_1024_session,session_wide,parallel_inline_certified,6,3,1028,3080,2048,6144,32,835679105,3099717,439445016,3260324817,0,4538548655,4538548655,1542031655,1490243476,1506273524,32,6144,6144,0,0,0,0,0,0,0,0,0,0,0,0,0,0,0,0,0,0,0,0,0,0,390512640,0,0,0
sample,ring_1024_session,session_wide,parallel_inline_certified,6,4,1028,3080,2048,8192,32,1081053962,3099717,587414583,4357123139,0,6028691401,6028691401,1542031655,1490243476,1506273524,32,8192,8192,0,0,0,0,0,0,0,0,0,0,0,0,0,0,0,0,0,0,0,0,1339144,0,390512640,0,0,0
sample,ring_1024_session,session_wide,parallel_inline_certified,7,1,1028,3080,2048,2048,32,321987389,3352758,146654931,1076844178,0,1548839256,1548839256,1548839256,0,0,32,2048,2048,0,0,0,0,0,0,0,0,0,0,0,0,0,0,0,0,0,0,0,0,0,0,390082560,0,0,0
sample,ring_1024_session,session_wide,parallel_inline_certified,7,2,1028,3080,2048,4096,32,577782361,3352758,296451559,2156084892,0,3033671570,3033671570,1548839256,1484832314,1484832314,32,4096,4096,0,0,0,0,0,0,0,0,0,0,0,0,0,0,0,0,0,0,0,0,0,0,390082560,0,0,0
sample,ring_1024_session,session_wide,parallel_inline_certified,7,3,1028,3080,2048,6144,32,835114246,3352758,443618204,3229690682,0,4511775890,4511775890,1548839256,1478104320,1484832314,32,6144,6144,0,0,0,0,0,0,0,0,0,0,0,0,0,0,0,0,0,0,0,0,0,0,390082560,0,0,0
sample,ring_1024_session,session_wide,parallel_inline_certified,7,4,1028,3080,2048,8192,32,1077466002,3352758,589793407,4304459020,0,5975071187,5975071187,1548839256,1478104320,1484832314,32,8192,8192,0,0,0,0,0,0,0,0,0,0,0,0,0,0,0,0,0,0,0,0,991442,0,390082560,0,0,0
sample,ring_1024_session,session_wide,parallel_inline_certified,8,1,1028,3080,2048,2048,32,325130610,3220425,146003445,1097182440,0,1571536920,1571536920,1571536920,0,0,32,2048,2048,0,0,0,0,0,0,0,0,0,0,0,0,0,0,0,0,0,0,0,0,0,0,389988352,0,0,0
sample,ring_1024_session,session_wide,parallel_inline_certified,8,2,1028,3080,2048,4096,32,580342098,3220425,293758176,2182303346,0,3059624045,3059624045,1571536920,1488087125,1488087125,32,4096,4096,0,0,0,0,0,0,0,0,0,0,0,0,0,0,0,0,0,0,0,0,0,0,389988352,0,0,0
sample,ring_1024_session,session_wide,parallel_inline_certified,8,3,1028,3080,2048,6144,32,843472936,3220425,442863102,3273094990,0,4562651453,4562651453,1571536920,1488087125,1503027408,32,6144,6144,0,0,0,0,0,0,0,0,0,0,0,0,0,0,0,0,0,0,0,0,0,0,389988352,0,0,0
sample,ring_1024_session,session_wide,parallel_inline_certified,8,4,1028,3080,2048,8192,32,1087806773,3220425,590336876,4354075788,0,6035439862,6035439862,1571536920,1488087125,1503027408,32,8192,8192,0,0,0,0,0,0,0,0,0,0,0,0,0,0,0,0,0,0,0,0,1057428,0,389988352,0,0,0
sample,ring_1024_session,session_wide,parallel_inline_certified,9,1,1028,3080,2048,2048,32,333289136,3186712,143895079,1083086576,0,1563457503,1563457503,1563457503,0,0,32,2048,2048,0,0,0,0,0,0,0,0,0,0,0,0,0,0,0,0,0,0,0,0,0,0,389201920,0,0,0
sample,ring_1024_session,session_wide,parallel_inline_certified,9,2,1028,3080,2048,4096,32,591435931,3186712,291092911,2172276912,0,3057992466,3057992466,1563457503,1494534963,1494534963,32,4096,4096,0,0,0,0,0,0,0,0,0,0,0,0,0,0,0,0,0,0,0,0,0,0,389201920,0,0,0
sample,ring_1024_session,session_wide,parallel_inline_certified,9,3,1028,3080,2048,6144,32,850276786,3186712,446979530,3263405198,0,4563848226,4563848226,1563457503,1494534963,1505855760,32,6144,6144,0,0,0,0,0,0,0,0,0,0,0,0,0,0,0,0,0,0,0,0,0,0,389201920,0,0,0
sample,ring_1024_session,session_wide,parallel_inline_certified,9,4,1028,3080,2048,8192,32,1097014977,3186712,591045372,4350417478,0,6041664539,6041664539,1563457503,1494534963,1505855760,32,8192,8192,0,0,0,0,0,0,0,0,0,0,0,0,0,0,0,0,0,0,0,0,1093888,0,389201920,0,0,0
sample,ring_1024_session,session_wide,parallel_inline_certified,10,1,1028,3080,2048,2048,32,323071994,3108073,141498447,1080159930,0,1547838444,1547838444,1547838444,0,0,32,2048,2048,0,0,0,0,0,0,0,0,0,0,0,0,0,0,0,0,0,0,0,0,0,0,390545408,0,0,0
sample,ring_1024_session,session_wide,parallel_inline_certified,10,2,1028,3080,2048,4096,32,579414974,3108073,292935236,2157611697,0,3033069980,3033069980,1547838444,1485231536,1485231536,32,4096,4096,0,0,0,0,0,0,0,0,0,0,0,0,0,0,0,0,0,0,0,0,0,0,390545408,0,0,0
sample,ring_1024_session,session_wide,parallel_inline_certified,10,3,1028,3080,2048,6144,32,832610928,3108073,443627300,3244656091,0,4524002392,4524002392,1547838444,1485231536,1490932412,32,6144,6144,0,0,0,0,0,0,0,0,0,0,0,0,0,0,0,0,0,0,0,0,0,0,390545408,0,0,0
sample,ring_1024_session,session_wide,parallel_inline_certified,10,4,1028,3080,2048,8192,32,1075090421,3108073,594010210,4332426723,0,6004635427,6004635427,1547838444,1485231536,1490932412,32,8192,8192,0,0,0,0,0,0,0,0,0,0,0,0,0,0,0,0,0,0,0,0,1308885,0,390545408,0,0,0
sample,ring_1024_session,session_wide,parallel_inline_certified,11,1,1028,3080,2048,2048,32,325279467,3055402,148610032,1075333625,0,1552278526,1552278526,1552278526,0,0,32,2048,2048,0,0,0,0,0,0,0,0,0,0,0,0,0,0,0,0,0,0,0,0,0,0,389464064,0,0,0
sample,ring_1024_session,session_wide,parallel_inline_certified,11,2,1028,3080,2048,4096,32,580655522,3055402,296299265,2145845797,0,3025855986,3025855986,1552278526,1473577460,1473577460,32,4096,4096,0,0,0,0,0,0,0,0,0,0,0,0,0,0,0,0,0,0,0,0,0,0,389464064,0,0,0
sample,ring_1024_session,session_wide,parallel_inline_certified,11,3,1028,3080,2048,6144,32,835163599,3055402,445759572,3221756552,0,4505735125,4505735125,1552278526,1473577460,1479879139,32,6144,6144,0,0,0,0,0,0,0,0,0,0,0,0,0,0,0,0,0,0,0,0,0,0,389464064,0,0,0
sample,ring_1024_session,session_wide,parallel_inline_certified,11,4,1028,3080,2048,8192,32,1081993544,3055402,597057020,4298620940,0,5980726906,5980726906,1552278526,1474991781,1479879139,32,8192,8192,0,0,0,0,0,0,0,0,0,0,0,0,0,0,0,0,0,0,0,0,1291933,0,389464064,0,0,0
sample,ring_1024_session,session_wide,parallel_inline_certified,12,1,1028,3080,2048,2048,32,331418627,3038089,142486824,1086062854,0,1563006394,1563006394,1563006394,0,0,32,2048,2048,0,0,0,0,0,0,0,0,0,0,0,0,0,0,0,0,0,0,0,0,0,0,390807552,0,0,0
sample,ring_1024_session,session_wide,parallel_inline_certified,12,2,1028,3080,2048,4096,32,588432313,3038089,291038685,2161861937,0,3044371024,3044371024,1563006394,1481364630,1481364630,32,4096,4096,0,0,0,0,0,0,0,0,0,0,0,0,0,0,0,0,0,0,0,0,0,0,390807552,0,0,0
sample,ring_1024_session,session_wide,parallel_inline_certified,12,3,1028,3080,2048,6144,32,842592980,3038089,442007317,3231768333,0,4519406719,4519406719,1563006394,1475035695,1481364630,32,6144,6144,0,0,0,0,0,0,0,0,0,0,0,0,0,0,0,0,0,0,0,0,0,0,390807552,0,0,0
sample,ring_1024_session,session_wide,parallel_inline_certified,12,4,1028,3080,2048,8192,32,1083647919,3038089,590920993,4313686922,0,5991293923,5991293923,1563006394,1475035695,1481364630,32,8192,8192,0,0,0,0,0,0,0,0,0,0,0,0,0,0,0,0,0,0,0,0,1025117,0,390807552,0,0,0
sample,ring_1024_session,session_wide,parallel_inline_certified,13,1,1028,3080,2048,2048,32,322008225,3088455,142574541,1077988928,0,1545660149,1545660149,1545660149,0,0,32,2048,2048,0,0,0,0,0,0,0,0,0,0,0,0,0,0,0,0,0,0,0,0,0,0,391331840,0,0,0
sample,ring_1024_session,session_wide,parallel_inline_certified,13,2,1028,3080,2048,4096,32,576931770,3088455,287437737,2148128531,0,3015586493,3015586493,1545660149,1469926344,1469926344,32,4096,4096,0,0,0,0,0,0,0,0,0,0,0,0,0,0,0,0,0,0,0,0,0,0,391331840,0,0,0
sample,ring_1024_session,session_wide,parallel_inline_certified,13,3,1028,3080,2048,6144,32,832653801,3088455,433570634,3218438106,0,4487750996,4487750996,1545660149,1469926344,1472164503,32,6144,6144,0,0,0,0,0,0,0,0,0,0,0,0,0,0,0,0,0,0,0,0,0,0,391331840,0,0,0
sample,ring_1024_session,session_wide,parallel_inline_certified,13,4,1028,3080,2048,8192,32,1074517907,3088455,585342149,4290604377,0,5953552888,5953552888,1545660149,1469926344,1472164503,32,8192,8192,0,0,0,0,0,0,0,0,0,0,0,0,0,0,0,0,0,0,0,0,1038812,0,391331840,0,0,0
sample,ring_1024_session,session_wide,parallel_inline_certified,14,1,1028,3080,2048,2048,32,325310276,3160030,147927556,1070124573,0,1546522435,1546522435,1546522435,0,0,32,2048,2048,0,0,0,0,0,0,0,0,0,0,0,0,0,0,0,0,0,0,0,0,0,0,390545408,0,0,0
sample,ring_1024_session,session_wide,parallel_inline_certified,14,2,1028,3080,2048,4096,32,578173067,3160030,296092184,2141724519,0,3019149800,3019149800,1546522435,1472627365,1472627365,32,4096,4096,0,0,0,0,0,0,0,0,0,0,0,0,0,0,0,0,0,0,0,0,0,0,390545408,0,0,0
sample,ring_1024_session,session_wide,parallel_inline_certified,14,3,1028,3080,2048,6144,32,835236455,3160030,445009910,3223285038,0,4506691433,4506691433,1546522435,1472627365,1487541633,32,6144,6144,0,0,0,0,0,0,0,0,0,0,0,0,0,0,0,0,0,0,0,0,0,0,390545408,0,0,0
sample,ring_1024_session,session_wide,parallel_inline_certified,14,4,1028,3080,2048,8192,32,1077943412,3160030,590562405,4303519290,0,5975185137,5975185137,1546522435,1472627365,1487541633,32,8192,8192,0,0,0,0,0,0,0,0,0,0,0,0,0,0,0,0,0,0,0,0,1186142,0,390545408,0,0,0
sample,ring_1024_session,session_wide,parallel_inline_certified,15,1,1028,3080,2048,2048,32,322048783,3218992,141875443,1076244465,0,1543387683,1543387683,1543387683,0,0,32,2048,2048,0,0,0,0,0,0,0,0,0,0,0,0,0,0,0,0,0,0,0,0,0,0,390082560,0,0,0
sample,ring_1024_session,session_wide,parallel_inline_certified,15,2,1028,3080,2048,4096,32,582524040,3218992,291017957,2175554390,0,3052315379,3052315379,1543387683,1508927696,1508927696,32,4096,4096,0,0,0,0,0,0,0,0,0,0,0,0,0,0,0,0,0,0,0,0,0,0,390082560,0,0,0
sample,ring_1024_session,session_wide,parallel_inline_certified,15,3,1028,3080,2048,6144,32,838215652,3218992,439366974,3264220360,0,4545021978,4545021978,1543387683,1492706599,1508927696,32,6144,6144,0,0,0,0,0,0,0,0,0,0,0,0,0,0,0,0,0,0,0,0,0,0,390082560,0,0,0
sample,ring_1024_session,session_wide,parallel_inline_certified,15,4,1028,3080,2048,8192,32,1084100132,3218992,586877606,4335460852,0,6009657582,6009657582,1543387683,1492706599,1508927696,32,8192,8192,0,0,0,0,0,0,0,0,0,0,0,0,0,0,0,0,0,0,0,0,1044664,0,390082560,0,0,0
sample,ring_1024_session,session_wide,parallel_inline_certified,16,1,1028,3080,2048,2048,32,327103079,3095810,143742367,1076520769,0,1550462025,1550462025,1550462025,0,0,32,2048,2048,0,0,0,0,0,0,0,0,0,0,0,0,0,0,0,0,0,0,0,0,0,0,391069696,0,0,0
sample,ring_1024_session,session_wide,parallel_inline_certified,16,2,1028,3080,2048,4096,32,585779589,3095810,300115249,2160625419,0,3049616067,3049616067,1550462025,1499154042,1499154042,32,4096,4096,0,0,0,0,0,0,0,0,0,0,0,0,0,0,0,0,0,0,0,0,0,0,391069696,0,0,0
sample,ring_1024_session,session_wide,parallel_inline_certified,16,3,1028,3080,2048,6144,32,842623239,3095810,449148094,3237013935,0,4531881078,4531881078,1550462025,1482265011,1499154042,32,6144,6144,0,0,0,0,0,0,0,0,0,0,0,0,0,0,0,0,0,0,0,0,0,0,391069696,0,0,0
sample,ring_1024_session,session_wide,parallel_inline_certified,16,4,1028,3080,2048,8192,32,1090584934,3095810,599355669,4317991297,0,6011027710,6011027710,1550462025,1482265011,1499154042,32,8192,8192,0,0,0,0,0,0,0,0,0,0,0,0,0,0,0,0,0,0,0,0,1132131,0,391069696,0,0,0
sample,ring_1024_session,session_wide,parallel_inline_certified,17,1,1028,3080,2048,2048,32,327091558,3045704,150401413,1073276128,0,1553814803,1553814803,1553814803,0,0,32,2048,2048,0,0,0,0,0,0,0,0,0,0,0,0,0,0,0,0,0,0,0,0,0,0,389988352,0,0,0
sample,ring_1024_session,session_wide,parallel_inline_certified,17,2,1028,3080,2048,4096,32,578480551,3045704,288725702,2148667462,0,3018919419,3018919419,1553814803,1465104616,1465104616,32,4096,4096,0,0,0,0,0,0,0,0,0,0,0,0,0,0,0,0,0,0,0,0,0,0,389988352,0,0,0
sample,ring_1024_session,session_wide,parallel_inline_certified,17,3,1028,3080,2048,6144,32,833941005,3045704,439263735,3225659726,0,4501910170,4501910170,1553814803,1465104616,1482990751,32,6144,6144,0,0,0,0,0,0,0,0,0,0,0,0,0,0,0,0,0,0,0,0,0,0,389988352,0,0,0
sample,ring_1024_session,session_wide,parallel_inline_certified,17,4,1028,3080,2048,8192,32,1075682117,3045704,587823482,4299717628,0,5966268931,5966268931,1553814803,1465104616,1482990751,32,8192,8192,0,0,0,0,0,0,0,0,0,0,0,0,0,0,0,0,0,0,0,0,1015428,0,389988352,0,0,0
sample,ring_1024_session,session_wide,parallel_inline_certified,18,1,1028,3080,2048,2048,32,322507733,3137668,142144365,1068367315,0,1536157081,1536157081,1536157081,0,0,32,2048,2048,0,0,0,0,0,0,0,0,0,0,0,0,0,0,0,0,0,0,0,0,0,0,390311936,0,0,0
sample,ring_1024_session,session_wide,parallel_inline_certified,18,2,1028,3080,2048,4096,32,577025606,3137668,280489354,2136602229,0,2997254857,2997254857,1536157081,1461097776,1461097776,32,4096,4096,0,0,0,0,0,0,0,0,0,0,0,0,0,0,0,0,0,0,0,0,0,0,390311936,0,0,0
sample,ring_1024_session,session_wide,parallel_inline_certified,18,3,1028,3080,2048,6144,32,831825577,3137668,429333178,3220780159,0,4485076582,4485076582,1536157081,1461097776,1487821725,32,6144,6144,0,0,0,0,0,0,0,0,0,0,0,0,0,0,0,0,0,0,0,0,0,0,390311936,0,0,0
sample,ring_1024_session,session_wide,parallel_inline_certified,18,4,1028,3080,2048,8192,32,1071170038,3137668,578024294,4300736811,0,5953068811,5953068811,1536157081,1467992229,1487821725,32,8192,8192,0,0,0,0,0,0,0,0,0,0,0,0,0,0,0,0,0,0,0,0,1025428,0,390311936,0,0,0
sample,ring_1024_session,session_wide,parallel_inline_certified,19,1,1028,3080,2048,2048,32,329642462,3109505,145403532,1089856913,0,1568012412,1568012412,1568012412,0,0,32,2048,2048,0,0,0,0,0,0,0,0,0,0,0,0,0,0,0,0,0,0,0,0,0,0,389496832,0,0,0
sample,ring_1024_session,session_wide,parallel_inline_certified,19,2,1028,3080,2048,4096,32,585463681,3109505,294116150,2164465636,0,3047154972,3047154972,1568012412,1479142560,1479142560,32,4096,4096,0,0,0,0,0,0,0,0,0,0,0,0,0,0,0,0,0,0,0,0,0,0,389496832,0,0,0
sample,ring_1024_session,session_wide,parallel_inline_certified,19,3,1028,3080,2048,6144,32,840775128,3109505,447208037,3244153033,0,4535245703,4535245703,1568012412,1479142560,1488090731,32,6144,6144,0,0,0,0,0,0,0,0,0,0,0,0,0,0,0,0,0,0,0,0,0,0,389496832,0,0,0
sample,ring_1024_session,session_wide,parallel_inline_certified,19,4,1028,3080,2048,8192,32,1087258290,3109505,595641467,4324182610,0,6010191872,6010191872,1568012412,1479142560,1488090731,32,8192,8192,0,0,0,0,0,0,0,0,0,0,0,0,0,0,0,0,0,0,0,0,1084790,0,389496832,0,0,0
summary,ring_1024_session,session_wide,parallel_inline_certified,1,20,1534150164,1545660149,1568012412,1571536920,1545660149,1545660149,0,0,1324.2614226931664,391331840,0
summary,ring_1024_session,session_wide,parallel_inline_certified,2,20,2997254857,3019149800,3057992466,3059624045,3019149800,1545660149,1473387484,1499154042,1353.6665389732134,391331840,0
summary,ring_1024_session,session_wide,parallel_inline_certified,3,20,4470085352,4505735125,4562651453,4563848226,4505735125,1545660149,1473387484,1506273524,1363.3061174348211,391331840,0
summary,ring_1024_session,session_wide,parallel_inline_certified,4,20,5923764736,5975185137,6035439862,6041664539,5975185137,1545660149,1474991781,1506273524,1370.2463876108927,391331840,0
sample,ring_1024_session,session_wide,parallel_candidate_runtime,0,1,1028,3080,2048,2048,32,325161133,3285409,142927491,541238050,1079091330,1012612083,2091703413,1012612083,0,0,32,2048,2048,0,0,0,0,0,0,0,0,0,0,0,0,0,0,0,0,0,0,0,0,0,0,390021120,0,0,0
sample,ring_1024_session,session_wide,parallel_candidate_runtime,0,2,1028,3080,2048,4096,32,587011962,3285409,289623997,1083575927,2163248482,1963497295,4126745777,1012612083,950885212,950885212,32,4096,4096,0,0,0,0,0,0,0,0,0,0,0,0,0,0,0,0,0,0,0,0,0,0,390021120,0,0,0
sample,ring_1024_session,session_wide,parallel_candidate_runtime,0,3,1028,3080,2048,6144,32,827380598,3285409,441043283,1638383563,3249546959,2910092853,6159639812,1012612083,946595558,950885212,32,6144,6144,0,0,0,0,0,0,0,0,0,0,0,0,0,0,0,0,0,0,0,0,0,0,390021120,0,0,0
sample,ring_1024_session,session_wide,parallel_candidate_runtime,0,4,1028,3080,2048,8192,32,1057223517,3285409,585038751,2182356086,4345912501,3827903763,8173816264,1012612083,946595558,950885212,32,8192,8192,0,0,0,0,0,0,0,0,0,0,0,0,0,0,0,0,0,0,0,0,1195650,0,390021120,0,0,0
sample,ring_1024_session,session_wide,parallel_candidate_runtime,1,1,1028,3080,2048,2048,32,326888152,3498143,145900507,535884604,1067461045,1012171406,2079632451,1012171406,0,0,32,2048,2048,0,0,0,0,0,0,0,0,0,0,0,0,0,0,0,0,0,0,0,0,0,0,390283264,0,0,0
sample,ring_1024_session,session_wide,parallel_candidate_runtime,1,2,1028,3080,2048,4096,32,583708607,3498143,290825713,1068019065,2147198352,1946051528,4093249880,1012171406,933880122,933880122,32,4096,4096,0,0,0,0,0,0,0,0,0,0,0,0,0,0,0,0,0,0,0,0,0,0,390283264,0,0,0
sample,ring_1024_session,session_wide,parallel_candidate_runtime,1,3,1028,3080,2048,6144,32,823884526,3498143,435665536,1599475378,3228718564,2862523583,6091242147,1012171406,916472055,933880122,32,6144,6144,0,0,0,0,0,0,0,0,0,0,0,0,0,0,0,0,0,0,0,0,0,0,390283264,0,0,0
sample,ring_1024_session,session_wide,parallel_candidate_runtime,1,4,1028,3080,2048,8192,32,1061814861,3498143,582839591,2142558521,4317726294,3790711116,8108437410,1012171406,928187533,933880122,32,8192,8192,0,0,0,0,0,0,0,0,0,0,0,0,0,0,0,0,0,0,0,0,1024996,0,390283264,0,0,0
sample,ring_1024_session,session_wide,parallel_candidate_runtime,2,1,1028,3080,2048,2048,32,329179633,3045102,141664152,532088474,1079335102,1005977361,2085312463,1005977361,0,0,32,2048,2048,0,0,0,0,0,0,0,0,0,0,0,0,0,0,0,0,0,0,0,0,0,0,389758976,0,0,0
sample,ring_1024_session,session_wide,parallel_candidate_runtime,2,2,1028,3080,2048,4096,32,587918632,3045102,280056199,1068268166,2158279011,1939288099,4097567110,1005977361,933310738,933310738,32,4096,4096,0,0,0,0,0,0,0,0,0,0,0,0,0,0,0,0,0,0,0,0,0,0,389758976,0,0,0
sample,ring_1024_session,session_wide,parallel_candidate_runtime,2,3,1028,3080,2048,6144,32,823862605,3045102,426093194,1602056226,3230524600,2855057127,6085581727,1005977361,915769028,933310738,32,6144,6144,0,0,0,0,0,0,0,0,0,0,0,0,0,0,0,0,0,0,0,0,0,0,389758976,0,0,0
sample,ring_1024_session,session_wide,parallel_candidate_runtime,2,4,1028,3080,2048,8192,32,1059759329,3045102,576056044,2135423648,4306782427,3774284123,8081066550,1005977361,919226996,933310738,32,8192,8192,0,0,0,0,0,0,0,0,0,0,0,0,0,0,0,0,0,0,0,0,1022933,0,389758976,0,0,0
sample,ring_1024_session,session_wide,parallel_candidate_runtime,3,1,1028,3080,2048,2048,32,325343197,3296900,141115550,532224522,1083236469,1001980169,2085216638,1001980169,0,0,32,2048,2048,0,0,0,0,0,0,0,0,0,0,0,0,0,0,0,0,0,0,0,0,0,0,390545408,0,0,0
sample,ring_1024_session,session_wide,parallel_candidate_runtime,3,2,1028,3080,2048,4096,32,585371855,3296900,284190921,1069581609,2154000542,1942441285,4096441827,1001980169,940461116,940461116,32,4096,4096,0,0,0,0,0,0,0,0,0,0,0,0,0,0,0,0,0,0,0,0,0,0,390545408,0,0,0
sample,ring_1024_session,session_wide,parallel_candidate_runtime,3,3,1028,3080,2048,6144,32,826481396,3296900,428858446,1607156117,3225426098,2865792859,6091218957,1001980169,923351574,940461116,32,6144,6144,0,0,0,0,0,0,0,0,0,0,0,0,0,0,0,0,0,0,0,0,0,0,390545408,0,0,0
sample,ring_1024_session,session_wide,parallel_candidate_runtime,3,4,1028,3080,2048,8192,32,1058489995,3296900,576925565,2137730704,4302625660,3776443164,8079068824,1001980169,923351574,940461116,32,8192,8192,0,0,0,0,0,0,0,0,0,0,0,0,0,0,0,0,0,0,0,0,1128943,0,390545408,0,0,0
sample,ring_1024_session,session_wide,parallel_candidate_runtime,4,1,1028,3080,2048,2048,32,323089807,3076502,144535314,536042222,1092250893,1006743845,2098994738,1006743845,0,0,32,2048,2048,0,0,0,0,0,0,0,0,0,0,0,0,0,0,0,0,0,0,0,0,0,0,390279168,0,0,0
sample,ring_1024_session,session_wide,parallel_candidate_runtime,4,2,1028,3080,2048,4096,32,588399162,3076502,284818412,1076383886,2177167570,1952677962,4129845532,1006743845,945934117,945934117,32,4096,4096,0,0,0,0,0,0,0,0,0,0,0,0,0,0,0,0,0,0,0,0,0,0,390279168,0,0,0
sample,ring_1024_session,session_wide,parallel_candidate_runtime,4,3,1028,3080,2048,6144,32,832441775,3076502,431765546,1617355096,3265202460,2884638919,6149841379,1006743845,931960957,945934117,32,6144,6144,0,0,0,0,0,0,0,0,0,0,0,0,0,0,0,0,0,0,0,0,0,0,390279168,0,0,0
sample,ring_1024_session,session_wide,parallel_candidate_runtime,4,4,1028,3080,2048,8192,32,1073051728,3076502,581023588,2155156517,4334442469,3812308335,8146750804,1006743845,931960957,945934117,32,8192,8192,0,0,0,0,0,0,0,0,0,0,0,0,0,0,0,0,0,0,0,0,1034795,0,390279168,0,0,0
sample,ring_1024_session,session_wide,parallel_candidate_runtime,5,1,1028,3080,2048,2048,32,322980749,3017020,141935066,531894373,1067742746,999827208,2067569954,999827208,0,0,32,2048,2048,0,0,0,0,0,0,0,0,0,0,0,0,0,0,0,0,0,0,0,0,0,0,390283264,0,0,0
sample,ring_1024_session,session_wide,parallel_candidate_runtime,5,2,1028,3080,2048,4096,32,581383490,3017020,280869092,1067821834,2141081089,1933091436,4074172525,999827208,933264228,933264228,32,4096,4096,0,0,0,0,0,0,0,0,0,0,0,0,0,0,0,0,0,0,0,0,0,0,390283264,0,0,0
sample,ring_1024_session,session_wide,parallel_candidate_runtime,5,3,1028,3080,2048,6144,32,823745450,3017020,431749394,1598497293,3237996374,2857009157,6095005531,999827208,923917721,933264228,32,6144,6144,0,0,0,0,0,0,0,0,0,0,0,0,0,0,0,0,0,0,0,0,0,0,390283264,0,0,0
sample,ring_1024_session,session_wide,parallel_candidate_runtime,5,4,1028,3080,2048,8192,32,1059832094,3017020,580332354,2139854866,4342987314,3783036334,8126023648,999827208,926027177,933264228,32,8192,8192,0,0,0,0,0,0,0,0,0,0,0,0,0,0,0,0,0,0,0,0,1117833,0,390283264,0,0,0
sample,ring_1024_session,session_wide,parallel_candidate_runtime,6,1,1028,3080,2048,2048,32,324661092,4082862,143043099,531433699,1066602051,1003220752,2069822803,1003220752,0,0,32,2048,2048,0,0,0,0,0,0,0,0,0,0,0,0,0,0,0,0,0,0,0,0,0,0,390283264,0,0,0
sample,ring_1024_session,session_wide,parallel_candidate_runtime,6,2,1028,3080,2048,4096,32,582177600,4082862,281953301,1064759201,2142282250,1932972964,4075255214,1003220752,929752212,929752212,32,4096,4096,0,0,0,0,0,0,0,0,0,0,0,0,0,0,0,0,0,0,0,0,0,0,390283264,0,0,0
sample,ring_1024_session,session_wide,parallel_candidate_runtime,6,3,1028,3080,2048,6144,32,822257794,4082862,420248916,1602080314,3219955133,2848669886,6068625019,1003220752,915696922,929752212,32,6144,6144,0,0,0,0,0,0,0,0,0,0,0,0,0,0,0,0,0,0,0,0,0,0,390283264,0,0,0
sample,ring_1024_session,session_wide,parallel_candidate_runtime,6,4,1028,3080,2048,8192,32,1056846391,4082862,567214813,2140331494,4294468868,3768475560,8062944428,1003220752,919805674,929752212,32,8192,8192,0,0,0,0,0,0,0,0,0,0,0,0,0,0,0,0,0,0,0,0,1108995,0,390283264,0,0,0
sample,ring_1024_session,session_wide,parallel_candidate_runtime,7,1,1028,3080,2048,2048,32,330077305,3200537,142232808,534389328,1071833863,1009899978,2081733841,1009899978,0,0,32,2048,2048,0,0,0,0,0,0,0,0,0,0,0,0,0,0,0,0,0,0,0,0,0,0,389758976,0,0,0
sample,ring_1024_session,session_wide,parallel_candidate_runtime,7,2,1028,3080,2048,4096,32,589772618,3200537,288374801,1070532726,2141366434,1951880682,4093247116,1009899978,941980704,941980704,32,4096,4096,0,0,0,0,0,0,0,0,0,0,0,0,0,0,0,0,0,0,0,0,0,0,389758976,0,0,0
sample,ring_1024_session,session_wide,parallel_candidate_runtime,7,3,1028,3080,2048,6144,32,830303960,3200537,435890122,1605080283,3211233100,2874474902,6085708002,1009899978,922594220,941980704,32,6144,6144,0,0,0,0,0,0,0,0,0,0,0,0,0,0,0,0,0,0,0,0,0,0,389758976,0,0,0
sample,ring_1024_session,session_wide,parallel_candidate_runtime,7,4,1028,3080,2048,8192,32,1063975866,3200537,582973162,2137266244,4280645384,3787415809,8068061193,1009899978,922594220,941980704,32,8192,8192,0,0,0,0,0,0,0,0,0,0,0,0,0,0,0,0,0,0,0,0,1101522,0,389758976,0,0,0
sample,ring_1024_session,session_wide,parallel_candidate_runtime,8,1,1028,3080,2048,2048,32,323056840,3232447,142051435,530570365,1074261100,998911087,2073172187,998911087,0,0,32,2048,2048,0,0,0,0,0,0,0,0,0,0,0,0,0,0,0,0,0,0,0,0,0,0,390541312,0,0,0
sample,ring_1024_session,session_wide,parallel_candidate_runtime,8,2,1028,3080,2048,4096,32,582740960,3232447,287404320,1065384506,2155658983,1938762233,4094421216,998911087,939851146,939851146,32,4096,4096,0,0,0,0,0,0,0,0,0,0,0,0,0,0,0,0,0,0,0,0,0,0,390541312,0,0,0
sample,ring_1024_session,session_wide,parallel_candidate_runtime,8,3,1028,3080,2048,6144,32,830015070,3232447,438800127,1606480667,3247601789,2878528311,6126130100,998911087,939766078,939851146,32,6144,6144,0,0,0,0,0,0,0,0,0,0,0,0,0,0,0,0,0,0,0,0,0,0,390541312,0,0,0
sample,ring_1024_session,session_wide,parallel_candidate_runtime,8,4,1028,3080,2048,8192,32,1065578472,3232447,587034730,2149049846,4339089932,3804895495,8143985427,998911087,939766078,939851146,32,8192,8192,0,0,0,0,0,0,0,0,0,0,0,0,0,0,0,0,0,0,0,0,1067818,0,390541312,0,0,0
sample,ring_1024_session,session_wide,parallel_candidate_runtime,9,1,1028,3080,2048,2048,32,321925787,3116949,142086608,530787446,1081019104,997916790,2078935894,997916790,0,0,32,2048,2048,0,0,0,0,0,0,0,0,0,0,0,0,0,0,0,0,0,0,0,0,0,0,390541312,0,0,0
sample,ring_1024_session,session_wide,parallel_candidate_runtime,9,2,1028,3080,2048,4096,32,589097280,3116949,288760419,1067778958,2152503682,1948753606,4101257288,997916790,950836816,950836816,32,4096,4096,0,0,0,0,0,0,0,0,0,0,0,0,0,0,0,0,0,0,0,0,0,0,390541312,0,0,0
sample,ring_1024_session,session_wide,parallel_candidate_runtime,9,3,1028,3080,2048,6144,32,830432949,3116949,435607141,1600226927,3226097746,2869383966,6095481712,997916790,920630360,950836816,32,6144,6144,0,0,0,0,0,0,0,0,0,0,0,0,0,0,0,0,0,0,0,0,0,0,390541312,0,0,0
sample,ring_1024_session,session_wide,parallel_candidate_runtime,9,4,1028,3080,2048,8192,32,1066257583,3116949,582156216,2136936850,4307716630,3788467598,8096184228,997916790,920630360,950836816,32,8192,8192,0,0,0,0,0,0,0,0,0,0,0,0,0,0,0,0,0,0,0,0,1071495,0,390541312,0,0,0
sample,ring_1024_session,session_wide,parallel_candidate_runtime,10,1,1028,3080,2048,2048,32,323277349,3118141,144422176,533399747,1074460683,1004217413,2078678096,1004217413,0,0,32,2048,2048,0,0,0,0,0,0,0,0,0,0,0,0,0,0,0,0,0,0,0,0,0,0,389726208,0,0,0
sample,ring_1024_session,session_wide,parallel_candidate_runtime,10,2,1028,3080,2048,4096,32,582566238,3118141,283587931,1066669121,2145887021,1935941431,4081828452,1004217413,931724018,931724018,32,4096,4096,0,0,0,0,0,0,0,0,0,0,0,0,0,0,0,0,0,0,0,0,0,0,389726208,0,0,0
sample,ring_1024_session,session_wide,parallel_candidate_runtime,10,3,1028,3080,2048,6144,32,822752771,3118141,432742733,1599763252,3216759397,2858376897,6075136294,1004217413,922435466,931724018,32,6144,6144,0,0,0,0,0,0,0,0,0,0,0,0,0,0,0,0,0,0,0,0,0,0,389726208,0,0,0
sample,ring_1024_session,session_wide,parallel_candidate_runtime,10,4,1028,3080,2048,8192,32,1057025054,3118141,578002619,2136172799,4312203673,3774318613,8086522286,1004217413,922435466,931724018,32,8192,8192,0,0,0,0,0,0,0,0,0,0,0,0,0,0,0,0,0,0,0,0,1391623,0,389726208,0,0,0
sample,ring_1024_session,session_wide,parallel_candidate_runtime,11,1,1028,3080,2048,2048,32,330205992,3303303,144852323,540999382,1090001190,1019361000,2109362190,1019361000,0,0,32,2048,2048,0,0,0,0,0,0,0,0,0,0,0,0,0,0,0,0,0,0,0,0,0,0,390283264,0,0,0
sample,ring_1024_session,session_wide,parallel_candidate_runtime,11,2,1028,3080,2048,4096,32,596181225,3303303,295621322,1077377317,2172871635,1972483167,4145354802,1019361000,953122167,953122167,32,4096,4096,0,0,0,0,0,0,0,0,0,0,0,0,0,0,0,0,0,0,0,0,0,0,390283264,0,0,0
sample,ring_1024_session,session_wide,parallel_candidate_runtime,11,3,1028,3080,2048,6144,32,837685194,3303303,439003815,1613367536,3253763693,2893359848,6147123541,1019361000,920876681,953122167,32,6144,6144,0,0,0,0,0,0,0,0,0,0,0,0,0,0,0,0,0,0,0,0,0,0,390283264,0,0,0
sample,ring_1024_session,session_wide,parallel_candidate_runtime,11,4,1028,3080,2048,8192,32,1072200693,3303303,583290545,2161387658,4334930714,3820182199,8155112913,1019361000,926822351,953122167,32,8192,8192,0,0,0,0,0,0,0,0,0,0,0,0,0,0,0,0,0,0,0,0,1063960,0,390283264,0,0,0
sample,ring_1024_session,session_wide,parallel_candidate_runtime,12,1,1028,3080,2048,2048,32,329998466,3159014,141179742,532913246,1080033046,1007250468,2087283514,1007250468,0,0,32,2048,2048,0,0,0,0,0,0,0,0,0,0,0,0,0,0,0,0,0,0,0,0,0,0,389758976,0,0,0
sample,ring_1024_session,session_wide,parallel_candidate_runtime,12,2,1028,3080,2048,4096,32,587444299,3159014,291240014,1066591417,2157233393,1948434744,4105668137,1007250468,941184276,941184276,32,4096,4096,0,0,0,0,0,0,0,0,0,0,0,0,0,0,0,0,0,0,0,0,0,0,389758976,0,0,0
sample,ring_1024_session,session_wide,parallel_candidate_runtime,12,3,1028,3080,2048,6144,32,826547306,3159014,437489340,1635583175,3233195539,2902778835,6135974374,1007250468,941184276,954344091,32,6144,6144,0,0,0,0,0,0,0,0,0,0,0,0,0,0,0,0,0,0,0,0,0,0,389758976,0,0,0
sample,ring_1024_session,session_wide,parallel_candidate_runtime,12,4,1028,3080,2048,8192,32,1064431750,3159014,586380853,2166929308,4316451624,3820900925,8137352549,1007250468,941184276,954344091,32,8192,8192,0,0,0,0,0,0,0,0,0,0,0,0,0,0,0,0,0,0,0,0,1072917,0,389758976,0,0,0
sample,ring_1024_session,session_wide,parallel_candidate_runtime,13,1,1028,3080,2048,2048,32,323231881,3311989,142825385,530366110,1074283428,999735365,2074018793,999735365,0,0,32,2048,2048,0,0,0,0,0,0,0,0,0,0,0,0,0,0,0,0,0,0,0,0,0,0,391856128,0,0,0
sample,ring_1024_session,session_wide,parallel_candidate_runtime,13,2,1028,3080,2048,4096,32,580797128,3311989,288147091,1069546685,2165542789,1941802893,4107345682,999735365,942067528,942067528,32,4096,4096,0,0,0,0,0,0,0,0,0,0,0,0,0,0,0,0,0,0,0,0,0,0,391856128,0,0,0
sample,ring_1024_session,session_wide,parallel_candidate_runtime,13,3,1028,3080,2048,6144,32,822457353,3311989,433977924,1611610935,3259827908,2871358201,6131186109,999735365,929555308,942067528,32,6144,6144,0,0,0,0,0,0,0,0,0,0,0,0,0,0,0,0,0,0,0,0,0,0,391856128,0,0,0
sample,ring_1024_session,session_wide,parallel_candidate_runtime,13,4,1028,3080,2048,8192,32,1063743999,3311989,582476482,2147163991,4337876595,3796696461,8134573056,999735365,929555308,942067528,32,8192,8192,0,0,0,0,0,0,0,0,0,0,0,0,0,0,0,0,0,0,0,0,1030818,0,391856128,0,0,0
sample,ring_1024_session,session_wide,parallel_candidate_runtime,14,1,1028,3080,2048,2048,32,326871776,3164750,142516689,534588375,1073974889,1007141590,2081116479,1007141590,0,0,32,2048,2048,0,0,0,0,0,0,0,0,0,0,0,0,0,0,0,0,0,0,0,0,0,0,390283264,0,0,0
sample,ring_1024_session,session_wide,parallel_candidate_runtime,14,2,1028,3080,2048,4096,32,586651501,3164750,290442970,1065828383,2145257180,1946087604,4091344784,1007141590,938946014,938946014,32,4096,4096,0,0,0,0,0,0,0,0,0,0,0,0,0,0,0,0,0,0,0,0,0,0,390283264,0,0,0
sample,ring_1024_session,session_wide,parallel_candidate_runtime,14,3,1028,3080,2048,6144,32,832927542,3164750,435534188,1599754702,3216129553,2871381182,6087510735,1007141590,925293578,938946014,32,6144,6144,0,0,0,0,0,0,0,0,0,0,0,0,0,0,0,0,0,0,0,0,0,0,390283264,0,0,0
sample,ring_1024_session,session_wide,parallel_candidate_runtime,14,4,1028,3080,2048,8192,32,1065208819,3164750,586056559,2133466964,4291811639,3787897092,8079708731,1007141590,925293578,938946014,32,8192,8192,0,0,0,0,0,0,0,0,0,0,0,0,0,0,0,0,0,0,0,0,1059322,0,390283264,0,0,0
sample,ring_1024_session,session_wide,parallel_candidate_runtime,15,1,1028,3080,2048,2048,32,322384437,3254451,142902121,529765858,1068806479,998306867,2067113346,998306867,0,0,32,2048,2048,0,0,0,0,0,0,0,0,0,0,0,0,0,0,0,0,0,0,0,0,0,0,389758976,0,0,0
sample,ring_1024_session,session_wide,parallel_candidate_runtime,15,2,1028,3080,2048,4096,32,582104730,3254451,291516899,1062761652,2140531824,1939637732,4080169556,998306867,941330865,941330865,32,4096,4096,0,0,0,0,0,0,0,0,0,0,0,0,0,0,0,0,0,0,0,0,0,0,389758976,0,0,0
sample,ring_1024_session,session_wide,parallel_candidate_runtime,15,3,1028,3080,2048,6144,32,822479998,3254451,437178041,1594688806,3222221071,2857601296,6079822367,998306867,917963564,941330865,32,6144,6144,0,0,0,0,0,0,0,0,0,0,0,0,0,0,0,0,0,0,0,0,0,0,389758976,0,0,0
sample,ring_1024_session,session_wide,parallel_candidate_runtime,15,4,1028,3080,2048,8192,32,1059938336,3254451,587257824,2134401584,4319030175,3784852195,8103882370,998306867,927250899,941330865,32,8192,8192,0,0,0,0,0,0,0,0,0,0,0,0,0,0,0,0,0,0,0,0,1158209,0,389758976,0,0,0
sample,ring_1024_session,session_wide,parallel_candidate_runtime,16,1,1028,3080,2048,2048,32,331040635,3164789,147329148,533005640,1069158288,1014540212,2083698500,1014540212,0,0,32,2048,2048,0,0,0,0,0,0,0,0,0,0,0,0,0,0,0,0,0,0,0,0,0,0,389464064,0,0,0
sample,ring_1024_session,session_wide,parallel_candidate_runtime,16,2,1028,3080,2048,4096,32,588757872,3164789,292629125,1065588844,2172024024,1950140630,4122164654,1014540212,935600418,935600418,32,4096,4096,0,0,0,0,0,0,0,0,0,0,0,0,0,0,0,0,0,0,0,0,0,0,389464064,0,0,0
sample,ring_1024_session,session_wide,parallel_candidate_runtime,16,3,1028,3080,2048,6144,32,830781478,3164789,439294616,1599269221,3254316413,2872510104,6126826517,1014540212,922369474,935600418,32,6144,6144,0,0,0,0,0,0,0,0,0,0,0,0,0,0,0,0,0,0,0,0,0,0,389464064,0,0,0
sample,ring_1024_session,session_wide,parallel_candidate_runtime,16,4,1028,3080,2048,8192,32,1064948738,3164789,593471709,2141009816,4339367539,3802595052,8141962591,1014540212,930084948,935600418,32,8192,8192,0,0,0,0,0,0,0,0,0,0,0,0,0,0,0,0,0,0,0,0,1430321,0,389464064,0,0,0
sample,ring_1024_session,session_wide,parallel_candidate_runtime,17,1,1028,3080,2048,2048,32,328332742,3449801,141384172,530116150,1079292880,1003282865,2082575745,1003282865,0,0,32,2048,2048,0,0,0,0,0,0,0,0,0,0,0,0,0,0,0,0,0,0,0,0,0,0,390021120,0,0,0
sample,ring_1024_session,session_wide,parallel_candidate_runtime,17,2,1028,3080,2048,4096,32,581817410,3449801,285874670,1068238980,2148383322,1939380861,4087764183,1003282865,936097996,936097996,32,4096,4096,0,0,0,0,0,0,0,0,0,0,0,0,0,0,0,0,0,0,0,0,0,0,390021120,0,0,0
sample,ring_1024_session,session_wide,parallel_candidate_runtime,17,3,1028,3080,2048,6144,32,821794509,3449801,430314362,1602309798,3227808298,2857868470,6085676768,1003282865,918487609,936097996,32,6144,6144,0,0,0,0,0,0,0,0,0,0,0,0,0,0,0,0,0,0,0,0,0,0,390021120,0,0,0
sample,ring_1024_session,session_wide,parallel_candidate_runtime,17,4,1028,3080,2048,8192,32,1055835667,3449801,575877777,2134736511,4296721684,3769899756,8066621440,1003282865,918487609,936097996,32,8192,8192,0,0,0,0,0,0,0,0,0,0,0,0,0,0,0,0,0,0,0,0,1068488,0,390021120,0,0,0
sample,ring_1024_session,session_wide,parallel_candidate_runtime,18,1,1028,3080,2048,2048,32,330149269,3141156,142678809,549240167,1080719499,1025209401,2105928900,1025209401,0,0,32,2048,2048,0,0,0,0,0,0,0,0,0,0,0,0,0,0,0,0,0,0,0,0,0,0,390545408,0,0,0
sample,ring_1024_session,session_wide,parallel_candidate_runtime,18,2,1028,3080,2048,4096,32,588347603,3141156,289114855,1085167224,2158125967,1965770838,4123896805,1025209401,940561437,940561437,32,4096,4096,0,0,0,0,0,0,0,0,0,0,0,0,0,0,0,0,0,0,0,0,0,0,390545408,0,0,0
sample,ring_1024_session,session_wide,parallel_candidate_runtime,18,3,1028,3080,2048,6144,32,828225076,3141156,435532562,1620975017,3236812947,2887873811,6124686758,1025209401,922102973,940561437,32,6144,6144,0,0,0,0,0,0,0,0,0,0,0,0,0,0,0,0,0,0,0,0,0,0,390545408,0,0,0
sample,ring_1024_session,session_wide,parallel_candidate_runtime,18,4,1028,3080,2048,8192,32,1063491993,3141156,580763028,2156782287,4305477614,3804178464,8109656078,1025209401,922102973,940561437,32,8192,8192,0,0,0,0,0,0,0,0,0,0,0,0,0,0,0,0,0,0,0,0,1081885,0,390545408,0,0,0
sample,ring_1024_session,session_wide,parallel_candidate_runtime,19,1,1028,3080,2048,2048,32,330101179,3017902,142603688,533056719,1077229134,1008779488,2086008622,1008779488,0,0,32,2048,2048,0,0,0,0,0,0,0,0,0,0,0,0,0,0,0,0,0,0,0,0,0,0,389988352,0,0,0
sample,ring_1024_session,session_wide,parallel_candidate_runtime,19,2,1028,3080,2048,4096,32,589039267,3017902,288708778,1067913010,2153048780,1948678957,4101727737,1008779488,939899469,939899469,32,4096,4096,0,0,0,0,0,0,0,0,0,0,0,0,0,0,0,0,0,0,0,0,0,0,389988352,0,0,0
sample,ring_1024_session,session_wide,parallel_candidate_runtime,19,3,1028,3080,2048,6144,32,828595018,3017902,433734639,1602246887,3248137819,2867594446,6115732265,1008779488,918915489,939899469,32,6144,6144,0,0,0,0,0,0,0,0,0,0,0,0,0,0,0,0,0,0,0,0,0,0,389988352,0,0,0
sample,ring_1024_session,session_wide,parallel_candidate_runtime,19,4,1028,3080,2048,8192,32,1066084625,3017902,588829561,2145668872,4325568715,3803600960,8129169675,1008779488,936006514,939899469,32,8192,8192,0,0,0,0,0,0,0,0,0,0,0,0,0,0,0,0,0,0,0,0,1043843,0,389988352,0,0,0
summary,ring_1024_session,session_wide,parallel_candidate_runtime,1,20,997916790,1005977361,1019361000,1025209401,2081733841,1005977361,0,0,2034.2811234172482,391856128,0
summary,ring_1024_session,session_wide,parallel_candidate_runtime,2,20,1932972964,1946051528,1965770838,1972483167,4096441827,1005977361,939899469,950885212,2104.7356714985785,391856128,0
summary,ring_1024_session,session_wide,parallel_candidate_runtime,3,20,2848669886,2869383966,2902778835,2910092853,6095005531,1005977361,922369474,953122167,2139.753931731766,391856128,0
summary,ring_1024_session,session_wide,parallel_candidate_runtime,4,20,3768475560,3788467598,3820900925,3827903763,8108437410,1005977361,926027177,953122167,2161.0720915721713,391856128,0
sample,ring_1024_session,session_wide,gpu_inline_certified,0,1,1028,3080,2048,2048,0,285014709,19978,486955566,1070910940,0,1842901193,1842901193,1842901193,0,0,0,2048,2048,1,1,1,0,1,1,1,193932738,3610745,68916865,19655873,3216,17188208,63575882,17145471,63517726,2676793,182376,181355,10929523,0,106101992,727855104,469762048,0,0
sample,ring_1024_session,session_wide,gpu_inline_certified,0,2,1028,3080,2048,4096,0,544548034,19978,689091852,2141255885,0,3374915749,3374915749,1842901193,1532014556,1532014556,0,4096,4096,1,1,2,1,1,2,2,193932738,3610745,93057855,29312560,3216,17188208,112754073,17145471,112659294,5077141,333073,274121,22161661,0,211386461,727855104,469762048,0,0
sample,ring_1024_session,session_wide,gpu_inline_certified,0,3,1028,3080,2048,6144,0,785273335,19978,884846501,3211501962,0,4881641776,4881641776,1842901193,1506726027,1532014556,0,6144,6144,1,1,3,2,1,3,3,193932738,3610745,117188816,39016456,3216,17188208,161939678,17145471,161801213,7580535,496904,363921,27169481,0,316355803,727855104,469762048,0,0
sample,ring_1024_session,session_wide,gpu_inline_certified,0,4,1028,3080,2048,8192,0,1011351753,19978,1078689219,4286198233,0,6376259183,6376259183,1842901193,1506726027,1532014556,0,8192,8192,1,1,4,3,1,4,4,193932738,3610745,141344464,48676189,3216,17188208,211076962,17145471,210888444,10040767,645686,443292,29696850,4850771,422030102,727855104,469762048,0,0
sample,ring_1024_session,session_wide,gpu_inline_certified,1,1,1028,3080,2048,2048,0,284017247,20739,511722700,1077397445,0,1873158131,1873158131,1873158131,0,0,0,2048,2048,1,1,1,0,1,1,1,189796334,3664479,69054601,20687796,2695,21713462,74088342,21672832,74026849,2435435,154513,148363,24134881,0,105841799,727736320,469762048,0,0
sample,ring_1024_session,session_wide,gpu_inline_certified,1,2,1028,3080,2048,4096,0,559296300,20739,717638023,2154486045,0,3431441107,3431441107,1873158131,1558282976,1558282976,0,4096,4096,1,1,2,1,1,2,2,189796334,3664479,94103227,30717311,2695,21713462,123304251,21672832,123196352,4928619,298927,241470,37547279,0,211319969,727736320,469762048,0,0
sample,ring_1024_session,session_wide,gpu_inline_certified,1,3,1028,3080,2048,6144,0,805227692,20739,917346240,3229845722,0,4952440393,4952440393,1873158131,1520999286,1558282976,0,6144,6144,1,1,3,2,1,3,3,189796334,3664479,118947935,40270052,2695,21713462,172484462,21672832,172334752,7370256,439804,329206,44168733,0,318158822,727736320,469762048,0,0
sample,ring_1024_session,session_wide,gpu_inline_certified,1,4,1028,3080,2048,8192,0,1032734056,20739,1111714557,4310666949,0,6455136301,6455136301,1873158131,1520999286,1558282976,0,8192,8192,1,1,4,3,1,4,4,189796334,3664479,143134103,49945536,2695,21713462,221663450,21672832,221454752,9798197,586411,415579,46817433,5024150,424176878,727736320,469762048,0,0
sample,ring_1024_session,session_wide,gpu_inline_certified,2,1,1028,3080,2048,2048,0,280706047,20308,490838473,1068284514,0,1839849342,1839849342,1839849342,0,0,0,2048,2048,1,1,1,0,1,1,1,195977893,3486391,71021767,19964691,2996,17220582,63545824,17181055,63486625,2505698,156497,154033,11333252,0,105468849,727474176,469762048,0,0
sample,ring_1024_session,session_wide,gpu_inline_certified,2,2,1028,3080,2048,4096,0,546260926,20308,693996170,2136587543,0,3376864947,3376864947,1839849342,1537015605,1537015605,0,4096,4096,1,1,2,1,1,2,2,195977893,3486391,95557249,29565082,2996,17220582,112751006,17181055,112629855,5059788,327532,241539,22386432,0,211419680,727474176,469762048,0,0
sample,ring_1024_session,session_wide,gpu_inline_certified,2,3,1028,3080,2048,6144,0,787091935,20308,890120850,3212219969,0,4889453062,4889453062,1839849342,1512588115,1537015605,0,6144,6144,1,1,3,2,1,3,3,195977893,3486391,119802240,39291714,2996,17220582,161922763,17181055,161751743,7566929,467137,339875,27483362,0,316558968,727474176,469762048,0,0
sample,ring_1024_session,session_wide,gpu_inline_certified,2,4,1028,3080,2048,8192,0,1014254488,20308,1083788465,4288113063,0,6386176324,6386176324,1839849342,1512588115,1537015605,0,8192,8192,1,1,4,3,1,4,4,195977893,3486391,144036010,49052931,2996,17220582,211086095,17181055,210853661,10054313,601483,421580,29963702,4888013,421884489,727474176,469762048,0,0
sample,ring_1024_session,session_wide,gpu_inline_certified,3,1,1028,3080,2048,2048,0,285118132,11863,485764756,1076124822,0,1847019573,1847019573,1847019573,0,0,0,2048,2048,1,1,1,0,1,1,1,192179186,3635314,69926390,19697837,2585,17168022,63316027,17126783,63266208,2435876,162599,151759,11062698,0,106026463,727482368,469762048,0,0
sample,ring_1024_session,session_wide,gpu_inline_certified,3,2,1028,3080,2048,4096,0,547229150,11863,688400544,2148641552,0,3384283109,3384283109,1847019573,1537263536,1537263536,0,4096,4096,1,1,2,1,1,2,2,192179186,3635314,94444128,29612674,2585,17168022,112677353,17126783,112560928,4962153,315990,231510,22422800,0,210748829,727482368,469762048,0,0
sample,ring_1024_session,session_wide,gpu_inline_certified,3,3,1028,3080,2048,6144,0,787357306,11863,884145872,3220310111,0,4891825152,4891825152,1847019573,1507542043,1537263536,0,6144,6144,1,1,3,2,1,3,3,192179186,3635314,118660093,39321450,2585,17168022,161876119,17126783,161710879,7468843,455284,305440,27614839,0,315458697,727482368,469762048,0,0
sample,ring_1024_session,session_wide,gpu_inline_certified,3,4,1028,3080,2048,8192,0,1014036675,11863,1077619786,4294837369,0,6386505693,6386505693,1847019573,1507542043,1537263536,0,8192,8192,1,1,4,3,1,4,4,192179186,3635314,143177019,49214286,2585,17168022,211088290,17126783,210873789,10014987,605920,386484,30142589,4927757,420005104,727482368,469762048,0,0
sample,ring_1024_session,session_wide,gpu_inline_certified,4,1,1028,3080,2048,2048,0,283084938,12915,499903464,1075679676,0,1858680993,1858680993,1858680993,0,0,0,2048,2048,1,1,1,0,1,1,1,204959204,3618851,71360570,20145074,3426,17144036,63317064,17102752,63263455,2494476,175723,154715,11070472,0,105459853,727511040,469762048,0,0
sample,ring_1024_session,session_wide,gpu_inline_certified,4,2,1028,3080,2048,4096,0,544260694,12915,702592797,2168806875,0,3415673281,3415673281,1858680993,1556992288,1556992288,0,4096,4096,1,1,2,1,1,2,2,204959204,3618851,95841468,30257766,3426,17144036,112515830,17102752,112423133,4995906,348962,253451,22334421,0,210319476,727511040,469762048,0,0
sample,ring_1024_session,session_wide,gpu_inline_certified,4,3,1028,3080,2048,6144,0,786039836,12915,898322314,3244279168,0,4928654233,4928654233,1858680993,1512980952,1556992288,0,6144,6144,1,1,3,2,1,3,3,204959204,3618851,120021664,39891421,3426,17144036,161692213,17102752,161554301,7456929,470062,328494,27331089,0,315404925,727511040,469762048,0,0
sample,ring_1024_session,session_wide,gpu_inline_certified,4,4,1028,3080,2048,8192,0,1011547202,12915,1092286671,4317894966,0,6421741754,6421741754,1858680993,1512980952,1556992288,0,8192,8192,1,1,4,3,1,4,4,204959204,3618851,144299015,49756955,3426,17144036,210869563,17102752,210665788,10027315,624155,418033,29926828,5017277,420639290,727511040,469762048,0,0
sample,ring_1024_session,session_wide,gpu_inline_certified,5,1,1028,3080,2048,2048,0,281716957,12945,490295443,1087064485,0,1859089830,1859089830,1859089830,0,0,0,2048,2048,1,1,1,0,1,1,1,194800603,3708914,70375700,20458159,4038,17538897,63658022,17490911,63603391,2533521,181825,165214,11708413,0,105162137,727736320,469762048,0,0
sample,ring_1024_session,session_wide,gpu_inline_certified,5,2,1028,3080,2048,4096,0,545230484,12945,692660794,2164023619,0,3401927842,3401927842,1859089830,1542838012,1542838012,0,4096,4096,1,1,2,1,1,2,2,194800603,3708914,94530969,29988256,4038,17538897,112886455,17490911,112792510,5049058,314136,251378,23071190,0,210516900,727736320,469762048,0,0
sample,ring_1024_session,session_wide,gpu_inline_certified,5,3,1028,3080,2048,6144,0,786997016,12945,892510617,3247396474,0,4926917052,4926917052,1859089830,1524989210,1542838012,0,6144,6144,1,1,3,2,1,3,3,194800603,3708914,119348967,40050553,4038,17538897,162177527,17490911,162036989,7611394,455374,337951,28378990,0,318097409,727736320,469762048,0,0
sample,ring_1024_session,session_wide,gpu_inline_certified,5,4,1028,3080,2048,8192,0,1013157142,12945,1087797366,4339203753,0,6440171206,6440171206,1859089830,1524989210,1542838012,0,8192,8192,1,1,4,3,1,4,4,194800603,3708914,143516780,49668968,4038,17538897,211448590,17490911,211251036,10075373,603014,418314,30927980,4900254,425085895,727736320,469762048,0,0
sample,ring_1024_session,session_wide,gpu_inline_certified,6,1,1028,3080,2048,2048,0,281549487,20108,490340357,1068891281,0,1840801233,1840801233,1840801233,0,0,0,2048,2048,1,1,1,0,1,1,1,194936573,3576069,71619752,19560716,2505,17135669,63522173,17096128,63462878,2513393,174652,158091,11272746,0,105868018,727736320,469762048,0,0
sample,ring_1024_session,session_wide,gpu_inline_certified,6,2,1028,3080,2048,4096,0,541896340,20108,692131105,2138758225,0,3372805778,3372805778,1840801233,1532004545,1532004545,0,4096,4096,1,1,2,1,1,2,2,194936573,3576069,95838782,29189921,2505,17135669,112673720,17096128,112562910,4991970,298957,252881,22407950,0,210826108,727736320,469762048,0,0
sample,ring_1024_session,session_wide,gpu_inline_certified,6,3,1028,3080,2048,6144,0,782345578,20108,888999949,3210868949,0,4882234584,4882234584,1840801233,1509428806,1532004545,0,6144,6144,1,1,3,2,1,3,3,194936573,3576069,120115142,38780293,2505,17135669,161900538,17096128,161744765,7497708,427772,336159,27530358,0,316761163,727736320,469762048,0,0
sample,ring_1024_session,session_wide,gpu_inline_certified,6,4,1028,3080,2048,8192,0,1009551108,20108,1083439017,4284297286,0,6377307519,6377307519,1840801233,1509428806,1532004545,0,8192,8192,1,1,4,3,1,4,4,194936573,3576069,144388325,48537321,2505,17135669,211105996,17096128,210902363,9994379,567648,426210,30067105,5123698,422701217,727736320,469762048,0,0
sample,ring_1024_session,session_wide,gpu_inline_certified,7,1,1028,3080,2048,2048,0,283293708,13315,491995857,1075428255,0,1850731135,1850731135,1850731135,0,0,0,2048,2048,1,1,1,0,1,1,1,194396253,3860581,73197247,19882636,2334,17168191,62912166,17128000,62854144,2491561,151858,132162,11262297,0,106538571,727437312,469762048,0,0
sample,ring_1024_session,session_wide,gpu_inline_certified,7,2,1028,3080,2048,4096,0,545793278,13315,696696470,2156263246,0,3398766309,3398766309,1850731135,1548035174,1548035174,0,4096,4096,1,1,2,1,1,2,2,194396253,3860581,98104034,29561725,2334,17168191,112083841,17128000,111980671,4940532,291433,235528,23079708,0,212972310,727437312,469762048,0,0
sample,ring_1024_session,session_wide,gpu_inline_certified,7,3,1028,3080,2048,6144,0,791670564,13315,892393605,3234124012,0,4918201496,4918201496,1850731135,1519435187,1548035174,0,6144,6144,1,1,3,2,1,3,3,194396253,3860581,122331681,39194868,2334,17168191,161233041,17128000,161073758,7414620,460683,304910,28101244,0,317925199,727437312,469762048,0,0
sample,ring_1024_session,session_wide,gpu_inline_certified,7,4,1028,3080,2048,8192,0,1017274380,13315,1086262960,4316774072,0,6420324727,6420324727,1850731135,1519435187,1548035174,0,8192,8192,1,1,4,3,1,4,4,194396253,3860581,146755781,49109966,2334,17168191,210435473,17128000,210211902,9992876,614155,373380,30720287,4424471,422833683,727437312,469762048,0,0
sample,ring_1024_session,session_wide,gpu_inline_certified,8,1,1028,3080,2048,2048,0,284658037,13837,490307763,1093526211,0,1868505848,1868505848,1868505848,0,0,0,2048,2048,1,1,1,0,1,1,1,196241550,3618792,70314492,19827201,2524,17180736,63229278,17142431,63158209,2442528,172587,147630,11624895,0,105505550,727736320,469762048,0,0
sample,ring_1024_session,session_wide,gpu_inline_certified,8,2,1028,3080,2048,4096,0,550533754,13837,696568357,2175657306,0,3422773254,3422773254,1868505848,1554267406,1554267406,0,4096,4096,1,1,2,1,1,2,2,196241550,3618792,95664680,29779279,2524,17180736,112475332,17142431,112358432,5063455,344603,239945,23322679,0,212634782,727736320,469762048,0,0
sample,ring_1024_session,session_wide,gpu_inline_certified,8,3,1028,3080,2048,6144,0,792808446,13837,896088632,3262847539,0,4951758454,4951758454,1868505848,1528985200,1554267406,0,6144,6144,1,1,3,2,1,3,3,196241550,3618792,120735878,40056736,2524,17180736,161635322,17142431,161462174,7488731,489769,318615,28566767,0,319753212,727736320,469762048,0,0
sample,ring_1024_session,session_wide,gpu_inline_certified,8,4,1028,3080,2048,8192,0,1019364969,13837,1090013540,4356404554,0,6465796900,6465796900,1868505848,1528985200,1554267406,0,8192,8192,1,1,4,3,1,4,4,196241550,3618792,144856651,49700620,2524,17180736,210889843,17142431,210673021,9929867,631719,408845,31113463,5151081,425438930,727736320,469762048,0,0
sample,ring_1024_session,session_wide,gpu_inline_certified,9,1,1028,3080,2048,2048,0,284508840,19817,487026913,1090154471,0,1861710041,1861710041,1861710041,0,0,0,2048,2048,1,1,1,0,1,1,1,193221324,3678896,69615906,20104236,2855,17120661,63773162,17075359,63720223,2473908,216982,167708,10857218,0,105794057,727736320,469762048,0,0
sample,ring_1024_session,session_wide,gpu_inline_certified,9,2,1028,3080,2048,4096,0,547187537,19817,689700124,2159631019,0,3396538497,3396538497,1861710041,1534828456,1534828456,0,4096,4096,1,1,2,1,1,2,2,193221324,3678896,94044063,29904967,2855,17120661,112991634,17075359,112877757,4949439,355354,254273,22341666,0,210834992,727736320,469762048,0,0
sample,ring_1024_session,session_wide,gpu_inline_certified,9,3,1028,3080,2048,6144,0,787848066,19817,886623449,3232775690,0,4907267022,4907267022,1861710041,1510728525,1534828456,0,6144,6144,1,1,3,2,1,3,3,193221324,3678896,118189784,39665412,2855,17120661,162174079,17075359,162023420,7368443,499859,350907,27579623,0,316771606,727736320,469762048,0,0
sample,ring_1024_session,session_wide,gpu_inline_certified,9,4,1028,3080,2048,8192,0,1013263865,19817,1080414576,4307535969,0,6401234227,6401234227,1861710041,1510728525,1534828456,0,8192,8192,1,1,4,3,1,4,4,193221324,3678896,142396551,49346004,2855,17120661,211363587,17075359,211170779,9912373,633494,433304,30195610,4897951,422109917,727736320,469762048,0,0
sample,ring_1024_session,session_wide,gpu_inline_certified,10,1,1028,3080,2048,2048,0,283515597,18044,489222304,1086428889,0,1859184834,1859184834,1859184834,0,0,0,2048,2048,1,1,1,0,1,1,1,195765928,3609844,69525744,19367500,2405,17413958,63394512,17376352,63342465,2440484,190232,179942,11108755,0,106223000,727736320,469762048,0,0
sample,ring_1024_session,session_wide,gpu_inline_certified,10,2,1028,3080,2048,4096,0,548503281,18044,698590994,2175485556,0,3422597875,3422597875,1859184834,1563413041,1563413041,0,4096,4096,1,1,2,1,1,2,2,195765928,3609844,94086343,29638584,2405,17413958,112731521,17376352,112602176,4999043,369612,259333,27387499,0,212326924,727736320,469762048,0,0
sample,ring_1024_session,session_wide,gpu_inline_certified,10,3,1028,3080,2048,6144,0,795893588,18044,897719886,3271584669,0,4965216187,4965216187,1859184834,1542618312,1563413041,0,6144,6144,1,1,3,2,1,3,3,195765928,3609844,118570558,39823294,2405,17413958,161966655,17376352,161783615,7499120,509057,351047,33160371,0,319047649,727736320,469762048,0,0
sample,ring_1024_session,session_wide,gpu_inline_certified,10,4,1028,3080,2048,8192,0,1025136639,18044,1094333764,4366718331,0,6486206778,6486206778,1859184834,1542618312,1563413041,0,8192,8192,1,1,4,3,1,4,4,195765928,3609844,143398906,50114697,2405,17413958,211203283,17376352,210954558,10157739,658401,423774,35938967,5157583,425645862,727736320,469762048,0,0
sample,ring_1024_session,session_wide,gpu_inline_certified,11,1,1028,3080,2048,2048,0,287300708,19917,488904355,1068577230,0,1844802210,1844802210,1844802210,0,0,0,2048,2048,1,1,1,0,1,1,1,193678275,3612931,70596279,19368599,2484,17166220,63201576,17125696,63148062,2530626,149643,144755,11380031,0,107072936,727736320,469762048,0,0
sample,ring_1024_session,session_wide,gpu_inline_certified,11,2,1028,3080,2048,4096,0,571142559,19917,696091403,2137837818,0,3405091697,3405091697,1844802210,1560289487,1560289487,0,4096,4096,1,1,2,1,1,2,2,193678275,3612931,95049625,29070703,2484,17166220,112433936,17125696,112336413,4999183,269040,237080,27551750,0,212020176,727736320,469762048,0,0
sample,ring_1024_session,session_wide,gpu_inline_certified,11,3,1028,3080,2048,6144,0,821472682,19917,893552481,3209305468,0,4924350548,4924350548,1844802210,1519258851,1560289487,0,6144,6144,1,1,3,2,1,3,3,193678275,3612931,119287963,38765583,2484,17166220,161650044,17125696,161506492,7447021,393736,327110,33990327,0,317230787,727736320,469762048,0,0
sample,ring_1024_session,session_wide,gpu_inline_certified,11,4,1028,3080,2048,8192,0,1048232707,19917,1088146364,4281538490,0,6417937478,6417937478,1844802210,1519258851,1560289487,0,8192,8192,1,1,4,3,1,4,4,193678275,3612931,143477218,48570982,2484,17166220,210833782,17125696,210644859,9972427,549462,409917,36482980,5004925,423389686,727736320,469762048,0,0
sample,ring_1024_session,session_wide,gpu_inline_certified,12,1,1028,3080,2048,2048,0,321519145,13195,494152768,1071483918,0,1887169026,1887169026,1887169026,0,0,0,2048,2048,1,1,1,0,1,1,1,197776857,3609083,72614813,19880280,2515,17077730,63456760,17037088,63403745,2543581,163140,149934,11490340,0,105387735,727736320,469762048,0,0
sample,ring_1024_session,session_wide,gpu_inline_certified,12,2,1028,3080,2048,4096,0,586493678,13195,696004193,2150014947,0,3432526013,3432526013,1887169026,1545356987,1545356987,0,4096,4096,1,1,2,1,1,2,2,197776857,3609083,97008005,29655673,2515,17077730,112722232,17037088,112610304,4996068,295232,234815,22696901,0,209929082,727736320,469762048,0,0
sample,ring_1024_session,session_wide,gpu_inline_certified,12,3,1028,3080,2048,6144,0,829646792,13195,896060398,3231434170,0,4957154555,4957154555,1887169026,1524628542,1545356987,0,6144,6144,1,1,3,2,1,3,3,197776857,3609083,121763394,39747767,2515,17077730,161920606,17037088,161736288,7599402,442531,317723,28081265,0,317721525,727736320,469762048,0,0
sample,ring_1024_session,session_wide,gpu_inline_certified,12,4,1028,3080,2048,8192,0,1054918691,13195,1089373819,4322731211,0,6467036916,6467036916,1887169026,1524628542,1545356987,0,8192,8192,1,1,4,3,1,4,4,197776857,3609083,146019295,49469157,2515,17077730,211142235,17037088,210911615,10068090,568130,417352,30703695,5081380,422519680,727736320,469762048,0,0
sample,ring_1024_session,session_wide,gpu_inline_certified,13,1,1028,3080,2048,2048,0,285796053,12985,486538930,1075068422,0,1847416390,1847416390,1847416390,0,0,0,2048,2048,1,1,1,0,1,1,1,191134304,3625265,71167703,19852248,2534,17192517,63853684,17138912,63773761,2548950,175773,139825,11107111,0,105739016,727093248,469762048,0,0
sample,ring_1024_session,session_wide,gpu_inline_certified,13,2,1028,3080,2048,4096,0,548145768,12985,690791473,2161089902,0,3400040128,3400040128,1847416390,1552623738,1552623738,0,4096,4096,1,1,2,1,1,2,2,191134304,3625265,95778117,29517823,2534,17192517,113095569,17138912,112972961,5011315,311561,216622,22268797,0,212637049,727093248,469762048,0,0
sample,ring_1024_session,session_wide,gpu_inline_certified,13,3,1028,3080,2048,6144,0,788920885,12985,888649594,3241425324,0,4919008788,4919008788,1847416390,1518968660,1552623738,0,6144,6144,1,1,3,2,1,3,3,191134304,3625265,120428235,39837369,2534,17192517,162324844,17138912,162158815,7622243,506110,318326,28346598,0,317311249,727093248,469762048,0,0
sample,ring_1024_session,session_wide,gpu_inline_certified,13,4,1028,3080,2048,8192,0,1015556592,12985,1082757253,4318814293,0,6417141123,6417141123,1847416390,1518968660,1552623738,0,8192,8192,1,1,4,3,1,4,4,191134304,3625265,144943198,49730866,2534,17192517,211603320,17138912,211389086,10086783,665413,397456,30861204,4943768,422514393,727093248,469762048,0,0
sample,ring_1024_session,session_wide,gpu_inline_certified,14,1,1028,3080,2048,2048,0,281707265,12514,504334119,1075286676,0,1861340574,1861340574,1861340574,0,0,0,2048,2048,1,1,1,0,1,1,1,207499008,3573275,74007556,19679338,3557,17322256,63561400,17275968,63505021,2496731,154123,144945,11143491,0,104748439,727736320,469762048,0,0
sample,ring_1024_session,session_wide,gpu_inline_certified,14,2,1028,3080,2048,4096,0,543315013,12514,705612635,2147295952,0,3396236114,3396236114,1861340574,1534895540,1534895540,0,4096,4096,1,1,2,1,1,2,2,207499008,3573275,98277453,29265631,3557,17322256,112745528,17275968,112646557,4932836,275153,223273,22389697,0,209104968,727736320,469762048,0,0
sample,ring_1024_session,session_wide,gpu_inline_certified,14,3,1028,3080,2048,6144,0,788337907,12514,904227974,3231713939,0,4924292334,4924292334,1861340574,1528056220,1534895540,0,6144,6144,1,1,3,2,1,3,3,207499008,3573275,122875754,39200616,3557,17322256,161910900,17275968,161754365,7424848,444194,351367,27752550,0,315869649,727736320,469762048,0,0
sample,ring_1024_session,session_wide,gpu_inline_certified,14,4,1028,3080,2048,8192,0,1017660128,12514,1100762261,4308765873,0,6427200776,6427200776,1861340574,1528056220,1534895540,0,8192,8192,1,1,4,3,1,4,4,207499008,3573275,147534750,49202659,3557,17322256,211107251,17275968,210910876,10021980,593988,442540,30218182,5162183,423242815,727736320,469762048,0,0
sample,ring_1024_session,session_wide,gpu_inline_certified,15,1,1028,3080,2048,2048,0,283898157,19937,488889385,1082966034,0,1855773513,1855773513,1855773513,0,0,0,2048,2048,1,1,1,0,1,1,1,193362913,3579437,71328902,19486905,2525,16877800,64211234,16837343,64157821,2542488,173468,173139,11243932,0,105906642,727736320,469762048,0,0
sample,ring_1024_session,session_wide,gpu_inline_certified,15,2,1028,3080,2048,4096,0,543252948,19937,691461008,2160990713,0,3395724606,3395724606,1855773513,1539951093,1539951093,0,4096,4096,1,1,2,1,1,2,2,193362913,3579437,96158243,29190330,2525,16877800,113518605,16837343,113420347,5060440,339523,251918,22373597,0,210745677,727736320,469762048,0,0
sample,ring_1024_session,session_wide,gpu_inline_certified,15,3,1028,3080,2048,6144,0,784392078,19937,887778464,3244740470,0,4916930949,4916930949,1855773513,1521206343,1539951093,0,6144,6144,1,1,3,2,1,3,3,193362913,3579437,120368075,38920578,2525,16877800,162983095,16837343,162840249,7493199,475912,333583,27480425,0,315900922,727736320,469762048,0,0
sample,ring_1024_session,session_wide,gpu_inline_certified,15,4,1028,3080,2048,8192,0,1014448273,19937,1083706141,4336091132,0,6434265483,6434265483,1855773513,1521206343,1539951093,0,8192,8192,1,1,4,3,1,4,4,193362913,3579437,144947139,48808114,2525,16877800,212289737,16837343,212099385,9996853,600438,488437,30002385,5037616,422750363,727736320,469762048,0,0
sample,ring_1024_session,session_wide,gpu_inline_certified,16,1,1028,3080,2048,2048,0,282479445,19928,493131893,1075621736,0,1851253002,1851253002,1851253002,0,0,0,2048,2048,1,1,1,0,1,1,1,196723119,3860811,72451421,19150946,2475,17139096,64171428,17095104,64103230,2588215,176586,155465,11176082,0,105536249,727736320,469762048,0,0
sample,ring_1024_session,session_wide,gpu_inline_certified,16,2,1028,3080,2048,4096,0,544040417,19928,696498869,2149361166,0,3389920380,3389920380,1851253002,1538667378,1538667378,0,4096,4096,1,1,2,1,1,2,2,196723119,3860811,97700468,28889580,2475,17139096,113440769,17095104,113332189,5077332,340206,248081,22472564,0,210604368,727736320,469762048,0,0
sample,ring_1024_session,session_wide,gpu_inline_certified,16,3,1028,3080,2048,6144,0,785313934,19928,892462425,3228669531,0,4906465818,4906465818,1851253002,1516545438,1538667378,0,6144,6144,1,1,3,2,1,3,3,196723119,3860811,122138554,38435818,2475,17139096,162708327,17095104,162553179,7540850,493026,325989,27538955,0,315555405,727736320,469762048,0,0
sample,ring_1024_session,session_wide,gpu_inline_certified,16,4,1028,3080,2048,8192,0,1011747971,19928,1085894343,4304414482,0,6402076724,6402076724,1851253002,1516545438,1538667378,0,8192,8192,1,1,4,3,1,4,4,196723119,3860811,146402349,48042921,2475,17139096,212021591,17095104,211820953,10101503,668238,404278,30066945,4950161,420461017,727736320,469762048,0,0
sample,ring_1024_session,session_wide,gpu_inline_certified,17,1,1028,3080,2048,2048,0,282306521,19677,493965269,1073584871,0,1849876338,1849876338,1849876338,0,0,0,2048,2048,1,1,1,0,1,1,1,196160826,3577253,73001366,19622231,2695,17259695,64186668,17219167,64133917,2506880,150254,150205,11220878,0,106126318,727736320,469762048,0,0
sample,ring_1024_session,session_wide,gpu_inline_certified,17,2,1028,3080,2048,4096,0,545225916,19677,696206711,2162042422,0,3403494726,3403494726,1849876338,1553618388,1553618388,0,4096,4096,1,1,2,1,1,2,2,196160826,3577253,97262205,29289669,2695,17259695,113503988,17219167,113385724,4981489,297874,227361,22764238,0,210879418,727736320,469762048,0,0
sample,ring_1024_session,session_wide,gpu_inline_certified,17,3,1028,3080,2048,6144,0,787877916,19677,893560792,3238130118,0,4919588503,4919588503,1849876338,1516093777,1553618388,0,6144,6144,1,1,3,2,1,3,3,196160826,3577253,121953682,39310338,2695,17259695,162804406,17219167,162639675,7429638,470883,313976,27820329,0,316457071,727736320,469762048,0,0
sample,ring_1024_session,session_wide,gpu_inline_certified,17,4,1028,3080,2048,8192,0,1014649179,19677,1089785628,4312397057,0,6416851541,6416851541,1849876338,1516093777,1553618388,0,8192,8192,1,1,4,3,1,4,4,196160826,3577253,146683453,49023141,2695,17259695,212070129,17219167,211864922,9898005,614615,393207,30402131,5253334,423700478,727736320,469762048,0,0
sample,ring_1024_session,session_wide,gpu_inline_certified,18,1,1028,3080,2048,2048,0,282612913,13245,493465609,1071645736,0,1847737503,1847737503,1847737503,0,0,0,2048,2048,1,1,1,0,1,1,1,197345377,3450723,72152993,19582506,3197,17296796,63646641,17253856,63592029,2498244,162810,157138,11385571,0,105783613,727736320,469762048,0,0
sample,ring_1024_session,session_wide,gpu_inline_certified,18,2,1028,3080,2048,4096,0,545325877,13245,696588496,2141135227,0,3383062845,3383062845,1847737503,1535325342,1535325342,0,4096,4096,1,1,2,1,1,2,2,197345377,3450723,96414955,29410278,3197,17296796,112952710,17253856,112856987,4992451,279512,245626,22661092,0,211535779,727736320,469762048,0,0
sample,ring_1024_session,session_wide,gpu_inline_certified,18,3,1028,3080,2048,6144,0,786225359,13245,892495693,3210589961,0,4889324258,4889324258,1847737503,1506261413,1535325342,0,6144,6144,1,1,3,2,1,3,3,197345377,3450723,120540178,39005277,3197,17296796,162379319,17253856,162243674,7440089,395182,332221,27659914,0,316647420,727736320,469762048,0,0
sample,ring_1024_session,session_wide,gpu_inline_certified,18,4,1028,3080,2048,8192,0,1011869893,13245,1086839409,4281476957,0,6380199504,6380199504,1847737503,1506261413,1535325342,0,8192,8192,1,1,4,3,1,4,4,197345377,3450723,145065620,48665992,3197,17296796,211668115,17253856,211488889,9886064,522694,413866,30475290,4788222,422045675,727736320,469762048,0,0
sample,ring_1024_session,session_wide,gpu_inline_certified,19,1,1028,3080,2048,2048,0,284669309,12143,491385740,1080837471,0,1856904663,1856904663,1856904663,0,0,0,2048,2048,1,1,1,0,1,1,1,196234016,3626136,71143928,19790021,3086,17551519,63755938,17507839,63699231,2485609,165695,142539,11508024,0,104979229,727736320,469762048,0,0
sample,ring_1024_session,session_wide,gpu_inline_certified,19,2,1028,3080,2048,4096,0,546016078,12143,693653023,2157129645,0,3396810889,3396810889,1856904663,1539906226,1539906226,0,4096,4096,1,1,2,1,1,2,2,196234016,3626136,95623313,29316301,3086,17551519,112995672,17507839,112896093,4912818,314518,232159,22776643,0,210066842,727736320,469762048,0,0
sample,ring_1024_session,session_wide,gpu_inline_certified,19,3,1028,3080,2048,6144,0,787266747,12143,889991435,3238787430,0,4916057755,4916057755,1856904663,1519246866,1539906226,0,6144,6144,1,1,3,2,1,3,3,196234016,3626136,119855016,38967989,3086,17551519,162268086,17507839,162123868,7418236,453422,317811,28014249,0,315281869,727736320,469762048,0,0
sample,ring_1024_session,session_wide,gpu_inline_certified,19,4,1028,3080,2048,8192,0,1014393618,12143,1086871349,4315992867,0,6417269977,6417269977,1856904663,1519246866,1539906226,0,8192,8192,1,1,4,3,1,4,4,196234016,3626136,144422297,48961827,3086,17551519,211498364,17507839,211308762,9893987,608236,401651,30632290,4987371,423037940,727736320,469762048,0,0
summary,ring_1024_session,session_wide,gpu_inline_certified,1,20,1839849342,1851253002,1873158131,1887169026,1851253002,1851253002,0,0,1103.5829456846009,727855104,469762048
summary,ring_1024_session,session_wide,gpu_inline_certified,2,20,3372805778,3396810889,3431441107,3432526013,3396810889,1851253002,1539951093,1560289487,1205.1431689062326,727855104,469762048
summary,ring_1024_session,session_wide,gpu_inline_certified,3,20,4881641776,4918201496,4957154555,4965216187,4918201496,1851253002,1518968660,1560289487,1249.0321251282139,727855104,469762048
summary,ring_1024_session,session_wide,gpu_inline_certified,4,20,6376259183,6417269977,6467036916,6486206778,6417269977,1851253002,1518968660,1560289487,1276.4225310828122,727855104,469762048
sample,ring_1024_session,session_wide,gpu_candidate_runtime,0,1,1028,3080,2048,2048,0,283499043,10881,499333945,532386751,1076265112,1315230620,2391495732,1315230620,0,0,0,2048,2048,1,1,1,0,1,1,1,202883420,3595929,71997498,19421580,2505,17177079,63446940,17135616,63381311,2512481,180272,145375,11790879,0,106179987,727748608,469762048,0,0
sample,ring_1024_session,session_wide,gpu_candidate_runtime,0,2,1028,3080,2048,4096,0,518993031,10881,702792499,1069114833,2158802509,2290911244,4449713753,1315230620,975680624,975680624,0,4096,4096,1,1,2,1,1,2,2,202883420,3595929,96257596,29086131,2505,17177079,112729426,17135616,112613085,4989404,308024,236016,23237996,0,212288973,727748608,469762048,0,0
sample,ring_1024_session,session_wide,gpu_candidate_runtime,0,3,1028,3080,2048,6144,0,779805617,10881,905325606,1599251938,3264534000,3284394042,6548928042,1315230620,975680624,993482798,0,6144,6144,1,1,3,2,1,3,3,202883420,3595929,120456227,38844321,2505,17177079,161940294,17135616,161784093,7485524,434143,317010,34570496,0,317618658,727748608,469762048,0,0
sample,ring_1024_session,session_wide,gpu_candidate_runtime,0,4,1028,3080,2048,8192,0,1006495507,10881,1101403245,2132702254,4338974722,4240611887,8579586609,1315230620,975680624,993482798,0,8192,8192,1,1,4,3,1,4,4,202883420,3595929,145166641,48726386,2505,17177079,211239631,17135616,211039324,10131890,582123,407432,37159873,5164448,424330336,727748608,469762048,0,0
sample,ring_1024_session,session_wide,gpu_candidate_runtime,1,1,1028,3080,2048,2048,0,285695538,17543,497233123,530251733,1070036760,1313197937,2383234697,1313197937,0,0,0,2048,2048,1,1,1,0,1,1,1,201626275,3529583,71278774,19818183,2435,17127204,63675244,17088575,63617600,2496801,181965,146598,11114226,0,106235835,727310336,469762048,0,0
sample,ring_1024_session,session_wide,gpu_candidate_runtime,1,2,1028,3080,2048,4096,0,520396280,17543,701524669,1061355224,2146652313,2283293716,4429946029,1313197937,970095779,970095779,0,4096,4096,1,1,2,1,1,2,2,201626275,3529583,95537971,29591912,2435,17127204,112911652,17088575,112816095,4928468,300490,238001,22390259,0,213340419,727310336,469762048,0,0
sample,ring_1024_session,session_wide,gpu_candidate_runtime,1,3,1028,3080,2048,6144,0,780581075,17543,904889946,1591029961,3219667519,3276518525,6496186044,1313197937,970095779,993224809,0,6144,6144,1,1,3,2,1,3,3,201626275,3529583,120499612,39440294,2435,17127204,162134160,17088575,161989182,7363221,431579,319475,33605386,0,318810722,727310336,469762048,0,0
sample,ring_1024_session,session_wide,gpu_candidate_runtime,1,4,1028,3080,2048,8192,0,1006233264,17543,1103425042,2122453981,4299651277,4232129830,8531781107,1313197937,970095779,993224809,0,8192,8192,1,1,4,3,1,4,4,201626275,3529583,144964288,49434082,2435,17127204,215972637,17088575,215777981,9808103,580401,398235,36256891,5880116,423724908,727310336,469762048,0,0
sample,ring_1024_session,session_wide,gpu_candidate_runtime,2,1,1028,3080,2048,2048,0,284942067,17433,497567048,539136357,1085006680,1321662905,2406669585,1321662905,0,0,0,2048,2048,1,1,1,0,1,1,1,200935705,3711468,71406135,19657319,3196,17115261,63800804,17077440,63734239,2586512,150376,147611,11448219,0,106604442,727736320,469762048,0,0
sample,ring_1024_session,session_wide,gpu_candidate_runtime,2,2,1028,3080,2048,4096,0,520060190,17433,700271512,1075142399,2162097218,2295491534,4457588752,1321662905,973828629,973828629,0,4096,4096,1,1,2,1,1,2,2,200935705,3711468,95956996,29724566,3196,17115261,113031031,17077440,112916094,5122617,322082,234277,22919402,0,211194911,727736320,469762048,0,0
sample,ring_1024_session,session_wide,gpu_candidate_runtime,2,3,1028,3080,2048,6144,0,779830357,17433,901852221,1606070189,3245017395,3287770200,6532787595,1321662905,973828629,992278666,0,6144,6144,1,1,3,2,1,3,3,200935705,3711468,120236210,39401041,3196,17115261,162393418,17077440,162234782,7586656,467888,317655,34255047,0,315428676,727736320,469762048,0,0
sample,ring_1024_session,session_wide,gpu_candidate_runtime,2,4,1028,3080,2048,8192,0,1006478408,17433,1096072654,2141954870,4319561077,4244523365,8564084442,1321662905,973828629,992278666,0,8192,8192,1,1,4,3,1,4,4,200935705,3711468,144587982,49064160,3196,17115261,212776863,17077440,212562524,10159611,631608,422736,36904809,5821694,419759255,727736320,469762048,0,0
sample,ring_1024_session,session_wide,gpu_candidate_runtime,3,1,1028,3080,2048,2048,0,284619576,11322,500872906,530008995,1070507969,1315512799,2386020768,1315512799,0,0,0,2048,2048,1,1,1,0,1,1,1,205358824,3642967,70426045,19684320,3657,17221192,63771998,17181791,63708737,2492113,167899,142842,11085601,0,106875448,727310336,469762048,0,0
sample,ring_1024_session,session_wide,gpu_candidate_runtime,3,2,1028,3080,2048,4096,0,518832671,11322,703867651,1060771970,2142017930,2283483614,4425501544,1315512799,967970815,967970815,0,4096,4096,1,1,2,1,1,2,2,205358824,3642967,94672708,29432401,3657,17221192,113050915,17181791,112923040,4921125,289610,222323,22293114,0,212758815,727310336,469762048,0,0
sample,ring_1024_session,session_wide,gpu_candidate_runtime,3,3,1028,3080,2048,6144,0,778288934,11322,906863517,1590482007,3214856024,3275645780,6490501804,1315512799,967970815,992162166,0,6144,6144,1,1,3,2,1,3,3,205358824,3642967,119418529,39192565,3657,17221192,162299463,17181791,162115679,7454876,461646,301714,33620314,0,317887770,727310336,469762048,0,0
sample,ring_1024_session,session_wide,gpu_candidate_runtime,3,4,1028,3080,2048,8192,0,1004336325,11322,1101510990,2121793296,4288525011,4227651933,8516176944,1315512799,967970815,992162166,0,8192,8192,1,1,4,3,1,4,4,205358824,3642967,144222871,48886463,3657,17221192,211689873,17181791,211454238,10028293,644955,389069,36215081,5664958,423207745,727310336,469762048,0,0
sample,ring_1024_session,session_wide,gpu_candidate_runtime,4,1,1028,3080,2048,2048,0,284000932,10620,501094241,533477704,1101405000,1318583497,2419988497,1318583497,0,0,0,2048,2048,1,1,1,0,1,1,1,202340274,3579377,72245570,20492093,2675,17101495,63540119,17060415,63519967,2475340,150995,143412,11061055,0,107961836,727572480,469762048,0,0
sample,ring_1024_session,session_wide,gpu_candidate_runtime,4,2,1028,3080,2048,4096,0,523033191,10620,707451984,1073918632,2193377847,2304414427,4497792274,1318583497,985830930,985830930,0,4096,4096,1,1,2,1,1,2,2,202340274,3579377,97866593,30875806,2675,17101495,112874398,17060415,112795006,5002540,318343,233132,22193655,0,215063696,727572480,469762048,0,0
sample,ring_1024_session,session_wide,gpu_candidate_runtime,4,3,1028,3080,2048,6144,0,788027341,10620,914592763,1615476832,3289487470,3318107556,6607595026,1318583497,985830930,1013693129,0,6144,6144,1,1,3,2,1,3,3,202340274,3579377,123077317,41209478,2675,17101495,162423198,17060415,162301534,7621984,484529,320533,33850306,0,322581597,727572480,469762048,0,0
sample,ring_1024_session,session_wide,gpu_candidate_runtime,4,4,1028,3080,2048,8192,0,1018147445,10620,1113924684,2155500828,4390426181,4287583577,8678009758,1318583497,985830930,1013693129,0,8192,8192,1,1,4,3,1,4,4,202340274,3579377,147231344,51170683,2675,17101495,216568035,17060415,216387965,10222943,630636,434755,36674164,5827667,427968303,727572480,469762048,0,0
sample,ring_1024_session,session_wide,gpu_candidate_runtime,5,1,1028,3080,2048,2048,0,283711973,10290,504370251,532862977,1077990754,1320955491,2398946245,1320955491,0,0,0,2048,2048,1,1,1,0,1,1,1,208969009,3565602,70718561,19997453,3717,17470707,63528718,17432096,63473054,2538269,175593,156488,11236017,0,106010117,727736320,469762048,0,0
sample,ring_1024_session,session_wide,gpu_candidate_runtime,5,2,1028,3080,2048,4096,0,517839589,10290,707755268,1068067992,2154503271,2293673139,4448176410,1320955491,972717648,972717648,0,4096,4096,1,1,2,1,1,2,2,208969009,3565602,95344294,29970581,3717,17470707,112862891,17432096,112745596,5038707,348212,246649,22400367,0,211534532,727736320,469762048,0,0
sample,ring_1024_session,session_wide,gpu_candidate_runtime,5,3,1028,3080,2048,6144,0,777523425,10290,910592092,1600453964,3233935882,3288579771,6522515653,1320955491,972717648,994906632,0,6144,6144,1,1,3,2,1,3,3,208969009,3565602,120081870,39917530,3717,17470707,162228963,17432096,162051994,7558482,512393,338723,33749177,0,316195919,727736320,469762048,0,0
sample,ring_1024_session,session_wide,gpu_candidate_runtime,5,4,1028,3080,2048,8192,0,1003509648,10290,1108800326,2129902051,4314966136,4242222315,8557188451,1320955491,972717648,994906632,0,8192,8192,1,1,4,3,1,4,4,208969009,3565602,144664611,49817940,3717,17470707,215727864,17432096,215487384,10139493,669411,434304,36389341,5735220,420948327,727736320,469762048,0,0
sample,ring_1024_session,session_wide,gpu_candidate_runtime,6,1,1028,3080,2048,2048,0,283170842,10850,500010367,533948382,1082460118,1317140441,2399600559,1317140441,0,0,0,2048,2048,1,1,1,0,1,1,1,201977010,3740062,72178042,20550534,2575,17039146,63782642,16999647,63726976,2539342,157489,151176,11638160,0,106254189,727736320,469762048,0,0
sample,ring_1024_session,session_wide,gpu_candidate_runtime,6,2,1028,3080,2048,4096,0,517231268,10850,702666548,1067056086,2163685704,2286964752,4450650456,1317140441,969824311,969824311,0,4096,4096,1,1,2,1,1,2,2,201977010,3740062,96358239,30331728,2575,17039146,113096196,16999647,112974240,4975649,290742,229224,22880208,0,211745769,727736320,469762048,0,0
sample,ring_1024_session,session_wide,gpu_candidate_runtime,6,3,1028,3080,2048,6144,0,776547592,10850,905523511,1600215691,3240103058,3282297644,6522400702,1317140441,969824311,995332892,0,6144,6144,1,1,3,2,1,3,3,201977010,3740062,120998338,40365222,2575,17039146,162458611,16999647,162294880,7489263,423072,323583,34107929,0,316598700,727736320,469762048,0,0
sample,ring_1024_session,session_wide,gpu_candidate_runtime,6,4,1028,3080,2048,8192,0,1002692546,10850,1100067157,2135355567,4314510817,4238126120,8552636937,1317140441,969824311,995332892,0,8192,8192,1,1,4,3,1,4,4,201977010,3740062,145206147,50202943,2575,17039146,211791080,16999647,211581790,9998127,577655,401020,36800693,5282039,422330699,727736320,469762048,0,0
sample,ring_1024_session,session_wide,gpu_candidate_runtime,7,1,1028,3080,2048,2048,0,282885051,11873,497185893,532922264,1079618765,1313005081,2392623846,1313005081,0,0,0,2048,2048,1,1,1,0,1,1,1,200402942,3755912,71065208,19727882,3326,17334307,64139356,17281152,64083007,2510798,153872,153302,11545294,0,106393694,727355392,469762048,0,0
sample,ring_1024_session,session_wide,gpu_candidate_runtime,7,2,1028,3080,2048,4096,0,518827610,11873,701490484,1070077256,2155178822,2290407223,4445586045,1313005081,977402142,977402142,0,4096,4096,1,1,2,1,1,2,2,200402942,3755912,95362498,29514155,3326,17334307,113566625,17281152,113468318,5009753,278308,242942,22929391,0,213090325,727355392,469762048,0,0
sample,ring_1024_session,session_wide,gpu_candidate_runtime,7,3,1028,3080,2048,6144,0,779230677,11873,903298985,1606380141,3244540826,3288921676,6533462502,1313005081,977402142,998514453,0,6144,6144,1,1,3,2,1,3,3,200402942,3755912,119594553,39304346,3326,17334307,162952065,17281152,162809565,7539928,428133,319668,34261340,0,317402465,727355392,469762048,0,0
sample,ring_1024_session,session_wide,gpu_candidate_runtime,7,4,1028,3080,2048,8192,0,1005499047,11873,1101681452,2139632465,4324165268,4246824837,8570990105,1313005081,977402142,998514453,0,8192,8192,1,1,4,3,1,4,4,200402942,3755912,143782363,49388335,3326,17334307,216790550,17281152,216589596,10189940,593147,406224,36881956,5908348,422152450,727355392,469762048,0,0
sample,ring_1024_session,session_wide,gpu_candidate_runtime,8,1,1028,3080,2048,2048,0,320123004,29526,498553724,530880481,1074724678,1349586735,2424311413,1349586735,0,0,0,2048,2048,1,1,1,0,1,1,1,204526985,3639312,70636453,19498647,2134,17116453,63606936,17074815,63554973,2438701,161195,143713,11429203,0,105353992,727289856,469762048,0,0
sample,ring_1024_session,session_wide,gpu_candidate_runtime,8,2,1028,3080,2048,4096,0,555244746,29526,704266169,1060576272,2154976812,2320116713,4475093525,1349586735,970529978,970529978,0,4096,4096,1,1,2,1,1,2,2,204526985,3639312,95228361,29357288,2134,17116453,113044173,17074815,112947579,4857614,318343,265694,22737206,0,213172606,727289856,469762048,0,0
sample,ring_1024_session,session_wide,gpu_candidate_runtime,8,3,1028,3080,2048,6144,0,816346772,29526,907293574,1601704143,3234715252,3325374015,6560089267,1349586735,970529978,1005257302,0,6144,6144,1,1,3,2,1,3,3,204526985,3639312,119514951,39169942,2134,17116453,162295661,17074815,162153211,7284412,460253,351869,34320572,0,318611030,727289856,469762048,0,0
sample,ring_1024_session,session_wide,gpu_candidate_runtime,8,4,1028,3080,2048,8192,0,1044944435,29526,1106261400,2134610500,4315402575,4285845861,8601248436,1349586735,970529978,1005257302,0,8192,8192,1,1,4,3,1,4,4,204526985,3639312,143963809,49239514,2134,17116453,216435932,17074815,216246105,9757539,603956,448713,36894680,6335151,423632373,727289856,469762048,0,0
sample,ring_1024_session,session_wide,gpu_candidate_runtime,9,1,1028,3080,2048,2048,0,284537771,11212,499731319,531198184,1079734362,1315478486,2395212848,1315478486,0,0,0,2048,2048,1,1,1,0,1,1,1,202763644,3734953,71327579,20253622,2435,17075917,63681631,17036479,63628735,2472315,158871,145645,11487154,0,106627553,727736320,469762048,0,0
sample,ring_1024_session,session_wide,gpu_candidate_runtime,9,2,1028,3080,2048,4096,0,517444596,11212,701441893,1062494005,2149065633,2281391706,4430457339,1315478486,965913220,965913220,0,4096,4096,1,1,2,1,1,2,2,202763644,3734953,95608036,29972007,2435,17075917,113003121,17036479,112897215,4869367,302134,226238,22664339,0,211219702,727736320,469762048,0,0
sample,ring_1024_session,session_wide,gpu_candidate_runtime,9,3,1028,3080,2048,6144,0,777425002,11212,904889497,1600505335,3227253373,3282831046,6510084419,1315478486,965913220,1001439340,0,6144,6144,1,1,3,2,1,3,3,202763644,3734953,120118289,39836910,2435,17075917,162370325,17036479,162196574,7440229,451807,318954,34195066,0,316580968,727736320,469762048,0,0
sample,ring_1024_session,session_wide,gpu_candidate_runtime,9,4,1028,3080,2048,8192,0,1002423559,11212,1098224760,2133324364,4304690247,4233983895,8538674142,1315478486,965913220,1001439340,0,8192,8192,1,1,4,3,1,4,4,202763644,3734953,144389739,49722352,2435,17075917,211696793,17036479,211460028,9885272,591091,402273,36822847,5077831,421137444,727736320,469762048,0,0
sample,ring_1024_session,session_wide,gpu_candidate_runtime,10,1,1028,3080,2048,2048,0,282948631,11051,502551112,529550594,1074110979,1315061388,2389172367,1315061388,0,0,0,2048,2048,1,1,1,0,1,1,1,206160467,3598303,71825402,19685321,2364,17117225,63658395,17079584,63607936,2515618,164061,216521,11609435,0,105998000,727736320,469762048,0,0
sample,ring_1024_session,session_wide,gpu_candidate_runtime,10,2,1028,3080,2048,4096,0,517304217,11051,706193907,1060508167,2154709229,2284017342,4438726571,1315061388,968955954,968955954,0,4096,4096,1,1,2,1,1,2,2,206160467,3598303,96330867,29715408,2364,17117225,113012545,17079584,112915518,5044369,310690,309287,22865440,0,211726942,727736320,469762048,0,0
sample,ring_1024_session,session_wide,gpu_candidate_runtime,10,3,1028,3080,2048,6144,0,777181104,11051,908634698,1595415678,3234240333,3281242531,6515482864,1315061388,968955954,997225189,0,6144,6144,1,1,3,2,1,3,3,206160467,3598303,120665818,39441737,2364,17117225,162380231,17079584,162236637,7508999,491594,392215,34268253,0,316607492,727736320,469762048,0,0
sample,ring_1024_session,session_wide,gpu_candidate_runtime,10,4,1028,3080,2048,8192,0,1004435905,11051,1109590258,2127882595,4308833559,4241919809,8550753368,1315061388,968955954,997225189,0,8192,8192,1,1,4,3,1,4,4,206160467,3598303,145259490,49852215,2364,17117225,216277570,17079584,216086812,10005029,633212,475524,37028615,6419038,423180244,727736320,469762048,0,0
sample,ring_1024_session,session_wide,gpu_candidate_runtime,11,1,1028,3080,2048,2048,0,285237557,10600,502743584,531969142,1079869426,1319960883,2399830309,1319960883,0,0,0,2048,2048,1,1,1,0,1,1,1,205024397,3573215,71821645,19689849,2405,17108748,63518728,17067680,63464608,2521708,171937,136639,11304908,0,107869405,727441408,469762048,0,0
sample,ring_1024_session,session_wide,gpu_candidate_runtime,11,2,1028,3080,2048,4096,0,523763291,10600,707641501,1064550264,2155991172,2295965656,4451956828,1319960883,976004773,976004773,0,4096,4096,1,1,2,1,1,2,2,205024397,3573215,96519935,29397453,2405,17108748,112866606,17067680,112768318,4917457,315640,217513,22319574,0,215378558,727441408,469762048,0,0
sample,ring_1024_session,session_wide,gpu_candidate_runtime,11,3,1028,3080,2048,6144,0,784509649,10600,910245681,1597729592,3231252846,3292495522,6523748368,1319960883,976004773,996529866,0,6144,6144,1,1,3,2,1,3,3,205024397,3573215,120689522,39114765,2405,17108748,162258748,17067680,162113053,7381215,469662,301433,33980106,0,320341465,727441408,469762048,0,0
sample,ring_1024_session,session_wide,gpu_candidate_runtime,11,4,1028,3080,2048,8192,0,1010289047,10600,1103151326,2129847996,4310494396,4243298969,8553793365,1319960883,976004773,996529866,0,8192,8192,1,1,4,3,1,4,4,205024397,3573215,145027729,48699195,2405,17108748,211616016,17067680,211428539,9880922,619145,400752,36552381,4907229,424646421,727441408,469762048,0,0
sample,ring_1024_session,session_wide,gpu_candidate_runtime,12,1,1028,3080,2048,2048,0,282925945,11121,498968675,532809495,1089803531,1314715236,2404518767,1314715236,0,0,0,2048,2048,1,1,1,0,1,1,1,203421773,3642137,71710783,19366085,2374,17067630,63482208,17013376,63425758,2531056,179130,153841,11284579,0,106127079,727506944,469762048,0,0
sample,ring_1024_session,session_wide,gpu_candidate_runtime,12,2,1028,3080,2048,4096,0,519304272,11121,702833722,1070841754,2173557439,2292990869,4466548308,1314715236,978275633,978275633,0,4096,4096,1,1,2,1,1,2,2,203421773,3642137,96392492,29072677,2374,17067630,112883377,17013376,112787261,5135141,334295,238782,22480851,0,212162193,727506944,469762048,0,0
sample,ring_1024_session,session_wide,gpu_candidate_runtime,12,3,1028,3080,2048,6144,0,780962986,11121,907744836,1605618060,3252085995,3294337003,6546422998,1314715236,978275633,1001346134,0,6144,6144,1,1,3,2,1,3,3,203421773,3642137,121136750,39107223,2374,17067630,162176801,17013376,162032476,7736661,493437,324395,33839871,0,318795784,727506944,469762048,0,0
sample,ring_1024_session,session_wide,gpu_candidate_runtime,12,4,1028,3080,2048,8192,0,1007636334,11121,1102182018,2135877620,4351593420,4245707093,8597300513,1314715236,978275633,1001346134,0,8192,8192,1,1,4,3,1,4,4,203421773,3642137,145501257,48744553,2374,17067630,211516074,17013376,211324763,10198556,662628,404146,36375957,5860197,424644933,727506944,469762048,0,0
sample,ring_1024_session,session_wide,gpu_candidate_runtime,13,1,1028,3080,2048,2048,0,285054350,10860,501833319,530720725,1077983642,1317619254,2395602896,1317619254,0,0,0,2048,2048,1,1,1,0,1,1,1,205952370,3609554,71469095,19813064,2665,17134538,63642403,17079423,63581536,2497643,171516,146658,11257056,0,106136757,727187456,469762048,0,0
sample,ring_1024_session,session_wide,gpu_candidate_runtime,13,2,1028,3080,2048,4096,0,518905278,10860,704339957,1062218615,2156386079,2285474710,4441860789,1317619254,967855456,967855456,0,4096,4096,1,1,2,1,1,2,2,205952370,3609554,95737951,29584850,2665,17134538,113074992,17079423,112969696,4954359,297375,236789,22445302,0,211309212,727187456,469762048,0,0
sample,ring_1024_session,session_wide,gpu_candidate_runtime,13,3,1028,3080,2048,6144,0,778598338,10860,908016185,1595274614,3231210251,3281899997,6513110248,1317619254,967855456,996425287,0,6144,6144,1,1,3,2,1,3,3,205952370,3609554,120458123,39400369,2665,17134538,162417339,17079423,162253440,7478673,467078,316480,34084845,0,316694151,727187456,469762048,0,0
sample,ring_1024_session,session_wide,gpu_candidate_runtime,13,4,1028,3080,2048,8192,0,1003612405,10860,1106196407,2129759597,4310857532,4239579269,8550436801,1317619254,967855456,996425287,0,8192,8192,1,1,4,3,1,4,4,205952370,3609554,144763388,49435173,2665,17134538,216275933,17079423,216068992,9945888,609689,404137,36674032,5890145,421389040,727187456,469762048,0,0
sample,ring_1024_session,session_wide,gpu_candidate_runtime,14,1,1028,3080,2048,2048,0,284356585,11241,499956575,534911023,1080151649,1319235424,2399387073,1319235424,0,0,0,2048,2048,1,1,1,0,1,1,1,204124269,3663367,72082509,19692414,2394,16840830,63437273,16802495,63388478,2489919,152690,134805,11271453,0,106064652,727736320,469762048,0,0
sample,ring_1024_session,session_wide,gpu_candidate_runtime,14,2,1028,3080,2048,4096,0,522230202,11241,705645815,1069973604,2162791974,2297860862,4460652836,1319235424,978625438,978625438,0,4096,4096,1,1,2,1,1,2,2,204124269,3663367,96711188,29497574,2394,16840830,112764532,16802495,112671038,5029451,350216,218995,22762715,0,213680284,727736320,469762048,0,0
sample,ring_1024_session,session_wide,gpu_candidate_runtime,14,3,1028,3080,2048,6144,0,781878488,11241,908345359,1601346939,3246380460,3291582027,6537962487,1319235424,978625438,993721165,0,6144,6144,1,1,3,2,1,3,3,204124269,3663367,121404029,39394648,2394,16840830,162110137,16802495,161966558,7498299,526571,306380,34105985,0,318368450,727736320,469762048,0,0
sample,ring_1024_session,session_wide,gpu_candidate_runtime,14,4,1028,3080,2048,8192,0,1007013354,11241,1102108124,2135127725,4333757000,4244260444,8578017444,1319235424,978625438,993721165,0,8192,8192,1,1,4,3,1,4,4,204124269,3663367,146044359,49442819,2394,16840830,211453678,16802495,211266812,9928875,669132,389858,36747771,6510273,422800772,727736320,469762048,0,0
sample,ring_1024_session,session_wide,gpu_candidate_runtime,15,1,1028,3080,2048,2048,0,284893169,10209,496049861,530940604,1079600704,1311893843,2391494547,1311893843,0,0,0,2048,2048,1,1,1,0,1,1,1,198824905,3493944,71790893,20021940,3327,17636579,63641879,17591999,63587359,2884567,154584,150125,11159821,0,106287297,727736320,469762048,0,0
sample,ring_1024_session,session_wide,gpu_candidate_runtime,15,2,1028,3080,2048,4096,0,518391535,10209,698955926,1062585384,2154965677,2279943054,4434908731,1311893843,968049211,968049211,0,4096,4096,1,1,2,1,1,2,2,198824905,3493944,95942795,29622811,3327,17636579,113022316,17591999,112910429,5389173,306713,232161,22251173,0,212230029,727736320,469762048,0,0
sample,ring_1024_session,session_wide,gpu_candidate_runtime,15,3,1028,3080,2048,6144,0,780807442,10209,902937544,1594960511,3234941686,3278715706,6513657392,1311893843,968049211,998772652,0,6144,6144,1,1,3,2,1,3,3,198824905,3493944,120407301,39278195,3327,17636579,162744933,17591999,162593564,7924017,451788,313876,33753184,0,318105495,727736320,469762048,0,0
sample,ring_1024_session,session_wide,gpu_candidate_runtime,15,4,1028,3080,2048,8192,0,1009100043,10209,1096386581,2129781012,4317104588,4235277845,8552382433,1311893843,968049211,998772652,0,8192,8192,1,1,4,3,1,4,4,198824905,3493944,144590512,48924923,3327,17636579,212086948,17591999,211888443,10378497,587675,403417,36324216,5095727,423131638,727736320,469762048,0,0
sample,ring_1024_session,session_wide,gpu_candidate_runtime,16,1,1028,3080,2048,2048,0,284566875,11351,504638586,532075779,1073064330,1321292591,2394356921,1321292591,0,0,0,2048,2048,1,1,1,0,1,1,1,205767067,3671491,71558596,19680542,2585,17057921,63865918,17020927,63807326,2530706,155846,152629,11409586,0,108785699,727650304,469762048,0,0
sample,ring_1024_session,session_wide,gpu_candidate_runtime,16,2,1028,3080,2048,4096,0,518697643,11351,706953779,1065081264,2147678324,2290744037,4438422361,1321292591,969451446,969451446,0,4096,4096,1,1,2,1,1,2,2,205767067,3671491,95706952,29428623,2585,17057921,113224246,17020927,113109436,5039620,273961,235717,22551904,0,213993692,727650304,469762048,0,0
sample,ring_1024_session,session_wide,gpu_candidate_runtime,16,3,1028,3080,2048,6144,0,779112956,11351,910152280,1600220168,3223018096,3289496755,6512514851,1321292591,969451446,998752718,0,6144,6144,1,1,3,2,1,3,3,205767067,3671491,120219671,39144321,2585,17057921,162593776,17020927,162428795,7670786,443534,329185,34201135,0,319050808,727650304,469762048,0,0
sample,ring_1024_session,session_wide,gpu_candidate_runtime,16,4,1028,3080,2048,8192,0,1004657821,11351,1109293507,2132829799,4295087230,4246792478,8541879708,1321292591,969451446,998752718,0,8192,8192,1,1,4,3,1,4,4,205767067,3671491,144896662,49346304,2585,17057921,216602947,17020927,216386169,10226169,639786,434635,36989720,5981938,423658220,727650304,469762048,0,0
sample,ring_1024_session,session_wide,gpu_candidate_runtime,17,1,1028,3080,2048,2048,0,283672838,10971,503864587,539175090,1081973029,1326723486,2408696515,1326723486,0,0,0,2048,2048,1,1,1,0,1,1,1,204354978,3509985,72921332,21095809,3998,17523857,65070665,17470592,65013726,2682985,214408,159272,11332240,0,104995058,727408640,469762048,0,0
sample,ring_1024_session,session_wide,gpu_candidate_runtime,17,2,1028,3080,2048,4096,0,518262509,10971,707068359,1069130733,2157367576,2294472572,4451840148,1326723486,967749086,967749086,0,4096,4096,1,1,2,1,1,2,2,204354978,3509985,97167533,30785219,3998,17523857,114401363,17470592,114298364,5120002,359333,245155,22644902,0,210952034,727408640,469762048,0,0
sample,ring_1024_session,session_wide,gpu_candidate_runtime,17,3,1028,3080,2048,6144,0,783164441,10971,909035212,1601855274,3239108736,3294065898,6533174634,1326723486,967749086,999593326,0,6144,6144,1,1,3,2,1,3,3,204354978,3509985,121533573,40398084,3998,17523857,163765993,17470592,163621435,7582117,488898,331579,34120434,0,315421716,727408640,469762048,0,0
sample,ring_1024_session,session_wide,gpu_candidate_runtime,17,4,1028,3080,2048,8192,0,1010722869,10971,1104543138,2138530807,4321401118,4253807785,8575208903,1326723486,967749086,999593326,0,8192,8192,1,1,4,3,1,4,4,204354978,3509985,146155949,50314415,3998,17523857,213077242,17470592,212883034,10193696,699828,416060,36807356,5721586,421485774,727408640,469762048,0,0
sample,ring_1024_session,session_wide,gpu_candidate_runtime,18,1,1028,3080,2048,2048,0,284536126,11312,502736845,531634569,1073033812,1318918852,2391952664,1318918852,0,0,0,2048,2048,1,1,1,0,1,1,1,206083480,3562074,71779184,19795982,2385,17059936,63362332,17016960,63301599,2496049,179622,152248,11791992,0,106471561,727736320,469762048,0,0
sample,ring_1024_session,session_wide,gpu_candidate_runtime,18,2,1028,3080,2048,4096,0,519003975,11312,706347920,1059977737,2141486084,2285340944,4426827028,1318918852,966422092,966422092,0,4096,4096,1,1,2,1,1,2,2,206083480,3562074,96352387,29785411,2385,17059936,112729178,17016960,112634751,4992069,322563,243541,23122228,0,212092668,727736320,469762048,0,0
sample,ring_1024_session,session_wide,gpu_candidate_runtime,18,3,1028,3080,2048,6144,0,778994551,11312,908591367,1590755480,3211519689,3278352710,6489872399,1318918852,966422092,993011766,0,6144,6144,1,1,3,2,1,3,3,206083480,3562074,120567871,39450625,2385,17059936,162140467,17016960,161984861,7438906,466425,342108,34622056,0,316855034,727736320,469762048,0,0
sample,ring_1024_session,session_wide,gpu_candidate_runtime,18,4,1028,3080,2048,8192,0,1004665685,11312,1102304165,2122076494,4286237959,4229057656,8515295615,1318918852,966422092,993011766,0,8192,8192,1,1,4,3,1,4,4,206083480,3562074,144772364,49199968,2385,17059936,211478507,17016960,211278492,9870153,584900,442528,37211985,4895116,422035885,727736320,469762048,0,0
sample,ring_1024_session,session_wide,gpu_candidate_runtime,19,1,1028,3080,2048,2048,0,289201034,11282,499552538,540984283,1087154927,1329749137,2416904064,1329749137,0,0,0,2048,2048,1,1,1,0,1,1,1,202597118,3535795,71275578,19842370,3036,17403668,63778752,17359296,63720096,2503835,164543,153772,11134864,0,107159207,727855104,469762048,0,0
sample,ring_1024_session,session_wide,gpu_candidate_runtime,19,2,1028,3080,2048,4096,0,524513247,11282,704808396,1074446192,2169882887,2303779117,4473662004,1329749137,974029980,974029980,0,4096,4096,1,1,2,1,1,2,2,202597118,3535795,96722270,29948921,3036,17403668,113275451,17359296,113147327,4939971,322814,231259,22453808,0,213374285,727855104,469762048,0,0
sample,ring_1024_session,session_wide,gpu_candidate_runtime,19,3,1028,3080,2048,6144,0,785973403,11282,908676198,1609904713,3252439256,3304565596,6557004852,1329749137,974029980,1000786479,0,6144,6144,1,1,3,2,1,3,3,202597118,3535795,121013087,39817210,3036,17403668,162689194,17359296,162487839,7462752,452740,314357,33913619,0,319473622,727855104,469762048,0,0
sample,ring_1024_session,session_wide,gpu_candidate_runtime,19,4,1028,3080,2048,8192,0,1011082810,11282,1106598569,2149211339,4336081627,4266904000,8602985627,1329749137,974029980,1000786479,0,8192,8192,1,1,4,3,1,4,4,202597118,3535795,145283806,49967644,3036,17403668,216659389,17359296,216398078,9953873,592776,396544,36520880,6085798,423684040,727855104,469762048,0,0
summary,ring_1024_session,session_wide,gpu_candidate_runtime,1,20,1311893843,1317619254,1329749137,1349586735,2395602896,1317619254,0,0,1553.1818839379878,727855104,469762048
summary,ring_1024_session,session_wide,gpu_candidate_runtime,2,20,2279943054,2290744037,2304414427,2320116713,4448176410,1317619254,970095779,978625438,1787.9348275615691,727855104,469762048
summary,ring_1024_session,session_wide,gpu_candidate_runtime,3,20,3275645780,3287770200,3318107556,3325374015,6522515653,1317619254,970095779,1005257302,1868.2837053795161,727855104,469762048
summary,ring_1024_session,session_wide,gpu_candidate_runtime,4,20,4227651933,4242222315,4285845861,4287583577,8553793365,1317619254,970095779,1005257302,1930.5733722388582,727855104,469762048
verdict,case_id,workload_class,lane,prefix_corners,cpu_median_ns,gpu_median_ns,median_ratio,median_pass,cpu_p95_ns,gpu_p95_ns,p95_ratio,p95_pass,gpu_peak_bytes,memory_pass,technical_crossover_this_run,automatic_dispatch
verdict,tree_session_control,session_control,inline_certified,1,17828597,251702096,0.070832135621151121,fail,18493246,255823422,0.072289104161854259,fail,33554432,pass,ineligible,unauthorized
verdict,tree_session_control,session_control,inline_certified,2,30192652,266628801,0.11323852444582684,fail,30910057,270884372,0.11410793753727513,fail,33554432,pass,ineligible,unauthorized
verdict,tree_session_control,session_control,inline_certified,3,42202218,281489594,0.14992461142275831,fail,43199013,287178122,0.15042584964045416,fail,33554432,pass,ineligible,unauthorized
verdict,tree_session_control,session_control,inline_certified,4,54259679,296257477,0.18315041209913496,fail,55371738,301830064,0.18345335539537241,fail,33554432,pass,ineligible,unauthorized
crossover,tree_session_control,inline_certified,ineligible,none,none
verdict,tree_session_control,session_control,candidate_runtime,1,13778164,245900197,0.056031528921467275,fail,14249759,259528748,0.054906283445716776,fail,33554432,pass,ineligible,unauthorized
verdict,tree_session_control,session_control,candidate_runtime,2,21750063,257532246,0.084455687929658338,fail,22233743,270365917,0.082235746453204014,fail,33554432,pass,ineligible,unauthorized
verdict,tree_session_control,session_control,candidate_runtime,3,29752546,267989964,0.11102112017896312,fail,30622812,280666398,0.1091075106183534,fail,33554432,pass,ineligible,unauthorized
verdict,tree_session_control,session_control,candidate_runtime,4,37691992,278530780,0.13532433291573737,fail,38471577,290998257,0.13220552382896231,fail,33554432,pass,ineligible,unauthorized
crossover,tree_session_control,candidate_runtime,ineligible,none,none
verdict,grid_33_session,session_grid_medium,inline_certified,1,676973363,953645028,0.70987982228540492,fail,688380483,963960016,0.71411725753571087,fail,335544320,pass,fail,unauthorized
verdict,grid_33_session,session_grid_medium,inline_certified,2,1351695722,1629803257,0.82936128406571219,fail,1357485473,1640774984,0.82734408205726273,fail,335544320,pass,fail,unauthorized
verdict,grid_33_session,session_grid_medium,inline_certified,3,2022132862,2308775337,0.87584652763466353,fail,2044504920,2331379166,0.87695084086549657,fail,335544320,pass,fail,unauthorized
verdict,grid_33_session,session_grid_medium,inline_certified,4,2696369004,2976979571,0.90573984123588058,fail,2721662025,3006525503,0.90525160098733415,fail,335544320,pass,fail,unauthorized
crossover,grid_33_session,inline_certified,not_observed_this_run,none,none
verdict,grid_33_session,session_grid_medium,candidate_runtime,1,380166920,649159255,0.58562966956390383,fail,388583302,657008347,0.59144347826679899,fail,335544320,pass,fail,unauthorized
verdict,grid_33_session,session_grid_medium,candidate_runtime,2,752168944,1019086698,0.73808140708358061,fail,763920203,1026300512,0.7443435855949373,fail,335544320,pass,fail,unauthorized
verdict,grid_33_session,session_grid_medium,candidate_runtime,3,1126756053,1390910491,0.81008523574361335,fail,1139348806,1399616318,0.81404367135993905,fail,335544320,pass,fail,unauthorized
verdict,grid_33_session,session_grid_medium,candidate_runtime,4,1501392246,1761231832,0.85246713051686429,fail,1515628669,1770104803,0.85623668521281338,fail,335544320,pass,fail,unauthorized
crossover,grid_33_session,candidate_runtime,not_observed_this_run,none,none
verdict,grid_65_session,session_grid_large,inline_certified,1,1694158177,2023838733,0.83710137046774269,fail,1716141323,2042840098,0.84007618838114273,fail,738197504,pass,fail,unauthorized
verdict,grid_65_session,session_grid_large,inline_certified,2,3373210459,3729289058,0.90451836973158539,fail,3396481654,3767349112,0.90155744875921129,fail,738197504,pass,fail,unauthorized
verdict,grid_65_session,session_grid_large,inline_certified,3,5054124449,5428499306,0.93103529430570031,fail,5076124793,5472699876,0.92753575164259561,fail,738197504,pass,fail,unauthorized
verdict,grid_65_session,session_grid_large,inline_certified,4,6739333134,7133454635,0.94475026180635413,fail,6769761136,7186875952,0.94196159516515332,fail,738197504,pass,fail,unauthorized
crossover,grid_65_session,inline_certified,not_observed_this_run,none,none
verdict,grid_65_session,session_grid_large,candidate_runtime,1,766209120,1091645237,0.70188472777626387,fail,781595256,1098521780,0.71149727773262716,fail,738197504,pass,fail,unauthorized
verdict,grid_65_session,session_grid_large,candidate_runtime,2,1520468842,1861147626,0.81695230445948519,fail,1542650495,1871283476,0.82438097422712453,fail,738197504,pass,fail,unauthorized
verdict,grid_65_session,session_grid_large,candidate_runtime,3,2277073380,2620917389,0.86880776538661064,fail,2312934115,2630030790,0.87943233356595041,fail,738197504,pass,fail,unauthorized
verdict,grid_65_session,session_grid_large,candidate_runtime,4,3037454041,3383764225,0.89765534447069817,fail,3079792751,3405380023,0.9043903265418316,fail,738197504,pass,fail,unauthorized
crossover,grid_65_session,candidate_runtime,not_observed_this_run,none,none
verdict,ring_1024_session,session_wide,inline_certified,1,1545660149,1851253002,0.83492647808276177,fail,1568012412,1873158131,0.83709559062314953,fail,469762048,pass,fail,unauthorized
verdict,ring_1024_session,session_wide,inline_certified,2,3019149800,3396810889,0.888818924178855,fail,3057992466,3431441107,0.89116857047664899,fail,469762048,pass,fail,unauthorized
verdict,ring_1024_session,session_wide,inline_certified,3,4505735125,4918201496,0.9161347148270641,fail,4562651453,4957154555,0.92041742947028204,fail,469762048,pass,fail,unauthorized
verdict,ring_1024_session,session_wide,inline_certified,4,5975185137,6417269977,0.93111013848810054,fail,6035439862,6467036916,0.9332620086129102,fail,469762048,pass,fail,unauthorized
crossover,ring_1024_session,inline_certified,not_observed_this_run,none,none
verdict,ring_1024_session,session_wide,candidate_runtime,1,1005977361,1317619254,0.763481072355368,fail,1019361000,1329749137,0.76658143377309818,fail,469762048,pass,fail,unauthorized
verdict,ring_1024_session,session_wide,candidate_runtime,2,1946051528,2290744037,0.84952814306943891,fail,1965770838,2304414427,0.85304570869187668,fail,469762048,pass,fail,unauthorized
verdict,ring_1024_session,session_wide,candidate_runtime,3,2869383966,3287770200,0.87274468452813403,fail,2902778835,3318107556,0.87482963888588305,fail,469762048,pass,fail,unauthorized
verdict,ring_1024_session,session_wide,candidate_runtime,4,3788467598,4242222315,0.89303843992438192,fail,3820900925,4285845861,0.89151617881761236,fail,469762048,pass,fail,unauthorized
crossover,ring_1024_session,candidate_runtime,not_observed_this_run,none,none
persistent_sample,tree_session_control,session_control,parallel_inline_certified,cold,0,4,256,32,32,256,256,10194379,3100547,8608976,32824522,0,54728424,54728424,18392986,11956314,12524093,0,0,0,0,0,0,0,0,0,0,0,0,0,0,0,0,0,0,0,0,0,343367680,0,0
persistent_sample,tree_session_control,session_control,parallel_inline_certified,steady,1,4,256,32,0,256,256,8510903,0,6913009,33023199,0,48447111,48447111,12076894,11985861,12405378,0,0,0,0,0,0,0,0,0,0,0,0,0,0,0,0,0,0,0,0,0,343367680,0,0
persistent_sample,tree_session_control,session_control,parallel_inline_certified,steady,2,4,256,32,0,256,256,8472218,0,6823637,32744939,0,48040794,48040794,12117711,11939111,12069788,0,0,0,0,0,0,0,0,0,0,0,0,0,0,0,0,0,0,0,0,0,343367680,0,0
persistent_sample,tree_session_control,session_control,parallel_inline_certified,steady,3,4,256,32,0,256,256,8428053,0,6919972,32561643,0,47909668,47909668,11950654,11987613,11997412,0,0,0,0,0,0,0,0,0,0,0,0,0,0,0,0,0,0,0,0,0,343367680,0,0
persistent_sample,tree_session_control,session_control,parallel_inline_certified,steady,4,4,256,32,0,256,256,8528816,0,6884684,32612349,0,48025849,48025849,12087204,11983145,11984769,0,0,0,0,0,0,0,0,0,0,0,0,0,0,0,0,0,0,0,0,0,343367680,0,0
persistent_sample,tree_session_control,session_control,parallel_inline_certified,steady,5,4,256,32,0,256,256,8418627,0,6773151,32584557,0,47776335,47776335,11883015,11964821,11988756,0,0,0,0,0,0,0,0,0,0,0,0,0,0,0,0,0,0,0,0,0,343367680,0,0
persistent_sample,tree_session_control,session_control,parallel_inline_certified,steady,6,4,256,32,0,256,256,8513556,0,6902016,32761212,0,48176784,48176784,11992562,12086102,12091700,0,0,0,0,0,0,0,0,0,0,0,0,0,0,0,0,0,0,0,0,0,343367680,0,0
persistent_sample,tree_session_control,session_control,parallel_inline_certified,steady,7,4,256,32,0,256,256,8499388,0,6924910,32607811,0,48032109,48032109,11962596,12014784,12044321,0,0,0,0,0,0,0,0,0,0,0,0,0,0,0,0,0,0,0,0,0,343367680,0,0
persistent_sample,tree_session_control,session_control,parallel_inline_certified,steady,8,4,256,32,0,256,256,8443192,0,6882520,32620312,0,47946024,47946024,11949680,12004926,12034843,0,0,0,0,0,0,0,0,0,0,0,0,0,0,0,0,0,0,0,0,0,343367680,0,0
persistent_sample,tree_session_control,session_control,parallel_inline_certified,steady,9,4,256,32,0,256,256,8442984,0,7031433,32610496,0,48084913,48084913,12081974,11999027,12038710,0,0,0,0,0,0,0,0,0,0,0,0,0,0,0,0,0,0,0,0,0,343367680,0,0
persistent_sample,tree_session_control,session_control,parallel_inline_certified,steady,10,4,256,32,0,256,256,8480485,0,6839517,32566533,0,47886535,47886535,12028412,11934683,11991902,0,0,0,0,0,0,0,0,0,0,0,0,0,0,0,0,0,0,0,0,0,343367680,0,0
persistent_sample,tree_session_control,session_control,parallel_inline_certified,steady,11,4,256,32,0,256,256,8525428,0,6810702,32718760,0,48054890,48054890,11894086,12015996,12159880,0,0,0,0,0,0,0,0,0,0,0,0,0,0,0,0,0,0,0,0,0,343367680,0,0
persistent_sample,tree_session_control,session_control,parallel_inline_certified,steady,12,4,256,32,0,256,256,8458673,0,6851762,32535422,0,47845857,47845857,11933100,11990891,11999898,0,0,0,0,0,0,0,0,0,0,0,0,0,0,0,0,0,0,0,0,0,343367680,0,0
persistent_sample,tree_session_control,session_control,parallel_inline_certified,steady,13,4,256,32,0,256,256,8488711,0,6850529,32718660,0,48057900,48057900,11956265,11956836,12208924,0,0,0,0,0,0,0,0,0,0,0,0,0,0,0,0,0,0,0,0,0,343367680,0,0
persistent_sample,tree_session_control,session_control,parallel_inline_certified,steady,14,4,256,32,0,256,256,8497085,0,6911936,32579977,0,47988998,47988998,12118663,11972175,11979629,0,0,0,0,0,0,0,0,0,0,0,0,0,0,0,0,0,0,0,0,0,343367680,0,0
persistent_sample,tree_session_control,session_control,parallel_inline_certified,steady,15,4,256,32,0,256,256,8410660,0,6946251,32659558,0,48016469,48016469,12058658,11988896,12013562,0,0,0,0,0,0,0,0,0,0,0,0,0,0,0,0,0,0,0,0,0,343367680,0,0
persistent_sample,tree_session_control,session_control,parallel_inline_certified,steady,16,4,256,32,0,256,256,8469433,0,6996355,32612309,0,48078097,48078097,12012632,12048167,12057406,0,0,0,0,0,0,0,0,0,0,0,0,0,0,0,0,0,0,0,0,0,343367680,0,0
persistent_sample,tree_session_control,session_control,parallel_inline_certified,steady,17,4,256,32,0,256,256,8430228,0,7023156,32646231,0,48099615,48099615,11943519,12047948,12071422,0,0,0,0,0,0,0,0,0,0,0,0,0,0,0,0,0,0,0,0,0,343367680,0,0
persistent_sample,tree_session_control,session_control,parallel_inline_certified,steady,18,4,256,32,0,256,256,8380324,0,6969285,33711686,0,49061295,49061295,11964801,11978337,13190648,0,0,0,0,0,0,0,0,0,0,0,0,0,0,0,0,0,0,0,0,0,343367680,0,0
persistent_sample,tree_session_control,session_control,parallel_inline_certified,steady,19,4,256,32,0,256,256,8837332,0,6426835,33201547,0,48465714,48465714,11959871,12069360,12407381,0,0,0,0,0,0,0,0,0,0,0,0,0,0,0,0,0,0,0,0,0,343367680,0,0
persistent_sample,tree_session_control,session_control,parallel_inline_certified,steady,20,4,256,32,0,256,256,8776937,0,6661560,33271902,0,48710399,48710399,12439914,12067445,12162926,0,0,0,0,0,0,0,0,0,0,0,0,0,0,0,0,0,0,0,0,0,343367680,0,0
persistent_summary,tree_session_control,session_control,parallel_inline_certified,54728424,20,47776335,48040794,48710399,49061295,48040794,5327.2414108116782,343367680,0,1.1392073161821596,969170,0
persistent_sample,tree_session_control,session_control,parallel_candidate_runtime,cold,0,4,256,32,32,256,256,9987797,2964500,8672187,17017814,32559961,38642298,71202259,13911066,8027392,8728605,0,0,0,0,0,0,0,0,0,0,0,0,0,0,0,0,0,0,0,0,0,344432640,0,0
persistent_sample,tree_session_control,session_control,parallel_candidate_runtime,steady,1,4,256,32,0,256,256,8500381,0,6752653,16262321,32544812,31515355,64060167,7958713,7866788,7940789,0,0,0,0,0,0,0,0,0,0,0,0,0,0,0,0,0,0,0,0,0,344432640,0,0
persistent_sample,tree_session_control,session_control,parallel_candidate_runtime,steady,2,4,256,32,0,256,256,8419971,0,6940188,16258895,32511058,31619054,64130112,7912676,7882970,7977589,0,0,0,0,0,0,0,0,0,0,0,0,0,0,0,0,0,0,0,0,0,344432640,0,0
persistent_sample,tree_session_control,session_control,parallel_candidate_runtime,steady,3,4,256,32,0,256,256,8410621,0,6817014,16354416,32422518,31582051,64004569,7817264,7924168,7944566,0,0,0,0,0,0,0,0,0,0,0,0,0,0,0,0,0,0,0,0,0,344432640,0,0
persistent_sample,tree_session_control,session_control,parallel_candidate_runtime,steady,4,4,256,32,0,256,256,8431580,0,6992769,16441211,32317891,31865560,64183451,7896153,7936139,8111384,0,0,0,0,0,0,0,0,0,0,0,0,0,0,0,0,0,0,0,0,0,344432640,0,0
persistent_sample,tree_session_control,session_control,parallel_candidate_runtime,steady,5,4,256,32,0,256,256,8440446,0,6861999,16411844,32482092,31714289,64196381,7925489,7882418,8037691,0,0,0,0,0,0,0,0,0,0,0,0,0,0,0,0,0,0,0,0,0,344432640,0,0
persistent_sample,tree_session_control,session_control,parallel_candidate_runtime,steady,6,4,256,32,0,256,256,8467308,0,6862080,16298972,32420525,31628360,64048885,7899330,7901515,7944736,0,0,0,0,0,0,0,0,0,0,0,0,0,0,0,0,0,0,0,0,0,344432640,0,0
persistent_sample,tree_session_control,session_control,parallel_candidate_runtime,steady,7,4,256,32,0,256,256,8443984,0,6838446,16361612,32330242,31644042,63974284,7928737,7923036,7929027,0,0,0,0,0,0,0,0,0,0,0,0,0,0,0,0,0,0,0,0,0,344432640,0,0
persistent_sample,tree_session_control,session_control,parallel_candidate_runtime,steady,8,4,256,32,0,256,256,8480633,0,6868113,16266870,32465741,31615616,64081357,7917585,7896295,7918767,0,0,0,0,0,0,0,0,0,0,0,0,0,0,0,0,0,0,0,0,0,344432640,0,0
persistent_sample,tree_session_control,session_control,parallel_candidate_runtime,steady,9,4,256,32,0,256,256,8434657,0,6827575,16258506,32438358,31520738,63959096,7862491,7883911,7893731,0,0,0,0,0,0,0,0,0,0,0,0,0,0,0,0,0,0,0,0,0,344432640,0,0
persistent_sample,tree_session_control,session_control,parallel_candidate_runtime,steady,10,4,256,32,0,256,256,8437932,0,6987519,16267192,32454177,31692643,64146820,7883270,7886447,8050446,0,0,0,0,0,0,0,0,0,0,0,0,0,0,0,0,0,0,0,0,0,344432640,0,0
persistent_sample,tree_session_control,session_control,parallel_candidate_runtime,steady,11,4,256,32,0,256,256,8543904,0,6701054,16897460,32448137,32142418,64590555,7869404,8075806,8317585,0,0,0,0,0,0,0,0,0,0,0,0,0,0,0,0,0,0,0,0,0,344432640,0,0
persistent_sample,tree_session_control,session_control,parallel_candidate_runtime,steady,12,4,256,32,0,256,256,9366727,0,7170438,16807177,33861318,33344342,67205660,7949727,8508758,8777018,0,0,0,0,0,0,0,0,0,0,0,0,0,0,0,0,0,0,0,0,0,344432640,0,0
persistent_sample,tree_session_control,session_control,parallel_candidate_runtime,steady,13,4,256,32,0,256,256,8546649,0,6693782,16379825,32712185,31620256,64332441,7926451,7897277,7945098,0,0,0,0,0,0,0,0,0,0,0,0,0,0,0,0,0,0,0,0,0,344432640,0,0
persistent_sample,tree_session_control,session_control,parallel_candidate_runtime,steady,14,4,256,32,0,256,256,8567831,0,6830462,16253624,32382410,31651917,64034327,7995864,7882789,7927495,0,0,0,0,0,0,0,0,0,0,0,0,0,0,0,0,0,0,0,0,0,344432640,0,0
persistent_sample,tree_session_control,session_control,parallel_candidate_runtime,steady,15,4,256,32,0,256,256,8459104,0,6898611,16215732,32496095,31573447,64069542,7925591,7886917,7895603,0,0,0,0,0,0,0,0,0,0,0,0,0,0,0,0,0,0,0,0,0,344432640,0,0
persistent_sample,tree_session_control,session_control,parallel_candidate_runtime,steady,16,4,256,32,0,256,256,8417405,0,6654319,16200493,32897026,31272217,64169243,7863934,7783281,7884222,0,0,0,0,0,0,0,0,0,0,0,0,0,0,0,0,0,0,0,0,0,344432640,0,0
persistent_sample,tree_session_control,session_control,parallel_candidate_runtime,steady,17,4,256,32,0,256,256,8468693,0,6669136,16351420,32343035,31489249,63832284,7822295,7894181,7908108,0,0,0,0,0,0,0,0,0,0,0,0,0,0,0,0,0,0,0,0,0,344432640,0,0
persistent_sample,tree_session_control,session_control,parallel_candidate_runtime,steady,18,4,256,32,0,256,256,8521131,0,6801647,16288610,32439478,31611388,64050866,7961319,7883501,7900261,0,0,0,0,0,0,0,0,0,0,0,0,0,0,0,0,0,0,0,0,0,344432640,0,0
persistent_sample,tree_session_control,session_control,parallel_candidate_runtime,steady,19,4,256,32,0,256,256,8591546,0,6965949,16812302,32478624,32369797,64848421,8478661,7930859,8046260,0,0,0,0,0,0,0,0,0,0,0,0,0,0,0,0,0,0,0,0,0,344432640,0,0
persistent_sample,tree_session_control,session_control,parallel_candidate_runtime,steady,20,4,256,32,0,256,256,8393290,0,6885697,16364585,32477150,31643572,64120722,7875585,7921664,7943876,0,0,0,0,0,0,0,0,0,0,0,0,0,0,0,0,0,0,0,0,0,344432640,0,0
persistent_summary,tree_session_control,session_control,parallel_candidate_runtime,38642298,20,31272217,31620256,32369797,33344342,64081357,8094.0017123872376,344432640,0,1.2220741666354631,949393,0
persistent_sample,tree_session_control,session_control,gpu_inline_certified,cold,0,4,256,0,0,256,256,9581847,15329,315060115,33744278,0,358401569,358401569,313787030,14961549,15067112,234026229,3649069,1,1,4,3,1,4,4,1120697,13873474,2305,20460603,36684042,20410816,36503199,236648,496493,365655,376025,3768875,437813248,33554432,0
persistent_sample,tree_session_control,session_control,gpu_inline_certified,steady,1,4,256,0,0,256,256,8116472,0,17248423,33062814,0,58427709,58427709,14485968,14516566,14937224,0,0,0,0,4,4,0,4,4,747329,739954,0,0,11366021,0,11194233,242170,417001,271645,122875,3341428,437813248,33554432,0
persistent_sample,tree_session_control,session_control,gpu_inline_certified,steady,2,4,256,0,0,256,256,8101825,0,17262762,33179173,0,58543760,58543760,15033037,14504233,14582390,0,0,0,0,4,4,0,4,4,736077,819977,0,0,11348540,0,11164348,218986,402654,285272,114379,3336877,437813248,33554432,0
persistent_sample,tree_session_control,session_control,gpu_inline_certified,steady,3,4,256,0,0,256,256,8011012,0,17071257,33396087,0,58478356,58478356,14727075,14445983,14971960,0,0,0,0,4,4,0,4,4,742529,725438,0,0,11255363,0,11101563,218786,431570,274841,110801,3311929,437813248,33554432,0
persistent_sample,tree_session_control,session_control,gpu_inline_certified,steady,4,4,256,0,0,256,256,8030839,0,17046900,33008913,0,58086652,58086652,14866671,14389295,14457102,0,0,0,0,4,4,0,4,4,737740,756136,0,0,11244261,0,11033212,218576,417273,254815,100160,3317939,437813248,33554432,0
persistent_sample,tree_session_control,session_control,gpu_inline_certified,steady,5,4,256,0,0,256,256,8015311,0,16948958,32496507,0,57460776,57460776,14297761,14385227,14397340,0,0,0,0,4,4,0,4,4,735285,697013,0,0,11235934,0,11056475,211141,397404,255515,90089,3326577,437813248,33554432,0
persistent_sample,tree_session_control,session_control,gpu_inline_certified,steady,6,4,256,0,0,256,256,8118897,0,17005351,32681503,0,57805751,57805751,14397650,14450401,14546353,0,0,0,0,4,4,0,4,4,741237,661074,0,0,11282673,0,11104349,220429,399478,272075,101451,3326934,437813248,33554432,0
persistent_sample,tree_session_control,session_control,gpu_inline_certified,steady,7,4,256,0,0,256,256,8069594,0,17187027,32658576,0,57915197,57915197,14478564,14443989,14576029,0,0,0,0,4,4,0,4,4,769721,745185,0,0,11295850,0,11129274,223523,416451,266417,112044,3357836,437813248,33554432,0
persistent_sample,tree_session_control,session_control,gpu_inline_certified,steady,8,4,256,0,0,256,256,8055527,0,17060397,33020674,0,58136598,58136598,14693983,14403933,14677852,0,0,0,0,4,4,0,4,4,736238,719254,0,0,11255335,0,11080123,228444,424055,269733,96504,3330834,437813248,33554432,0
persistent_sample,tree_session_control,session_control,gpu_inline_certified,steady,9,4,256,0,0,256,256,8105191,0,17209799,32748970,0,58063960,58063960,14553046,14508902,14522236,0,0,0,0,4,4,0,4,4,736509,744202,0,0,11395617,0,11198526,220840,395432,305360,91083,3320756,437813248,33554432,0
persistent_sample,tree_session_control,session_control,gpu_inline_certified,steady,10,4,256,0,0,256,256,8049877,0,16997701,33796314,0,58843892,58843892,14927076,14507919,14974156,0,0,0,0,4,4,0,4,4,742781,737680,0,0,11207493,0,11035679,207734,388087,257081,106942,3349903,437813248,33554432,0
persistent_sample,tree_session_control,session_control,gpu_inline_certified,steady,11,4,256,0,0,256,256,8019207,0,17091134,32772825,0,57883166,57883166,14442826,14452785,14563685,0,0,0,0,4,4,0,4,4,749033,715799,0,0,11277877,0,11106013,217523,425949,279049,94510,3331394,437813248,33554432,0
persistent_sample,tree_session_control,session_control,gpu_inline_certified,steady,12,4,256,0,0,256,256,8005070,0,16988430,32636965,0,57630465,57630465,14422437,14424010,14430212,0,0,0,0,4,4,0,4,4,736619,785230,0,0,11193144,0,11007515,209478,402443,259964,90312,3311240,437813248,33554432,0
persistent_sample,tree_session_control,session_control,gpu_inline_certified,steady,13,4,256,0,0,256,256,8015561,0,16998099,32766249,0,57779909,57779909,14344941,14476850,14506606,0,0,0,0,4,4,0,4,4,737460,676015,0,0,11293054,0,11124218,205781,410939,261016,96042,3317792,437813248,33554432,0
persistent_sample,tree_session_control,session_control,gpu_inline_certified,steady,14,4,256,0,0,256,256,8138623,0,17013386,32633320,0,57785329,57785329,14409192,14462413,14474846,0,0,0,0,4,4,0,4,4,752669,698676,0,0,11312411,0,11152988,207525,402572,244764,86295,3308474,437813248,33554432,0
persistent_sample,tree_session_control,session_control,gpu_inline_certified,steady,15,4,256,0,0,256,256,8056440,0,17202917,32823788,0,58083145,58083145,14518699,14501938,14694553,0,0,0,0,4,4,0,4,4,759662,751516,0,0,11338031,0,11135451,218404,428113,251287,99389,3356515,437813248,33554432,0
persistent_sample,tree_session_control,session_control,gpu_inline_certified,steady,16,4,256,0,0,256,256,8024397,0,17092971,32466822,0,57584190,57584190,14416046,14389064,14393563,0,0,0,0,4,4,0,4,4,748753,744764,0,0,11313793,0,11113115,208295,399911,260225,88448,3328782,437813248,33554432,0
persistent_sample,tree_session_control,session_control,gpu_inline_certified,steady,17,4,256,0,0,256,256,8028235,0,17150876,32735053,0,57914164,57914164,14359537,14521986,14542695,0,0,0,0,4,4,0,4,4,734824,698407,0,0,11369339,0,11189981,227853,416942,268899,110429,3324183,437813248,33554432,0
persistent_sample,tree_session_control,session_control,gpu_inline_certified,steady,18,4,256,0,0,256,256,8075206,0,17113749,33158264,0,58347219,58347219,14930352,14440581,14571601,0,0,0,0,4,4,0,4,4,744966,782777,0,0,11217059,0,11015804,214378,443519,261046,108715,3341289,437813248,33554432,0
persistent_sample,tree_session_control,session_control,gpu_inline_certified,steady,19,4,256,0,0,256,256,8025459,0,17212938,33325623,0,58564020,58564020,14784866,14473724,14908721,0,0,0,0,4,4,0,4,4,745155,792194,0,0,11337111,0,11107100,223635,386825,289211,137180,3301627,437813248,33554432,0
persistent_sample,tree_session_control,session_control,gpu_inline_certified,steady,20,4,256,0,0,256,256,8037292,0,17260916,33309002,0,58607210,58607210,14479875,14792299,14889175,0,0,0,0,4,4,0,4,4,735086,767306,0,0,11375137,0,11196158,237272,439715,270533,108676,3327191,437813248,33554432,0
persistent_summary,tree_session_control,session_control,gpu_inline_certified,358401569,20,57460776,58063960,58607210,58843892,58063960,4407.4748362885657,437813248,33554432,6.1725305852373831,935607,0
persistent_sample,tree_session_control,session_control,gpu_candidate_runtime,cold,0,4,256,0,0,256,256,9658643,9267,287570848,16554635,33026255,313793393,346819648,282197564,10377105,10895561,207488485,3496138,1,1,4,3,1,4,4,1150696,14019574,1603,20325437,35981845,20285503,35803867,214988,483349,357129,359944,3691660,438075392,33554432,0
persistent_sample,tree_session_control,session_control,gpu_candidate_runtime,steady,1,4,256,0,0,256,256,8141892,0,17230176,16116343,32892061,41488411,74380472,10301762,10396341,10442208,0,0,0,0,4,4,0,4,4,736119,805359,0,0,11360334,0,11172156,209167,418695,263990,121601,3314911,438075392,33554432,0
persistent_sample,tree_session_control,session_control,gpu_candidate_runtime,steady,2,4,256,0,0,256,256,8099359,0,17335249,16198780,32784067,41633388,74417455,10407274,10389949,10462888,0,0,0,0,4,4,0,4,4,735026,835607,0,0,11408965,0,11168058,225719,450484,253371,94088,3331989,438075392,33554432,0
persistent_sample,tree_session_control,session_control,gpu_candidate_runtime,steady,3,4,256,0,0,256,256,8086756,0,17015260,16167672,32776739,41269688,74046427,10362947,10306731,10360635,0,0,0,0,4,4,0,4,4,745065,792085,0,0,11228805,0,11032797,219326,373188,249514,98969,3308308,438075392,33554432,0
persistent_sample,tree_session_control,session_control,gpu_candidate_runtime,steady,4,4,256,0,0,256,256,8030149,0,17250867,16219970,32682884,41500986,74183870,10474429,10344413,10348181,0,0,0,0,4,4,0,4,4,736970,815939,0,0,11390670,0,11201501,210069,397396,243543,95232,3361048,438075392,33554432,0
persistent_sample,tree_session_control,session_control,gpu_candidate_runtime,steady,5,4,256,0,0,256,256,8026652,0,17288220,17007547,32732527,42322419,75054946,10319586,10409598,11259903,0,0,0,0,4,4,0,4,4,772837,809428,0,0,11344783,0,11159805,224667,403724,287075,111663,3334043,438075392,33554432,0
persistent_sample,tree_session_control,session_control,gpu_candidate_runtime,steady,6,4,256,0,0,256,256,7999200,0,17125689,16101226,32658668,41226115,73884783,10289348,10325697,10340626,0,0,0,0,4,4,0,4,4,737941,776855,0,0,11306820,0,11111228,213285,404319,265292,100953,3320224,438075392,33554432,0
persistent_sample,tree_session_control,session_control,gpu_candidate_runtime,steady,7,4,256,0,0,256,256,8198128,0,17156659,16497497,33470871,41852284,75323155,10447791,10437890,10559190,0,0,0,0,4,4,0,4,4,745877,768849,0,0,11245076,0,11059610,226722,406710,262409,125778,3375238,438075392,33554432,0
persistent_sample,tree_session_control,session_control,gpu_candidate_runtime,steady,8,4,256,0,0,256,256,8446450,0,18103836,17318497,32696579,43868783,76565362,11263198,10888477,11024163,0,0,0,0,4,4,0,4,4,755194,767598,0,0,12093245,0,11933019,221619,403968,328604,159273,3374335,438075392,33554432,0
persistent_sample,tree_session_control,session_control,gpu_candidate_runtime,steady,9,4,256,0,0,256,256,8198406,0,17274941,16268022,33204655,41741369,74946024,10440585,10416249,10487472,0,0,0,0,4,4,0,4,4,735466,884149,0,0,11268627,0,11052861,217512,400651,268700,99148,3400688,438075392,33554432,0
persistent_sample,tree_session_control,session_control,gpu_candidate_runtime,steady,10,4,256,0,0,256,256,8148041,0,17272278,16860496,33000006,42280815,75280821,10551566,10445626,10884468,0,0,0,0,4,4,0,4,4,747719,861166,0,0,11322420,0,11139419,216762,382276,267307,106944,3367684,438075392,33554432,0
persistent_sample,tree_session_control,session_control,gpu_candidate_runtime,steady,11,4,256,0,0,256,256,8050597,0,17064604,16224981,32661664,41340182,74001846,10342079,10335124,10382697,0,0,0,0,4,4,0,4,4,734063,755936,0,0,11322080,0,11107355,212643,395432,239004,92817,3312629,438075392,33554432,0
persistent_sample,tree_session_control,session_control,gpu_candidate_runtime,steady,12,4,256,0,0,256,256,8169153,0,17633203,16703379,33394474,42505735,75900209,10527010,10593447,10987073,0,0,0,0,4,4,0,4,4,767939,877968,0,0,11342339,0,11125887,241667,513701,310805,118244,3460540,438075392,33554432,0
persistent_sample,tree_session_control,session_control,gpu_candidate_runtime,steady,13,4,256,0,0,256,256,8043284,0,17162511,16088430,32570219,41294225,73864444,10323845,10303114,10452899,0,0,0,0,4,4,0,4,4,733644,789760,0,0,11238241,0,11079005,237461,461347,287064,95552,3319442,438075392,33554432,0
persistent_sample,tree_session_control,session_control,gpu_candidate_runtime,steady,14,4,256,0,0,256,256,8064013,0,17226661,16309451,32893894,41600125,74494019,10307244,10309506,10689218,0,0,0,0,4,4,0,4,4,743421,801002,0,0,11392605,0,11213246,208276,373779,255726,93948,3357904,438075392,33554432,0
persistent_sample,tree_session_control,session_control,gpu_candidate_runtime,steady,15,4,256,0,0,256,256,8151109,0,17282168,16277538,32928560,41710815,74639375,10539995,10342339,10523213,0,0,0,0,4,4,0,4,4,775152,775252,0,0,11268408,0,11098204,220720,433222,267678,101492,3440244,438075392,33554432,0
persistent_sample,tree_session_control,session_control,gpu_candidate_runtime,steady,16,4,256,0,0,256,256,8099902,0,17142242,16267120,32853376,41509264,74362640,10288938,10402213,10532531,0,0,0,0,4,4,0,4,4,734314,750085,0,0,11330037,0,11136158,210571,410750,254152,109748,3342585,438075392,33554432,0
persistent_sample,tree_session_control,session_control,gpu_candidate_runtime,steady,17,4,256,0,0,256,256,8128074,0,17192017,16627163,32894944,41947254,74842198,10357909,10600189,10606462,0,0,0,0,4,4,0,4,4,801302,828454,0,0,11246086,0,11074398,222513,409137,255263,92004,3337258,438075392,33554432,0
persistent_sample,tree_session_control,session_control,gpu_candidate_runtime,steady,18,4,256,0,0,256,256,8144436,0,17243815,16258623,32873974,41646874,74520848,10377795,10449663,10460314,0,0,0,0,4,4,0,4,4,757267,786202,0,0,11299256,0,11120667,236368,423805,263150,101513,3376254,438075392,33554432,0
persistent_sample,tree_session_control,session_control,gpu_candidate_runtime,steady,19,4,256,0,0,256,256,8086576,0,17100412,17134889,32958335,42321877,75280212,10634884,10425337,10954613,0,0,0,0,4,4,0,4,4,744733,749914,0,0,11273609,0,11094812,207144,390942,278758,117533,3337779,438075392,33554432,0
persistent_sample,tree_session_control,session_control,gpu_candidate_runtime,steady,20,4,256,0,0,256,256,8271507,0,17123767,16396067,33384715,41791341,75176056,10371575,10495250,10517613,0,0,0,0,4,4,0,4,4,751998,727122,0,0,11227383,0,11035325,224695,428192,261677,106722,3395978,438075392,33554432,0
persistent_summary,tree_session_control,session_control,gpu_candidate_runtime,313793393,20,41226115,41646874,42505735,43868783,74520848,6137.4969537277084,438075392,33554432,7.5346205575957512,894779,0
persistent_sample,grid_33_session,session_grid_medium,parallel_inline_certified,cold,0,4,2048,32,32,2048,2048,434031789,2970521,262781825,2005376820,0,2705160955,2705160955,702211745,662936052,678617711,0,0,0,0,0,0,0,0,0,0,0,0,0,0,0,0,0,0,0,0,0,387477504,0,0
persistent_sample,grid_33_session,session_grid_medium,parallel_inline_certified,steady,1,4,2048,32,0,2048,2048,378060101,0,262957741,2004156228,0,2645174070,2645174070,660048798,663178542,665219749,0,0,0,0,0,0,0,0,0,0,0,0,0,0,0,0,0,0,0,0,0,387739648,0,0
persistent_sample,grid_33_session,session_grid_medium,parallel_inline_certified,steady,2,4,2048,32,0,2048,2048,368952015,0,270475856,2006072169,0,2645500040,2645500040,657699197,663367111,665436930,0,0,0,0,0,0,0,0,0,0,0,0,0,0,0,0,0,0,0,0,0,387739648,0,0
persistent_sample,grid_33_session,session_grid_medium,parallel_inline_certified,steady,3,4,2048,32,0,2048,2048,371914069,0,268829240,2014375217,0,2655118526,2655118526,661075570,667199307,668682796,0,0,0,0,0,0,0,0,0,0,0,0,0,0,0,0,0,0,0,0,0,387739648,0,0
persistent_sample,grid_33_session,session_grid_medium,parallel_inline_certified,steady,4,4,2048,32,0,2048,2048,371184086,0,271175915,2003001748,0,2645361749,2645361749,663365779,660141175,663302667,0,0,0,0,0,0,0,0,0,0,0,0,0,0,0,0,0,0,0,0,0,387739648,0,0
persistent_sample,grid_33_session,session_grid_medium,parallel_inline_certified,steady,5,4,2048,32,0,2048,2048,373408337,0,268058588,2000846175,0,2642313100,2642313100,660061403,661442988,663633377,0,0,0,0,0,0,0,0,0,0,0,0,0,0,0,0,0,0,0,0,0,387739648,0,0
persistent_sample,grid_33_session,session_grid_medium,parallel_inline_certified,steady,6,4,2048,32,0,2048,2048,370970128,0,266120876,2007215710,0,2644306714,2644306714,661690117,658957435,665156228,0,0,0,0,0,0,0,0,0,0,0,0,0,0,0,0,0,0,0,0,0,387739648,0,0
persistent_sample,grid_33_session,session_grid_medium,parallel_inline_certified,steady,7,4,2048,32,0,2048,2048,371903730,0,265655351,2002695886,0,2640254967,2640254967,662167862,659330525,661440030,0,0,0,0,0,0,0,0,0,0,0,0,0,0,0,0,0,0,0,0,0,387739648,0,0
persistent_sample,grid_33_session,session_grid_medium,parallel_inline_certified,steady,8,4,2048,32,0,2048,2048,372308860,0,263049243,2002736661,0,2638094764,2638094764,658146415,661550039,662641844,0,0,0,0,0,0,0,0,0,0,0,0,0,0,0,0,0,0,0,0,0,387739648,0,0
persistent_sample,grid_33_session,session_grid_medium,parallel_inline_certified,steady,9,4,2048,32,0,2048,2048,369510216,0,265063798,2008708915,0,2643282929,2643282929,658078268,662430672,665227072,0,0,0,0,0,0,0,0,0,0,0,0,0,0,0,0,0,0,0,0,0,387739648,0,0
persistent_sample,grid_33_session,session_grid_medium,parallel_inline_certified,steady,10,4,2048,32,0,2048,2048,369010345,0,264368196,2019477041,0,2652855582,2652855582,658437457,659041135,680212187,0,0,0,0,0,0,0,0,0,0,0,0,0,0,0,0,0,0,0,0,0,387739648,0,0
persistent_sample,grid_33_session,session_grid_medium,parallel_inline_certified,steady,11,4,2048,32,0,2048,2048,370117848,0,269348164,2000496513,0,2639962525,2639962525,662295505,659014061,661181434,0,0,0,0,0,0,0,0,0,0,0,0,0,0,0,0,0,0,0,0,0,387739648,0,0
persistent_sample,grid_33_session,session_grid_medium,parallel_inline_certified,steady,12,4,2048,32,0,2048,2048,369462410,0,265955339,2013047127,0,2648464876,2648464876,669202095,659630799,661675983,0,0,0,0,0,0,0,0,0,0,0,0,0,0,0,0,0,0,0,0,0,387739648,0,0
persistent_sample,grid_33_session,session_grid_medium,parallel_inline_certified,steady,13,4,2048,32,0,2048,2048,369929609,0,269046939,2008207366,0,2647183914,2647183914,664749008,662041487,665219102,0,0,0,0,0,0,0,0,0,0,0,0,0,0,0,0,0,0,0,0,0,387739648,0,0
persistent_sample,grid_33_session,session_grid_medium,parallel_inline_certified,steady,14,4,2048,32,0,2048,2048,371802354,0,268343014,2000785845,0,2640931213,2640931213,662039534,659078821,660734435,0,0,0,0,0,0,0,0,0,0,0,0,0,0,0,0,0,0,0,0,0,387739648,0,0
persistent_sample,grid_33_session,session_grid_medium,parallel_inline_certified,steady,15,4,2048,32,0,2048,2048,373655915,0,267539831,2003536831,0,2644732577,2644732577,661253822,660537844,662414286,0,0,0,0,0,0,0,0,0,0,0,0,0,0,0,0,0,0,0,0,0,387739648,0,0
persistent_sample,grid_33_session,session_grid_medium,parallel_inline_certified,steady,16,4,2048,32,0,2048,2048,371914830,0,265795808,2000904526,0,2638615164,2638615164,657590207,660664335,661110912,0,0,0,0,0,0,0,0,0,0,0,0,0,0,0,0,0,0,0,0,0,387739648,0,0
persistent_sample,grid_33_session,session_grid_medium,parallel_inline_certified,steady,17,4,2048,32,0,2048,2048,370910581,0,268477081,2010367457,0,2649755119,2649755119,664678028,662035878,663967058,0,0,0,0,0,0,0,0,0,0,0,0,0,0,0,0,0,0,0,0,0,387739648,0,0
persistent_sample,grid_33_session,session_grid_medium,parallel_inline_certified,steady,18,4,2048,32,0,2048,2048,373272743,0,268054165,2009478841,0,2650805749,2650805749,663304550,663122714,663317324,0,0,0,0,0,0,0,0,0,0,0,0,0,0,0,0,0,0,0,0,0,387739648,0,0
persistent_sample,grid_33_session,session_grid_medium,parallel_inline_certified,steady,19,4,2048,32,0,2048,2048,369746899,0,268559111,2002864742,0,2641170752,2641170752,659486820,660296668,662622294,0,0,0,0,0,0,0,0,0,0,0,0,0,0,0,0,0,0,0,0,0,387739648,0,0
persistent_sample,grid_33_session,session_grid_medium,parallel_inline_certified,steady,20,4,2048,32,0,2048,2048,370916278,0,267591134,2007638039,0,2646145451,2646145451,662412797,659895036,665327781,0,0,0,0,0,0,0,0,0,0,0,0,0,0,0,0,0,0,0,0,0,387739648,0,0
persistent_summary,grid_33_session,session_grid_medium,parallel_inline_certified,2705160955,20,2638094764,2644732577,2652855582,2655118526,2644732577,774.24016182042794,387739648,0,1.0228485777826906,1453580,0
persistent_sample,grid_33_session,session_grid_medium,parallel_candidate_runtime,cold,0,4,2048,32,32,2048,2048,433763954,3059871,264649338,808998032,1997526845,1510471195,3507998040,397035429,367041521,384561192,0,0,0,0,0,0,0,0,0,0,0,0,0,0,0,0,0,0,0,0,0,387215360,0,0
persistent_sample,grid_33_session,session_grid_medium,parallel_candidate_runtime,steady,1,4,2048,32,0,2048,2048,380788176,0,263915915,806113676,2000674603,1450817767,3451492370,365722498,362077627,362448440,0,0,0,0,0,0,0,0,0,0,0,0,0,0,0,0,0,0,0,0,0,387215360,0,0
persistent_sample,grid_33_session,session_grid_medium,parallel_candidate_runtime,steady,2,4,2048,32,0,2048,2048,372113286,0,265561471,810716089,2017063307,1448390846,3465454153,359306082,363214798,363440779,0,0,0,0,0,0,0,0,0,0,0,0,0,0,0,0,0,0,0,0,0,387215360,0,0
persistent_sample,grid_33_session,session_grid_medium,parallel_candidate_runtime,steady,3,4,2048,32,0,2048,2048,368662935,0,262950551,806338885,2007258198,1437952371,3445210569,359889735,359073595,360364398,0,0,0,0,0,0,0,0,0,0,0,0,0,0,0,0,0,0,0,0,0,387215360,0,0
persistent_sample,grid_33_session,session_grid_medium,parallel_candidate_runtime,steady,4,4,2048,32,0,2048,2048,369592729,0,275630294,812006025,2002121938,1457229048,3459350986,360909271,366562488,367679257,0,0,0,0,0,0,0,0,0,0,0,0,0,0,0,0,0,0,0,0,0,387215360,0,0
persistent_sample,grid_33_session,session_grid_medium,parallel_candidate_runtime,steady,5,4,2048,32,0,2048,2048,370505954,0,267145461,805786292,2000068693,1443437707,3443506400,359585708,360815674,364027492,0,0,0,0,0,0,0,0,0,0,0,0,0,0,0,0,0,0,0,0,0,387215360,0,0
persistent_sample,grid_33_session,session_grid_medium,parallel_candidate_runtime,steady,6,4,2048,32,0,2048,2048,368933629,0,269412046,807069036,2003100071,1445414711,3448514782,359805427,361006276,365710639,0,0,0,0,0,0,0,0,0,0,0,0,0,0,0,0,0,0,0,0,0,387215360,0,0
persistent_sample,grid_33_session,session_grid_medium,parallel_candidate_runtime,steady,7,4,2048,32,0,2048,2048,368591015,0,265487359,807854614,1995286295,1441932988,3437219283,362058600,359930731,362117113,0,0,0,0,0,0,0,0,0,0,0,0,0,0,0,0,0,0,0,0,0,387215360,0,0
persistent_sample,grid_33_session,session_grid_medium,parallel_candidate_runtime,steady,8,4,2048,32,0,2048,2048,365151573,0,265913791,805075476,2009075407,1436140840,3445216247,357184634,359727706,366093052,0,0,0,0,0,0,0,0,0,0,0,0,0,0,0,0,0,0,0,0,0,387215360,0,0
persistent_sample,grid_33_session,session_grid_medium,parallel_candidate_runtime,steady,9,4,2048,32,0,2048,2048,363027753,0,264223954,805755179,1993280507,1433006886,3426287393,358418940,357680140,359566251,0,0,0,0,0,0,0,0,0,0,0,0,0,0,0,0,0,0,0,0,0,387215360,0,0
persistent_sample,grid_33_session,session_grid_medium,parallel_candidate_runtime,steady,10,4,2048,32,0,2048,2048,365132097,0,264897893,804105730,2001963754,1434135720,3436099474,359629060,357556365,360480106,0,0,0,0,0,0,0,0,0,0,0,0,0,0,0,0,0,0,0,0,0,387215360,0,0
persistent_sample,grid_33_session,session_grid_medium,parallel_candidate_runtime,steady,11,4,2048,32,0,2048,2048,369415867,0,265084255,806971213,2008321684,1441471335,3449793019,363223055,359220316,360367542,0,0,0,0,0,0,0,0,0,0,0,0,0,0,0,0,0,0,0,0,0,387215360,0,0
persistent_sample,grid_33_session,session_grid_medium,parallel_candidate_runtime,steady,12,4,2048,32,0,2048,2048,368027276,0,258870840,812801232,1995859061,1439699348,3435558409,362326211,357209946,363241672,0,0,0,0,0,0,0,0,0,0,0,0,0,0,0,0,0,0,0,0,0,387215360,0,0
persistent_sample,grid_33_session,session_grid_medium,parallel_candidate_runtime,steady,13,4,2048,32,0,2048,2048,369458076,0,262647520,805188608,2019624389,1437294204,3456918593,359722018,358882424,360032287,0,0,0,0,0,0,0,0,0,0,0,0,0,0,0,0,0,0,0,0,0,387215360,0,0
persistent_sample,grid_33_session,session_grid_medium,parallel_candidate_runtime,steady,14,4,2048,32,0,2048,2048,368962465,0,267251280,807717566,2001564402,1443931311,3445495713,364279099,359100267,361463072,0,0,0,0,0,0,0,0,0,0,0,0,0,0,0,0,0,0,0,0,0,387215360,0,0
persistent_sample,grid_33_session,session_grid_medium,parallel_candidate_runtime,steady,15,4,2048,32,0,2048,2048,369935412,0,270236047,803307846,1999742271,1443479305,3443221576,361774315,360995043,362035971,0,0,0,0,0,0,0,0,0,0,0,0,0,0,0,0,0,0,0,0,0,387215360,0,0
persistent_sample,grid_33_session,session_grid_medium,parallel_candidate_runtime,steady,16,4,2048,32,0,2048,2048,371207162,0,269005870,805878487,2000238531,1446091519,3446330050,360211513,361893334,362608855,0,0,0,0,0,0,0,0,0,0,0,0,0,0,0,0,0,0,0,0,0,387215360,0,0
persistent_sample,grid_33_session,session_grid_medium,parallel_candidate_runtime,steady,17,4,2048,32,0,2048,2048,366155417,0,266684685,806438497,1996186017,1439278599,3435464616,359521832,360510769,360639544,0,0,0,0,0,0,0,0,0,0,0,0,0,0,0,0,0,0,0,0,0,387215360,0,0
persistent_sample,grid_33_session,session_grid_medium,parallel_candidate_runtime,steady,18,4,2048,32,0,2048,2048,368206078,0,263983463,806629803,1995000605,1438819344,3433819949,364170007,358171898,360373904,0,0,0,0,0,0,0,0,0,0,0,0,0,0,0,0,0,0,0,0,0,387215360,0,0
persistent_sample,grid_33_session,session_grid_medium,parallel_candidate_runtime,steady,19,4,2048,32,0,2048,2048,366913019,0,265767826,807104813,2002339830,1439785658,3442125488,357187514,360753734,362734887,0,0,0,0,0,0,0,0,0,0,0,0,0,0,0,0,0,0,0,0,0,387215360,0,0
persistent_sample,grid_33_session,session_grid_medium,parallel_candidate_runtime,steady,20,4,2048,32,0,2048,2048,371299065,0,264864374,803672743,2004820889,1439836182,3444657071,357730307,360614241,361893311,0,0,0,0,0,0,0,0,0,0,0,0,0,0,0,0,0,0,0,0,0,387215360,0,0
persistent_summary,grid_33_session,session_grid_medium,parallel_candidate_runtime,1510471195,20,1433006886,1439836182,1450817767,1457229048,3444657071,1420.7705351282618,387215360,0,1.0490576732846681,1221260,0
persistent_sample,grid_33_session,session_grid_medium,gpu_inline_certified,cold,0,4,2048,0,0,2048,2048,393766525,7444,645205339,2015467263,0,3054446571,3054446571,1038977885,672167415,679207485,232883280,3622389,1,1,4,3,1,4,4,79314987,29722918,9608,23491868,102954635,23449344,102778876,2872144,550607,477647,7109078,162196178,473595904,335544320,0
persistent_sample,grid_33_session,session_grid_medium,gpu_inline_certified,steady,1,4,2048,0,0,2048,2048,368290058,0,306967746,2023647307,0,2698905111,2698905111,693799912,668985555,669493129,0,0,0,0,4,4,0,4,4,37539080,15633897,0,0,86287448,0,86097307,2814223,533592,367327,2439462,161352717,473858048,335544320,0
persistent_sample,grid_33_session,session_grid_medium,gpu_inline_certified,steady,2,4,2048,0,0,2048,2048,357564523,0,313311210,2022219637,0,2693095370,2693095370,668940761,675852083,676691106,0,0,0,0,4,4,0,4,4,37648319,16108869,0,0,90162718,0,89998622,2851564,499868,366824,2722900,162950148,473858048,335544320,0
persistent_sample,grid_33_session,session_grid_medium,gpu_inline_certified,steady,3,4,2048,0,0,2048,2048,354921165,0,379384515,2010794120,0,2745099800,2745099800,742664873,666964978,668773582,0,0,0,0,4,4,0,4,4,37585671,27659413,0,0,145096944,0,144853629,4726545,566294,368459,2738048,160643141,473858048,335544320,0
persistent_sample,grid_33_session,session_grid_medium,gpu_inline_certified,steady,4,4,2048,0,0,2048,2048,358972627,0,378294496,2009227905,0,2746495028,2746495028,674524191,671596971,730526285,0,0,0,0,4,4,0,4,4,37646877,27908106,0,0,141311257,0,141134778,4804233,521792,391703,2700087,163010441,473858048,335544320,0
persistent_sample,grid_33_session,session_grid_medium,gpu_inline_certified,steady,5,4,2048,0,0,2048,2048,357657302,0,386282798,2010961702,0,2754901802,2754901802,670382275,674640353,741112579,0,0,0,0,4,4,0,4,4,37907311,27441638,0,0,150453203,0,150227675,4697890,574740,361710,2584176,162262130,473858048,335544320,0
persistent_sample,grid_33_session,session_grid_medium,gpu_inline_certified,steady,6,4,2048,0,0,2048,2048,358206187,0,312238379,2007773005,0,2678217571,2678217571,669673484,670665178,671066388,0,0,0,0,4,4,0,4,4,37652257,16444266,0,0,90115419,0,89936570,2796270,472398,354352,2553599,161849818,473858048,335544320,0
persistent_sample,grid_33_session,session_grid_medium,gpu_inline_certified,steady,7,4,2048,0,0,2048,2048,354610749,0,380213159,2004422059,0,2739245967,2739245967,736338814,666293807,670962551,0,0,0,0,4,4,0,4,4,37415517,27682497,0,0,145107504,0,144940444,4695235,513726,344634,2505067,161948979,473858048,335544320,0
persistent_sample,grid_33_session,session_grid_medium,gpu_inline_certified,steady,8,4,2048,0,0,2048,2048,354700969,0,376893920,2010665832,0,2742260721,2742260721,670580165,676281135,728180355,0,0,0,0,4,4,0,4,4,37525726,27501804,0,0,141416048,0,141230812,4701478,563079,379298,2893804,161912683,473858048,335544320,0
persistent_sample,grid_33_session,session_grid_medium,gpu_inline_certified,steady,9,4,2048,0,0,2048,2048,357139519,0,380634993,2004787086,0,2742561598,2742561598,671210206,667870805,738735977,0,0,0,0,4,4,0,4,4,37671393,27665372,0,0,145271320,0,145100697,4680448,555674,371836,2580780,161838170,473858048,335544320,0
persistent_sample,grid_33_session,session_grid_medium,gpu_inline_certified,steady,10,4,2048,0,0,2048,2048,356747033,0,383655828,2020731424,0,2761134285,2761134285,681763185,669335996,740926959,0,0,0,0,4,4,0,4,4,38032188,27508595,0,0,147932214,0,147751259,4701656,558922,407903,2656516,161857834,473858048,335544320,0
persistent_sample,grid_33_session,session_grid_medium,gpu_inline_certified,steady,11,4,2048,0,0,2048,2048,356909547,0,374852093,2011478997,0,2743240637,2743240637,667882041,670880832,734925626,0,0,0,0,4,4,0,4,4,37942152,27655467,0,0,139241740,0,139054077,4711898,559912,385844,2608874,161746206,473858048,335544320,0
persistent_sample,grid_33_session,session_grid_medium,gpu_inline_certified,steady,12,4,2048,0,0,2048,2048,355907055,0,385436786,2011672783,0,2753016624,2753016624,673998011,671961913,737314831,0,0,0,0,4,4,0,4,4,37754176,27686457,0,0,150576408,0,150398270,4729031,589116,379659,2571053,161150886,473858048,335544320,0
persistent_sample,grid_33_session,session_grid_medium,gpu_inline_certified,steady,13,4,2048,0,0,2048,2048,356092157,0,376439379,2009336909,0,2741868445,2741868445,670716349,672575349,732559942,0,0,0,0,4,4,0,4,4,37570549,28258573,0,0,140965557,0,140757820,4671641,557601,342731,2585919,161486808,473858048,335544320,0
persistent_sample,grid_33_session,session_grid_medium,gpu_inline_certified,steady,14,4,2048,0,0,2048,2048,359724782,0,315273928,2014451206,0,2689449916,2689449916,671484172,672493567,674740705,0,0,0,0,4,4,0,4,4,37953468,16312719,0,0,92218419,0,92039517,2836958,536107,351670,2538139,162526448,473858048,335544320,0
persistent_sample,grid_33_session,session_grid_medium,gpu_inline_certified,steady,15,4,2048,0,0,2048,2048,355770797,0,375995735,2006352531,0,2738119063,2738119063,671907656,669225432,729200518,0,0,0,0,4,4,0,4,4,37521257,27636522,0,0,141514115,0,141332829,4707781,617293,372948,2590100,161035719,473858048,335544320,0
persistent_sample,grid_33_session,session_grid_medium,gpu_inline_certified,steady,16,4,2048,0,0,2048,2048,356505022,0,451120080,2006802418,0,2814427520,2814427520,670503469,737240779,739284469,0,0,0,0,4,4,0,4,4,37670499,39505394,0,0,202310955,0,202125592,6574606,534243,379050,2547088,161598245,473858048,335544320,0
persistent_sample,grid_33_session,session_grid_medium,gpu_inline_certified,steady,17,4,2048,0,0,2048,2048,355578748,0,382213995,2014495897,0,2752288640,2752288640,668976335,676337795,738216839,0,0,0,0,4,4,0,4,4,37681824,27679482,0,0,147329718,0,147162237,4719663,537710,408044,2564680,161292874,473858048,335544320,0
persistent_sample,grid_33_session,session_grid_medium,gpu_inline_certified,steady,18,4,2048,0,0,2048,2048,357123452,0,381493086,2004688845,0,2743305383,2743305383,739230073,667115024,669858531,0,0,0,0,4,4,0,4,4,37733404,27742572,0,0,145360456,0,145159836,4805456,634917,369412,2641826,162205043,473858048,335544320,0
persistent_sample,grid_33_session,session_grid_medium,gpu_inline_certified,steady,19,4,2048,0,0,2048,2048,357340874,0,379712234,2028175996,0,2765229104,2765229104,669588700,676134678,744046530,0,0,0,0,4,4,0,4,4,37817772,27747943,0,0,145253815,0,145054906,4697531,543052,363918,2753249,160534954,473858048,335544320,0
persistent_sample,grid_33_session,session_grid_medium,gpu_inline_certified,steady,20,4,2048,0,0,2048,2048,359565107,0,455686265,2016307696,0,2831559068,2831559068,678253084,737727711,739447167,0,0,0,0,4,4,0,4,4,37808857,38924504,0,0,205137563,0,204886493,6563293,652579,350876,2572164,163676429,473858048,335544320,0
persistent_summary,grid_33_session,session_grid_medium,gpu_inline_certified,3054446571,20,2678217571,2743240637,2814427520,2831559068,2743240637,746.54466567639872,473858048,335544320,1.1134446354441343,3597322,0
persistent_sample,grid_33_session,session_grid_medium,gpu_candidate_runtime,cold,0,4,2048,0,0,2048,2048,403511679,9098,620554359,803252729,2006697166,1827327865,3834025031,703755904,375096561,378388882,208050914,3901748,1,1,4,3,1,4,4,78930382,30363057,9638,23582943,103387988,23541952,103169852,2903353,572875,465593,6907916,161477952,473993216,335544320,0
persistent_sample,grid_33_session,session_grid_medium,gpu_candidate_runtime,steady,1,4,2048,0,0,2048,2048,356944776,0,307292040,808646086,2010053763,1472882902,3482936665,372114468,367105358,367598896,0,0,0,0,4,4,0,4,4,37492986,15634570,0,0,86093547,0,85856125,2885780,579110,351509,2572474,161682064,473993216,335544320,0
persistent_sample,grid_33_session,session_grid_medium,gpu_candidate_runtime,steady,2,4,2048,0,0,2048,2048,357824894,0,380770358,814877407,2028483715,1553472659,3581956374,376375962,372364525,436366391,0,0,0,0,4,4,0,4,4,37927204,27669473,0,0,145125399,0,144949978,4741705,500219,383538,2632509,161790311,473993216,335544320,0
persistent_sample,grid_33_session,session_grid_medium,gpu_candidate_runtime,steady,3,4,2048,0,0,2048,2048,359833289,0,381721634,810496980,2024296639,1552051903,3576348542,374418805,369268326,442037520,0,0,0,0,4,4,0,4,4,37800411,27400442,0,0,145911268,0,145698684,4735583,547691,349916,2557326,162418997,473993216,335544320,0
persistent_sample,grid_33_session,session_grid_medium,gpu_candidate_runtime,steady,4,4,2048,0,0,2048,2048,354630709,0,379533019,805413371,2018199037,1539577099,3557776136,370019032,368292223,435102875,0,0,0,0,4,4,0,4,4,37680033,27923714,0,0,145294858,0,145080029,4753066,560333,351727,2597955,160371333,473993216,335544320,0
persistent_sample,grid_33_session,session_grid_medium,gpu_candidate_runtime,steady,5,4,2048,0,0,2048,2048,356977426,0,382177531,810016147,2024207159,1549171104,3573378263,372445480,368150721,440990243,0,0,0,0,4,4,0,4,4,37956527,27351238,0,0,145416679,0,145208762,4714614,544903,370462,2732320,163090788,473993216,335544320,0
persistent_sample,grid_33_session,session_grid_medium,gpu_candidate_runtime,steady,6,4,2048,0,0,2048,2048,354140049,0,448524489,804895164,2009653236,1607559702,3617212938,368771543,436110997,437689975,0,0,0,0,4,4,0,4,4,37590079,38868841,0,0,202262913,0,202060894,6554958,611202,414517,2630104,159591875,473993216,335544320,0
persistent_sample,grid_33_session,session_grid_medium,gpu_candidate_runtime,steady,7,4,2048,0,0,2048,2048,360822780,0,383743373,811759347,2040433607,1556325500,3596759107,373035050,371863293,440053694,0,0,0,0,4,4,0,4,4,38237791,27781776,0,0,145648518,0,145473628,4797058,599288,375437,2618521,163684984,473993216,335544320,0
persistent_sample,grid_33_session,session_grid_medium,gpu_candidate_runtime,steady,8,4,2048,0,0,2048,2048,358602008,0,380350638,803602664,2009076654,1542555310,3551631964,368571925,371545242,436343693,0,0,0,0,4,4,0,4,4,37699882,27368492,0,0,145295682,0,145122172,4750591,504007,355847,2562726,161813411,473993216,335544320,0
persistent_sample,grid_33_session,session_grid_medium,gpu_candidate_runtime,steady,9,4,2048,0,0,2048,2048,355795141,0,380787190,806489458,2008571969,1543071789,3551643758,369214715,367989789,438673237,0,0,0,0,4,4,0,4,4,37869175,27462258,0,0,145158965,0,144989595,4773134,573269,363391,2639533,161947465,473993216,335544320,0
persistent_sample,grid_33_session,session_grid_medium,gpu_candidate_runtime,steady,10,4,2048,0,0,2048,2048,356201041,0,450994979,804084105,2007311239,1611280125,3618591364,367540635,436149579,437928487,0,0,0,0,4,4,0,4,4,37600440,38762138,0,0,203183114,0,202981309,6634077,589621,348202,2651044,161226343,473993216,335544320,0
persistent_sample,grid_33_session,session_grid_medium,gpu_candidate_runtime,steady,11,4,2048,0,0,2048,2048,357341750,0,452779389,809100326,2030309614,1619221465,3649531079,368884667,440735579,440963440,0,0,0,0,4,4,0,4,4,37890231,38429374,0,0,204492689,0,204280189,6577019,629114,367989,2673677,161719296,473993216,335544320,0
persistent_sample,grid_33_session,session_grid_medium,gpu_candidate_runtime,steady,12,4,2048,0,0,2048,2048,359329155,0,437434633,810505058,2020190732,1607268846,3627459578,497968189,369132894,372157362,0,0,0,0,4,4,0,4,4,38500731,41975208,0,0,188124536,0,187933469,2929953,587846,367119,2565029,162384211,473993216,335544320,0
persistent_sample,grid_33_session,session_grid_medium,gpu_candidate_runtime,steady,13,4,2048,0,0,2048,2048,356826664,0,384788594,807328779,2011809843,1548944037,3560753880,371579337,372789687,436306161,0,0,0,0,4,4,0,4,4,37902195,27948593,0,0,148604772,0,148392318,4798613,625117,446208,2670911,161792185,473993216,335544320,0
persistent_sample,grid_33_session,session_grid_medium,gpu_candidate_runtime,steady,14,4,2048,0,0,2048,2048,358470970,0,379203155,810125916,2019577440,1547800041,3567377481,442816163,367010031,371062312,0,0,0,0,4,4,0,4,4,37431360,27233385,0,0,144980187,0,144805344,4720564,559051,369689,2694127,161214792,473993216,335544320,0
persistent_sample,grid_33_session,session_grid_medium,gpu_candidate_runtime,steady,15,4,2048,0,0,2048,2048,354195321,0,378996019,805586674,2011696095,1538778014,3550474109,437813589,366382736,368250242,0,0,0,0,4,4,0,4,4,37534565,27391445,0,0,145798597,0,145603802,4691558,555205,363843,2587362,160073444,473993216,335544320,0
persistent_sample,grid_33_session,session_grid_medium,gpu_candidate_runtime,steady,16,4,2048,0,0,2048,2048,358331806,0,381986876,815673770,2028415816,1555992452,3584408268,442696062,370314980,373281126,0,0,0,0,4,4,0,4,4,37977978,27505512,0,0,145225068,0,145039449,4748707,595249,356797,2694026,162883539,473993216,335544320,0
persistent_sample,grid_33_session,session_grid_medium,gpu_candidate_runtime,steady,17,4,2048,0,0,2048,2048,356137382,0,452547529,801884108,1999865017,1610569019,3610434036,439561299,367774521,435550563,0,0,0,0,4,4,0,4,4,37670955,38706420,0,0,203950312,0,203740541,6541962,582897,375583,2603806,162115594,473993216,335544320,0
persistent_sample,grid_33_session,session_grid_medium,gpu_candidate_runtime,steady,18,4,2048,0,0,2048,2048,355601735,0,312678625,811059291,2014540918,1479339651,3493880569,366540467,368743018,377167367,0,0,0,0,4,4,0,4,4,38229555,16080857,0,0,90115912,0,89953818,2876492,527342,374081,2625495,161848891,473993216,335544320,0
persistent_sample,grid_33_session,session_grid_medium,gpu_candidate_runtime,steady,19,4,2048,0,0,2048,2048,356986245,0,520771272,806785586,2025814976,1684543103,3710358079,370827187,437582303,439169555,0,0,0,0,4,4,0,4,4,37701373,49774246,0,0,259369169,0,259162428,8411203,649893,358881,2764539,161741968,473993216,335544320,0
persistent_sample,grid_33_session,session_grid_medium,gpu_candidate_runtime,steady,20,4,2048,0,0,2048,2048,355771087,0,499686712,811281915,2026014707,1666739714,3692754421,370224855,439864715,488335267,0,0,0,0,4,4,0,4,4,38151135,53297209,0,0,238993152,0,238786874,4728619,618705,406783,2695517,160795592,473993216,335544320,0
persistent_summary,grid_33_session,session_grid_medium,gpu_candidate_runtime,1827327865,20,1472882902,1552051903,1666739714,1684543103,3576348542,1318.3366878940353,473993216,335544320,1.1773626007402924,3732859,0
persistent_sample,grid_65_session,session_grid_large,parallel_inline_certified,cold,0,4,1024,32,32,1024,1024,794674762,3018962,629594497,5271157420,0,6698445641,6698445641,1729400396,1650202077,1672512152,0,0,0,0,0,0,0,0,0,0,0,0,0,0,0,0,0,0,0,0,0,535588864,0,0
persistent_sample,grid_65_session,session_grid_large,parallel_inline_certified,steady,1,4,1024,32,0,1024,1024,754408099,0,626465514,5276106602,0,6656980215,6656980215,1659104313,1659918210,1690078677,0,0,0,0,0,0,0,0,0,0,0,0,0,0,0,0,0,0,0,0,0,536113152,0,0
persistent_sample,grid_65_session,session_grid_large,parallel_inline_certified,steady,2,4,1024,32,0,1024,1024,707417244,0,632861386,5279976071,0,6620254701,6620254701,1654613394,1655540309,1656131736,0,0,0,0,0,0,0,0,0,0,0,0,0,0,0,0,0,0,0,0,0,536113152,0,0
persistent_sample,grid_65_session,session_grid_large,parallel_inline_certified,steady,3,4,1024,32,0,1024,1024,706876845,0,629492297,5275284709,0,6611653851,6611653851,1650479718,1656425269,1659343940,0,0,0,0,0,0,0,0,0,0,0,0,0,0,0,0,0,0,0,0,0,536113152,0,0
persistent_sample,grid_65_session,session_grid_large,parallel_inline_certified,steady,4,4,1024,32,0,1024,1024,704126361,0,624966230,5304157371,0,6633249962,6633249962,1657796951,1652019652,1677352487,0,0,0,0,0,0,0,0,0,0,0,0,0,0,0,0,0,0,0,0,0,536113152,0,0
persistent_sample,grid_65_session,session_grid_large,parallel_inline_certified,steady,5,4,1024,32,0,1024,1024,702786375,0,627703079,5272536873,0,6603026327,6603026327,1643758140,1651574702,1656730954,0,0,0,0,0,0,0,0,0,0,0,0,0,0,0,0,0,0,0,0,0,536113152,0,0
persistent_sample,grid_65_session,session_grid_large,parallel_inline_certified,steady,6,4,1024,32,0,1024,1024,705012181,0,631464441,5306524531,0,6643001153,6643001153,1653693537,1666535932,1670823773,0,0,0,0,0,0,0,0,0,0,0,0,0,0,0,0,0,0,0,0,0,536113152,0,0
persistent_sample,grid_65_session,session_grid_large,parallel_inline_certified,steady,7,4,1024,32,0,1024,1024,702937232,0,620031267,5282065213,0,6605033712,6605033712,1648530722,1649888409,1658335680,0,0,0,0,0,0,0,0,0,0,0,0,0,0,0,0,0,0,0,0,0,536113152,0,0
persistent_sample,grid_65_session,session_grid_large,parallel_inline_certified,steady,8,4,1024,32,0,1024,1024,703864393,0,623580568,5290514977,0,6617959938,6617959938,1656771529,1652891261,1657616334,0,0,0,0,0,0,0,0,0,0,0,0,0,0,0,0,0,0,0,0,0,536113152,0,0
persistent_sample,grid_65_session,session_grid_large,parallel_inline_certified,steady,9,4,1024,32,0,1024,1024,702885051,0,614756510,5285462652,0,6603104213,6603104213,1651708515,1650335846,1656086317,0,0,0,0,0,0,0,0,0,0,0,0,0,0,0,0,0,0,0,0,0,536113152,0,0
persistent_sample,grid_65_session,session_grid_large,parallel_inline_certified,steady,10,4,1024,32,0,1024,1024,701475496,0,610111419,5292067176,0,6603654091,6603654091,1648570677,1648148294,1659212764,0,0,0,0,0,0,0,0,0,0,0,0,0,0,0,0,0,0,0,0,0,536113152,0,0
persistent_sample,grid_65_session,session_grid_large,parallel_inline_certified,steady,11,4,1024,32,0,1024,1024,707503021,0,624207738,5291959065,0,6623669824,6623669824,1658484252,1655764856,1656090854,0,0,0,0,0,0,0,0,0,0,0,0,0,0,0,0,0,0,0,0,0,536113152,0,0
persistent_sample,grid_65_session,session_grid_large,parallel_inline_certified,steady,12,4,1024,32,0,1024,1024,701818482,0,627222744,5381583396,0,6710624622,6710624622,1655584023,1654391752,1749531754,0,0,0,0,0,0,0,0,0,0,0,0,0,0,0,0,0,0,0,0,0,536113152,0,0
persistent_sample,grid_65_session,session_grid_large,parallel_inline_certified,steady,13,4,1024,32,0,1024,1024,700911030,0,626224916,5281174812,0,6608310758,6608310758,1653232718,1650759063,1655738936,0,0,0,0,0,0,0,0,0,0,0,0,0,0,0,0,0,0,0,0,0,536113152,0,0
persistent_sample,grid_65_session,session_grid_large,parallel_inline_certified,steady,14,4,1024,32,0,1024,1024,702545215,0,624970738,5295688774,0,6623204727,6623204727,1658235907,1655283301,1656459925,0,0,0,0,0,0,0,0,0,0,0,0,0,0,0,0,0,0,0,0,0,536113152,0,0
persistent_sample,grid_65_session,session_grid_large,parallel_inline_certified,steady,15,4,1024,32,0,1024,1024,702781194,0,625983700,5277054486,0,6605819380,6605819380,1652523400,1649165253,1656997312,0,0,0,0,0,0,0,0,0,0,0,0,0,0,0,0,0,0,0,0,0,536113152,0,0
persistent_sample,grid_65_session,session_grid_large,parallel_inline_certified,steady,16,4,1024,32,0,1024,1024,701188482,0,622549534,5275452198,0,6599190214,6599190214,1647108541,1650756321,1654567717,0,0,0,0,0,0,0,0,0,0,0,0,0,0,0,0,0,0,0,0,0,536113152,0,0
persistent_sample,grid_65_session,session_grid_large,parallel_inline_certified,steady,17,4,1024,32,0,1024,1024,708551974,0,625267614,5294451835,0,6628271423,6628271423,1662821037,1657345958,1659389859,0,0,0,0,0,0,0,0,0,0,0,0,0,0,0,0,0,0,0,0,0,536113152,0,0
persistent_sample,grid_65_session,session_grid_large,parallel_inline_certified,steady,18,4,1024,32,0,1024,1024,703213448,0,620490257,5272753321,0,6596457026,6596457026,1651673448,1646685032,1653409239,0,0,0,0,0,0,0,0,0,0,0,0,0,0,0,0,0,0,0,0,0,536113152,0,0
persistent_sample,grid_65_session,session_grid_large,parallel_inline_certified,steady,19,4,1024,32,0,1024,1024,701351390,0,625597437,5282620583,0,6609569410,6609569410,1654737063,1653174436,1658012814,0,0,0,0,0,0,0,0,0,0,0,0,0,0,0,0,0,0,0,0,0,536113152,0,0
persistent_sample,grid_65_session,session_grid_large,parallel_inline_certified,steady,20,4,1024,32,0,1024,1024,703638506,0,638051042,5286607925,0,6628297473,6628297473,1655362069,1654793060,1665459264,0,0,0,0,0,0,0,0,0,0,0,0,0,0,0,0,0,0,0,0,0,536113152,0,0
persistent_summary,grid_65_session,session_grid_large,parallel_inline_certified,6698445641,20,6596457026,6611653851,6656980215,6710624622,6611653851,154.73046219579578,536113152,0,1.0131270922458944,1192625,0
persistent_sample,grid_65_session,session_grid_large,parallel_candidate_runtime,cold,0,4,1024,32,32,1024,1024,798345699,3162465,613502098,1558017674,5283166572,2973027936,8256194508,805497980,718740654,730104533,0,0,0,0,0,0,0,0,0,0,0,0,0,0,0,0,0,0,0,0,0,535588864,0,0
persistent_sample,grid_65_session,session_grid_large,parallel_candidate_runtime,steady,1,4,1024,32,0,1024,1024,713414772,0,619994770,1556618951,5286627433,2890028493,8176655926,714098558,724800282,730916503,0,0,0,0,0,0,0,0,0,0,0,0,0,0,0,0,0,0,0,0,0,535588864,0,0
persistent_sample,grid_65_session,session_grid_large,parallel_candidate_runtime,steady,2,4,1024,32,0,1024,1024,713735232,0,637128905,1556692941,5276199595,2907557078,8183756673,726847939,728661514,732649591,0,0,0,0,0,0,0,0,0,0,0,0,0,0,0,0,0,0,0,0,0,535588864,0,0
persistent_sample,grid_65_session,session_grid_large,parallel_candidate_runtime,steady,3,4,1024,32,0,1024,1024,706986475,0,631144557,1553379809,5268814472,2891510841,8160325313,724505276,724099222,727870648,0,0,0,0,0,0,0,0,0,0,0,0,0,0,0,0,0,0,0,0,0,535588864,0,0
persistent_sample,grid_65_session,session_grid_large,parallel_candidate_runtime,steady,4,4,1024,32,0,1024,1024,702503262,0,640934447,1562400957,5281083436,2905838666,8186922102,726450295,726544835,730547860,0,0,0,0,0,0,0,0,0,0,0,0,0,0,0,0,0,0,0,0,0,535588864,0,0
persistent_sample,grid_65_session,session_grid_large,parallel_candidate_runtime,steady,5,4,1024,32,0,1024,1024,702923021,0,622949226,1557718226,5281820710,2883590473,8165411183,723654569,719767855,721537990,0,0,0,0,0,0,0,0,0,0,0,0,0,0,0,0,0,0,0,0,0,535588864,0,0
persistent_sample,grid_65_session,session_grid_large,parallel_candidate_runtime,steady,6,4,1024,32,0,1024,1024,704674632,0,618562594,1560756999,5271905761,2883994225,8155899986,716950133,723052241,727380762,0,0,0,0,0,0,0,0,0,0,0,0,0,0,0,0,0,0,0,0,0,535588864,0,0
persistent_sample,grid_65_session,session_grid_large,parallel_candidate_runtime,steady,7,4,1024,32,0,1024,1024,701355541,0,621561547,1557110251,5277801152,2880027339,8157828491,720062153,720022177,722670186,0,0,0,0,0,0,0,0,0,0,0,0,0,0,0,0,0,0,0,0,0,535588864,0,0
persistent_sample,grid_65_session,session_grid_large,parallel_candidate_runtime,steady,8,4,1024,32,0,1024,1024,704295891,0,630171167,1554971489,5309291919,2889438547,8198730466,721290753,724259330,726328116,0,0,0,0,0,0,0,0,0,0,0,0,0,0,0,0,0,0,0,0,0,535588864,0,0
persistent_sample,grid_65_session,session_grid_large,parallel_candidate_runtime,steady,9,4,1024,32,0,1024,1024,705771735,0,628195412,1561819135,5265738123,2895786282,8161524405,726074104,723637938,728789778,0,0,0,0,0,0,0,0,0,0,0,0,0,0,0,0,0,0,0,0,0,535588864,0,0
persistent_sample,grid_65_session,session_grid_large,parallel_candidate_runtime,steady,10,4,1024,32,0,1024,1024,703153822,0,631427057,1558193485,5293978786,2892774364,8186753150,725446031,724960970,725327601,0,0,0,0,0,0,0,0,0,0,0,0,0,0,0,0,0,0,0,0,0,535588864,0,0
persistent_sample,grid_65_session,session_grid_large,parallel_candidate_runtime,steady,11,4,1024,32,0,1024,1024,706315484,0,620368446,1557006071,5271582945,2883690001,8155272946,722182086,720877753,723714785,0,0,0,0,0,0,0,0,0,0,0,0,0,0,0,0,0,0,0,0,0,535588864,0,0
persistent_sample,grid_65_session,session_grid_large,parallel_candidate_runtime,steady,12,4,1024,32,0,1024,1024,704282194,0,609796622,1557219822,5306787699,2871298638,8178086337,717112737,718112646,720191515,0,0,0,0,0,0,0,0,0,0,0,0,0,0,0,0,0,0,0,0,0,535588864,0,0
persistent_sample,grid_65_session,session_grid_large,parallel_candidate_runtime,steady,13,4,1024,32,0,1024,1024,702490977,0,637372603,1558062238,5269006215,2897925818,8166932033,719843462,724060564,733376091,0,0,0,0,0,0,0,0,0,0,0,0,0,0,0,0,0,0,0,0,0,535588864,0,0
persistent_sample,grid_65_session,session_grid_large,parallel_candidate_runtime,steady,14,4,1024,32,0,1024,1024,707412602,0,621585802,1560366240,5277200062,2889364644,8166564706,727856062,719381372,723388569,0,0,0,0,0,0,0,0,0,0,0,0,0,0,0,0,0,0,0,0,0,535588864,0,0
persistent_sample,grid_65_session,session_grid_large,parallel_candidate_runtime,steady,15,4,1024,32,0,1024,1024,703766238,0,619005994,1555167017,5288198489,2877939249,8166137738,717191994,720777694,722698970,0,0,0,0,0,0,0,0,0,0,0,0,0,0,0,0,0,0,0,0,0,535588864,0,0
persistent_sample,grid_65_session,session_grid_large,parallel_candidate_runtime,steady,16,4,1024,32,0,1024,1024,706060084,0,624156394,1558196500,5274368134,2888412978,8162781112,718380871,723994783,729167292,0,0,0,0,0,0,0,0,0,0,0,0,0,0,0,0,0,0,0,0,0,535588864,0,0
persistent_sample,grid_65_session,session_grid_large,parallel_candidate_runtime,steady,17,4,1024,32,0,1024,1024,712854565,0,623504398,1558079783,5264730897,2894438746,8159169643,717531198,726400659,732220058,0,0,0,0,0,0,0,0,0,0,0,0,0,0,0,0,0,0,0,0,0,535588864,0,0
persistent_sample,grid_65_session,session_grid_large,parallel_candidate_runtime,steady,18,4,1024,32,0,1024,1024,701518648,0,617462580,1558889444,5277184590,2877870672,8155055262,724650104,716267898,721367345,0,0,0,0,0,0,0,0,0,0,0,0,0,0,0,0,0,0,0,0,0,535588864,0,0
persistent_sample,grid_65_session,session_grid_large,parallel_candidate_runtime,steady,19,4,1024,32,0,1024,1024,703639362,0,614302367,1558533766,5270736167,2876475495,8147211662,716378031,718978580,722161285,0,0,0,0,0,0,0,0,0,0,0,0,0,0,0,0,0,0,0,0,0,535588864,0,0
persistent_sample,grid_65_session,session_grid_large,parallel_candidate_runtime,steady,20,4,1024,32,0,1024,1024,703496388,0,633510180,1553747785,5272202434,2890754353,8162956787,725477149,723862731,726706573,0,0,0,0,0,0,0,0,0,0,0,0,0,0,0,0,0,0,0,0,0,535588864,0,0
persistent_summary,grid_65_session,session_grid_large,parallel_candidate_runtime,2973027936,20,2871298638,2889364644,2905838666,2907557078,8162956787,354.39410921654047,535588864,0,1.0289556017700063,1348792,0
persistent_sample,grid_65_session,session_grid_large,gpu_inline_certified,cold,0,4,1024,0,0,1024,1024,791047422,13035,1101727985,5274689289,0,7167477731,7167477731,2066258303,1701445204,1710242664,230991495,3533851,1,1,4,3,1,4,4,107773405,40088347,3536,28848111,364511060,28808160,364295072,5152404,610982,410339,11353457,308450998,632328192,738197504,0
persistent_sample,grid_65_session,session_grid_large,gpu_inline_certified,steady,1,4,1024,0,0,1024,1024,704922461,0,782446644,5269320330,0,6756689435,6756689435,1687828258,1687713672,1694105477,0,0,0,0,4,4,0,4,4,73767672,30920335,0,0,357519315,0,357308475,5159999,547039,353441,4533388,309645455,632328192,738197504,0
persistent_sample,grid_65_session,session_grid_large,gpu_inline_certified,steady,2,4,1024,0,0,1024,1024,702478454,0,782579568,5280562005,0,6765620027,6765620027,1684867467,1693454913,1701732122,0,0,0,0,4,4,0,4,4,75052978,30697944,0,0,357677621,0,357476800,5132415,572938,340094,4626125,308479453,632328192,738197504,0
persistent_sample,grid_65_session,session_grid_large,gpu_inline_certified,steady,3,4,1024,0,0,1024,1024,703281232,0,793089939,5265763047,0,6762134218,6762134218,1692416404,1688772267,1696034466,0,0,0,0,4,4,0,4,4,73503763,31055034,0,0,368299773,0,368067839,5153344,586613,346739,4587701,309556972,632328192,738197504,0
persistent_sample,grid_65_session,session_grid_large,gpu_inline_certified,steady,4,4,1024,0,0,1024,1024,709150892,0,782210041,5263982865,0,6755343798,6755343798,1700818938,1684551480,1687182514,0,0,0,0,4,4,0,4,4,74420898,30802171,0,0,357484226,0,357292124,5186808,621311,356425,4600806,308737396,632590336,738197504,0
persistent_sample,grid_65_session,session_grid_large,gpu_inline_certified,steady,5,4,1024,0,0,1024,1024,703527387,0,792762289,5271737342,0,6768027018,6768027018,1685467603,1696142233,1699149313,0,0,0,0,4,4,0,4,4,73810492,31105967,0,0,368345262,0,368123930,5257083,601341,347569,4525464,308769111,632590336,738197504,0
persistent_sample,grid_65_session,session_grid_large,gpu_inline_certified,steady,6,4,1024,0,0,1024,1024,704615155,0,792855405,5377400948,0,6874871508,6874871508,1684986818,1707950602,1790031269,0,0,0,0,4,4,0,4,4,73771777,30947907,0,0,368459119,0,368249501,5299994,629435,351738,4720783,308674652,632590336,738197504,0
persistent_sample,grid_65_session,session_grid_large,gpu_inline_certified,steady,7,4,1024,0,0,1024,1024,701695754,0,780273148,5269723429,0,6751692331,6751692331,1682966069,1687146099,1696389215,0,0,0,0,4,4,0,4,4,73218226,30257577,0,0,357557328,0,357343903,5281359,523484,312315,4711937,308410922,632590336,738197504,0
persistent_sample,grid_65_session,session_grid_large,gpu_inline_certified,steady,8,4,1024,0,0,1024,1024,701425613,0,793237965,5272567480,0,6767231058,6767231058,1684375332,1696264307,1701049433,0,0,0,0,4,4,0,4,4,73836180,31185621,0,0,368421478,0,368177879,5179055,555204,320830,4506448,309233149,632590336,738197504,0
persistent_sample,grid_65_session,session_grid_large,gpu_inline_certified,steady,9,4,1024,0,0,1024,1024,705721910,0,792301760,5280593781,0,6778617451,6778617451,1691169291,1701553370,1703543765,0,0,0,0,4,4,0,4,4,73625852,30560802,0,0,368474200,0,368257016,5186808,582195,349353,4666662,308855888,632590336,738197504,0
persistent_sample,grid_65_session,session_grid_large,gpu_inline_certified,steady,10,4,1024,0,0,1024,1024,703519817,0,770013064,5273022695,0,6746555576,6746555576,1684505374,1688339302,1690204825,0,0,0,0,4,4,0,4,4,73796766,29819696,0,0,346670280,0,346445661,5172432,599489,343724,4692361,308918316,632590336,738197504,0
persistent_sample,grid_65_session,session_grid_large,gpu_inline_certified,steady,11,4,1024,0,0,1024,1024,701868547,0,794061475,5283535969,0,6779465991,6779465991,1699565753,1692703868,1697473464,0,0,0,0,4,4,0,4,4,74801307,31756162,0,0,368313547,0,368072694,5309071,618235,356137,4664066,308242950,632590336,738197504,0
persistent_sample,grid_65_session,session_grid_large,gpu_inline_certified,steady,12,4,1024,0,0,1024,1024,703113940,0,793494878,5283899385,0,6780508203,6780508203,1698063324,1690778681,1708749498,0,0,0,0,4,4,0,4,4,74042441,31352708,0,0,369084890,0,368857372,5184185,664622,339574,4630213,308196245,632590336,738197504,0
persistent_sample,grid_65_session,session_grid_large,gpu_inline_certified,steady,13,4,1024,0,0,1024,1024,703077252,0,780898850,5274191966,0,6758168068,6758168068,1695884345,1684598678,1696205240,0,0,0,0,4,4,0,4,4,73891593,30457808,0,0,357788469,0,357565440,5142085,581615,365995,4816165,307855120,632590336,738197504,0
persistent_sample,grid_65_session,session_grid_large,gpu_inline_certified,steady,14,4,1024,0,0,1024,1024,702342247,0,793439352,5291124817,0,6786906416,6786906416,1682692700,1698770117,1720439338,0,0,0,0,4,4,0,4,4,73940906,31642878,0,0,368794459,0,368559636,5205052,629105,411642,4527748,308287562,632590336,738197504,0
persistent_sample,grid_65_session,session_grid_large,gpu_inline_certified,steady,15,4,1024,0,0,1024,1024,707356264,0,798437312,5282331360,0,6788124936,6788124936,1688218693,1702193459,1708343476,0,0,0,0,4,4,0,4,4,74912654,31563867,0,0,368909729,0,368645407,5282372,661979,341568,4624121,312141022,632590336,738197504,0
persistent_sample,grid_65_session,session_grid_large,gpu_inline_certified,steady,16,4,1024,0,0,1024,1024,702085093,0,798856555,5271147920,0,6772089568,6772089568,1686667605,1693864483,1699038302,0,0,0,0,4,4,0,4,4,77751263,31135225,0,0,368792484,0,368559129,5281590,683999,338142,4680477,310193375,632590336,738197504,0
persistent_sample,grid_65_session,session_grid_large,gpu_inline_certified,steady,17,4,1024,0,0,1024,1024,701907727,0,780749304,5268531697,0,6751188728,6751188728,1685359236,1687196824,1692419171,0,0,0,0,4,4,0,4,4,73501601,30783656,0,0,357658101,0,357453624,5231345,671255,336770,4541654,308024922,632590336,738197504,0
persistent_sample,grid_65_session,session_grid_large,gpu_inline_certified,steady,18,4,1024,0,0,1024,1024,705528753,0,782855838,5282628872,0,6771013463,6771013463,1686255337,1692603941,1702469756,0,0,0,0,4,4,0,4,4,73853983,31013512,0,0,357623066,0,357390556,5154880,563342,331910,4580468,309734677,632590336,738197504,0
persistent_sample,grid_65_session,session_grid_large,gpu_inline_certified,steady,19,4,1024,0,0,1024,1024,703974355,0,792638100,5276618062,0,6773230517,6773230517,1696955156,1691330529,1700955728,0,0,0,0,4,4,0,4,4,73723485,31026307,0,0,368367767,0,368137951,5398231,590633,343943,4808351,308379383,632590336,738197504,0
persistent_sample,grid_65_session,session_grid_large,gpu_inline_certified,steady,20,4,1024,0,0,1024,1024,704133766,0,792311068,5282310922,0,6778755756,6778755756,1696227217,1691386388,1701076605,0,0,0,0,4,4,0,4,4,73800011,30645446,0,0,368609044,0,368396955,5255310,614385,323904,4722668,308340300,632590336,738197504,0
persistent_summary,grid_65_session,session_grid_large,gpu_inline_certified,7167477731,20,6746555576,6768027018,6788124936,6874871508,6768027018,151.23289971222437,632590336,738197504,1.0590202598094889,7596214,0
persistent_sample,grid_65_session,session_grid_large,gpu_candidate_runtime,cold,0,4,1024,0,0,1024,1024,794370726,11952,1101374081,1562860421,5310634904,3458617180,8769252084,1129410333,773418837,785917311,215592338,3637638,1,1,4,3,1,4,4,108573194,40390078,2595,29461096,376042492,29420448,375814393,5286959,635697,421663,11614896,309715435,632328192,738197504,0
persistent_sample,grid_65_session,session_grid_large,gpu_candidate_runtime,steady,1,4,1024,0,0,1024,1024,703999841,0,917173844,1568221555,5334709066,3189395240,8524104306,872707943,770151684,777407312,0,0,0,0,4,4,0,4,4,74159195,53399412,0,0,468888467,0,468671677,5334881,687155,350496,4664829,309689409,632328192,738197504,0
persistent_sample,grid_65_session,session_grid_large,gpu_candidate_runtime,steady,2,4,1024,0,0,1024,1024,702835775,0,912603051,1563246555,5312550566,3178685381,8491235947,768598405,772886027,867464824,0,0,0,0,4,4,0,4,4,73694882,52354748,0,0,466099193,0,465920477,5202178,588698,339385,4855221,309468746,632328192,738197504,0
persistent_sample,grid_65_session,session_grid_large,gpu_candidate_runtime,steady,3,4,1024,0,0,1024,1024,719596547,0,818575975,1565572440,5342119656,3103744962,8445864618,780376501,776312543,776384468,0,0,0,0,4,4,0,4,4,74931372,32265451,0,0,389659030,0,389462337,5380246,696824,371455,4417871,310853726,632328192,738197504,0
persistent_sample,grid_65_session,session_grid_large,gpu_candidate_runtime,steady,4,4,1024,0,0,1024,1024,708645747,0,938220130,1563309556,5320663310,3210175433,8530838743,774441658,780305594,889771647,0,0,0,0,4,4,0,4,4,73892778,52550421,0,0,491644596,0,491354615,5380819,656219,342037,4949048,308804212,632328192,738197504,0
persistent_sample,grid_65_session,session_grid_large,gpu_candidate_runtime,steady,5,4,1024,0,0,1024,1024,708941289,0,1022343219,1566778411,5312016128,3298062919,8610079047,879204496,771207840,876925381,0,0,0,0,4,4,0,4,4,74761368,75036700,0,0,550661071,0,550441438,5359397,709015,341629,4480608,310993431,632328192,738197504,0
persistent_sample,grid_65_session,session_grid_large,gpu_candidate_runtime,steady,6,4,1024,0,0,1024,1024,709142158,0,817332461,1578496144,5351270128,3104970763,8456240891,773025902,780541918,783815726,0,0,0,0,4,4,0,4,4,74553532,31712331,0,0,390554407,0,390335201,5283752,617493,337120,4743689,309530137,632328192,738197504,0
persistent_sample,grid_65_session,session_grid_large,gpu_candidate_runtime,steady,7,4,1024,0,0,1024,1024,706195073,0,940182281,1560012279,5322785330,3206389633,8529174963,774892289,771580927,891588415,0,0,0,0,4,4,0,4,4,74089574,52723437,0,0,492245807,0,492057562,5414432,702905,351819,4752665,309901642,632328192,738197504,0
persistent_sample,grid_65_session,session_grid_large,gpu_candidate_runtime,steady,8,4,1024,0,0,1024,1024,707708953,0,1018650075,1568845888,5331419352,3295204916,8626624268,880290906,776738859,869988694,0,0,0,0,4,4,0,4,4,75271447,75645036,0,0,543569948,0,543365651,5330693,625948,330127,4563555,313313321,632328192,738197504,0
persistent_sample,grid_65_session,session_grid_large,gpu_candidate_runtime,steady,9,4,1024,0,0,1024,1024,707171194,0,905341822,1568881981,5320932048,3181394997,8502327045,770139828,774737621,867881134,0,0,0,0,4,4,0,4,4,74112966,53261382,0,0,457508006,0,457271767,5318871,666737,350860,4942492,309180508,632328192,738197504,0
persistent_sample,grid_65_session,session_grid_large,gpu_candidate_runtime,steady,10,4,1024,0,0,1024,1024,709814442,0,912910291,1571040338,5346426996,3193765071,8540192067,770107565,781023445,864849496,0,0,0,0,4,4,0,4,4,74789800,53279205,0,0,461218193,0,460989692,5274725,706332,345446,4459548,312837042,632328192,738197504,0
persistent_sample,grid_65_session,session_grid_large,gpu_candidate_runtime,steady,11,4,1024,0,0,1024,1024,706464465,0,941457170,1557644198,5318471745,3205565833,8524037578,773231035,773260742,889910184,0,0,0,0,4,4,0,4,4,74590023,53239200,0,0,490688277,0,492609823,5329390,645333,314387,4648208,312002352,632328192,738197504,0
persistent_sample,grid_65_session,session_grid_large,gpu_candidate_runtime,steady,12,4,1024,0,0,1024,1024,710021380,0,1027572737,1566362475,5321008396,3303956592,8624964988,882543667,773433751,876045161,0,0,0,0,4,4,0,4,4,75741450,76949875,0,0,550580209,0,550375448,5392548,749132,340679,4412518,313406326,632328192,738197504,0
persistent_sample,grid_65_session,session_grid_large,gpu_candidate_runtime,steady,13,4,1024,0,0,1024,1024,707829680,0,911620250,1572130740,5328185064,3191580670,8519765734,776429496,782467262,862853048,0,0,0,0,4,4,0,4,4,74572709,53114552,0,0,462461897,0,462260408,5452786,636419,324435,4584234,310473218,632328192,738197504,0
persistent_sample,grid_65_session,session_grid_large,gpu_candidate_runtime,steady,14,4,1024,0,0,1024,1024,706873419,0,816317005,1560911002,5326889928,3084101426,8410991354,777811129,769500384,771719256,0,0,0,0,4,4,0,4,4,75030378,31901580,0,0,389259515,0,389004315,5240022,640606,330718,4534982,309379204,632328192,738197504,0
persistent_sample,grid_65_session,session_grid_large,gpu_candidate_runtime,steady,15,4,1024,0,0,1024,1024,708407091,0,817226995,1565393857,5328625102,3091027943,8419653045,774222238,767939762,781283892,0,0,0,0,4,4,0,4,4,74297136,31413451,0,0,389650463,0,389446175,5299223,660423,358222,4458776,311089301,632328192,738197504,0
persistent_sample,grid_65_session,session_grid_large,gpu_candidate_runtime,steady,16,4,1024,0,0,1024,1024,705915651,0,940563623,1562553702,5315318194,3209032976,8524351170,773689942,771530055,893399449,0,0,0,0,4,4,0,4,4,74611161,53185678,0,0,492275376,0,492074659,5448217,667838,332120,4516717,309526516,632328192,738197504,0
persistent_sample,grid_65_session,session_grid_large,gpu_candidate_runtime,steady,17,4,1024,0,0,1024,1024,711539730,0,927708912,1570281445,5350210902,3209530087,8559740989,776544678,782962367,874588800,0,0,0,0,4,4,0,4,4,74524647,53053655,0,0,476673166,0,476481322,5282652,648502,318044,4604702,312603544,632328192,738197504,0
persistent_sample,grid_65_session,session_grid_large,gpu_candidate_runtime,steady,18,4,1024,0,0,1024,1024,712168545,0,946364585,1573576983,5314799329,3232110113,8546909442,779965225,777071957,903262847,0,0,0,0,4,4,0,4,4,73097486,52453485,0,0,499448635,0,499228541,5274988,636479,341918,4709122,310402472,632328192,738197504,0
persistent_sample,grid_65_session,session_grid_large,gpu_candidate_runtime,steady,19,4,1024,0,0,1024,1024,711723057,0,920582777,1565209787,5345216243,3197515621,8542731864,869527664,776653313,781083997,0,0,0,0,4,4,0,4,4,75063451,53210564,0,0,468941449,0,468730659,5209804,648704,342812,4565780,312600213,632328192,738197504,0
persistent_sample,grid_65_session,session_grid_large,gpu_candidate_runtime,steady,20,4,1024,0,0,1024,1024,704166103,0,814649868,1561583273,5314580355,3080399244,8394979599,769605411,768544284,773773624,0,0,0,0,4,4,0,4,4,73891092,31938843,0,0,389725143,0,389505631,5268726,636048,323073,4571072,308295871,632328192,738197504,0
persistent_summary,grid_65_session,session_grid_large,gpu_candidate_runtime,3458617180,20,3080399244,3193765071,3298062919,3303956592,8524104306,320.248630929206,632328192,738197504,1.082927861978612,7754625,0
persistent_sample,ring_1024_session,session_wide,parallel_inline_certified,cold,0,4,8192,32,32,8192,8192,1078997455,3132559,588599268,4315638520,0,5986367802,5986367802,1557374769,1472097364,1494371835,0,0,0,0,0,0,0,0,0,0,0,0,0,0,0,0,0,0,0,0,0,390885376,0,0
persistent_sample,ring_1024_session,session_wide,parallel_inline_certified,steady,1,4,8192,32,0,8192,8192,921040265,0,587312620,4290046746,0,5798399631,5798399631,1444991905,1450475056,1454907363,0,0,0,0,0,0,0,0,0,0,0,0,0,0,0,0,0,0,0,0,0,391147520,0,0
persistent_sample,ring_1024_session,session_wide,parallel_inline_certified,steady,2,4,8192,32,0,8192,8192,923817529,0,584105760,4285830103,0,5793753392,5793753392,1447770623,1448127558,1450391248,0,0,0,0,0,0,0,0,0,0,0,0,0,0,0,0,0,0,0,0,0,391147520,0,0
persistent_sample,ring_1024_session,session_wide,parallel_inline_certified,steady,3,4,8192,32,0,8192,8192,918404606,0,587609355,4299002614,0,5805016575,5805016575,1446917049,1451253276,1456591041,0,0,0,0,0,0,0,0,0,0,0,0,0,0,0,0,0,0,0,0,0,391147520,0,0
persistent_sample,ring_1024_session,session_wide,parallel_inline_certified,steady,4,4,8192,32,0,8192,8192,922650823,0,587027444,4295690727,0,5805368994,5805368994,1442645979,1454222754,1458996260,0,0,0,0,0,0,0,0,0,0,0,0,0,0,0,0,0,0,0,0,0,391147520,0,0
persistent_sample,ring_1024_session,session_wide,parallel_inline_certified,steady,5,4,8192,32,0,8192,8192,925628172,0,588841722,4296269212,0,5810739106,5810739106,1450404294,1453527804,1457060625,0,0,0,0,0,0,0,0,0,0,0,0,0,0,0,0,0,0,0,0,0,391147520,0,0
persistent_sample,ring_1024_session,session_wide,parallel_inline_certified,steady,6,4,8192,32,0,8192,8192,918254330,0,594646908,4292315054,0,5805216292,5805216292,1452875624,1449298262,1454864001,0,0,0,0,0,0,0,0,0,0,0,0,0,0,0,0,0,0,0,0,0,391147520,0,0
persistent_sample,ring_1024_session,session_wide,parallel_inline_certified,steady,7,4,8192,32,0,8192,8192,918721856,0,576816120,4309529683,0,5805067659,5805067659,1444709730,1448307986,1475064206,0,0,0,0,0,0,0,0,0,0,0,0,0,0,0,0,0,0,0,0,0,391147520,0,0
persistent_sample,ring_1024_session,session_wide,parallel_inline_certified,steady,8,4,8192,32,0,8192,8192,917602346,0,583607209,4295429922,0,5796639477,5796639477,1443753707,1452289058,1454575720,0,0,0,0,0,0,0,0,0,0,0,0,0,0,0,0,0,0,0,0,0,391147520,0,0
persistent_sample,ring_1024_session,session_wide,parallel_inline_certified,steady,9,4,8192,32,0,8192,8192,921629706,0,583115406,4301336428,0,5806081540,5806081540,1447412689,1453381668,1453490640,0,0,0,0,0,0,0,0,0,0,0,0,0,0,0,0,0,0,0,0,0,391147520,0,0
persistent_sample,ring_1024_session,session_wide,parallel_inline_certified,steady,10,4,8192,32,0,8192,8192,916460793,0,577221280,4300918562,0,5794600635,5794600635,1452073819,1447223510,1450753974,0,0,0,0,0,0,0,0,0,0,0,0,0,0,0,0,0,0,0,0,0,391147520,0,0
persistent_sample,ring_1024_session,session_wide,parallel_inline_certified,steady,11,4,8192,32,0,8192,8192,919338007,0,582452513,4298455489,0,5800246009,5800246009,1445554892,1451337674,1453162668,0,0,0,0,0,0,0,0,0,0,0,0,0,0,0,0,0,0,0,0,0,391147520,0,0
persistent_sample,ring_1024_session,session_wide,parallel_inline_certified,steady,12,4,8192,32,0,8192,8192,920807166,0,586778977,4290622323,0,5798208466,5798208466,1446156814,1451764552,1453595489,0,0,0,0,0,0,0,0,0,0,0,0,0,0,0,0,0,0,0,0,0,391147520,0,0
persistent_sample,ring_1024_session,session_wide,parallel_inline_certified,steady,13,4,8192,32,0,8192,8192,916221536,0,591514208,4297634466,0,5805370210,5805370210,1445121508,1450568309,1459539736,0,0,0,0,0,0,0,0,0,0,0,0,0,0,0,0,0,0,0,0,0,391147520,0,0
persistent_sample,ring_1024_session,session_wide,parallel_inline_certified,steady,14,4,8192,32,0,8192,8192,923476546,0,580163377,4295698395,0,5799338318,5799338318,1444462859,1449681840,1456893414,0,0,0,0,0,0,0,0,0,0,0,0,0,0,0,0,0,0,0,0,0,391147520,0,0
persistent_sample,ring_1024_session,session_wide,parallel_inline_certified,steady,15,4,8192,32,0,8192,8192,916045386,0,586052694,4295275980,0,5797374060,5797374060,1442498899,1452766261,1455925632,0,0,0,0,0,0,0,0,0,0,0,0,0,0,0,0,0,0,0,0,0,391147520,0,0
persistent_sample,ring_1024_session,session_wide,parallel_inline_certified,steady,16,4,8192,32,0,8192,8192,914894641,0,586189714,4317776897,0,5818861252,5818861252,1448384071,1454008850,1465222205,0,0,0,0,0,0,0,0,0,0,0,0,0,0,0,0,0,0,0,0,0,391147520,0,0
persistent_sample,ring_1024_session,session_wide,parallel_inline_certified,steady,17,4,8192,32,0,8192,8192,915097651,0,571934306,4298117953,0,5785149910,5785149910,1441700868,1447584549,1453805334,0,0,0,0,0,0,0,0,0,0,0,0,0,0,0,0,0,0,0,0,0,391147520,0,0
persistent_sample,ring_1024_session,session_wide,parallel_inline_certified,steady,18,4,8192,32,0,8192,8192,917505583,0,585011348,4295068521,0,5797585452,5797585452,1445031301,1448906812,1456394750,0,0,0,0,0,0,0,0,0,0,0,0,0,0,0,0,0,0,0,0,0,391147520,0,0
persistent_sample,ring_1024_session,session_wide,parallel_inline_certified,steady,19,4,8192,32,0,8192,8192,927305755,0,587472212,4287217316,0,5801995283,5801995283,1448907051,1451249438,1454191624,0,0,0,0,0,0,0,0,0,0,0,0,0,0,0,0,0,0,0,0,0,391147520,0,0
persistent_sample,ring_1024_session,session_wide,parallel_inline_certified,steady,20,4,8192,32,0,8192,8192,925984476,0,592775763,4303660902,0,5822421141,5822421141,1447322401,1459380791,1468833128,0,0,0,0,0,0,0,0,0,0,0,0,0,0,0,0,0,0,0,0,0,391147520,0,0
persistent_summary,ring_1024_session,session_wide,parallel_inline_certified,5986367802,20,5785149910,5800246009,5818861252,5822421141,5800246009,1411.9280696423139,391147520,0,1.0320886032611725,1184800,0
persistent_sample,ring_1024_session,session_wide,parallel_candidate_runtime,cold,0,4,8192,32,32,8192,8192,1091328001,3006579,589393973,2159617364,4337754651,3843345917,8181100568,1027996670,925575558,973172822,0,0,0,0,0,0,0,0,0,0,0,0,0,0,0,0,0,0,0,0,0,391147520,0,0
persistent_sample,ring_1024_session,session_wide,parallel_candidate_runtime,steady,1,4,8192,32,0,8192,8192,925906615,0,590959581,2158884094,4363621643,3675750290,8039371933,918043753,921438959,924886348,0,0,0,0,0,0,0,0,0,0,0,0,0,0,0,0,0,0,0,0,0,391147520,0,0
persistent_sample,ring_1024_session,session_wide,parallel_candidate_runtime,steady,2,4,8192,32,0,8192,8192,922972242,0,588764508,2145827007,4314356399,3657563757,7971920156,908350715,916592044,916976173,0,0,0,0,0,0,0,0,0,0,0,0,0,0,0,0,0,0,0,0,0,391147520,0,0
persistent_sample,ring_1024_session,session_wide,parallel_candidate_runtime,steady,3,4,8192,32,0,8192,8192,923014904,0,591586734,2145654109,4322215591,3660255747,7982471338,913840972,913834480,918940395,0,0,0,0,0,0,0,0,0,0,0,0,0,0,0,0,0,0,0,0,0,391147520,0,0
persistent_sample,ring_1024_session,session_wide,parallel_candidate_runtime,steady,4,4,8192,32,0,8192,8192,919936289,0,575225216,2152976688,4325987869,3648138193,7974126062,911025247,910895188,924343989,0,0,0,0,0,0,0,0,0,0,0,0,0,0,0,0,0,0,0,0,0,391147520,0,0
persistent_sample,ring_1024_session,session_wide,parallel_candidate_runtime,steady,5,4,8192,32,0,8192,8192,921380433,0,588134960,2140478298,4327261470,3649993691,7977255161,912452378,914041415,914059330,0,0,0,0,0,0,0,0,0,0,0,0,0,0,0,0,0,0,0,0,0,391147520,0,0
persistent_sample,ring_1024_session,session_wide,parallel_candidate_runtime,steady,6,4,8192,32,0,8192,8192,919242531,0,587399512,2141793662,4328233082,3648435705,7976668787,909844595,912691380,916492597,0,0,0,0,0,0,0,0,0,0,0,0,0,0,0,0,0,0,0,0,0,391147520,0,0
persistent_sample,ring_1024_session,session_wide,parallel_candidate_runtime,steady,7,4,8192,32,0,8192,8192,925435077,0,586784125,2146261298,4324877922,3658480500,7983358422,918629506,910842780,918318816,0,0,0,0,0,0,0,0,0,0,0,0,0,0,0,0,0,0,0,0,0,391147520,0,0
persistent_sample,ring_1024_session,session_wide,parallel_candidate_runtime,steady,8,4,8192,32,0,8192,8192,921451332,0,586394512,2146651314,4316321039,3654497158,7970818197,910112301,914426072,916097656,0,0,0,0,0,0,0,0,0,0,0,0,0,0,0,0,0,0,0,0,0,391147520,0,0
persistent_sample,ring_1024_session,session_wide,parallel_candidate_runtime,steady,9,4,8192,32,0,8192,8192,921360404,0,580987458,2141481833,4315039403,3643829695,7958869098,906246292,911620118,914590357,0,0,0,0,0,0,0,0,0,0,0,0,0,0,0,0,0,0,0,0,0,391147520,0,0
persistent_sample,ring_1024_session,session_wide,parallel_candidate_runtime,steady,10,4,8192,32,0,8192,8192,925109982,0,582055658,2146907729,4329922753,3654073369,7983996122,912382473,911771152,919164963,0,0,0,0,0,0,0,0,0,0,0,0,0,0,0,0,0,0,0,0,0,391147520,0,0
persistent_sample,ring_1024_session,session_wide,parallel_candidate_runtime,steady,11,4,8192,32,0,8192,8192,918999366,0,584112313,2142182747,4330916356,3645294426,7976210782,907855676,910404907,917202696,0,0,0,0,0,0,0,0,0,0,0,0,0,0,0,0,0,0,0,0,0,391147520,0,0
persistent_sample,ring_1024_session,session_wide,parallel_candidate_runtime,steady,12,4,8192,32,0,8192,8192,923037989,0,594996944,2142686261,4324953354,3660721194,7985674548,919201955,915454940,918841821,0,0,0,0,0,0,0,0,0,0,0,0,0,0,0,0,0,0,0,0,0,391147520,0,0
persistent_sample,ring_1024_session,session_wide,parallel_candidate_runtime,steady,13,4,8192,32,0,8192,8192,919923425,0,592066206,2141693453,4320816644,3653683084,7974499728,920193005,909625861,916397128,0,0,0,0,0,0,0,0,0,0,0,0,0,0,0,0,0,0,0,0,0,391147520,0,0
persistent_sample,ring_1024_session,session_wide,parallel_candidate_runtime,steady,14,4,8192,32,0,8192,8192,921710051,0,589064011,2141712869,4341179978,3652486931,7993666909,913362551,912601756,917880648,0,0,0,0,0,0,0,0,0,0,0,0,0,0,0,0,0,0,0,0,0,391147520,0,0
persistent_sample,ring_1024_session,session_wide,parallel_candidate_runtime,steady,15,4,8192,32,0,8192,8192,919041248,0,587644116,2140718446,4325483706,3647403810,7972887516,911631134,911728160,912478083,0,0,0,0,0,0,0,0,0,0,0,0,0,0,0,0,0,0,0,0,0,391147520,0,0
persistent_sample,ring_1024_session,session_wide,parallel_candidate_runtime,steady,16,4,8192,32,0,8192,8192,920855232,0,575457306,2151441003,4337463965,3647753541,7985217506,900571756,913506738,921020587,0,0,0,0,0,0,0,0,0,0,0,0,0,0,0,0,0,0,0,0,0,391147520,0,0
persistent_sample,ring_1024_session,session_wide,parallel_candidate_runtime,steady,17,4,8192,32,0,8192,8192,934236887,0,593211673,2146313328,4312531989,3673761888,7986293877,925452969,917519432,920362011,0,0,0,0,0,0,0,0,0,0,0,0,0,0,0,0,0,0,0,0,0,391147520,0,0
persistent_sample,ring_1024_session,session_wide,parallel_candidate_runtime,steady,18,4,8192,32,0,8192,8192,918376396,0,589217373,2160541165,4357036438,3668134934,8025171372,906771088,922703593,922712760,0,0,0,0,0,0,0,0,0,0,0,0,0,0,0,0,0,0,0,0,0,391147520,0,0
persistent_sample,ring_1024_session,session_wide,parallel_candidate_runtime,steady,19,4,8192,32,0,8192,8192,934789363,0,589307629,2168024450,4338911819,3692121442,8031033261,924414494,922030167,926637716,0,0,0,0,0,0,0,0,0,0,0,0,0,0,0,0,0,0,0,0,0,391147520,0,0
persistent_sample,ring_1024_session,session_wide,parallel_candidate_runtime,steady,20,4,8192,32,0,8192,8192,922547848,0,585153273,2143989164,4330605386,3651690285,7982295671,909027362,913939039,916779502,0,0,0,0,0,0,0,0,0,0,0,0,0,0,0,0,0,0,0,0,0,391147520,0,0
persistent_summary,ring_1024_session,session_wide,parallel_candidate_runtime,3843345917,20,3643829695,3653683084,3675750290,3692121442,7982295671,2241.8816407733711,391147520,0,1.0519100394422713,1162888,0
persistent_sample,ring_1024_session,session_wide,gpu_inline_certified,cold,0,4,8192,0,0,8192,8192,1024075850,14077,1100720876,4323309238,0,6448120041,6448120041,1877852528,1508051800,1562915653,213571137,3515387,1,1,4,3,1,4,4,143369216,48571115,3477,17135929,211122916,17091039,210926527,9725437,552501,398046,29688919,423066796,728825856,469762048,0
persistent_sample,ring_1024_session,session_wide,gpu_inline_certified,steady,1,4,8192,0,0,8192,8192,905596567,0,928550264,4317985764,0,6152132595,6152132595,1501824596,1506038455,1639511712,0,0,0,0,4,4,0,4,4,97599886,67461515,0,0,314752230,0,314538816,16892367,633335,328563,10129154,420753214,728825856,469762048,0
persistent_sample,ring_1024_session,session_wide,gpu_inline_certified,steady,2,4,8192,0,0,8192,8192,910370330,0,935165284,4306057626,0,6151593240,6151593240,1502793692,1501225346,1653641825,0,0,0,0,4,4,0,4,4,98621807,68375310,0,0,319527211,0,319315552,16863703,584191,339044,10462248,420391770,728825856,469762048,0
persistent_sample,ring_1024_session,session_wide,gpu_inline_certified,steady,3,4,8192,0,0,8192,8192,900261096,0,913358366,4297972083,0,6111591545,6111591545,1618348556,1498685335,1500325046,0,0,0,0,4,4,0,4,4,97804314,67125426,0,0,303225564,0,303025405,12099434,671926,367899,10558979,421504824,729088000,469762048,0
persistent_sample,ring_1024_session,session_wide,gpu_inline_certified,steady,4,4,8192,0,0,8192,8192,901805106,0,1077259594,4301222103,0,6280286803,6280286803,1640661806,1505687930,1641230587,0,0,0,0,4,4,0,4,4,97372267,95357695,0,0,428368824,0,428163194,23815853,627382,322664,10199378,421195531,729088000,469762048,0
persistent_sample,ring_1024_session,session_wide,gpu_inline_certified,steady,5,4,8192,0,0,8192,8192,904915684,0,932128007,4295888823,0,6132932514,6132932514,1491004456,1500924114,1644536283,0,0,0,0,4,4,0,4,4,97401669,67729795,0,0,319313526,0,319117912,16779563,659304,335196,10141106,419767848,729088000,469762048,0
persistent_sample,ring_1024_session,session_wide,gpu_inline_certified,steady,6,4,8192,0,0,8192,8192,902362303,0,927778821,4299305533,0,6129446657,6129446657,1491984287,1508127652,1640661919,0,0,0,0,4,4,0,4,4,96934234,67113192,0,0,314842376,0,314633373,16859365,682468,362047,10713684,420271455,729088000,469762048,0
persistent_sample,ring_1024_session,session_wide,gpu_inline_certified,steady,7,4,8192,0,0,8192,8192,904515396,0,866068035,4301478417,0,6072061848,6072061848,1500160676,1502891506,1570759649,0,0,0,0,4,4,0,4,4,96648489,67659783,0,0,259800071,0,259617562,9702835,563381,352541,10357908,420983027,729088000,469762048,0
persistent_sample,ring_1024_session,session_wide,gpu_inline_certified,steady,8,4,8192,0,0,8192,8192,902077075,0,1054525999,4308848918,0,6265451992,6265451992,1638634712,1502798048,1624478130,0,0,0,0,4,4,0,4,4,97173047,94790982,0,0,412624890,0,412419934,16910402,690489,334494,10599318,421402377,729088000,469762048,0
persistent_sample,ring_1024_session,session_wide,gpu_inline_certified,steady,9,4,8192,0,0,8192,8192,901409269,0,936354701,4304277482,0,6142041452,6142041452,1491458471,1499021533,1655198984,0,0,0,0,4,4,0,4,4,96889288,67479567,0,0,322309135,0,322076540,16779894,565945,367167,10212613,421751092,729088000,469762048,0
persistent_sample,ring_1024_session,session_wide,gpu_inline_certified,steady,10,4,8192,0,0,8192,8192,902087952,0,870588354,4299424509,0,6072100815,6072100815,1494292634,1496977293,1584544727,0,0,0,0,4,4,0,4,4,97424431,39088186,0,0,285761671,0,285558331,16745698,544024,311202,10331598,420381544,729088000,469762048,0
persistent_sample,ring_1024_session,session_wide,gpu_inline_certified,steady,11,4,8192,0,0,8192,8192,910076953,0,872345019,4309837202,0,6092259174,6092259174,1500991786,1510687266,1576117709,0,0,0,0,4,4,0,4,4,97376114,67272514,0,0,260017485,0,259821689,9843363,542360,351478,10392555,426549150,729088000,469762048,0
persistent_sample,ring_1024_session,session_wide,gpu_inline_certified,steady,12,4,8192,0,0,8192,8192,904712238,0,882777485,4291924034,0,6079413757,6079413757,1496945047,1500355132,1588257977,0,0,0,0,4,4,0,4,4,96837519,67823372,0,0,275118192,0,274899775,9819826,602045,331909,10488486,421756136,729088000,469762048,0
persistent_sample,ring_1024_session,session_wide,gpu_inline_certified,steady,13,4,8192,0,0,8192,8192,906363090,0,986848184,4303605644,0,6196816918,6196816918,1595407848,1508181800,1601158939,0,0,0,0,4,4,0,4,4,98020062,95682564,0,0,349658275,0,349455128,9803607,669661,314015,10220397,422479603,729088000,469762048,0
persistent_sample,ring_1024_session,session_wide,gpu_inline_certified,steady,14,4,8192,0,0,8192,8192,904965544,0,935842288,4296683209,0,6137491041,6137491041,1496523831,1498866739,1646376960,0,0,0,0,4,4,0,4,4,97288954,67830504,0,0,320653669,0,320421568,17125000,611870,338304,10556326,421437661,729088000,469762048,0
persistent_sample,ring_1024_session,session_wide,gpu_inline_certified,steady,15,4,8192,0,0,8192,8192,900459639,0,924672369,4298221149,0,6123353157,6123353157,1492285993,1503202080,1635643294,0,0,0,0,4,4,0,4,4,97383715,67063219,0,0,315168289,0,314983676,12147528,610219,344484,10500440,421454475,729088000,469762048,0
persistent_sample,ring_1024_session,session_wide,gpu_inline_certified,steady,16,4,8192,0,0,8192,8192,905341279,0,935053082,4307653455,0,6148047816,6148047816,1499561535,1513152074,1642268657,0,0,0,0,4,4,0,4,4,98218591,67855935,0,0,319581905,0,319393950,17165604,613436,319187,10458701,420839723,729088000,469762048,0
persistent_sample,ring_1024_session,session_wide,gpu_inline_certified,steady,17,4,8192,0,0,8192,8192,903452647,0,873745095,4302028069,0,6079225811,6079225811,1496158565,1510762837,1578838248,0,0,0,0,4,4,0,4,4,96999276,39311339,0,0,286953462,0,286761727,16908859,553262,345497,10516098,422157302,729088000,469762048,0
persistent_sample,ring_1024_session,session_wide,gpu_inline_certified,steady,18,4,8192,0,0,8192,8192,909149724,0,873207573,4294163972,0,6076521269,6076521269,1496557671,1499811102,1582735991,0,0,0,0,4,4,0,4,4,97285389,67166284,0,0,266676674,0,266468831,9774571,576644,319827,10435226,420972958,729088000,469762048,0
persistent_sample,ring_1024_session,session_wide,gpu_inline_certified,steady,19,4,8192,0,0,8192,8192,902055855,0,938047282,4296099260,0,6136202397,6136202397,1494605177,1500819974,1646587312,0,0,0,0,4,4,0,4,4,97218403,67646163,0,0,322856083,0,322658491,16776769,569131,357600,11322971,421300162,729088000,469762048,0
persistent_sample,ring_1024_session,session_wide,gpu_inline_certified,steady,20,4,8192,0,0,8192,8192,902305549,0,932542247,4294767003,0,6129614799,6129614799,1638710561,1496176418,1498696721,0,0,0,0,4,4,0,4,4,96905065,67056555,0,0,321844491,0,321635773,14009453,615931,398086,10704567,421008099,729088000,469762048,0
persistent_summary,ring_1024_session,session_wide,gpu_inline_certified,6448120041,20,6072061848,6129614799,6265451992,6280286803,6129614799,1335.7394657938348,729088000,469762048,1.0519617059871302,6062342,0
persistent_sample,ring_1024_session,session_wide,gpu_candidate_runtime,cold,0,4,8192,0,0,8192,8192,1004198308,19106,1101314886,2136961981,4335218076,4242494281,8577712357,1319551047,977420362,985408025,201438237,3495017,1,1,4,3,1,4,4,146310905,49690506,2645,16842904,211371991,16803903,211178460,9882235,638003,411012,39250022,421981409,728674304,469762048,0
persistent_sample,ring_1024_session,session_wide,gpu_candidate_runtime,steady,1,4,8192,0,0,8192,8192,907284940,0,1047892061,2142124733,4327618949,4097301734,8424920683,1111322633,963552739,1065136288,0,0,0,0,4,4,0,4,4,97808582,96971661,0,0,408021724,0,407807364,12599715,662157,355417,10322370,421150435,728674304,469762048,0
persistent_sample,ring_1024_session,session_wide,gpu_candidate_runtime,steady,2,4,8192,0,0,8192,8192,908710256,0,1031804896,2144143096,4349550600,4084658248,8434208848,1072154146,974413672,1082614990,0,0,0,0,4,4,0,4,4,98396327,97400646,0,0,391742491,0,391540314,9815459,710981,341158,10483648,422914186,728674304,469762048,0
persistent_sample,ring_1024_session,session_wide,gpu_candidate_runtime,steady,3,4,8192,0,0,8192,8192,914531341,0,984556933,2137192009,4323077994,4036280283,8359358277,1044417355,963193577,1068821919,0,0,0,0,4,4,0,4,4,97967484,98396678,0,0,344274855,0,344054424,9709097,626359,347389,10357337,422877734,728674304,469762048,0
persistent_sample,ring_1024_session,session_wide,gpu_candidate_runtime,steady,4,4,8192,0,0,8192,8192,907894538,0,1023924735,2150661800,4349450346,4082481073,8431931419,1065957322,974021790,1086171344,0,0,0,0,4,4,0,4,4,101184111,97260491,0,0,380126665,0,379911523,9948442,606161,350767,10188457,424259641,728674304,469762048,0
persistent_sample,ring_1024_session,session_wide,gpu_candidate_runtime,steady,5,4,8192,0,0,8192,8192,906640687,0,986967782,2137892648,4325950195,4031501117,8357451312,1041075499,962397275,1069937877,0,0,0,0,4,4,0,4,4,97530552,97013341,0,0,344323846,0,344133784,9717343,623172,393898,10606431,426759199,728674304,469762048,0
persistent_sample,ring_1024_session,session_wide,gpu_candidate_runtime,steady,6,4,8192,0,0,8192,8192,912881338,0,1021155472,2147366078,4345652519,4081402888,8427055407,1062897817,973091533,1084117914,0,0,0,0,4,4,0,4,4,99454307,99356701,0,0,374961484,0,374724477,9730516,675753,338635,10461797,426176279,728674304,469762048,0
persistent_sample,ring_1024_session,session_wide,gpu_candidate_runtime,steady,7,4,8192,0,0,8192,8192,905912514,0,990117693,2138809521,4335915893,4034839728,8370755621,1038344204,966691339,1072386827,0,0,0,0,4,4,0,4,4,98577042,97049189,0,0,350153610,0,349948346,10071301,616941,381187,10346378,422922045,728674304,469762048,0
persistent_sample,ring_1024_session,session_wide,gpu_candidate_runtime,steady,8,4,8192,0,0,8192,8192,903771310,0,1000782548,2137276422,4336569861,4041830280,8378400141,1058683096,960206376,1065540148,0,0,0,0,4,4,0,4,4,97879157,97036835,0,0,362732607,0,362516380,9979388,669181,324729,10229945,421930706,728674304,469762048,0
persistent_sample,ring_1024_session,session_wide,gpu_candidate_runtime,steady,9,4,8192,0,0,8192,8192,913635833,0,1003410710,2145911480,4341772850,4062958023,8404730873,1070608162,970348766,1063184405,0,0,0,0,4,4,0,4,4,99308531,99801757,0,0,359105624,0,358901114,9940618,669421,336238,10279130,423969391,728674304,469762048,0
persistent_sample,ring_1024_session,session_wide,gpu_candidate_runtime,steady,10,4,8192,0,0,8192,8192,907899238,0,1003709586,2135759072,4332478482,4047367896,8379846378,1060948572,962938253,1064930721,0,0,0,0,4,4,0,4,4,97960611,96770220,0,0,364022182,0,363823739,9898287,620908,338013,10495479,423603886,728674304,469762048,0
persistent_sample,ring_1024_session,session_wide,gpu_candidate_runtime,steady,11,4,8192,0,0,8192,8192,910471131,0,996553436,2159266507,4347962752,4066291074,8414253826,1079868554,968562533,1058932770,0,0,0,0,4,4,0,4,4,99978402,97689887,0,0,352360200,0,352161916,9869520,705851,330079,10081823,425537674,728674304,469762048,0
persistent_sample,ring_1024_session,session_wide,gpu_candidate_runtime,steady,12,4,8192,0,0,8192,8192,904744268,0,1009633427,2135607553,4332729751,4049985248,8382714999,1057592967,962245288,1074301085,0,0,0,0,4,4,0,4,4,97254511,96405327,0,0,373837792,0,373611099,9809859,709114,322632,10577235,420716957,728674304,469762048,0
persistent_sample,ring_1024_session,session_wide,gpu_candidate_runtime,steady,13,4,8192,0,0,8192,8192,910108516,0,978843080,2145939125,4362857941,4034890721,8397748662,1075297357,966281445,1036613451,0,0,0,0,4,4,0,4,4,98779866,98426235,0,0,339668027,0,339481976,9821901,645155,335989,10227362,420938545,728674304,469762048,0
persistent_sample,ring_1024_session,session_wide,gpu_candidate_runtime,steady,14,4,8192,0,0,8192,8192,905435123,0,999365271,2153226481,4345113436,4058026875,8403140311,1064328171,968544085,1067106266,0,0,0,0,4,4,0,4,4,98173975,96611279,0,0,360451698,0,360252763,10015638,633664,345797,10664560,422468660,728674304,469762048,0
persistent_sample,ring_1024_session,session_wide,gpu_candidate_runtime,steady,15,4,8192,0,0,8192,8192,906613915,0,995969858,2139428514,4342012487,4042012287,8384024774,1057889290,965137728,1058940521,0,0,0,0,4,4,0,4,4,98568565,97275350,0,0,357101510,0,356890106,9921642,650677,351368,10656546,421444200,728674304,469762048,0
persistent_sample,ring_1024_session,session_wide,gpu_candidate_runtime,steady,16,4,8192,0,0,8192,8192,908724445,0,1011791211,2146061126,4341272512,4066576782,8407849294,1073190526,969086339,1068244763,0,0,0,0,4,4,0,4,4,98124222,97143358,0,0,373181987,0,372929783,9762507,676163,348751,10356958,422197265,728674304,469762048,0
persistent_sample,ring_1024_session,session_wide,gpu_candidate_runtime,steady,17,4,8192,0,0,8192,8192,908067732,0,1007931788,2140325631,4349233182,4056325151,8405558333,1057696998,967759192,1073292795,0,0,0,0,4,4,0,4,4,100009331,97708775,0,0,365630649,0,365403097,9778029,664231,351087,10305250,423484436,728674304,469762048,0
persistent_sample,ring_1024_session,session_wide,gpu_candidate_runtime,steady,18,4,8192,0,0,8192,8192,902485049,0,997481243,2144027367,4340159156,4043993659,8384152815,1044956354,964581870,1076507987,0,0,0,0,4,4,0,4,4,98488381,97300598,0,0,360453166,0,360221440,9958270,656918,365043,10391874,419866993,728674304,469762048,0
persistent_sample,ring_1024_session,session_wide,gpu_candidate_runtime,steady,19,4,8192,0,0,8192,8192,911541788,0,995845476,2150100732,4332200739,4057487996,8389688735,1054292603,972254658,1071380894,0,0,0,0,4,4,0,4,4,98961540,98340511,0,0,355717423,0,355464283,9845897,694468,363893,10260315,421661429,728674304,469762048,0
persistent_sample,ring_1024_session,session_wide,gpu_candidate_runtime,steady,20,4,8192,0,0,8192,8192,904305089,0,988452581,2138375719,4340862396,4031133389,8371995785,1065279689,963334550,1046864527,0,0,0,0,4,4,0,4,4,98002864,97363958,0,0,347850759,0,347658649,9633543,608655,341882,10311452,424339468,728674304,469762048,0
persistent_summary,ring_1024_session,session_wide,gpu_candidate_runtime,4242494281,20,4031133389,4049985248,4084658248,4097301734,8389688735,2019.5619668163038,728674304,469762048,1.0475332677063618,5694343,0
persistent_verdict,case_id,workload_class,lane,cpu_steady_median_ns,gpu_steady_median_ns,median_ratio,median_pass,cpu_steady_p95_ns,gpu_steady_p95_ns,p95_ratio,p95_pass,gpu_peak_bytes,memory_pass,technical_crossover_this_run,automatic_dispatch
persistent_verdict,tree_session_control,session_control,inline_certified,48040794,58063960,0.82737715443452353,fail,48710399,58607210,0.83113321722702715,fail,33554432,pass,ineligible,unauthorized
persistent_verdict,tree_session_control,session_control,candidate_runtime,31620256,41646874,0.75924680445403903,fail,32369797,42505735,0.7615395193142761,fail,33554432,pass,ineligible,unauthorized
persistent_verdict,grid_33_session,session_grid_medium,inline_certified,2644732577,2743240637,0.96409062381500443,fail,2652855582,2814427520,0.94259154415886326,fail,335544320,pass,fail,unauthorized
persistent_verdict,grid_33_session,session_grid_medium,candidate_runtime,1439836182,1552051903,0.9276984740116645,fail,1450817767,1666739714,0.8704525096592256,fail,335544320,pass,fail,unauthorized
persistent_verdict,grid_65_session,session_grid_large,inline_certified,6611653851,6768027018,0.9768953098762585,fail,6656980215,6788124936,0.98068027294187088,fail,738197504,pass,fail,unauthorized
persistent_verdict,grid_65_session,session_grid_large,candidate_runtime,2889364644,3193765071,0.90468916146525169,fail,2905838666,3298062919,0.88107435708991089,fail,738197504,pass,fail,unauthorized
persistent_verdict,ring_1024_session,session_wide,inline_certified,5800246009,6129614799,0.94626598884260493,fail,5818861252,6265451992,0.92872170426487566,fail,469762048,pass,fail,unauthorized
persistent_verdict,ring_1024_session,session_wide,candidate_runtime,3653683084,4049985248,0.90214725740156576,fail,3675750290,4084658248,0.89989175760292395,fail,469762048,pass,fail,unauthorized
completion,complete,cases=4,raw_sessions=320,raw_prefixes=1280,persistent_samples=336,failures=0,records_before_completion=1839,completed_utc=2026-08-19T07:17:27Z,fingerprint=v1-ed8f9d3513c8e8fe4dab9c51d2bc44c1
