case,policy,refinement,repetition,pass,points,attempts,rejects,solves,doubling,voltage_error,current_error,voltage_limit,current_limit,seconds
rc_a0.0001_t9.9999999999999995e-07_b0,0,0,0,0,123,136,14,1162,136,2.8672536370093156e-07,0,2.1999999999999998e-07,0,0.00065557400000000002
rc_a0.0001_t9.9999999999999995e-07_b0,0,0,1,0,123,136,14,1162,136,2.8672536370093156e-07,0,2.1999999999999998e-07,0,0.000641367
rc_a0.0001_t9.9999999999999995e-07_b0,0,0,2,0,123,136,14,1162,136,2.8672536370093156e-07,0,2.1999999999999998e-07,0,0.00063966399999999997
rc_a0.0001_t9.9999999999999995e-07_b0,0,0,3,0,123,136,14,1162,136,2.8672536370093156e-07,0,2.1999999999999998e-07,0,0.00063287100000000002
rc_a0.0001_t9.9999999999999995e-07_b0,0,0,4,0,123,136,14,1162,136,2.8672536370093156e-07,0,2.1999999999999998e-07,0,0.00061382500000000003
rc_a0.0001_t9.9999999999999995e-07_b0,0,0,5,0,123,136,14,1162,136,2.8672536370093156e-07,0,2.1999999999999998e-07,0,0.00058946900000000002
rc_a0.0001_t9.9999999999999995e-07_b0,0,0,6,0,123,136,14,1162,136,2.8672536370093156e-07,0,2.1999999999999998e-07,0,0.00062817199999999998
rc_a0.0001_t9.9999999999999995e-07_b0,0,0,7,0,123,136,14,1162,136,2.8672536370093156e-07,0,2.1999999999999998e-07,0,0.00059456799999999996
rc_a0.0001_t9.9999999999999995e-07_b0,0,0,8,0,123,136,14,1162,136,2.8672536370093156e-07,0,2.1999999999999998e-07,0,0.00062824199999999999
rc_a0.0001_t9.9999999999999995e-07_b0,0,0,9,0,123,136,14,1162,136,2.8672536370093156e-07,0,2.1999999999999998e-07,0,0.00061440599999999996
rc_a0.0001_t9.9999999999999995e-07_b0,0,0,10,0,123,136,14,1162,136,2.8672536370093156e-07,0,2.1999999999999998e-07,0,0.00061039899999999997
rc_a0.0001_t9.9999999999999995e-07_b0,0,1,0,1,2564,2564,1,19526,2564,1.289995376068401e-07,0,2.1999999999999998e-07,0,0.010264835999999999
rc_a0.0001_t9.9999999999999995e-07_b0,0,1,1,1,2564,2564,1,19526,2564,1.289995376068401e-07,0,2.1999999999999998e-07,0,0.01010902
rc_a0.0001_t9.9999999999999995e-07_b0,0,1,2,1,2564,2564,1,19526,2564,1.289995376068401e-07,0,2.1999999999999998e-07,0,0.010084383000000001
rc_a0.0001_t9.9999999999999995e-07_b0,0,1,3,1,2564,2564,1,19526,2564,1.289995376068401e-07,0,2.1999999999999998e-07,0,0.010079284000000001
rc_a0.0001_t9.9999999999999995e-07_b0,0,1,4,1,2564,2564,1,19526,2564,1.289995376068401e-07,0,2.1999999999999998e-07,0,0.010074454
rc_a0.0001_t9.9999999999999995e-07_b0,0,1,5,1,2564,2564,1,19526,2564,1.289995376068401e-07,0,2.1999999999999998e-07,0,0.010071577999999999
rc_a0.0001_t9.9999999999999995e-07_b0,0,1,6,1,2564,2564,1,19526,2564,1.289995376068401e-07,0,2.1999999999999998e-07,0,0.010066749
rc_a0.0001_t9.9999999999999995e-07_b0,0,1,7,1,2564,2564,1,19526,2564,1.289995376068401e-07,0,2.1999999999999998e-07,0,0.010003428999999999
rc_a0.0001_t9.9999999999999995e-07_b0,0,1,8,1,2564,2564,1,19526,2564,1.289995376068401e-07,0,2.1999999999999998e-07,0,0.01008304
rc_a0.0001_t9.9999999999999995e-07_b0,0,1,9,1,2564,2564,1,19526,2564,1.289995376068401e-07,0,2.1999999999999998e-07,0,0.010037344
rc_a0.0001_t9.9999999999999995e-07_b0,0,1,10,1,2564,2564,1,19526,2564,1.289995376068401e-07,0,2.1999999999999998e-07,0,0.010022816
rc_a0.0001_t9.9999999999999995e-07_b0,1,0,0,0,125,138,14,652,44,2.6922822675205557e-07,0,2.1999999999999998e-07,0,0.00040196299999999997
rc_a0.0001_t9.9999999999999995e-07_b0,1,0,1,0,125,138,14,652,44,2.6922822675205557e-07,0,2.1999999999999998e-07,0,0.00039055099999999999
rc_a0.0001_t9.9999999999999995e-07_b0,1,0,2,0,125,138,14,652,44,2.6922822675205557e-07,0,2.1999999999999998e-07,0,0.00037153499999999999
rc_a0.0001_t9.9999999999999995e-07_b0,1,0,3,0,125,138,14,652,44,2.6922822675205557e-07,0,2.1999999999999998e-07,0,0.00038879799999999999
rc_a0.0001_t9.9999999999999995e-07_b0,1,0,4,0,125,138,14,652,44,2.6922822675205557e-07,0,2.1999999999999998e-07,0,0.000372166
rc_a0.0001_t9.9999999999999995e-07_b0,1,0,5,0,125,138,14,652,44,2.6922822675205557e-07,0,2.1999999999999998e-07,0,0.00039031999999999999
rc_a0.0001_t9.9999999999999995e-07_b0,1,0,6,0,125,138,14,652,44,2.6922822675205557e-07,0,2.1999999999999998e-07,0,0.00038922799999999998
rc_a0.0001_t9.9999999999999995e-07_b0,1,0,7,0,125,138,14,652,44,2.6922822675205557e-07,0,2.1999999999999998e-07,0,0.00038057199999999997
rc_a0.0001_t9.9999999999999995e-07_b0,1,0,8,0,125,138,14,652,44,2.6922822675205557e-07,0,2.1999999999999998e-07,0,0.00040892599999999999
rc_a0.0001_t9.9999999999999995e-07_b0,1,0,9,0,125,138,14,652,44,2.6922822675205557e-07,0,2.1999999999999998e-07,0,0.00039726399999999998
rc_a0.0001_t9.9999999999999995e-07_b0,1,0,10,0,125,138,14,652,44,2.6922822675205557e-07,0,2.1999999999999998e-07,0,0.00039550099999999998
rc_a0.0001_t9.9999999999999995e-07_b0,1,1,0,1,2564,2564,1,7130,102,1.2899953760707049e-07,0,2.1999999999999998e-07,0,0.004184213
rc_a0.0001_t9.9999999999999995e-07_b0,1,1,1,1,2564,2564,1,7130,102,1.2899953760707049e-07,0,2.1999999999999998e-07,0,0.0042362220000000004
rc_a0.0001_t9.9999999999999995e-07_b0,1,1,2,1,2564,2564,1,7130,102,1.2899953760707049e-07,0,2.1999999999999998e-07,0,0.0041816580000000004
rc_a0.0001_t9.9999999999999995e-07_b0,1,1,3,1,2564,2564,1,7130,102,1.2899953760707049e-07,0,2.1999999999999998e-07,0,0.0042464010000000003
rc_a0.0001_t9.9999999999999995e-07_b0,1,1,4,1,2564,2564,1,7130,102,1.2899953760707049e-07,0,2.1999999999999998e-07,0,0.0042564999999999999
rc_a0.0001_t9.9999999999999995e-07_b0,1,1,5,1,2564,2564,1,7130,102,1.2899953760707049e-07,0,2.1999999999999998e-07,0,0.0042292479999999997
rc_a0.0001_t9.9999999999999995e-07_b0,1,1,6,1,2564,2564,1,7130,102,1.2899953760707049e-07,0,2.1999999999999998e-07,0,0.0042507489999999998
rc_a0.0001_t9.9999999999999995e-07_b0,1,1,7,1,2564,2564,1,7130,102,1.2899953760707049e-07,0,2.1999999999999998e-07,0,0.0044697139999999996
rc_a0.0001_t9.9999999999999995e-07_b0,1,1,8,1,2564,2564,1,7130,102,1.2899953760707049e-07,0,2.1999999999999998e-07,0,0.0042376139999999998
rc_a0.0001_t9.9999999999999995e-07_b0,1,1,9,1,2564,2564,1,7130,102,1.2899953760707049e-07,0,2.1999999999999998e-07,0,0.0042592350000000001
rc_a0.0001_t9.9999999999999995e-07_b0,1,1,10,1,2564,2564,1,7130,102,1.2899953760707049e-07,0,2.1999999999999998e-07,0,0.0042659380000000004
rc_a0.0001_t9.9999999999999995e-07_b400,0,0,0,0,123,136,14,1162,136,2.8712489153815725e-07,0,2.1999999999999998e-07,0,0.00063890300000000002
rc_a0.0001_t9.9999999999999995e-07_b400,0,0,1,0,123,136,14,1162,136,2.8712489153815725e-07,0,2.1999999999999998e-07,0,0.00063857200000000001
rc_a0.0001_t9.9999999999999995e-07_b400,0,0,2,0,123,136,14,1162,136,2.8712489153815725e-07,0,2.1999999999999998e-07,0,0.00061384500000000002
rc_a0.0001_t9.9999999999999995e-07_b400,0,0,3,0,123,136,14,1162,136,2.8712489153815725e-07,0,2.1999999999999998e-07,0,0.00060984799999999997
rc_a0.0001_t9.9999999999999995e-07_b400,0,0,4,0,123,136,14,1162,136,2.8712489153815725e-07,0,2.1999999999999998e-07,0,0.00062767200000000002
rc_a0.0001_t9.9999999999999995e-07_b400,0,0,5,0,123,136,14,1162,136,2.8712489153815725e-07,0,2.1999999999999998e-07,0,0.00061841399999999996
rc_a0.0001_t9.9999999999999995e-07_b400,0,0,6,0,123,136,14,1162,136,2.8712489153815725e-07,0,2.1999999999999998e-07,0,0.00060881599999999998
rc_a0.0001_t9.9999999999999995e-07_b400,0,0,7,0,123,136,14,1162,136,2.8712489153815725e-07,0,2.1999999999999998e-07,0,0.00060822399999999998
rc_a0.0001_t9.9999999999999995e-07_b400,0,0,8,0,123,136,14,1162,136,2.8712489153815725e-07,0,2.1999999999999998e-07,0,0.00062477599999999996
rc_a0.0001_t9.9999999999999995e-07_b400,0,0,9,0,123,136,14,1162,136,2.8712489153815725e-07,0,2.1999999999999998e-07,0,0.00060831500000000001
rc_a0.0001_t9.9999999999999995e-07_b400,0,0,10,0,123,136,14,1162,136,2.8712489153815725e-07,0,2.1999999999999998e-07,0,0.00062153999999999996
rc_a0.0001_t9.9999999999999995e-07_b400,0,1,0,1,2564,2564,1,19526,2564,1.2939741978474219e-07,0,2.1999999999999998e-07,0,0.01006203
rc_a0.0001_t9.9999999999999995e-07_b400,0,1,1,1,2564,2564,1,19526,2564,1.2939741978474219e-07,0,2.1999999999999998e-07,0,0.010128697000000001
rc_a0.0001_t9.9999999999999995e-07_b400,0,1,2,1,2564,2564,1,19526,2564,1.2939741978474219e-07,0,2.1999999999999998e-07,0,0.010036823
rc_a0.0001_t9.9999999999999995e-07_b400,0,1,3,1,2564,2564,1,19526,2564,1.2939741978474219e-07,0,2.1999999999999998e-07,0,0.010073802999999999
rc_a0.0001_t9.9999999999999995e-07_b400,0,1,4,1,2564,2564,1,19526,2564,1.2939741978474219e-07,0,2.1999999999999998e-07,0,0.01014022
rc_a0.0001_t9.9999999999999995e-07_b400,0,1,5,1,2564,2564,1,19526,2564,1.2939741978474219e-07,0,2.1999999999999998e-07,0,0.010106614999999999
rc_a0.0001_t9.9999999999999995e-07_b400,0,1,6,1,2564,2564,1,19526,2564,1.2939741978474219e-07,0,2.1999999999999998e-07,0,0.010055837999999999
rc_a0.0001_t9.9999999999999995e-07_b400,0,1,7,1,2564,2564,1,19526,2564,1.2939741978474219e-07,0,2.1999999999999998e-07,0,0.010099331
rc_a0.0001_t9.9999999999999995e-07_b400,0,1,8,1,2564,2564,1,19526,2564,1.2939741978474219e-07,0,2.1999999999999998e-07,0,0.010049466
rc_a0.0001_t9.9999999999999995e-07_b400,0,1,9,1,2564,2564,1,19526,2564,1.2939741978474219e-07,0,2.1999999999999998e-07,0,0.010074925
rc_a0.0001_t9.9999999999999995e-07_b400,0,1,10,1,2564,2564,1,19526,2564,1.2939741978474219e-07,0,2.1999999999999998e-07,0,0.0099976279999999997
rc_a0.0001_t9.9999999999999995e-07_b400,1,0,0,0,125,138,14,652,44,2.6962793469979558e-07,0,2.1999999999999998e-07,0,0.000398587
rc_a0.0001_t9.9999999999999995e-07_b400,1,0,1,0,125,138,14,652,44,2.6962793469979558e-07,0,2.1999999999999998e-07,0,0.00037431999999999998
rc_a0.0001_t9.9999999999999995e-07_b400,1,0,2,0,125,138,14,652,44,2.6962793469979558e-07,0,2.1999999999999998e-07,0,0.00039429899999999997
rc_a0.0001_t9.9999999999999995e-07_b400,1,0,3,0,125,138,14,652,44,2.6962793469979558e-07,0,2.1999999999999998e-07,0,0.000401562
rc_a0.0001_t9.9999999999999995e-07_b400,1,0,4,0,125,138,14,652,44,2.6962793469979558e-07,0,2.1999999999999998e-07,0,0.00037133499999999998
rc_a0.0001_t9.9999999999999995e-07_b400,1,0,5,0,125,138,14,652,44,2.6962793469979558e-07,0,2.1999999999999998e-07,0,0.00037273800000000001
rc_a0.0001_t9.9999999999999995e-07_b400,1,0,6,0,125,138,14,652,44,2.6962793469979558e-07,0,2.1999999999999998e-07,0,0.00039302599999999999
rc_a0.0001_t9.9999999999999995e-07_b400,1,0,7,0,125,138,14,652,44,2.6962793469979558e-07,0,2.1999999999999998e-07,0,0.00039594199999999998
rc_a0.0001_t9.9999999999999995e-07_b400,1,0,8,0,125,138,14,652,44,2.6962793469979558e-07,0,2.1999999999999998e-07,0,0.00039258499999999998
rc_a0.0001_t9.9999999999999995e-07_b400,1,0,9,0,125,138,14,652,44,2.6962793469979558e-07,0,2.1999999999999998e-07,0,0.000373519
rc_a0.0001_t9.9999999999999995e-07_b400,1,0,10,0,125,138,14,652,44,2.6962793469979558e-07,0,2.1999999999999998e-07,0,0.00037133499999999998
rc_a0.0001_t9.9999999999999995e-07_b400,1,1,0,1,2564,2564,1,7130,102,1.2939741978474219e-07,0,2.1999999999999998e-07,0,0.004237574
rc_a0.0001_t9.9999999999999995e-07_b400,1,1,1,1,2564,2564,1,7130,102,1.2939741978474219e-07,0,2.1999999999999998e-07,0,0.0042295589999999999
rc_a0.0001_t9.9999999999999995e-07_b400,1,1,2,1,2564,2564,1,7130,102,1.2939741978474219e-07,0,2.1999999999999998e-07,0,0.0042775399999999998
rc_a0.0001_t9.9999999999999995e-07_b400,1,1,3,1,2564,2564,1,7130,102,1.2939741978474219e-07,0,2.1999999999999998e-07,0,0.004213479
rc_a0.0001_t9.9999999999999995e-07_b400,1,1,4,1,2564,2564,1,7130,102,1.2939741978474219e-07,0,2.1999999999999998e-07,0,0.0043076260000000002
rc_a0.0001_t9.9999999999999995e-07_b400,1,1,5,1,2564,2564,1,7130,102,1.2939741978474219e-07,0,2.1999999999999998e-07,0,0.0042240289999999998
rc_a0.0001_t9.9999999999999995e-07_b400,1,1,6,1,2564,2564,1,7130,102,1.2939741978474219e-07,0,2.1999999999999998e-07,0,0.0042304500000000002
rc_a0.0001_t9.9999999999999995e-07_b400,1,1,7,1,2564,2564,1,7130,102,1.2939741978474219e-07,0,2.1999999999999998e-07,0,0.0041940520000000002
rc_a0.0001_t9.9999999999999995e-07_b400,1,1,8,1,2564,2564,1,7130,102,1.2939741978474219e-07,0,2.1999999999999998e-07,0,0.0042683929999999997
rc_a0.0001_t9.9999999999999995e-07_b400,1,1,9,1,2564,2564,1,7130,102,1.2939741978474219e-07,0,2.1999999999999998e-07,0,0.0042828600000000003
rc_a0.0001_t9.9999999999999995e-07_b400,1,1,10,1,2564,2564,1,7130,102,1.2939741978474219e-07,0,2.1999999999999998e-07,0,0.0042277249999999999
rc_a1_t1.0000000000000001e-09_b0,0,0,0,0,256,289,34,2598,289,0.00033018648741056644,0,0.00020020000000000001,0,0.0013488110000000001
rc_a1_t1.0000000000000001e-09_b0,0,0,1,0,256,289,34,2598,289,0.00033018648741056644,0,0.00020020000000000001,0,0.0013943460000000001
rc_a1_t1.0000000000000001e-09_b0,0,0,2,0,256,289,34,2598,289,0.00033018648741056644,0,0.00020020000000000001,0,0.0013159879999999999
rc_a1_t1.0000000000000001e-09_b0,0,0,3,0,256,289,34,2598,289,0.00033018648741056644,0,0.00020020000000000001,0,0.0013170390000000001
rc_a1_t1.0000000000000001e-09_b0,0,0,4,0,256,289,34,2598,289,0.00033018648741056644,0,0.00020020000000000001,0,0.001343
rc_a1_t1.0000000000000001e-09_b0,0,0,5,0,256,289,34,2598,289,0.00033018648741056644,0,0.00020020000000000001,0,0.001359851
rc_a1_t1.0000000000000001e-09_b0,0,0,6,0,256,289,34,2598,289,0.00033018648741056644,0,0.00020020000000000001,0,0.0013034539999999999
rc_a1_t1.0000000000000001e-09_b0,0,0,7,0,256,289,34,2598,289,0.00033018648741056644,0,0.00020020000000000001,0,0.001369941
rc_a1_t1.0000000000000001e-09_b0,0,0,8,0,256,289,34,2598,289,0.00033018648741056644,0,0.00020020000000000001,0,0.0013211379999999999
rc_a1_t1.0000000000000001e-09_b0,0,0,9,0,256,289,34,2598,289,0.00033018648741056644,0,0.00020020000000000001,0,0.0013066099999999999
rc_a1_t1.0000000000000001e-09_b0,0,0,10,0,256,289,34,2598,289,0.00033018648741056644,0,0.00020020000000000001,0,0.0013392619999999999
rc_a1_t1.0000000000000001e-09_b0,0,1,0,1,2590,2603,14,22819,2603,0.0001304019254643185,0,0.00020020000000000001,0,0.011478759999999999
rc_a1_t1.0000000000000001e-09_b0,0,1,1,1,2590,2603,14,22819,2603,0.0001304019254643185,0,0.00020020000000000001,0,0.011847480000000001
rc_a1_t1.0000000000000001e-09_b0,0,1,2,1,2590,2603,14,22819,2603,0.0001304019254643185,0,0.00020020000000000001,0,0.011479581000000001
rc_a1_t1.0000000000000001e-09_b0,0,1,3,1,2590,2603,14,22819,2603,0.0001304019254643185,0,0.00020020000000000001,0,0.011503556999999999
rc_a1_t1.0000000000000001e-09_b0,0,1,4,1,2590,2603,14,22819,2603,0.0001304019254643185,0,0.00020020000000000001,0,0.011557199000000001
rc_a1_t1.0000000000000001e-09_b0,0,1,5,1,2590,2603,14,22819,2603,0.0001304019254643185,0,0.00020020000000000001,0,0.011582106
rc_a1_t1.0000000000000001e-09_b0,0,1,6,1,2590,2603,14,22819,2603,0.0001304019254643185,0,0.00020020000000000001,0,0.011485934
rc_a1_t1.0000000000000001e-09_b0,0,1,7,1,2590,2603,14,22819,2603,0.0001304019254643185,0,0.00020020000000000001,0,0.011465885
rc_a1_t1.0000000000000001e-09_b0,0,1,8,1,2590,2603,14,22819,2603,0.0001304019254643185,0,0.00020020000000000001,0,0.011451207999999999
rc_a1_t1.0000000000000001e-09_b0,0,1,9,1,2590,2603,14,22819,2603,0.0001304019254643185,0,0.00020020000000000001,0,0.011496263
rc_a1_t1.0000000000000001e-09_b0,0,1,10,1,2590,2603,14,22819,2603,0.0001304019254643185,0,0.00020020000000000001,0,0.011432973000000001
rc_a1_t1.0000000000000001e-09_b0,1,0,0,0,267,300,34,1354,76,0.00030988131527165397,0,0.00020020000000000001,0,0.00079874600000000003
rc_a1_t1.0000000000000001e-09_b0,1,0,1,0,267,300,34,1354,76,0.00030988131527165397,0,0.00020020000000000001,0,0.00077706499999999996
rc_a1_t1.0000000000000001e-09_b0,1,0,2,0,267,300,34,1354,76,0.00030988131527165397,0,0.00020020000000000001,0,0.000759302
rc_a1_t1.0000000000000001e-09_b0,1,0,3,0,267,300,34,1354,76,0.00030988131527165397,0,0.00020020000000000001,0,0.00077571300000000003
rc_a1_t1.0000000000000001e-09_b0,1,0,4,0,267,300,34,1354,76,0.00030988131527165397,0,0.00020020000000000001,0,0.00077186500000000005
rc_a1_t1.0000000000000001e-09_b0,1,0,5,0,267,300,34,1354,76,0.00030988131527165397,0,0.00020020000000000001,0,0.00074766999999999998
rc_a1_t1.0000000000000001e-09_b0,1,0,6,0,267,300,34,1354,76,0.00030988131527165397,0,0.00020020000000000001,0,0.000757298
rc_a1_t1.0000000000000001e-09_b0,1,0,7,0,267,300,34,1354,76,0.00030988131527165397,0,0.00020020000000000001,0,0.00077159500000000003
rc_a1_t1.0000000000000001e-09_b0,1,0,8,0,267,300,34,1354,76,0.00030988131527165397,0,0.00020020000000000001,0,0.00076375
rc_a1_t1.0000000000000001e-09_b0,1,0,9,0,267,300,34,1354,76,0.00030988131527165397,0,0.00020020000000000001,0,0.00075874000000000004
rc_a1_t1.0000000000000001e-09_b0,1,0,10,0,267,300,34,1354,76,0.00030988131527165397,0,0.00020020000000000001,0,0.00082669000000000004
rc_a1_t1.0000000000000001e-09_b0,1,1,0,1,2594,2607,14,8395,127,0.00013050607087350397,0,0.00020020000000000001,0,0.0048450580000000002
rc_a1_t1.0000000000000001e-09_b0,1,1,1,1,2594,2607,14,8395,127,0.00013050607087350397,0,0.00020020000000000001,0,0.0048827779999999999
rc_a1_t1.0000000000000001e-09_b0,1,1,2,1,2594,2607,14,8395,127,0.00013050607087350397,0,0.00020020000000000001,0,0.0047561089999999997
rc_a1_t1.0000000000000001e-09_b0,1,1,3,1,2594,2607,14,8395,127,0.00013050607087350397,0,0.00020020000000000001,0,0.004700203
rc_a1_t1.0000000000000001e-09_b0,1,1,4,1,2594,2607,14,8395,127,0.00013050607087350397,0,0.00020020000000000001,0,0.0048701940000000004
rc_a1_t1.0000000000000001e-09_b0,1,1,5,1,2594,2607,14,8395,127,0.00013050607087350397,0,0.00020020000000000001,0,0.0047656260000000002
rc_a1_t1.0000000000000001e-09_b0,1,1,6,1,2594,2607,14,8395,127,0.00013050607087350397,0,0.00020020000000000001,0,0.0047525110000000001
rc_a1_t1.0000000000000001e-09_b0,1,1,7,1,2594,2607,14,8395,127,0.00013050607087350397,0,0.00020020000000000001,0,0.004892998
rc_a1_t1.0000000000000001e-09_b0,1,1,8,1,2594,2607,14,8395,127,0.00013050607087350397,0,0.00020020000000000001,0,0.0048419910000000004
rc_a1_t1.0000000000000001e-09_b0,1,1,9,1,2594,2607,14,8395,127,0.00013050607087350397,0,0.00020020000000000001,0,0.0048281649999999997
rc_a1_t1.0000000000000001e-09_b0,1,1,10,1,2594,2607,14,8395,127,0.00013050607087350397,0,0.00020020000000000001,0,0.0048504079999999996
rc_a1_t0.001_b0,0,0,0,0,256,289,34,2598,289,0.00033018648739502332,0,0.00020020000000000001,0,0.0013511549999999999
rc_a1_t0.001_b0,0,0,1,0,256,289,34,2598,289,0.00033018648739502332,0,0.00020020000000000001,0,0.0013348940000000001
rc_a1_t0.001_b0,0,0,2,0,256,289,34,2598,289,0.00033018648739502332,0,0.00020020000000000001,0,0.0013487099999999999
rc_a1_t0.001_b0,0,0,3,0,256,289,34,2598,289,0.00033018648739502332,0,0.00020020000000000001,0,0.0014107779999999999
rc_a1_t0.001_b0,0,0,4,0,256,289,34,2598,289,0.00033018648739502332,0,0.00020020000000000001,0,0.0013233120000000001
rc_a1_t0.001_b0,0,0,5,0,256,289,34,2598,289,0.00033018648739502332,0,0.00020020000000000001,0,0.001355212
rc_a1_t0.001_b0,0,0,6,0,256,289,34,2598,289,0.00033018648739502332,0,0.00020020000000000001,0,0.001304176
rc_a1_t0.001_b0,0,0,7,0,256,289,34,2598,289,0.00033018648739502332,0,0.00020020000000000001,0,0.0013302749999999999
rc_a1_t0.001_b0,0,0,8,0,256,289,34,2598,289,0.00033018648739502332,0,0.00020020000000000001,0,0.001325987
rc_a1_t0.001_b0,0,0,9,0,256,289,34,2598,289,0.00033018648739502332,0,0.00020020000000000001,0,0.0015062999999999999
rc_a1_t0.001_b0,0,0,10,0,256,289,34,2598,289,0.00033018648739502332,0,0.00020020000000000001,0,0.0015171500000000001
rc_a1_t0.001_b0,0,1,0,1,2590,2603,14,22819,2603,0.00013040192545688001,0,0.00020020000000000001,0,0.012432029000000001
rc_a1_t0.001_b0,0,1,1,1,2590,2603,14,22819,2603,0.00013040192545688001,0,0.00020020000000000001,0,0.012829633999999999
rc_a1_t0.001_b0,0,1,2,1,2590,2603,14,22819,2603,0.00013040192545688001,0,0.00020020000000000001,0,0.012162017000000001
rc_a1_t0.001_b0,0,1,3,1,2590,2603,14,22819,2603,0.00013040192545688001,0,0.00020020000000000001,0,0.01259536
rc_a1_t0.001_b0,0,1,4,1,2590,2603,14,22819,2603,0.00013040192545688001,0,0.00020020000000000001,0,0.012468899
rc_a1_t0.001_b0,0,1,5,1,2590,2603,14,22819,2603,0.00013040192545688001,0,0.00020020000000000001,0,0.011959833
rc_a1_t0.001_b0,0,1,6,1,2590,2603,14,22819,2603,0.00013040192545688001,0,0.00020020000000000001,0,0.011461928
rc_a1_t0.001_b0,0,1,7,1,2590,2603,14,22819,2603,0.00013040192545688001,0,0.00020020000000000001,0,0.011519658
rc_a1_t0.001_b0,0,1,8,1,2590,2603,14,22819,2603,0.00013040192545688001,0,0.00020020000000000001,0,0.011572608
rc_a1_t0.001_b0,0,1,9,1,2590,2603,14,22819,2603,0.00013040192545688001,0,0.00020020000000000001,0,0.011505711
rc_a1_t0.001_b0,0,1,10,1,2590,2603,14,22819,2603,0.00013040192545688001,0,0.00020020000000000001,0,0.011428473999999999
rc_a1_t0.001_b0,1,0,0,0,267,300,34,1354,76,0.00030988131525477858,0,0.00020020000000000001,0,0.00081130999999999998
rc_a1_t0.001_b0,1,0,1,0,267,300,34,1354,76,0.00030988131525477858,0,0.00020020000000000001,0,0.00076099499999999999
rc_a1_t0.001_b0,1,0,2,0,267,300,34,1354,76,0.00030988131525477858,0,0.00020020000000000001,0,0.00078987899999999995
rc_a1_t0.001_b0,1,0,3,0,267,300,34,1354,76,0.00030988131525477858,0,0.00020020000000000001,0,0.00075962200000000005
rc_a1_t0.001_b0,1,0,4,0,267,300,34,1354,76,0.00030988131525477858,0,0.00020020000000000001,0,0.00077970999999999997
rc_a1_t0.001_b0,1,0,5,0,267,300,34,1354,76,0.00030988131525477858,0,0.00020020000000000001,0,0.00077565299999999995
rc_a1_t0.001_b0,1,0,6,0,267,300,34,1354,76,0.00030988131525477858,0,0.00020020000000000001,0,0.00078071200000000003
rc_a1_t0.001_b0,1,0,7,0,267,300,34,1354,76,0.00030988131525477858,0,0.00020020000000000001,0,0.00077134399999999998
rc_a1_t0.001_b0,1,0,8,0,267,300,34,1354,76,0.00030988131525477858,0,0.00020020000000000001,0,0.00080886499999999997
rc_a1_t0.001_b0,1,0,9,0,267,300,34,1354,76,0.00030988131525477858,0,0.00020020000000000001,0,0.00078607199999999996
rc_a1_t0.001_b0,1,0,10,0,267,300,34,1354,76,0.00030988131525477858,0,0.00020020000000000001,0,0.00076382999999999996
rc_a1_t0.001_b0,1,1,0,1,2594,2607,14,8395,127,0.00013050607086795285,0,0.00020020000000000001,0,0.0048235659999999996
rc_a1_t0.001_b0,1,1,1,1,2594,2607,14,8395,127,0.00013050607086795285,0,0.00020020000000000001,0,0.0048328240000000003
rc_a1_t0.001_b0,1,1,2,1,2594,2607,14,8395,127,0.00013050607086795285,0,0.00020020000000000001,0,0.0048107419999999998
rc_a1_t0.001_b0,1,1,3,1,2594,2607,14,8395,127,0.00013050607086795285,0,0.00020020000000000001,0,0.0048053519999999997
rc_a1_t0.001_b0,1,1,4,1,2594,2607,14,8395,127,0.00013050607086795285,0,0.00020020000000000001,0,0.0048040490000000003
rc_a1_t0.001_b0,1,1,5,1,2594,2607,14,8395,127,0.00013050607086795285,0,0.00020020000000000001,0,0.0047899930000000002
rc_a1_t0.001_b0,1,1,6,1,2594,2607,14,8395,127,0.00013050607086795285,0,0.00020020000000000001,0,0.0049064740000000001
rc_a1_t0.001_b0,1,1,7,1,2594,2607,14,8395,127,0.00013050607086795285,0,0.00020020000000000001,0,0.0048728399999999998
rc_a1_t0.001_b0,1,1,8,1,2594,2607,14,8395,127,0.00013050607086795285,0,0.00020020000000000001,0,0.0048508079999999999
rc_a1_t0.001_b0,1,1,9,1,2594,2607,14,8395,127,0.00013050607086795285,0,0.00020020000000000001,0,0.0048517500000000002
rc_a1_t0.001_b0,1,1,10,1,2594,2607,14,8395,127,0.00013050607086795285,0,0.00020020000000000001,0,0.0048381040000000002
rc_a1_t1_b0,0,0,0,0,256,289,34,2598,289,0.00033018648738569745,0,0.00020020000000000001,0,0.001317541
rc_a1_t1_b0,0,0,1,0,256,289,34,2598,289,0.00033018648738569745,0,0.00020020000000000001,0,0.0013198859999999999
rc_a1_t1_b0,0,0,2,0,256,289,34,2598,289,0.00033018648738569745,0,0.00020020000000000001,0,0.0013170499999999999
rc_a1_t1_b0,0,0,3,0,256,289,34,2598,289,0.00033018648738569745,0,0.00020020000000000001,0,0.001313924
rc_a1_t1_b0,0,0,4,0,256,289,34,2598,289,0.00033018648738569745,0,0.00020020000000000001,0,0.0013448830000000001
rc_a1_t1_b0,0,0,5,0,256,289,34,2598,289,0.00033018648738569745,0,0.00020020000000000001,0,0.0013373289999999999
rc_a1_t1_b0,0,0,6,0,256,289,34,2598,289,0.00033018648738569745,0,0.00020020000000000001,0,0.0013115990000000001
rc_a1_t1_b0,0,0,7,0,256,289,34,2598,289,0.00033018648738569745,0,0.00020020000000000001,0,0.001314806
rc_a1_t1_b0,0,0,8,0,256,289,34,2598,289,0.00033018648738569745,0,0.00020020000000000001,0,0.0013179120000000001
rc_a1_t1_b0,0,0,9,0,256,289,34,2598,289,0.00033018648738569745,0,0.00020020000000000001,0,0.0013329010000000001
rc_a1_t1_b0,0,0,10,0,256,289,34,2598,289,0.00033018648738569745,0,0.00020020000000000001,0,0.0013602919999999999
rc_a1_t1_b0,0,1,0,1,2590,2603,14,22819,2603,0.00013040192545843432,0,0.00020020000000000001,0,0.011446939999999999
rc_a1_t1_b0,0,1,1,1,2590,2603,14,22819,2603,0.00013040192545843432,0,0.00020020000000000001,0,0.011430268
rc_a1_t1_b0,0,1,2,1,2590,2603,14,22819,2603,0.00013040192545843432,0,0.00020020000000000001,0,0.011684992
rc_a1_t1_b0,0,1,3,1,2590,2603,14,22819,2603,0.00013040192545843432,0,0.00020020000000000001,0,0.011466887
rc_a1_t1_b0,0,1,4,1,2590,2603,14,22819,2603,0.00013040192545843432,0,0.00020020000000000001,0,0.011462138
rc_a1_t1_b0,0,1,5,1,2590,2603,14,22819,2603,0.00013040192545843432,0,0.00020020000000000001,0,0.011417353999999999
rc_a1_t1_b0,0,1,6,1,2590,2603,14,22819,2603,0.00013040192545843432,0,0.00020020000000000001,0,0.011479871000000001
rc_a1_t1_b0,0,1,7,1,2590,2603,14,22819,2603,0.00013040192545843432,0,0.00020020000000000001,0,0.011494971
rc_a1_t1_b0,0,1,8,1,2590,2603,14,22819,2603,0.00013040192545843432,0,0.00020020000000000001,0,0.011490350999999999
rc_a1_t1_b0,0,1,9,1,2590,2603,14,22819,2603,0.00013040192545843432,0,0.00020020000000000001,0,0.011397134
rc_a1_t1_b0,0,1,10,1,2590,2603,14,22819,2603,0.00013040192545843432,0,0.00020020000000000001,0,0.011467728999999999
rc_a1_t1_b0,1,0,0,0,267,300,34,1354,76,0.00030988131525910845,0,0.00020020000000000001,0,0.00078538100000000003
rc_a1_t1_b0,1,0,1,0,267,300,34,1354,76,0.00030988131525910845,0,0.00020020000000000001,0,0.00077409899999999999
rc_a1_t1_b0,1,0,2,0,267,300,34,1354,76,0.00030988131525910845,0,0.00020020000000000001,0,0.000780552
rc_a1_t1_b0,1,0,3,0,267,300,34,1354,76,0.00030988131525910845,0,0.00020020000000000001,0,0.00081109900000000002
rc_a1_t1_b0,1,0,4,0,267,300,34,1354,76,0.00030988131525910845,0,0.00020020000000000001,0,0.00076094400000000005
rc_a1_t1_b0,1,0,5,0,267,300,34,1354,76,0.00030988131525910845,0,0.00020020000000000001,0,0.00080151099999999998
rc_a1_t1_b0,1,0,6,0,267,300,34,1354,76,0.00030988131525910845,0,0.00020020000000000001,0,0.00076499200000000004
rc_a1_t1_b0,1,0,7,0,267,300,34,1354,76,0.00030988131525910845,0,0.00020020000000000001,0,0.00077619400000000002
rc_a1_t1_b0,1,0,8,0,267,300,34,1354,76,0.00030988131525910845,0,0.00020020000000000001,0,0.00079631099999999996
rc_a1_t1_b0,1,0,9,0,267,300,34,1354,76,0.00030988131525910845,0,0.00020020000000000001,0,0.00076514300000000003
rc_a1_t1_b0,1,0,10,0,267,300,34,1354,76,0.00030988131525910845,0,0.00020020000000000001,0,0.00076097399999999998
rc_a1_t1_b0,1,1,0,1,2594,2607,14,8395,127,0.00013050607087083943,0,0.00020020000000000001,0,0.0048283750000000002
rc_a1_t1_b0,1,1,1,1,2594,2607,14,8395,127,0.00013050607087083943,0,0.00020020000000000001,0,0.0048267129999999998
rc_a1_t1_b0,1,1,2,1,2594,2607,14,8395,127,0.00013050607087083943,0,0.00020020000000000001,0,0.0049058419999999997
rc_a1_t1_b0,1,1,3,1,2594,2607,14,8395,127,0.00013050607087083943,0,0.00020020000000000001,0,0.0048073660000000004
rc_a1_t1_b0,1,1,4,1,2594,2607,14,8395,127,0.00013050607087083943,0,0.00020020000000000001,0,0.0047802139999999996
rc_a1_t1_b0,1,1,5,1,2594,2607,14,8395,127,0.00013050607087083943,0,0.00020020000000000001,0,0.0048591839999999999
rc_a1_t1_b0,1,1,6,1,2594,2607,14,8395,127,0.00013050607087083943,0,0.00020020000000000001,0,0.0048502670000000001
rc_a1_t1_b0,1,1,7,1,2594,2607,14,8395,127,0.00013050607087083943,0,0.00020020000000000001,0,0.004835448
rc_a1_t1_b0,1,1,8,1,2594,2607,14,8395,127,0.00013050607087083943,0,0.00020020000000000001,0,0.0048720389999999999
rc_a1_t1_b0,1,1,9,1,2594,2607,14,8395,127,0.00013050607087083943,0,0.00020020000000000001,0,0.004840568
rc_a1_t1_b0,1,1,10,1,2594,2607,14,8395,127,0.00013050607087083943,0,0.00020020000000000001,0,0.0047923380000000002
rc_a100_t0.001_b0,0,0,0,0,274,306,33,2754,306,0.032981436390173258,0,0.020000199999999999,0,0.0014216890000000001
rc_a100_t0.001_b0,0,0,1,0,274,306,33,2754,306,0.032981436390173258,0,0.020000199999999999,0,0.0013939060000000001
rc_a100_t0.001_b0,0,0,2,0,274,306,33,2754,306,0.032981436390173258,0,0.020000199999999999,0,0.001380811
rc_a100_t0.001_b0,0,0,3,0,274,306,33,2754,306,0.032981436390173258,0,0.020000199999999999,0,0.001510447
rc_a100_t0.001_b0,0,0,4,0,274,306,33,2754,306,0.032981436390173258,0,0.020000199999999999,0,0.0013853699999999999
rc_a100_t0.001_b0,0,0,5,0,274,306,33,2754,306,0.032981436390173258,0,0.020000199999999999,0,0.001403093
rc_a100_t0.001_b0,0,0,6,0,274,306,33,2754,306,0.032981436390173258,0,0.020000199999999999,0,0.0014042359999999999
rc_a100_t0.001_b0,0,0,7,0,274,306,33,2754,306,0.032981436390173258,0,0.020000199999999999,0,0.001391141
rc_a100_t0.001_b0,0,0,8,0,274,306,33,2754,306,0.032981436390173258,0,0.020000199999999999,0,0.001398966
rc_a100_t0.001_b0,0,0,9,0,274,306,33,2754,306,0.032981436390173258,0,0.020000199999999999,0,0.0013912709999999999
rc_a100_t0.001_b0,0,0,10,0,274,306,33,2754,306,0.032981436390173258,0,0.020000199999999999,0,0.0013770340000000001
rc_a100_t0.001_b0,0,1,0,1,2593,2606,14,23451,2606,0.01306214321793675,0,0.020000199999999999,0,0.011817022
rc_a100_t0.001_b0,0,1,1,1,2593,2606,14,23451,2606,0.01306214321793675,0,0.020000199999999999,0,0.011757349
rc_a100_t0.001_b0,0,1,2,1,2593,2606,14,23451,2606,0.01306214321793675,0,0.020000199999999999,0,0.013502732
rc_a100_t0.001_b0,0,1,3,1,2593,2606,14,23451,2606,0.01306214321793675,0,0.020000199999999999,0,0.011807333
rc_a100_t0.001_b0,0,1,4,1,2593,2606,14,23451,2606,0.01306214321793675,0,0.020000199999999999,0,0.011795471
rc_a100_t0.001_b0,0,1,5,1,2593,2606,14,23451,2606,0.01306214321793675,0,0.020000199999999999,0,0.011804858
rc_a100_t0.001_b0,0,1,6,1,2593,2606,14,23451,2606,0.01306214321793675,0,0.020000199999999999,0,0.011818294
rc_a100_t0.001_b0,0,1,7,1,2593,2606,14,23451,2606,0.01306214321793675,0,0.020000199999999999,0,0.011791242
rc_a100_t0.001_b0,0,1,8,1,2593,2606,14,23451,2606,0.01306214321793675,0,0.020000199999999999,0,0.011741789000000001
rc_a100_t0.001_b0,0,1,9,1,2593,2606,14,23451,2606,0.01306214321793675,0,0.020000199999999999,0,0.011783649
rc_a100_t0.001_b0,0,1,10,1,2593,2606,14,23451,2606,0.01306214321793675,0,0.020000199999999999,0,0.011767026999999999
rc_a100_t0.001_b0,1,0,0,0,279,310,32,1356,71,0.030962000963938863,0,0.020000199999999999,0,0.00077857800000000004
rc_a100_t0.001_b0,1,0,1,0,279,310,32,1356,71,0.030962000963938863,0,0.020000199999999999,0,0.00079346600000000005
rc_a100_t0.001_b0,1,0,2,0,279,310,32,1356,71,0.030962000963938863,0,0.020000199999999999,0,0.000787906
rc_a100_t0.001_b0,1,0,3,0,279,310,32,1356,71,0.030962000963938863,0,0.020000199999999999,0,0.00078573200000000003
rc_a100_t0.001_b0,1,0,4,0,279,310,32,1356,71,0.030962000963938863,0,0.020000199999999999,0,0.00076760700000000001
rc_a100_t0.001_b0,1,0,5,0,279,310,32,1356,71,0.030962000963938863,0,0.020000199999999999,0,0.00078402799999999998
rc_a100_t0.001_b0,1,0,6,0,279,310,32,1356,71,0.030962000963938863,0,0.020000199999999999,0,0.00079260500000000005
rc_a100_t0.001_b0,1,0,7,0,279,310,32,1356,71,0.030962000963938863,0,0.020000199999999999,0,0.00077917000000000004
rc_a100_t0.001_b0,1,0,8,0,279,310,32,1356,71,0.030962000963938863,0,0.020000199999999999,0,0.00079866699999999998
rc_a100_t0.001_b0,1,0,9,0,279,310,32,1356,71,0.030962000963938863,0,0.020000199999999999,0,0.00076175600000000004
rc_a100_t0.001_b0,1,0,10,0,279,310,32,1356,71,0.030962000963938863,0,0.020000199999999999,0,0.000776234
rc_a100_t0.001_b0,1,1,0,1,2593,2606,14,8559,124,0.013042109702780635,0,0.020000199999999999,0,0.0048781090000000003
rc_a100_t0.001_b0,1,1,1,1,2593,2606,14,8559,124,0.013042109702780635,0,0.020000199999999999,0,0.004873451
rc_a100_t0.001_b0,1,1,2,1,2593,2606,14,8559,124,0.013042109702780635,0,0.020000199999999999,0,0.0048956429999999999
rc_a100_t0.001_b0,1,1,3,1,2593,2606,14,8559,124,0.013042109702780635,0,0.020000199999999999,0,0.0048873969999999999
rc_a100_t0.001_b0,1,1,4,1,2593,2606,14,8559,124,0.013042109702780635,0,0.020000199999999999,0,0.004906494
rc_a100_t0.001_b0,1,1,5,1,2593,2606,14,8559,124,0.013042109702780635,0,0.020000199999999999,0,0.004908857
rc_a100_t0.001_b0,1,1,6,1,2593,2606,14,8559,124,0.013042109702780635,0,0.020000199999999999,0,0.0048808460000000003
rc_a100_t0.001_b0,1,1,7,1,2593,2606,14,8559,124,0.013042109702780635,0,0.020000199999999999,0,0.0049404180000000002
rc_a100_t0.001_b0,1,1,8,1,2593,2606,14,8559,124,0.013042109702780635,0,0.020000199999999999,0,0.0049153210000000003
rc_a100_t0.001_b0,1,1,9,1,2593,2606,14,8559,124,0.013042109702780635,0,0.020000199999999999,0,0.004895974
rc_a100_t0.001_b0,1,1,10,1,2593,2606,14,8559,124,0.013042109702780635,0,0.020000199999999999,0,0.0048975470000000004
rlc_r0.02_a0.001_t9.9999999999999995e-07_b0,0,0,0,0,590,686,97,6174,686,3.8001635318153626e-05,3.6650921211869641e-05,7.0000000000000007e-06,5.0200000000000002e-06,0.0038542170000000001
rlc_r0.02_a0.001_t9.9999999999999995e-07_b0,0,0,1,0,590,686,97,6174,686,3.8001635318153626e-05,3.6650921211869641e-05,7.0000000000000007e-06,5.0200000000000002e-06,0.003833857
rlc_r0.02_a0.001_t9.9999999999999995e-07_b0,0,0,2,0,590,686,97,6174,686,3.8001635318153626e-05,3.6650921211869641e-05,7.0000000000000007e-06,5.0200000000000002e-06,0.0037823399999999999
rlc_r0.02_a0.001_t9.9999999999999995e-07_b0,0,0,3,0,590,686,97,6174,686,3.8001635318153626e-05,3.6650921211869641e-05,7.0000000000000007e-06,5.0200000000000002e-06,0.0038353010000000002
rlc_r0.02_a0.001_t9.9999999999999995e-07_b0,0,0,4,0,590,686,97,6174,686,3.8001635318153626e-05,3.6650921211869641e-05,7.0000000000000007e-06,5.0200000000000002e-06,0.003811746
rlc_r0.02_a0.001_t9.9999999999999995e-07_b0,0,0,5,0,590,686,97,6174,686,3.8001635318153626e-05,3.6650921211869641e-05,7.0000000000000007e-06,5.0200000000000002e-06,0.0037886209999999998
rlc_r0.02_a0.001_t9.9999999999999995e-07_b0,0,0,6,0,590,686,97,6174,686,3.8001635318153626e-05,3.6650921211869641e-05,7.0000000000000007e-06,5.0200000000000002e-06,0.0037910660000000001
rlc_r0.02_a0.001_t9.9999999999999995e-07_b0,0,0,7,0,590,686,97,6174,686,3.8001635318153626e-05,3.6650921211869641e-05,7.0000000000000007e-06,5.0200000000000002e-06,0.003842865
rlc_r0.02_a0.001_t9.9999999999999995e-07_b0,0,0,8,0,590,686,97,6174,686,3.8001635318153626e-05,3.6650921211869641e-05,7.0000000000000007e-06,5.0200000000000002e-06,0.0038105230000000001
rlc_r0.02_a0.001_t9.9999999999999995e-07_b0,0,0,9,0,590,686,97,6174,686,3.8001635318153626e-05,3.6650921211869641e-05,7.0000000000000007e-06,5.0200000000000002e-06,0.0038222859999999998
rlc_r0.02_a0.001_t9.9999999999999995e-07_b0,0,0,10,0,590,686,97,6174,686,3.8001635318153626e-05,3.6650921211869641e-05,7.0000000000000007e-06,5.0200000000000002e-06,0.003806266
rlc_r0.02_a0.001_t9.9999999999999995e-07_b0,0,1,0,1,6413,6420,8,57780,6420,3.2634485617240999e-07,3.2394113731043506e-07,7.0000000000000007e-06,5.0200000000000002e-06,0.035886302000000002
rlc_r0.02_a0.001_t9.9999999999999995e-07_b0,0,1,1,1,6413,6420,8,57780,6420,3.2634485617240999e-07,3.2394113731043506e-07,7.0000000000000007e-06,5.0200000000000002e-06,0.036645352999999999
rlc_r0.02_a0.001_t9.9999999999999995e-07_b0,0,1,2,1,6413,6420,8,57780,6420,3.2634485617240999e-07,3.2394113731043506e-07,7.0000000000000007e-06,5.0200000000000002e-06,0.035589337999999998
rlc_r0.02_a0.001_t9.9999999999999995e-07_b0,0,1,3,1,6413,6420,8,57780,6420,3.2634485617240999e-07,3.2394113731043506e-07,7.0000000000000007e-06,5.0200000000000002e-06,0.035704596999999998
rlc_r0.02_a0.001_t9.9999999999999995e-07_b0,0,1,4,1,6413,6420,8,57780,6420,3.2634485617240999e-07,3.2394113731043506e-07,7.0000000000000007e-06,5.0200000000000002e-06,0.035777941000000001
rlc_r0.02_a0.001_t9.9999999999999995e-07_b0,0,1,5,1,6413,6420,8,57780,6420,3.2634485617240999e-07,3.2394113731043506e-07,7.0000000000000007e-06,5.0200000000000002e-06,0.034942710000000002
rlc_r0.02_a0.001_t9.9999999999999995e-07_b0,0,1,6,1,6413,6420,8,57780,6420,3.2634485617240999e-07,3.2394113731043506e-07,7.0000000000000007e-06,5.0200000000000002e-06,0.034920468000000003
rlc_r0.02_a0.001_t9.9999999999999995e-07_b0,0,1,7,1,6413,6420,8,57780,6420,3.2634485617240999e-07,3.2394113731043506e-07,7.0000000000000007e-06,5.0200000000000002e-06,0.035197695000000001
rlc_r0.02_a0.001_t9.9999999999999995e-07_b0,0,1,8,1,6413,6420,8,57780,6420,3.2634485617240999e-07,3.2394113731043506e-07,7.0000000000000007e-06,5.0200000000000002e-06,0.035039504999999999
rlc_r0.02_a0.001_t9.9999999999999995e-07_b0,0,1,9,1,6413,6420,8,57780,6420,3.2634485617240999e-07,3.2394113731043506e-07,7.0000000000000007e-06,5.0200000000000002e-06,0.035029425000000003
rlc_r0.02_a0.001_t9.9999999999999995e-07_b0,0,1,10,1,6413,6420,8,57780,6420,3.2634485617240999e-07,3.2394113731043506e-07,7.0000000000000007e-06,5.0200000000000002e-06,0.034957489000000001
rlc_r0.02_a0.001_t9.9999999999999995e-07_b0,1,0,0,0,586,678,93,2736,117,3.8124513149944794e-05,3.6767396241941868e-05,7.0000000000000007e-06,5.0200000000000002e-06,0.0020007990000000002
rlc_r0.02_a0.001_t9.9999999999999995e-07_b0,1,0,1,0,586,678,93,2736,117,3.8124513149944794e-05,3.6767396241941868e-05,7.0000000000000007e-06,5.0200000000000002e-06,0.0019660319999999999
rlc_r0.02_a0.001_t9.9999999999999995e-07_b0,1,0,2,0,586,678,93,2736,117,3.8124513149944794e-05,3.6767396241941868e-05,7.0000000000000007e-06,5.0200000000000002e-06,0.0019617039999999999
rlc_r0.02_a0.001_t9.9999999999999995e-07_b0,1,0,3,0,586,678,93,2736,117,3.8124513149944794e-05,3.6767396241941868e-05,7.0000000000000007e-06,5.0200000000000002e-06,0.0020053670000000001
rlc_r0.02_a0.001_t9.9999999999999995e-07_b0,1,0,4,0,586,678,93,2736,117,3.8124513149944794e-05,3.6767396241941868e-05,7.0000000000000007e-06,5.0200000000000002e-06,0.0019713819999999998
rlc_r0.02_a0.001_t9.9999999999999995e-07_b0,1,0,5,0,586,678,93,2736,117,3.8124513149944794e-05,3.6767396241941868e-05,7.0000000000000007e-06,5.0200000000000002e-06,0.0019412749999999999
rlc_r0.02_a0.001_t9.9999999999999995e-07_b0,1,0,6,0,586,678,93,2736,117,3.8124513149944794e-05,3.6767396241941868e-05,7.0000000000000007e-06,5.0200000000000002e-06,0.0019894660000000001
rlc_r0.02_a0.001_t9.9999999999999995e-07_b0,1,0,7,0,586,678,93,2736,117,3.8124513149944794e-05,3.6767396241941868e-05,7.0000000000000007e-06,5.0200000000000002e-06,0.0019549810000000002
rlc_r0.02_a0.001_t9.9999999999999995e-07_b0,1,0,8,0,586,678,93,2736,117,3.8124513149944794e-05,3.6767396241941868e-05,7.0000000000000007e-06,5.0200000000000002e-06,0.0019609229999999998
rlc_r0.02_a0.001_t9.9999999999999995e-07_b0,1,0,9,0,586,678,93,2736,117,3.8124513149944794e-05,3.6767396241941868e-05,7.0000000000000007e-06,5.0200000000000002e-06,0.0019485489999999999
rlc_r0.02_a0.001_t9.9999999999999995e-07_b0,1,0,10,0,586,678,93,2736,117,3.8124513149944794e-05,3.6767396241941868e-05,7.0000000000000007e-06,5.0200000000000002e-06,0.0020082120000000001
rlc_r0.02_a0.001_t9.9999999999999995e-07_b0,1,1,0,1,6414,6421,8,20847,264,2.5218529737061103e-07,2.5366311246551726e-07,7.0000000000000007e-06,5.0200000000000002e-06,0.015269204999999999
rlc_r0.02_a0.001_t9.9999999999999995e-07_b0,1,1,1,1,6414,6421,8,20847,264,2.5218529737061103e-07,2.5366311246551726e-07,7.0000000000000007e-06,5.0200000000000002e-06,0.015220913000000001
rlc_r0.02_a0.001_t9.9999999999999995e-07_b0,1,1,2,1,6414,6421,8,20847,264,2.5218529737061103e-07,2.5366311246551726e-07,7.0000000000000007e-06,5.0200000000000002e-06,0.015121094
rlc_r0.02_a0.001_t9.9999999999999995e-07_b0,1,1,3,1,6414,6421,8,20847,264,2.5218529737061103e-07,2.5366311246551726e-07,7.0000000000000007e-06,5.0200000000000002e-06,0.015168233999999999
rlc_r0.02_a0.001_t9.9999999999999995e-07_b0,1,1,4,1,6414,6421,8,20847,264,2.5218529737061103e-07,2.5366311246551726e-07,7.0000000000000007e-06,5.0200000000000002e-06,0.015126715000000001
rlc_r0.02_a0.001_t9.9999999999999995e-07_b0,1,1,5,1,6414,6421,8,20847,264,2.5218529737061103e-07,2.5366311246551726e-07,7.0000000000000007e-06,5.0200000000000002e-06,0.015505423000000001
rlc_r0.02_a0.001_t9.9999999999999995e-07_b0,1,1,6,1,6414,6421,8,20847,264,2.5218529737061103e-07,2.5366311246551726e-07,7.0000000000000007e-06,5.0200000000000002e-06,0.015332135
rlc_r0.02_a0.001_t9.9999999999999995e-07_b0,1,1,7,1,6414,6421,8,20847,264,2.5218529737061103e-07,2.5366311246551726e-07,7.0000000000000007e-06,5.0200000000000002e-06,0.015275166999999999
rlc_r0.02_a0.001_t9.9999999999999995e-07_b0,1,1,8,1,6414,6421,8,20847,264,2.5218529737061103e-07,2.5366311246551726e-07,7.0000000000000007e-06,5.0200000000000002e-06,0.015380737
rlc_r0.02_a0.001_t9.9999999999999995e-07_b0,1,1,9,1,6414,6421,8,20847,264,2.5218529737061103e-07,2.5366311246551726e-07,7.0000000000000007e-06,5.0200000000000002e-06,0.015277621
rlc_r0.02_a0.001_t9.9999999999999995e-07_b0,1,1,10,1,6414,6421,8,20847,264,2.5218529737061103e-07,2.5366311246551726e-07,7.0000000000000007e-06,5.0200000000000002e-06,0.015380566
rlc_r0.02_a1_t9.9999999999999995e-07_b0,0,0,0,0,737,903,167,8127,903,0.028383404029640236,0.027525555097784205,0.0050020000000000004,0.00500002,0.0049503869999999997
rlc_r0.02_a1_t9.9999999999999995e-07_b0,0,0,1,0,737,903,167,8127,903,0.028383404029640236,0.027525555097784205,0.0050020000000000004,0.00500002,0.0048995499999999999
rlc_r0.02_a1_t9.9999999999999995e-07_b0,0,0,2,0,737,903,167,8127,903,0.028383404029640236,0.027525555097784205,0.0050020000000000004,0.00500002,0.0052259309999999996
rlc_r0.02_a1_t9.9999999999999995e-07_b0,0,0,3,0,737,903,167,8127,903,0.028383404029640236,0.027525555097784205,0.0050020000000000004,0.00500002,0.0048855629999999999
rlc_r0.02_a1_t9.9999999999999995e-07_b0,0,0,4,0,737,903,167,8127,903,0.028383404029640236,0.027525555097784205,0.0050020000000000004,0.00500002,0.0049212320000000002
rlc_r0.02_a1_t9.9999999999999995e-07_b0,0,0,5,0,737,903,167,8127,903,0.028383404029640236,0.027525555097784205,0.0050020000000000004,0.00500002,0.004934417
rlc_r0.02_a1_t9.9999999999999995e-07_b0,0,0,6,0,737,903,167,8127,903,0.028383404029640236,0.027525555097784205,0.0050020000000000004,0.00500002,0.0048964550000000001
rlc_r0.02_a1_t9.9999999999999995e-07_b0,0,0,7,0,737,903,167,8127,903,0.028383404029640236,0.027525555097784205,0.0050020000000000004,0.00500002,0.0049240559999999996
rlc_r0.02_a1_t9.9999999999999995e-07_b0,0,0,8,0,737,903,167,8127,903,0.028383404029640236,0.027525555097784205,0.0050020000000000004,0.00500002,0.0049265719999999997
rlc_r0.02_a1_t9.9999999999999995e-07_b0,0,0,9,0,737,903,167,8127,903,0.028383404029640236,0.027525555097784205,0.0050020000000000004,0.00500002,0.0049329630000000003
rlc_r0.02_a1_t9.9999999999999995e-07_b0,0,0,10,0,737,903,167,8127,903,0.028383404029640236,0.027525555097784205,0.0050020000000000004,0.00500002,0.0048725790000000001
rlc_r0.02_a1_t9.9999999999999995e-07_b0,0,1,0,1,6424,6439,16,57951,6439,0.00033502606180890737,0.00033228314909816703,0.0050020000000000004,0.00500002,0.035201471999999998
rlc_r0.02_a1_t9.9999999999999995e-07_b0,0,1,1,1,6424,6439,16,57951,6439,0.00033502606180890737,0.00033228314909816703,0.0050020000000000004,0.00500002,0.035183948
rlc_r0.02_a1_t9.9999999999999995e-07_b0,0,1,2,1,6424,6439,16,57951,6439,0.00033502606180890737,0.00033228314909816703,0.0050020000000000004,0.00500002,0.035700950000000002
rlc_r0.02_a1_t9.9999999999999995e-07_b0,0,1,3,1,6424,6439,16,57951,6439,0.00033502606180890737,0.00033228314909816703,0.0050020000000000004,0.00500002,0.035211851000000002
rlc_r0.02_a1_t9.9999999999999995e-07_b0,0,1,4,1,6424,6439,16,57951,6439,0.00033502606180890737,0.00033228314909816703,0.0050020000000000004,0.00500002,0.035202574
rlc_r0.02_a1_t9.9999999999999995e-07_b0,0,1,5,1,6424,6439,16,57951,6439,0.00033502606180890737,0.00033228314909816703,0.0050020000000000004,0.00500002,0.035237379999999999
rlc_r0.02_a1_t9.9999999999999995e-07_b0,0,1,6,1,6424,6439,16,57951,6439,0.00033502606180890737,0.00033228314909816703,0.0050020000000000004,0.00500002,0.035185752000000001
rlc_r0.02_a1_t9.9999999999999995e-07_b0,0,1,7,1,6424,6439,16,57951,6439,0.00033502606180890737,0.00033228314909816703,0.0050020000000000004,0.00500002,0.035194389
rlc_r0.02_a1_t9.9999999999999995e-07_b0,0,1,8,1,6424,6439,16,57951,6439,0.00033502606180890737,0.00033228314909816703,0.0050020000000000004,0.00500002,0.035361586
rlc_r0.02_a1_t9.9999999999999995e-07_b0,0,1,9,1,6424,6439,16,57951,6439,0.00033502606180890737,0.00033228314909816703,0.0050020000000000004,0.00500002,0.035297894000000003
rlc_r0.02_a1_t9.9999999999999995e-07_b0,0,1,10,1,6424,6439,16,57951,6439,0.00033502606180890737,0.00033228314909816703,0.0050020000000000004,0.00500002,0.035375442
rlc_r0.02_a1_t9.9999999999999995e-07_b0,1,0,0,0,732,894,163,3498,136,0.028452616277992115,0.027588496180574684,0.0050020000000000004,0.00500002,0.002546113
rlc_r0.02_a1_t9.9999999999999995e-07_b0,1,0,1,0,732,894,163,3498,136,0.028452616277992115,0.027588496180574684,0.0050020000000000004,0.00500002,0.0025339609999999999
rlc_r0.02_a1_t9.9999999999999995e-07_b0,1,0,2,0,732,894,163,3498,136,0.028452616277992115,0.027588496180574684,0.0050020000000000004,0.00500002,0.002485709
rlc_r0.02_a1_t9.9999999999999995e-07_b0,1,0,3,0,732,894,163,3498,136,0.028452616277992115,0.027588496180574684,0.0050020000000000004,0.00500002,0.0025010869999999999
rlc_r0.02_a1_t9.9999999999999995e-07_b0,1,0,4,0,732,894,163,3498,136,0.028452616277992115,0.027588496180574684,0.0050020000000000004,0.00500002,0.0024789550000000001
rlc_r0.02_a1_t9.9999999999999995e-07_b0,1,0,5,0,732,894,163,3498,136,0.028452616277992115,0.027588496180574684,0.0050020000000000004,0.00500002,0.0025083420000000002
rlc_r0.02_a1_t9.9999999999999995e-07_b0,1,0,6,0,732,894,163,3498,136,0.028452616277992115,0.027588496180574684,0.0050020000000000004,0.00500002,0.002526426
rlc_r0.02_a1_t9.9999999999999995e-07_b0,1,0,7,0,732,894,163,3498,136,0.028452616277992115,0.027588496180574684,0.0050020000000000004,0.00500002,0.002527718
rlc_r0.02_a1_t9.9999999999999995e-07_b0,1,0,8,0,732,894,163,3498,136,0.028452616277992115,0.027588496180574684,0.0050020000000000004,0.00500002,0.0025061469999999998
rlc_r0.02_a1_t9.9999999999999995e-07_b0,1,0,9,0,732,894,163,3498,136,0.028452616277992115,0.027588496180574684,0.0050020000000000004,0.00500002,0.002498232
rlc_r0.02_a1_t9.9999999999999995e-07_b0,1,0,10,0,732,894,163,3498,136,0.028452616277992115,0.027588496180574684,0.0050020000000000004,0.00500002,0.0025040129999999998
rlc_r0.02_a1_t9.9999999999999995e-07_b0,1,1,0,1,6425,6440,16,20970,275,0.00025830793938075303,0.00025940966184778702,0.0050020000000000004,0.00500002,0.015363264
rlc_r0.02_a1_t9.9999999999999995e-07_b0,1,1,1,1,6425,6440,16,20970,275,0.00025830793938075303,0.00025940966184778702,0.0050020000000000004,0.00500002,0.015399312
rlc_r0.02_a1_t9.9999999999999995e-07_b0,1,1,2,1,6425,6440,16,20970,275,0.00025830793938075303,0.00025940966184778702,0.0050020000000000004,0.00500002,0.015437154
rlc_r0.02_a1_t9.9999999999999995e-07_b0,1,1,3,1,6425,6440,16,20970,275,0.00025830793938075303,0.00025940966184778702,0.0050020000000000004,0.00500002,0.015431693
rlc_r0.02_a1_t9.9999999999999995e-07_b0,1,1,4,1,6425,6440,16,20970,275,0.00025830793938075303,0.00025940966184778702,0.0050020000000000004,0.00500002,0.015385886999999999
rlc_r0.02_a1_t9.9999999999999995e-07_b0,1,1,5,1,6425,6440,16,20970,275,0.00025830793938075303,0.00025940966184778702,0.0050020000000000004,0.00500002,0.015397648
rlc_r0.02_a1_t9.9999999999999995e-07_b0,1,1,6,1,6425,6440,16,20970,275,0.00025830793938075303,0.00025940966184778702,0.0050020000000000004,0.00500002,0.015396607
rlc_r0.02_a1_t9.9999999999999995e-07_b0,1,1,7,1,6425,6440,16,20970,275,0.00025830793938075303,0.00025940966184778702,0.0050020000000000004,0.00500002,0.015378632999999999
rlc_r0.02_a1_t9.9999999999999995e-07_b0,1,1,8,1,6425,6440,16,20970,275,0.00025830793938075303,0.00025940966184778702,0.0050020000000000004,0.00500002,0.01543564
rlc_r0.02_a1_t9.9999999999999995e-07_b0,1,1,9,1,6425,6440,16,20970,275,0.00025830793938075303,0.00025940966184778702,0.0050020000000000004,0.00500002,0.015406536
rlc_r0.02_a1_t9.9999999999999995e-07_b0,1,1,10,1,6425,6440,16,20970,275,0.00025830793938075303,0.00025940966184778702,0.0050020000000000004,0.00500002,0.01522432
rlc_r0.02_a1_t0.001_b400,0,0,0,0,737,903,167,8127,903,0.028383404188815575,0.027525554825554743,0.0050020000000000004,0.00500002,0.004900522
rlc_r0.02_a1_t0.001_b400,0,0,1,0,737,903,167,8127,903,0.028383404188815575,0.027525554825554743,0.0050020000000000004,0.00500002,0.004929007
rlc_r0.02_a1_t0.001_b400,0,0,2,0,737,903,167,8127,903,0.028383404188815575,0.027525554825554743,0.0050020000000000004,0.00500002,0.0049065740000000004
rlc_r0.02_a1_t0.001_b400,0,0,3,0,737,903,167,8127,903,0.028383404188815575,0.027525554825554743,0.0050020000000000004,0.00500002,0.0049117739999999998
rlc_r0.02_a1_t0.001_b400,0,0,4,0,737,903,167,8127,903,0.028383404188815575,0.027525554825554743,0.0050020000000000004,0.00500002,0.0048920259999999998
rlc_r0.02_a1_t0.001_b400,0,0,5,0,737,903,167,8127,903,0.028383404188815575,0.027525554825554743,0.0050020000000000004,0.00500002,0.004909559
rlc_r0.02_a1_t0.001_b400,0,0,6,0,737,903,167,8127,903,0.028383404188815575,0.027525554825554743,0.0050020000000000004,0.00500002,0.0050253199999999998
rlc_r0.02_a1_t0.001_b400,0,0,7,0,737,903,167,8127,903,0.028383404188815575,0.027525554825554743,0.0050020000000000004,0.00500002,0.0049106009999999997
rlc_r0.02_a1_t0.001_b400,0,0,8,0,737,903,167,8127,903,0.028383404188815575,0.027525554825554743,0.0050020000000000004,0.00500002,0.0048901830000000002
rlc_r0.02_a1_t0.001_b400,0,0,9,0,737,903,167,8127,903,0.028383404188815575,0.027525554825554743,0.0050020000000000004,0.00500002,0.0049454779999999997
rlc_r0.02_a1_t0.001_b400,0,0,10,0,737,903,167,8127,903,0.028383404188815575,0.027525554825554743,0.0050020000000000004,0.00500002,0.004916241
rlc_r0.02_a1_t0.001_b400,0,1,0,1,6425,6440,16,57960,6440,0.00025830262730153208,0.00025940585393580129,0.0050020000000000004,0.00500002,0.034872878000000003
rlc_r0.02_a1_t0.001_b400,0,1,1,1,6425,6440,16,57960,6440,0.00025830262730153208,0.00025940585393580129,0.0050020000000000004,0.00500002,0.034996243000000003
rlc_r0.02_a1_t0.001_b400,0,1,2,1,6425,6440,16,57960,6440,0.00025830262730153208,0.00025940585393580129,0.0050020000000000004,0.00500002,0.034974921999999999
rlc_r0.02_a1_t0.001_b400,0,1,3,1,6425,6440,16,57960,6440,0.00025830262730153208,0.00025940585393580129,0.0050020000000000004,0.00500002,0.034914727
rlc_r0.02_a1_t0.001_b400,0,1,4,1,6425,6440,16,57960,6440,0.00025830262730153208,0.00025940585393580129,0.0050020000000000004,0.00500002,0.034760836000000003
rlc_r0.02_a1_t0.001_b400,0,1,5,1,6425,6440,16,57960,6440,0.00025830262730153208,0.00025940585393580129,0.0050020000000000004,0.00500002,0.034718104999999999
rlc_r0.02_a1_t0.001_b400,0,1,6,1,6425,6440,16,57960,6440,0.00025830262730153208,0.00025940585393580129,0.0050020000000000004,0.00500002,0.034740577000000002
rlc_r0.02_a1_t0.001_b400,0,1,7,1,6425,6440,16,57960,6440,0.00025830262730153208,0.00025940585393580129,0.0050020000000000004,0.00500002,0.034663109999999997
rlc_r0.02_a1_t0.001_b400,0,1,8,1,6425,6440,16,57960,6440,0.00025830262730153208,0.00025940585393580129,0.0050020000000000004,0.00500002,0.034992725000000002
rlc_r0.02_a1_t0.001_b400,0,1,9,1,6425,6440,16,57960,6440,0.00025830262730153208,0.00025940585393580129,0.0050020000000000004,0.00500002,0.035185059999999997
rlc_r0.02_a1_t0.001_b400,0,1,10,1,6425,6440,16,57960,6440,0.00025830262730153208,0.00025940585393580129,0.0050020000000000004,0.00500002,0.034964632000000002
rlc_r0.02_a1_t0.001_b400,1,0,0,0,732,894,163,3498,136,0.028452616641487793,0.027588496123482353,0.0050020000000000004,0.00500002,0.0025214859999999999
rlc_r0.02_a1_t0.001_b400,1,0,1,0,732,894,163,3498,136,0.028452616641487793,0.027588496123482353,0.0050020000000000004,0.00500002,0.0024816500000000002
rlc_r0.02_a1_t0.001_b400,1,0,2,0,732,894,163,3498,136,0.028452616641487793,0.027588496123482353,0.0050020000000000004,0.00500002,0.0025177789999999999
rlc_r0.02_a1_t0.001_b400,1,0,3,0,732,894,163,3498,136,0.028452616641487793,0.027588496123482353,0.0050020000000000004,0.00500002,0.0024844060000000002
rlc_r0.02_a1_t0.001_b400,1,0,4,0,732,894,163,3498,136,0.028452616641487793,0.027588496123482353,0.0050020000000000004,0.00500002,0.0025383179999999999
rlc_r0.02_a1_t0.001_b400,1,0,5,0,732,894,163,3498,136,0.028452616641487793,0.027588496123482353,0.0050020000000000004,0.00500002,0.002495517
rlc_r0.02_a1_t0.001_b400,1,0,6,0,732,894,163,3498,136,0.028452616641487793,0.027588496123482353,0.0050020000000000004,0.00500002,0.0025178790000000002
rlc_r0.02_a1_t0.001_b400,1,0,7,0,732,894,163,3498,136,0.028452616641487793,0.027588496123482353,0.0050020000000000004,0.00500002,0.002504895
rlc_r0.02_a1_t0.001_b400,1,0,8,0,732,894,163,3498,136,0.028452616641487793,0.027588496123482353,0.0050020000000000004,0.00500002,0.0024677850000000001
rlc_r0.02_a1_t0.001_b400,1,0,9,0,732,894,163,3498,136,0.028452616641487793,0.027588496123482353,0.0050020000000000004,0.00500002,0.00249679
rlc_r0.02_a1_t0.001_b400,1,0,10,0,732,894,163,3498,136,0.028452616641487793,0.027588496123482353,0.0050020000000000004,0.00500002,0.002519964
rlc_r0.02_a1_t0.001_b400,1,1,0,1,6425,6440,16,20970,275,0.00025830810763238787,0.00025940944230407048,0.0050020000000000004,0.00500002,0.015289011999999999
rlc_r0.02_a1_t0.001_b400,1,1,1,1,6425,6440,16,20970,275,0.00025830810763238787,0.00025940944230407048,0.0050020000000000004,0.00500002,0.015293892999999999
rlc_r0.02_a1_t0.001_b400,1,1,2,1,6425,6440,16,20970,275,0.00025830810763238787,0.00025940944230407048,0.0050020000000000004,0.00500002,0.015547343
rlc_r0.02_a1_t0.001_b400,1,1,3,1,6425,6440,16,20970,275,0.00025830810763238787,0.00025940944230407048,0.0050020000000000004,0.00500002,0.015353445
rlc_r0.02_a1_t0.001_b400,1,1,4,1,6425,6440,16,20970,275,0.00025830810763238787,0.00025940944230407048,0.0050020000000000004,0.00500002,0.015221044
rlc_r0.02_a1_t0.001_b400,1,1,5,1,6425,6440,16,20970,275,0.00025830810763238787,0.00025940944230407048,0.0050020000000000004,0.00500002,0.015213058999999999
rlc_r0.02_a1_t0.001_b400,1,1,6,1,6425,6440,16,20970,275,0.00025830810763238787,0.00025940944230407048,0.0050020000000000004,0.00500002,0.015557412
rlc_r0.02_a1_t0.001_b400,1,1,7,1,6425,6440,16,20970,275,0.00025830810763238787,0.00025940944230407048,0.0050020000000000004,0.00500002,0.015365929
rlc_r0.02_a1_t0.001_b400,1,1,8,1,6425,6440,16,20970,275,0.00025830810763238787,0.00025940944230407048,0.0050020000000000004,0.00500002,0.015160478999999999
rlc_r0.02_a1_t0.001_b400,1,1,9,1,6425,6440,16,20970,275,0.00025830810763238787,0.00025940944230407048,0.0050020000000000004,0.00500002,0.015390503999999999
rlc_r0.02_a1_t0.001_b400,1,1,10,1,6425,6440,16,20970,275,0.00025830810763238787,0.00025940944230407048,0.0050020000000000004,0.00500002,0.015396056
rlc_r0.02_a100_t0.001_b0,0,0,0,0,772,951,180,8559,951,2.8377755692319653,2.7523669609420125,0.50000199999999995,0.50000001999999999,0.0051498059999999998
rlc_r0.02_a100_t0.001_b0,0,0,1,0,772,951,180,8559,951,2.8377755692319653,2.7523669609420125,0.50000199999999995,0.50000001999999999,0.005213606
rlc_r0.02_a100_t0.001_b0,0,0,2,0,772,951,180,8559,951,2.8377755692319653,2.7523669609420125,0.50000199999999995,0.50000001999999999,0.0051085480000000001
rlc_r0.02_a100_t0.001_b0,0,0,3,0,772,951,180,8559,951,2.8377755692319653,2.7523669609420125,0.50000199999999995,0.50000001999999999,0.0051856740000000004
rlc_r0.02_a100_t0.001_b0,0,0,4,0,772,951,180,8559,951,2.8377755692319653,2.7523669609420125,0.50000199999999995,0.50000001999999999,0.0051696229999999999
rlc_r0.02_a100_t0.001_b0,0,0,5,0,772,951,180,8559,951,2.8377755692319653,2.7523669609420125,0.50000199999999995,0.50000001999999999,0.0051166629999999996
rlc_r0.02_a100_t0.001_b0,0,0,6,0,772,951,180,8559,951,2.8377755692319653,2.7523669609420125,0.50000199999999995,0.50000001999999999,0.0051453469999999998
rlc_r0.02_a100_t0.001_b0,0,0,7,0,772,951,180,8559,951,2.8377755692319653,2.7523669609420125,0.50000199999999995,0.50000001999999999,0.0051988590000000001
rlc_r0.02_a100_t0.001_b0,0,0,8,0,772,951,180,8559,951,2.8377755692319653,2.7523669609420125,0.50000199999999995,0.50000001999999999,0.0051451960000000003
rlc_r0.02_a100_t0.001_b0,0,0,9,0,772,951,180,8559,951,2.8377755692319653,2.7523669609420125,0.50000199999999995,0.50000001999999999,0.0051592540000000003
rlc_r0.02_a100_t0.001_b0,0,0,10,0,772,951,180,8559,951,2.8377755692319653,2.7523669609420125,0.50000199999999995,0.50000001999999999,0.0051811549999999998
rlc_r0.02_a100_t0.001_b0,0,1,0,1,6456,6471,16,58239,6471,0.025104005990954192,0.025267161008258654,0.50000199999999995,0.50000001999999999,0.034963429999999997
rlc_r0.02_a100_t0.001_b0,0,1,1,1,6456,6471,16,58239,6471,0.025104005990954192,0.025267161008258654,0.50000199999999995,0.50000001999999999,0.035061446000000003
rlc_r0.02_a100_t0.001_b0,0,1,2,1,6456,6471,16,58239,6471,0.025104005990954192,0.025267161008258654,0.50000199999999995,0.50000001999999999,0.035219586999999997
rlc_r0.02_a100_t0.001_b0,0,1,3,1,6456,6471,16,58239,6471,0.025104005990954192,0.025267161008258654,0.50000199999999995,0.50000001999999999,0.035084078999999997
rlc_r0.02_a100_t0.001_b0,0,1,4,1,6456,6471,16,58239,6471,0.025104005990954192,0.025267161008258654,0.50000199999999995,0.50000001999999999,0.035045686
rlc_r0.02_a100_t0.001_b0,0,1,5,1,6456,6471,16,58239,6471,0.025104005990954192,0.025267161008258654,0.50000199999999995,0.50000001999999999,0.035129935000000001
rlc_r0.02_a100_t0.001_b0,0,1,6,1,6456,6471,16,58239,6471,0.025104005990954192,0.025267161008258654,0.50000199999999995,0.50000001999999999,0.035113103999999999
rlc_r0.02_a100_t0.001_b0,0,1,7,1,6456,6471,16,58239,6471,0.025104005990954192,0.025267161008258654,0.50000199999999995,0.50000001999999999,0.035086394
rlc_r0.02_a100_t0.001_b0,0,1,8,1,6456,6471,16,58239,6471,0.025104005990954192,0.025267161008258654,0.50000199999999995,0.50000001999999999,0.034846288000000003
rlc_r0.02_a100_t0.001_b0,0,1,9,1,6456,6471,16,58239,6471,0.025104005990954192,0.025267161008258654,0.50000199999999995,0.50000001999999999,0.035112592999999998
rlc_r0.02_a100_t0.001_b0,0,1,10,1,6456,6471,16,58239,6471,0.025104005990954192,0.025267161008258654,0.50000199999999995,0.50000001999999999,0.035134695000000001
rlc_r0.02_a100_t0.001_b0,1,0,0,0,767,934,168,3654,142,2.8423129405239749,2.7563339353833598,0.50000199999999995,0.50000001999999999,0.0026637470000000002
rlc_r0.02_a100_t0.001_b0,1,0,1,0,767,934,168,3654,142,2.8423129405239749,2.7563339353833598,0.50000199999999995,0.50000001999999999,0.0025993940000000001
rlc_r0.02_a100_t0.001_b0,1,0,2,0,767,934,168,3654,142,2.8423129405239749,2.7563339353833598,0.50000199999999995,0.50000001999999999,0.002606428
rlc_r0.02_a100_t0.001_b0,1,0,3,0,767,934,168,3654,142,2.8423129405239749,2.7563339353833598,0.50000199999999995,0.50000001999999999,0.002603934
rlc_r0.02_a100_t0.001_b0,1,0,4,0,767,934,168,3654,142,2.8423129405239749,2.7563339353833598,0.50000199999999995,0.50000001999999999,0.0025916200000000002
rlc_r0.02_a100_t0.001_b0,1,0,5,0,767,934,168,3654,142,2.8423129405239749,2.7563339353833598,0.50000199999999995,0.50000001999999999,0.002606517
rlc_r0.02_a100_t0.001_b0,1,0,6,0,767,934,168,3654,142,2.8423129405239749,2.7563339353833598,0.50000199999999995,0.50000001999999999,0.002617519
rlc_r0.02_a100_t0.001_b0,1,0,7,0,767,934,168,3654,142,2.8423129405239749,2.7563339353833598,0.50000199999999995,0.50000001999999999,0.0025971810000000001
rlc_r0.02_a100_t0.001_b0,1,0,8,0,767,934,168,3654,142,2.8423129405239749,2.7563339353833598,0.50000199999999995,0.50000001999999999,0.0026003369999999999
rlc_r0.02_a100_t0.001_b0,1,0,9,0,767,934,168,3654,142,2.8423129405239749,2.7563339353833598,0.50000199999999995,0.50000001999999999,0.002601529
rlc_r0.02_a100_t0.001_b0,1,0,10,0,767,934,168,3654,142,2.8423129405239749,2.7563339353833598,0.50000199999999995,0.50000001999999999,0.002608221
rlc_r0.02_a100_t0.001_b0,1,1,0,1,6456,6471,16,21093,280,0.025074905334633968,0.025237904676487233,0.50000199999999995,0.50000001999999999,0.015298951
rlc_r0.02_a100_t0.001_b0,1,1,1,1,6456,6471,16,21093,280,0.025074905334633968,0.025237904676487233,0.50000199999999995,0.50000001999999999,0.015295776000000001
rlc_r0.02_a100_t0.001_b0,1,1,2,1,6456,6471,16,21093,280,0.025074905334633968,0.025237904676487233,0.50000199999999995,0.50000001999999999,0.015232656000000001
rlc_r0.02_a100_t0.001_b0,1,1,3,1,6456,6471,16,21093,280,0.025074905334633968,0.025237904676487233,0.50000199999999995,0.50000001999999999,0.015332264999999999
rlc_r0.02_a100_t0.001_b0,1,1,4,1,6456,6471,16,21093,280,0.025074905334633968,0.025237904676487233,0.50000199999999995,0.50000001999999999,0.015265397999999999
rlc_r0.02_a100_t0.001_b0,1,1,5,1,6456,6471,16,21093,280,0.025074905334633968,0.025237904676487233,0.50000199999999995,0.50000001999999999,0.015314942
rlc_r0.02_a100_t0.001_b0,1,1,6,1,6456,6471,16,21093,280,0.025074905334633968,0.025237904676487233,0.50000199999999995,0.50000001999999999,0.015385305
rlc_r0.02_a100_t0.001_b0,1,1,7,1,6456,6471,16,21093,280,0.025074905334633968,0.025237904676487233,0.50000199999999995,0.50000001999999999,0.015258835
rlc_r0.02_a100_t0.001_b0,1,1,8,1,6456,6471,16,21093,280,0.025074905334633968,0.025237904676487233,0.50000199999999995,0.50000001999999999,0.01522923
rlc_r0.02_a100_t0.001_b0,1,1,9,1,6456,6471,16,21093,280,0.025074905334633968,0.025237904676487233,0.50000199999999995,0.50000001999999999,0.015285626
rlc_r0.02_a100_t0.001_b0,1,1,10,1,6456,6471,16,21093,280,0.025074905334633968,0.025237904676487233,0.50000199999999995,0.50000001999999999,0.015194073000000001
rlc_r0.5_a0.001_t9.9999999999999995e-07_b0,0,0,0,1,510,585,76,5265,585,2.5445575947047241e-06,2.514973392938962e-06,7.0000000000000007e-06,5.0200000000000002e-06,0.0032128090000000001
rlc_r0.5_a0.001_t9.9999999999999995e-07_b0,0,0,1,1,510,585,76,5265,585,2.5445575947047241e-06,2.514973392938962e-06,7.0000000000000007e-06,5.0200000000000002e-06,0.0031755479999999998
rlc_r0.5_a0.001_t9.9999999999999995e-07_b0,0,0,2,1,510,585,76,5265,585,2.5445575947047241e-06,2.514973392938962e-06,7.0000000000000007e-06,5.0200000000000002e-06,0.003202248
rlc_r0.5_a0.001_t9.9999999999999995e-07_b0,0,0,3,1,510,585,76,5265,585,2.5445575947047241e-06,2.514973392938962e-06,7.0000000000000007e-06,5.0200000000000002e-06,0.0031863989999999999
rlc_r0.5_a0.001_t9.9999999999999995e-07_b0,0,0,4,1,510,585,76,5265,585,2.5445575947047241e-06,2.514973392938962e-06,7.0000000000000007e-06,5.0200000000000002e-06,0.0031981620000000001
rlc_r0.5_a0.001_t9.9999999999999995e-07_b0,0,0,5,1,510,585,76,5265,585,2.5445575947047241e-06,2.514973392938962e-06,7.0000000000000007e-06,5.0200000000000002e-06,0.003227667
rlc_r0.5_a0.001_t9.9999999999999995e-07_b0,0,0,6,1,510,585,76,5265,585,2.5445575947047241e-06,2.514973392938962e-06,7.0000000000000007e-06,5.0200000000000002e-06,0.003183403
rlc_r0.5_a0.001_t9.9999999999999995e-07_b0,0,0,7,1,510,585,76,5265,585,2.5445575947047241e-06,2.514973392938962e-06,7.0000000000000007e-06,5.0200000000000002e-06,0.0032079299999999999
rlc_r0.5_a0.001_t9.9999999999999995e-07_b0,0,0,8,1,510,585,76,5265,585,2.5445575947047241e-06,2.514973392938962e-06,7.0000000000000007e-06,5.0200000000000002e-06,0.0032355219999999998
rlc_r0.5_a0.001_t9.9999999999999995e-07_b0,0,0,9,1,510,585,76,5265,585,2.5445575947047241e-06,2.514973392938962e-06,7.0000000000000007e-06,5.0200000000000002e-06,0.0031695159999999998
rlc_r0.5_a0.001_t9.9999999999999995e-07_b0,0,0,10,1,510,585,76,5265,585,2.5445575947047241e-06,2.514973392938962e-06,7.0000000000000007e-06,5.0200000000000002e-06,0.003206347
rlc_r0.5_a0.001_t9.9999999999999995e-07_b0,0,1,0,1,6423,6436,14,57924,6436,6.5732158049947031e-09,8.3995511032935056e-09,7.0000000000000007e-06,5.0200000000000002e-06,0.035356014999999998
rlc_r0.5_a0.001_t9.9999999999999995e-07_b0,0,1,1,1,6423,6436,14,57924,6436,6.5732158049947031e-09,8.3995511032935056e-09,7.0000000000000007e-06,5.0200000000000002e-06,0.035165202999999999
rlc_r0.5_a0.001_t9.9999999999999995e-07_b0,0,1,2,1,6423,6436,14,57924,6436,6.5732158049947031e-09,8.3995511032935056e-09,7.0000000000000007e-06,5.0200000000000002e-06,0.035645143999999997
rlc_r0.5_a0.001_t9.9999999999999995e-07_b0,0,1,3,1,6423,6436,14,57924,6436,6.5732158049947031e-09,8.3995511032935056e-09,7.0000000000000007e-06,5.0200000000000002e-06,0.035165463000000001
rlc_r0.5_a0.001_t9.9999999999999995e-07_b0,0,1,4,1,6423,6436,14,57924,6436,6.5732158049947031e-09,8.3995511032935056e-09,7.0000000000000007e-06,5.0200000000000002e-06,0.035416309999999999
rlc_r0.5_a0.001_t9.9999999999999995e-07_b0,0,1,5,1,6423,6436,14,57924,6436,6.5732158049947031e-09,8.3995511032935056e-09,7.0000000000000007e-06,5.0200000000000002e-06,0.035775161
rlc_r0.5_a0.001_t9.9999999999999995e-07_b0,0,1,6,1,6423,6436,14,57924,6436,6.5732158049947031e-09,8.3995511032935056e-09,7.0000000000000007e-06,5.0200000000000002e-06,0.034915880000000003
rlc_r0.5_a0.001_t9.9999999999999995e-07_b0,0,1,7,1,6423,6436,14,57924,6436,6.5732158049947031e-09,8.3995511032935056e-09,7.0000000000000007e-06,5.0200000000000002e-06,0.034905579999999999
rlc_r0.5_a0.001_t9.9999999999999995e-07_b0,0,1,8,1,6423,6436,14,57924,6436,6.5732158049947031e-09,8.3995511032935056e-09,7.0000000000000007e-06,5.0200000000000002e-06,0.035021901000000001
rlc_r0.5_a0.001_t9.9999999999999995e-07_b0,0,1,9,1,6423,6436,14,57924,6436,6.5732158049947031e-09,8.3995511032935056e-09,7.0000000000000007e-06,5.0200000000000002e-06,0.034891203000000003
rlc_r0.5_a0.001_t9.9999999999999995e-07_b0,0,1,10,1,6423,6436,14,57924,6436,6.5732158049947031e-09,8.3995511032935056e-09,7.0000000000000007e-06,5.0200000000000002e-06,0.034925939000000003
rlc_r0.5_a0.001_t9.9999999999999995e-07_b0,1,0,0,1,517,595,79,2679,149,2.4660083572070838e-06,2.4749649670478672e-06,7.0000000000000007e-06,5.0200000000000002e-06,0.001882604
rlc_r0.5_a0.001_t9.9999999999999995e-07_b0,1,0,1,1,517,595,79,2679,149,2.4660083572070838e-06,2.4749649670478672e-06,7.0000000000000007e-06,5.0200000000000002e-06,0.0018306240000000001
rlc_r0.5_a0.001_t9.9999999999999995e-07_b0,1,0,2,1,517,595,79,2679,149,2.4660083572070838e-06,2.4749649670478672e-06,7.0000000000000007e-06,5.0200000000000002e-06,0.0018694289999999999
rlc_r0.5_a0.001_t9.9999999999999995e-07_b0,1,0,3,1,517,595,79,2679,149,2.4660083572070838e-06,2.4749649670478672e-06,7.0000000000000007e-06,5.0200000000000002e-06,0.00184352
rlc_r0.5_a0.001_t9.9999999999999995e-07_b0,1,0,4,1,517,595,79,2679,149,2.4660083572070838e-06,2.4749649670478672e-06,7.0000000000000007e-06,5.0200000000000002e-06,0.001860261
rlc_r0.5_a0.001_t9.9999999999999995e-07_b0,1,0,5,1,517,595,79,2679,149,2.4660083572070838e-06,2.4749649670478672e-06,7.0000000000000007e-06,5.0200000000000002e-06,0.001875921
rlc_r0.5_a0.001_t9.9999999999999995e-07_b0,1,0,6,1,517,595,79,2679,149,2.4660083572070838e-06,2.4749649670478672e-06,7.0000000000000007e-06,5.0200000000000002e-06,0.0018594200000000001
rlc_r0.5_a0.001_t9.9999999999999995e-07_b0,1,0,7,1,517,595,79,2679,149,2.4660083572070838e-06,2.4749649670478672e-06,7.0000000000000007e-06,5.0200000000000002e-06,0.001852165
rlc_r0.5_a0.001_t9.9999999999999995e-07_b0,1,0,8,1,517,595,79,2679,149,2.4660083572070838e-06,2.4749649670478672e-06,7.0000000000000007e-06,5.0200000000000002e-06,0.001842317
rlc_r0.5_a0.001_t9.9999999999999995e-07_b0,1,0,9,1,517,595,79,2679,149,2.4660083572070838e-06,2.4749649670478672e-06,7.0000000000000007e-06,5.0200000000000002e-06,0.0018711719999999999
rlc_r0.5_a0.001_t9.9999999999999995e-07_b0,1,0,10,1,517,595,79,2679,149,2.4660083572070838e-06,2.4749649670478672e-06,7.0000000000000007e-06,5.0200000000000002e-06,0.001841776
rlc_r0.5_a0.001_t9.9999999999999995e-07_b0,1,1,0,1,6423,6436,14,20952,274,6.5732158238598209e-09,8.3995511349793141e-09,7.0000000000000007e-06,5.0200000000000002e-06,0.015141814
rlc_r0.5_a0.001_t9.9999999999999995e-07_b0,1,1,1,1,6423,6436,14,20952,274,6.5732158238598209e-09,8.3995511349793141e-09,7.0000000000000007e-06,5.0200000000000002e-06,0.015125131999999999
rlc_r0.5_a0.001_t9.9999999999999995e-07_b0,1,1,2,1,6423,6436,14,20952,274,6.5732158238598209e-09,8.3995511349793141e-09,7.0000000000000007e-06,5.0200000000000002e-06,0.015245721
rlc_r0.5_a0.001_t9.9999999999999995e-07_b0,1,1,3,1,6423,6436,14,20952,274,6.5732158238598209e-09,8.3995511349793141e-09,7.0000000000000007e-06,5.0200000000000002e-06,0.015154617
rlc_r0.5_a0.001_t9.9999999999999995e-07_b0,1,1,4,1,6423,6436,14,20952,274,6.5732158238598209e-09,8.3995511349793141e-09,7.0000000000000007e-06,5.0200000000000002e-06,0.015097630000000001
rlc_r0.5_a0.001_t9.9999999999999995e-07_b0,1,1,5,1,6423,6436,14,20952,274,6.5732158238598209e-09,8.3995511349793141e-09,7.0000000000000007e-06,5.0200000000000002e-06,0.015295756000000001
rlc_r0.5_a0.001_t9.9999999999999995e-07_b0,1,1,6,1,6423,6436,14,20952,274,6.5732158238598209e-09,8.3995511349793141e-09,7.0000000000000007e-06,5.0200000000000002e-06,0.015211175
rlc_r0.5_a0.001_t9.9999999999999995e-07_b0,1,1,7,1,6423,6436,14,20952,274,6.5732158238598209e-09,8.3995511349793141e-09,7.0000000000000007e-06,5.0200000000000002e-06,0.015241210999999999
rlc_r0.5_a0.001_t9.9999999999999995e-07_b0,1,1,8,1,6423,6436,14,20952,274,6.5732158238598209e-09,8.3995511349793141e-09,7.0000000000000007e-06,5.0200000000000002e-06,0.015326434
rlc_r0.5_a0.001_t9.9999999999999995e-07_b0,1,1,9,1,6423,6436,14,20952,274,6.5732158238598209e-09,8.3995511349793141e-09,7.0000000000000007e-06,5.0200000000000002e-06,0.01520289
rlc_r0.5_a0.001_t9.9999999999999995e-07_b0,1,1,10,1,6423,6436,14,20952,274,6.5732158238598209e-09,8.3995511349793141e-09,7.0000000000000007e-06,5.0200000000000002e-06,0.015245509000000001
rlc_r0.5_a1_t9.9999999999999995e-07_b0,0,0,0,1,652,799,148,7191,799,0.0019131658405742158,0.0020112964372204223,0.0050020000000000004,0.00500002,0.0043246389999999999
rlc_r0.5_a1_t9.9999999999999995e-07_b0,0,0,1,1,652,799,148,7191,799,0.0019131658405742158,0.0020112964372204223,0.0050020000000000004,0.00500002,0.0043096410000000003
rlc_r0.5_a1_t9.9999999999999995e-07_b0,0,0,2,1,652,799,148,7191,799,0.0019131658405742158,0.0020112964372204223,0.0050020000000000004,0.00500002,0.004301114
rlc_r0.5_a1_t9.9999999999999995e-07_b0,0,0,3,1,652,799,148,7191,799,0.0019131658405742158,0.0020112964372204223,0.0050020000000000004,0.00500002,0.0043396479999999998
rlc_r0.5_a1_t9.9999999999999995e-07_b0,0,0,4,1,652,799,148,7191,799,0.0019131658405742158,0.0020112964372204223,0.0050020000000000004,0.00500002,0.0043065350000000002
rlc_r0.5_a1_t9.9999999999999995e-07_b0,0,0,5,1,652,799,148,7191,799,0.0019131658405742158,0.0020112964372204223,0.0050020000000000004,0.00500002,0.0043045610000000002
rlc_r0.5_a1_t9.9999999999999995e-07_b0,0,0,6,1,652,799,148,7191,799,0.0019131658405742158,0.0020112964372204223,0.0050020000000000004,0.00500002,0.0043073570000000004
rlc_r0.5_a1_t9.9999999999999995e-07_b0,0,0,7,1,652,799,148,7191,799,0.0019131658405742158,0.0020112964372204223,0.0050020000000000004,0.00500002,0.004311334
rlc_r0.5_a1_t9.9999999999999995e-07_b0,0,0,8,1,652,799,148,7191,799,0.0019131658405742158,0.0020112964372204223,0.0050020000000000004,0.00500002,0.0042990099999999998
rlc_r0.5_a1_t9.9999999999999995e-07_b0,0,0,9,1,652,799,148,7191,799,0.0019131658405742158,0.0020112964372204223,0.0050020000000000004,0.00500002,0.0042778410000000001
rlc_r0.5_a1_t9.9999999999999995e-07_b0,0,0,10,1,652,799,148,7191,799,0.0019131658405742158,0.0020112964372204223,0.0050020000000000004,0.00500002,0.0043243179999999997
rlc_r0.5_a1_t9.9999999999999995e-07_b0,0,1,0,1,6437,6459,23,58131,6459,7.8486482432138516e-06,1.1318259463710678e-05,0.0050020000000000004,0.00500002,0.035079049000000001
rlc_r0.5_a1_t9.9999999999999995e-07_b0,0,1,1,1,6437,6459,23,58131,6459,7.8486482432138516e-06,1.1318259463710678e-05,0.0050020000000000004,0.00500002,0.034919646999999998
rlc_r0.5_a1_t9.9999999999999995e-07_b0,0,1,2,1,6437,6459,23,58131,6459,7.8486482432138516e-06,1.1318259463710678e-05,0.0050020000000000004,0.00500002,0.035208145000000003
rlc_r0.5_a1_t9.9999999999999995e-07_b0,0,1,3,1,6437,6459,23,58131,6459,7.8486482432138516e-06,1.1318259463710678e-05,0.0050020000000000004,0.00500002,0.035053130000000002
rlc_r0.5_a1_t9.9999999999999995e-07_b0,0,1,4,1,6437,6459,23,58131,6459,7.8486482432138516e-06,1.1318259463710678e-05,0.0050020000000000004,0.00500002,0.035054182000000003
rlc_r0.5_a1_t9.9999999999999995e-07_b0,0,1,5,1,6437,6459,23,58131,6459,7.8486482432138516e-06,1.1318259463710678e-05,0.0050020000000000004,0.00500002,0.035166484999999997
rlc_r0.5_a1_t9.9999999999999995e-07_b0,0,1,6,1,6437,6459,23,58131,6459,7.8486482432138516e-06,1.1318259463710678e-05,0.0050020000000000004,0.00500002,0.034881143000000003
rlc_r0.5_a1_t9.9999999999999995e-07_b0,0,1,7,1,6437,6459,23,58131,6459,7.8486482432138516e-06,1.1318259463710678e-05,0.0050020000000000004,0.00500002,0.034745376000000001
rlc_r0.5_a1_t9.9999999999999995e-07_b0,0,1,8,1,6437,6459,23,58131,6459,7.8486482432138516e-06,1.1318259463710678e-05,0.0050020000000000004,0.00500002,0.035180180999999998
rlc_r0.5_a1_t9.9999999999999995e-07_b0,0,1,9,1,6437,6459,23,58131,6459,7.8486482432138516e-06,1.1318259463710678e-05,0.0050020000000000004,0.00500002,0.034781155000000001
rlc_r0.5_a1_t9.9999999999999995e-07_b0,0,1,10,1,6437,6459,23,58131,6459,7.8486482432138516e-06,1.1318259463710678e-05,0.0050020000000000004,0.00500002,0.034962317999999999
rlc_r0.5_a1_t9.9999999999999995e-07_b0,1,0,0,1,656,796,141,3354,161,0.0018622244228603257,0.0019737302517635058,0.0050020000000000004,0.00500002,0.0023507229999999999
rlc_r0.5_a1_t9.9999999999999995e-07_b0,1,0,1,1,656,796,141,3354,161,0.0018622244228603257,0.0019737302517635058,0.0050020000000000004,0.00500002,0.0023664720000000001
rlc_r0.5_a1_t9.9999999999999995e-07_b0,1,0,2,1,656,796,141,3354,161,0.0018622244228603257,0.0019737302517635058,0.0050020000000000004,0.00500002,0.0023340100000000001
rlc_r0.5_a1_t9.9999999999999995e-07_b0,1,0,3,1,656,796,141,3354,161,0.0018622244228603257,0.0019737302517635058,0.0050020000000000004,0.00500002,0.0023711309999999998
rlc_r0.5_a1_t9.9999999999999995e-07_b0,1,0,4,1,656,796,141,3354,161,0.0018622244228603257,0.0019737302517635058,0.0050020000000000004,0.00500002,0.0023282300000000001
rlc_r0.5_a1_t9.9999999999999995e-07_b0,1,0,5,1,656,796,141,3354,161,0.0018622244228603257,0.0019737302517635058,0.0050020000000000004,0.00500002,0.0023287
rlc_r0.5_a1_t9.9999999999999995e-07_b0,1,0,6,1,656,796,141,3354,161,0.0018622244228603257,0.0019737302517635058,0.0050020000000000004,0.00500002,0.0023311249999999999
rlc_r0.5_a1_t9.9999999999999995e-07_b0,1,0,7,1,656,796,141,3354,161,0.0018622244228603257,0.0019737302517635058,0.0050020000000000004,0.00500002,0.002363567
rlc_r0.5_a1_t9.9999999999999995e-07_b0,1,0,8,1,656,796,141,3354,161,0.0018622244228603257,0.0019737302517635058,0.0050020000000000004,0.00500002,0.0023194930000000002
rlc_r0.5_a1_t9.9999999999999995e-07_b0,1,0,9,1,656,796,141,3354,161,0.0018622244228603257,0.0019737302517635058,0.0050020000000000004,0.00500002,0.0023556110000000001
rlc_r0.5_a1_t9.9999999999999995e-07_b0,1,0,10,1,656,796,141,3354,161,0.0018622244228603257,0.0019737302517635058,0.0050020000000000004,0.00500002,0.002332668
rlc_r0.5_a1_t9.9999999999999995e-07_b0,1,1,0,1,6436,6461,26,21153,295,8.3009751558060785e-06,1.0754204661150846e-05,0.0050020000000000004,0.00500002,0.015315512999999999
rlc_r0.5_a1_t9.9999999999999995e-07_b0,1,1,1,1,6436,6461,26,21153,295,8.3009751558060785e-06,1.0754204661150846e-05,0.0050020000000000004,0.00500002,0.015347042999999999
rlc_r0.5_a1_t9.9999999999999995e-07_b0,1,1,2,1,6436,6461,26,21153,295,8.3009751558060785e-06,1.0754204661150846e-05,0.0050020000000000004,0.00500002,0.015389734
rlc_r0.5_a1_t9.9999999999999995e-07_b0,1,1,3,1,6436,6461,26,21153,295,8.3009751558060785e-06,1.0754204661150846e-05,0.0050020000000000004,0.00500002,0.015657813
rlc_r0.5_a1_t9.9999999999999995e-07_b0,1,1,4,1,6436,6461,26,21153,295,8.3009751558060785e-06,1.0754204661150846e-05,0.0050020000000000004,0.00500002,0.015453114
rlc_r0.5_a1_t9.9999999999999995e-07_b0,1,1,5,1,6436,6461,26,21153,295,8.3009751558060785e-06,1.0754204661150846e-05,0.0050020000000000004,0.00500002,0.015307789
rlc_r0.5_a1_t9.9999999999999995e-07_b0,1,1,6,1,6436,6461,26,21153,295,8.3009751558060785e-06,1.0754204661150846e-05,0.0050020000000000004,0.00500002,0.015286558
rlc_r0.5_a1_t9.9999999999999995e-07_b0,1,1,7,1,6436,6461,26,21153,295,8.3009751558060785e-06,1.0754204661150846e-05,0.0050020000000000004,0.00500002,0.015500488999999999
rlc_r0.5_a1_t9.9999999999999995e-07_b0,1,1,8,1,6436,6461,26,21153,295,8.3009751558060785e-06,1.0754204661150846e-05,0.0050020000000000004,0.00500002,0.015518077999999999
rlc_r0.5_a1_t9.9999999999999995e-07_b0,1,1,9,1,6436,6461,26,21153,295,8.3009751558060785e-06,1.0754204661150846e-05,0.0050020000000000004,0.00500002,0.015613299000000001
rlc_r0.5_a1_t9.9999999999999995e-07_b0,1,1,10,1,6436,6461,26,21153,295,8.3009751558060785e-06,1.0754204661150846e-05,0.0050020000000000004,0.00500002,0.015607898
rlc_r0.5_a1_t0.001_b400,0,0,0,1,652,799,148,7191,799,0.0019131662451883358,0.0020112969032872186,0.0050020000000000004,0.00500002,0.0044466599999999998
rlc_r0.5_a1_t0.001_b400,0,0,1,1,652,799,148,7191,799,0.0019131662451883358,0.0020112969032872186,0.0050020000000000004,0.00500002,0.0044153420000000001
rlc_r0.5_a1_t0.001_b400,0,0,2,1,652,799,148,7191,799,0.0019131662451883358,0.0020112969032872186,0.0050020000000000004,0.00500002,0.004395103
rlc_r0.5_a1_t0.001_b400,0,0,3,1,652,799,148,7191,799,0.0019131662451883358,0.0020112969032872186,0.0050020000000000004,0.00500002,0.0045045399999999996
rlc_r0.5_a1_t0.001_b400,0,0,4,1,652,799,148,7191,799,0.0019131662451883358,0.0020112969032872186,0.0050020000000000004,0.00500002,0.0044561890000000002
rlc_r0.5_a1_t0.001_b400,0,0,5,1,652,799,148,7191,799,0.0019131662451883358,0.0020112969032872186,0.0050020000000000004,0.00500002,0.0044335360000000001
rlc_r0.5_a1_t0.001_b400,0,0,6,1,652,799,148,7191,799,0.0019131662451883358,0.0020112969032872186,0.0050020000000000004,0.00500002,0.0044468709999999998
rlc_r0.5_a1_t0.001_b400,0,0,7,1,652,799,148,7191,799,0.0019131662451883358,0.0020112969032872186,0.0050020000000000004,0.00500002,0.0044728809999999997
rlc_r0.5_a1_t0.001_b400,0,0,8,1,652,799,148,7191,799,0.0019131662451883358,0.0020112969032872186,0.0050020000000000004,0.00500002,0.0044221540000000002
rlc_r0.5_a1_t0.001_b400,0,0,9,1,652,799,148,7191,799,0.0019131662451883358,0.0020112969032872186,0.0050020000000000004,0.00500002,0.0043985500000000002
rlc_r0.5_a1_t0.001_b400,0,0,10,1,652,799,148,7191,799,0.0019131662451883358,0.0020112969032872186,0.0050020000000000004,0.00500002,0.0044320239999999997
rlc_r0.5_a1_t0.001_b400,0,1,0,1,6437,6459,23,58131,6459,7.849031236295545e-06,1.13179986199613e-05,0.0050020000000000004,0.00500002,0.035741277000000002
rlc_r0.5_a1_t0.001_b400,0,1,1,1,6437,6459,23,58131,6459,7.849031236295545e-06,1.13179986199613e-05,0.0050020000000000004,0.00500002,0.035832338999999998
rlc_r0.5_a1_t0.001_b400,0,1,2,1,6437,6459,23,58131,6459,7.849031236295545e-06,1.13179986199613e-05,0.0050020000000000004,0.00500002,0.038683753000000001
rlc_r0.5_a1_t0.001_b400,0,1,3,1,6437,6459,23,58131,6459,7.849031236295545e-06,1.13179986199613e-05,0.0050020000000000004,0.00500002,0.038466670000000001
rlc_r0.5_a1_t0.001_b400,0,1,4,1,6437,6459,23,58131,6459,7.849031236295545e-06,1.13179986199613e-05,0.0050020000000000004,0.00500002,0.035724064
rlc_r0.5_a1_t0.001_b400,0,1,5,1,6437,6459,23,58131,6459,7.849031236295545e-06,1.13179986199613e-05,0.0050020000000000004,0.00500002,0.035347730000000001
rlc_r0.5_a1_t0.001_b400,0,1,6,1,6437,6459,23,58131,6459,7.849031236295545e-06,1.13179986199613e-05,0.0050020000000000004,0.00500002,0.035920977
rlc_r0.5_a1_t0.001_b400,0,1,7,1,6437,6459,23,58131,6459,7.849031236295545e-06,1.13179986199613e-05,0.0050020000000000004,0.00500002,0.036938238999999998
rlc_r0.5_a1_t0.001_b400,0,1,8,1,6437,6459,23,58131,6459,7.849031236295545e-06,1.13179986199613e-05,0.0050020000000000004,0.00500002,0.035435236000000002
rlc_r0.5_a1_t0.001_b400,0,1,9,1,6437,6459,23,58131,6459,7.849031236295545e-06,1.13179986199613e-05,0.0050020000000000004,0.00500002,0.035439204000000002
rlc_r0.5_a1_t0.001_b400,0,1,10,1,6437,6459,23,58131,6459,7.849031236295545e-06,1.13179986199613e-05,0.0050020000000000004,0.00500002,0.035895168999999998
rlc_r0.5_a1_t0.001_b400,1,0,0,1,656,796,141,3354,161,0.0018622248532409458,0.0019737306736781202,0.0050020000000000004,0.00500002,0.0024846759999999999
rlc_r0.5_a1_t0.001_b400,1,0,1,1,656,796,141,3354,161,0.0018622248532409458,0.0019737306736781202,0.0050020000000000004,0.00500002,0.002366913
rlc_r0.5_a1_t0.001_b400,1,0,2,1,656,796,141,3354,161,0.0018622248532409458,0.0019737306736781202,0.0050020000000000004,0.00500002,0.0024227089999999999
rlc_r0.5_a1_t0.001_b400,1,0,3,1,656,796,141,3354,161,0.0018622248532409458,0.0019737306736781202,0.0050020000000000004,0.00500002,0.0023972910000000002
rlc_r0.5_a1_t0.001_b400,1,0,4,1,656,796,141,3354,161,0.0018622248532409458,0.0019737306736781202,0.0050020000000000004,0.00500002,0.0024094440000000002
rlc_r0.5_a1_t0.001_b400,1,0,5,1,656,796,141,3354,161,0.0018622248532409458,0.0019737306736781202,0.0050020000000000004,0.00500002,0.0023835039999999998
rlc_r0.5_a1_t0.001_b400,1,0,6,1,656,796,141,3354,161,0.0018622248532409458,0.0019737306736781202,0.0050020000000000004,0.00500002,0.0023899860000000002
rlc_r0.5_a1_t0.001_b400,1,0,7,1,656,796,141,3354,161,0.0018622248532409458,0.0019737306736781202,0.0050020000000000004,0.00500002,0.0025052859999999998
rlc_r0.5_a1_t0.001_b400,1,0,8,1,656,796,141,3354,161,0.0018622248532409458,0.0019737306736781202,0.0050020000000000004,0.00500002,0.0024149340000000001
rlc_r0.5_a1_t0.001_b400,1,0,9,1,656,796,141,3354,161,0.0018622248532409458,0.0019737306736781202,0.0050020000000000004,0.00500002,0.002481175
rlc_r0.5_a1_t0.001_b400,1,0,10,1,656,796,141,3354,161,0.0018622248532409458,0.0019737306736781202,0.0050020000000000004,0.00500002,0.0027832489999999998
rlc_r0.5_a1_t0.001_b400,1,1,0,1,6436,6461,26,21153,295,8.3023910983914817e-06,1.0752476415493151e-05,0.0050020000000000004,0.00500002,0.015288942
rlc_r0.5_a1_t0.001_b400,1,1,1,1,6436,6461,26,21153,295,8.3023910983914817e-06,1.0752476415493151e-05,0.0050020000000000004,0.00500002,0.015261171
rlc_r0.5_a1_t0.001_b400,1,1,2,1,6436,6461,26,21153,295,8.3023910983914817e-06,1.0752476415493151e-05,0.0050020000000000004,0.00500002,0.015346172
rlc_r0.5_a1_t0.001_b400,1,1,3,1,6436,6461,26,21153,295,8.3023910983914817e-06,1.0752476415493151e-05,0.0050020000000000004,0.00500002,0.015283933
rlc_r0.5_a1_t0.001_b400,1,1,4,1,6436,6461,26,21153,295,8.3023910983914817e-06,1.0752476415493151e-05,0.0050020000000000004,0.00500002,0.015391287
rlc_r0.5_a1_t0.001_b400,1,1,5,1,6436,6461,26,21153,295,8.3023910983914817e-06,1.0752476415493151e-05,0.0050020000000000004,0.00500002,0.015281217
rlc_r0.5_a1_t0.001_b400,1,1,6,1,6436,6461,26,21153,295,8.3023910983914817e-06,1.0752476415493151e-05,0.0050020000000000004,0.00500002,0.015199743
rlc_r0.5_a1_t0.001_b400,1,1,7,1,6436,6461,26,21153,295,8.3023910983914817e-06,1.0752476415493151e-05,0.0050020000000000004,0.00500002,0.015413779000000001
rlc_r0.5_a1_t0.001_b400,1,1,8,1,6436,6461,26,21153,295,8.3023910983914817e-06,1.0752476415493151e-05,0.0050020000000000004,0.00500002,0.015227505000000001
rlc_r0.5_a1_t0.001_b400,1,1,9,1,6436,6461,26,21153,295,8.3023910983914817e-06,1.0752476415493151e-05,0.0050020000000000004,0.00500002,0.015115172
rlc_r0.5_a1_t0.001_b400,1,1,10,1,6436,6461,26,21153,295,8.3023910983914817e-06,1.0752476415493151e-05,0.0050020000000000004,0.00500002,0.015118329
rlc_r0.5_a100_t0.001_b0,0,0,0,1,686,826,141,7434,826,0.19115136872744642,0.20081774151415743,0.50000199999999995,0.50000001999999999,0.0044896320000000003
rlc_r0.5_a100_t0.001_b0,0,0,1,1,686,826,141,7434,826,0.19115136872744642,0.20081774151415743,0.50000199999999995,0.50000001999999999,0.004443715
rlc_r0.5_a100_t0.001_b0,0,0,2,1,686,826,141,7434,826,0.19115136872744642,0.20081774151415743,0.50000199999999995,0.50000001999999999,0.0044295990000000002
rlc_r0.5_a100_t0.001_b0,0,0,3,1,686,826,141,7434,826,0.19115136872744642,0.20081774151415743,0.50000199999999995,0.50000001999999999,0.0044724389999999999
rlc_r0.5_a100_t0.001_b0,0,0,4,1,686,826,141,7434,826,0.19115136872744642,0.20081774151415743,0.50000199999999995,0.50000001999999999,0.0044234970000000002
rlc_r0.5_a100_t0.001_b0,0,0,5,1,686,826,141,7434,826,0.19115136872744642,0.20081774151415743,0.50000199999999995,0.50000001999999999,0.0044351089999999996
rlc_r0.5_a100_t0.001_b0,0,0,6,1,686,826,141,7434,826,0.19115136872744642,0.20081774151415743,0.50000199999999995,0.50000001999999999,0.004420261
rlc_r0.5_a100_t0.001_b0,0,0,7,1,686,826,141,7434,826,0.19115136872744642,0.20081774151415743,0.50000199999999995,0.50000001999999999,0.0044573520000000004
rlc_r0.5_a100_t0.001_b0,0,0,8,1,686,826,141,7434,826,0.19115136872744642,0.20081774151415743,0.50000199999999995,0.50000001999999999,0.0044194489999999998
rlc_r0.5_a100_t0.001_b0,0,0,9,1,686,826,141,7434,826,0.19115136872744642,0.20081774151415743,0.50000199999999995,0.50000001999999999,0.0044345679999999998
rlc_r0.5_a100_t0.001_b0,0,0,10,1,686,826,141,7434,826,0.19115136872744642,0.20081774151415743,0.50000199999999995,0.50000001999999999,0.0044627920000000001
rlc_r0.5_a100_t0.001_b0,0,1,0,1,6471,6498,28,58482,6498,0.00081332637597597568,0.0010850427746689206,0.50000199999999995,0.50000001999999999,0.034917503000000003
rlc_r0.5_a100_t0.001_b0,0,1,1,1,6471,6498,28,58482,6498,0.00081332637597597568,0.0010850427746689206,0.50000199999999995,0.50000001999999999,0.034873017999999999
rlc_r0.5_a100_t0.001_b0,0,1,2,1,6471,6498,28,58482,6498,0.00081332637597597568,0.0010850427746689206,0.50000199999999995,0.50000001999999999,0.034951728000000001
rlc_r0.5_a100_t0.001_b0,0,1,3,1,6471,6498,28,58482,6498,0.00081332637597597568,0.0010850427746689206,0.50000199999999995,0.50000001999999999,0.034811793000000001
rlc_r0.5_a100_t0.001_b0,0,1,4,1,6471,6498,28,58482,6498,0.00081332637597597568,0.0010850427746689206,0.50000199999999995,0.50000001999999999,0.034989238999999998
rlc_r0.5_a100_t0.001_b0,0,1,5,1,6471,6498,28,58482,6498,0.00081332637597597568,0.0010850427746689206,0.50000199999999995,0.50000001999999999,0.035184068999999998
rlc_r0.5_a100_t0.001_b0,0,1,6,1,6471,6498,28,58482,6498,0.00081332637597597568,0.0010850427746689206,0.50000199999999995,0.50000001999999999,0.034950215
rlc_r0.5_a100_t0.001_b0,0,1,7,1,6471,6498,28,58482,6498,0.00081332637597597568,0.0010850427746689206,0.50000199999999995,0.50000001999999999,0.035506930999999999
rlc_r0.5_a100_t0.001_b0,0,1,8,1,6471,6498,28,58482,6498,0.00081332637597597568,0.0010850427746689206,0.50000199999999995,0.50000001999999999,0.035964258999999998
rlc_r0.5_a100_t0.001_b0,0,1,9,1,6471,6498,28,58482,6498,0.00081332637597597568,0.0010850427746689206,0.50000199999999995,0.50000001999999999,0.035583025999999997
rlc_r0.5_a100_t0.001_b0,0,1,10,1,6471,6498,28,58482,6498,0.00081332637597597568,0.0010850427746689206,0.50000199999999995,0.50000001999999999,0.035865412999999999
rlc_r0.5_a100_t0.001_b0,1,0,0,1,687,835,149,3525,170,0.1863195414705956,0.19793981581020148,0.50000199999999995,0.50000001999999999,0.002544761
rlc_r0.5_a100_t0.001_b0,1,0,1,1,687,835,149,3525,170,0.1863195414705956,0.19793981581020148,0.50000199999999995,0.50000001999999999,0.0025218969999999999
rlc_r0.5_a100_t0.001_b0,1,0,2,1,687,835,149,3525,170,0.1863195414705956,0.19793981581020148,0.50000199999999995,0.50000001999999999,0.002525574
rlc_r0.5_a100_t0.001_b0,1,0,3,1,687,835,149,3525,170,0.1863195414705956,0.19793981581020148,0.50000199999999995,0.50000001999999999,0.0025004670000000001
rlc_r0.5_a100_t0.001_b0,1,0,4,1,687,835,149,3525,170,0.1863195414705956,0.19793981581020148,0.50000199999999995,0.50000001999999999,0.0025069990000000002
rlc_r0.5_a100_t0.001_b0,1,0,5,1,687,835,149,3525,170,0.1863195414705956,0.19793981581020148,0.50000199999999995,0.50000001999999999,0.0025093839999999999
rlc_r0.5_a100_t0.001_b0,1,0,6,1,687,835,149,3525,170,0.1863195414705956,0.19793981581020148,0.50000199999999995,0.50000001999999999,0.0025118380000000002
rlc_r0.5_a100_t0.001_b0,1,0,7,1,687,835,149,3525,170,0.1863195414705956,0.19793981581020148,0.50000199999999995,0.50000001999999999,0.0024938439999999998
rlc_r0.5_a100_t0.001_b0,1,0,8,1,687,835,149,3525,170,0.1863195414705956,0.19793981581020148,0.50000199999999995,0.50000001999999999,0.002566652
rlc_r0.5_a100_t0.001_b0,1,0,9,1,687,835,149,3525,170,0.1863195414705956,0.19793981581020148,0.50000199999999995,0.50000001999999999,0.0025139519999999999
rlc_r0.5_a100_t0.001_b0,1,0,10,1,687,835,149,3525,170,0.1863195414705956,0.19793981581020148,0.50000199999999995,0.50000001999999999,0.0025084019999999999
rlc_r0.5_a100_t0.001_b0,1,1,0,1,6469,6494,26,21270,298,0.00077644774584939569,0.0011350279761508375,0.50000199999999995,0.50000001999999999,0.015832814000000001
rlc_r0.5_a100_t0.001_b0,1,1,1,1,6469,6494,26,21270,298,0.00077644774584939569,0.0011350279761508375,0.50000199999999995,0.50000001999999999,0.015780406
rlc_r0.5_a100_t0.001_b0,1,1,2,1,6469,6494,26,21270,298,0.00077644774584939569,0.0011350279761508375,0.50000199999999995,0.50000001999999999,0.015804331000000001
rlc_r0.5_a100_t0.001_b0,1,1,3,1,6469,6494,26,21270,298,0.00077644774584939569,0.0011350279761508375,0.50000199999999995,0.50000001999999999,0.015828816999999998
rlc_r0.5_a100_t0.001_b0,1,1,4,1,6469,6494,26,21270,298,0.00077644774584939569,0.0011350279761508375,0.50000199999999995,0.50000001999999999,0.015986878
rlc_r0.5_a100_t0.001_b0,1,1,5,1,6469,6494,26,21270,298,0.00077644774584939569,0.0011350279761508375,0.50000199999999995,0.50000001999999999,0.01580384
rlc_r0.5_a100_t0.001_b0,1,1,6,1,6469,6494,26,21270,298,0.00077644774584939569,0.0011350279761508375,0.50000199999999995,0.50000001999999999,0.015982499000000001
rlc_r0.5_a100_t0.001_b0,1,1,7,1,6469,6494,26,21270,298,0.00077644774584939569,0.0011350279761508375,0.50000199999999995,0.50000001999999999,0.015848165000000001
rlc_r0.5_a100_t0.001_b0,1,1,8,1,6469,6494,26,21270,298,0.00077644774584939569,0.0011350279761508375,0.50000199999999995,0.50000001999999999,0.015791256
rlc_r0.5_a100_t0.001_b0,1,1,9,1,6469,6494,26,21270,298,0.00077644774584939569,0.0011350279761508375,0.50000199999999995,0.50000001999999999,0.016047071999999999
rlc_r0.5_a100_t0.001_b0,1,1,10,1,6469,6494,26,21270,298,0.00077644774584939569,0.0011350279761508375,0.50000199999999995,0.50000001999999999,0.015862622
rlc_r20_a0.001_t9.9999999999999995e-07_b0,0,0,0,1,351,383,33,3447,383,5.2853037512973905e-09,2.143332307165749e-08,7.0000000000000007e-06,5.0200000000000002e-06,0.0021554009999999999
rlc_r20_a0.001_t9.9999999999999995e-07_b0,0,0,1,1,351,383,33,3447,383,5.2853037512973905e-09,2.143332307165749e-08,7.0000000000000007e-06,5.0200000000000002e-06,0.0021564940000000001
rlc_r20_a0.001_t9.9999999999999995e-07_b0,0,0,2,1,351,383,33,3447,383,5.2853037512973905e-09,2.143332307165749e-08,7.0000000000000007e-06,5.0200000000000002e-06,0.00215453
rlc_r20_a0.001_t9.9999999999999995e-07_b0,0,0,3,1,351,383,33,3447,383,5.2853037512973905e-09,2.143332307165749e-08,7.0000000000000007e-06,5.0200000000000002e-06,0.002142297
rlc_r20_a0.001_t9.9999999999999995e-07_b0,0,0,4,1,351,383,33,3447,383,5.2853037512973905e-09,2.143332307165749e-08,7.0000000000000007e-06,5.0200000000000002e-06,0.0021133910000000001
rlc_r20_a0.001_t9.9999999999999995e-07_b0,0,0,5,1,351,383,33,3447,383,5.2853037512973905e-09,2.143332307165749e-08,7.0000000000000007e-06,5.0200000000000002e-06,0.002157525
rlc_r20_a0.001_t9.9999999999999995e-07_b0,0,0,6,1,351,383,33,3447,383,5.2853037512973905e-09,2.143332307165749e-08,7.0000000000000007e-06,5.0200000000000002e-06,0.002121557
rlc_r20_a0.001_t9.9999999999999995e-07_b0,0,0,7,1,351,383,33,3447,383,5.2853037512973905e-09,2.143332307165749e-08,7.0000000000000007e-06,5.0200000000000002e-06,0.0021172589999999998
rlc_r20_a0.001_t9.9999999999999995e-07_b0,0,0,8,1,351,383,33,3447,383,5.2853037512973905e-09,2.143332307165749e-08,7.0000000000000007e-06,5.0200000000000002e-06,0.002161142
rlc_r20_a0.001_t9.9999999999999995e-07_b0,0,0,9,1,351,383,33,3447,383,5.2853037512973905e-09,2.143332307165749e-08,7.0000000000000007e-06,5.0200000000000002e-06,0.0021498810000000002
rlc_r20_a0.001_t9.9999999999999995e-07_b0,0,0,10,1,351,383,33,3447,383,5.2853037512973905e-09,2.143332307165749e-08,7.0000000000000007e-06,5.0200000000000002e-06,0.0021181310000000001
rlc_r20_a0.001_t9.9999999999999995e-07_b0,0,1,0,1,6432,6447,16,58023,6447,1.0380869599796623e-09,1.3817409304120958e-08,7.0000000000000007e-06,5.0200000000000002e-06,0.035196994000000002
rlc_r20_a0.001_t9.9999999999999995e-07_b0,0,1,1,1,6432,6447,16,58023,6447,1.0380869599796623e-09,1.3817409304120958e-08,7.0000000000000007e-06,5.0200000000000002e-06,0.035222060999999999
rlc_r20_a0.001_t9.9999999999999995e-07_b0,0,1,2,1,6432,6447,16,58023,6447,1.0380869599796623e-09,1.3817409304120958e-08,7.0000000000000007e-06,5.0200000000000002e-06,0.035465272999999999
rlc_r20_a0.001_t9.9999999999999995e-07_b0,0,1,3,1,6432,6447,16,58023,6447,1.0380869599796623e-09,1.3817409304120958e-08,7.0000000000000007e-06,5.0200000000000002e-06,0.035342058000000003
rlc_r20_a0.001_t9.9999999999999995e-07_b0,0,1,4,1,6432,6447,16,58023,6447,1.0380869599796623e-09,1.3817409304120958e-08,7.0000000000000007e-06,5.0200000000000002e-06,0.034926391000000001
rlc_r20_a0.001_t9.9999999999999995e-07_b0,0,1,5,1,6432,6447,16,58023,6447,1.0380869599796623e-09,1.3817409304120958e-08,7.0000000000000007e-06,5.0200000000000002e-06,0.034279582000000003
rlc_r20_a0.001_t9.9999999999999995e-07_b0,0,1,6,1,6432,6447,16,58023,6447,1.0380869599796623e-09,1.3817409304120958e-08,7.0000000000000007e-06,5.0200000000000002e-06,0.034452930999999999
rlc_r20_a0.001_t9.9999999999999995e-07_b0,0,1,7,1,6432,6447,16,58023,6447,1.0380869599796623e-09,1.3817409304120958e-08,7.0000000000000007e-06,5.0200000000000002e-06,0.034285453
rlc_r20_a0.001_t9.9999999999999995e-07_b0,0,1,8,1,6432,6447,16,58023,6447,1.0380869599796623e-09,1.3817409304120958e-08,7.0000000000000007e-06,5.0200000000000002e-06,0.034093067999999997
rlc_r20_a0.001_t9.9999999999999995e-07_b0,0,1,9,1,6432,6447,16,58023,6447,1.0380869599796623e-09,1.3817409304120958e-08,7.0000000000000007e-06,5.0200000000000002e-06,0.034188868999999997
rlc_r20_a0.001_t9.9999999999999995e-07_b0,0,1,10,1,6432,6447,16,58023,6447,1.0380869599796623e-09,1.3817409304120958e-08,7.0000000000000007e-06,5.0200000000000002e-06,0.034202145000000003
rlc_r20_a0.001_t9.9999999999999995e-07_b0,1,0,0,1,356,380,25,1554,69,1.3519737172991951e-08,1.839899384460848e-08,7.0000000000000007e-06,5.0200000000000002e-06,0.00109538
rlc_r20_a0.001_t9.9999999999999995e-07_b0,1,0,1,1,356,380,25,1554,69,1.3519737172991951e-08,1.839899384460848e-08,7.0000000000000007e-06,5.0200000000000002e-06,0.001062016
rlc_r20_a0.001_t9.9999999999999995e-07_b0,1,0,2,1,356,380,25,1554,69,1.3519737172991951e-08,1.839899384460848e-08,7.0000000000000007e-06,5.0200000000000002e-06,0.00105853
rlc_r20_a0.001_t9.9999999999999995e-07_b0,1,0,3,1,356,380,25,1554,69,1.3519737172991951e-08,1.839899384460848e-08,7.0000000000000007e-06,5.0200000000000002e-06,0.001084188
rlc_r20_a0.001_t9.9999999999999995e-07_b0,1,0,4,1,356,380,25,1554,69,1.3519737172991951e-08,1.839899384460848e-08,7.0000000000000007e-06,5.0200000000000002e-06,0.0011121919999999999
rlc_r20_a0.001_t9.9999999999999995e-07_b0,1,0,5,1,356,380,25,1554,69,1.3519737172991951e-08,1.839899384460848e-08,7.0000000000000007e-06,5.0200000000000002e-06,0.0010785370000000001
rlc_r20_a0.001_t9.9999999999999995e-07_b0,1,0,6,1,356,380,25,1554,69,1.3519737172991951e-08,1.839899384460848e-08,7.0000000000000007e-06,5.0200000000000002e-06,0.0010609040000000001
rlc_r20_a0.001_t9.9999999999999995e-07_b0,1,0,7,1,356,380,25,1554,69,1.3519737172991951e-08,1.839899384460848e-08,7.0000000000000007e-06,5.0200000000000002e-06,0.0010797000000000001
rlc_r20_a0.001_t9.9999999999999995e-07_b0,1,0,8,1,356,380,25,1554,69,1.3519737172991951e-08,1.839899384460848e-08,7.0000000000000007e-06,5.0200000000000002e-06,0.001057297
rlc_r20_a0.001_t9.9999999999999995e-07_b0,1,0,9,1,356,380,25,1554,69,1.3519737172991951e-08,1.839899384460848e-08,7.0000000000000007e-06,5.0200000000000002e-06,0.0010515360000000001
rlc_r20_a0.001_t9.9999999999999995e-07_b0,1,0,10,1,356,380,25,1554,69,1.3519737172991951e-08,1.839899384460848e-08,7.0000000000000007e-06,5.0200000000000002e-06,0.001063359
rlc_r20_a0.001_t9.9999999999999995e-07_b0,1,1,0,1,6434,6452,19,20892,256,1.7107013182871174e-09,1.3732024449853786e-08,7.0000000000000007e-06,5.0200000000000002e-06,0.014579226000000001
rlc_r20_a0.001_t9.9999999999999995e-07_b0,1,1,1,1,6434,6452,19,20892,256,1.7107013182871174e-09,1.3732024449853786e-08,7.0000000000000007e-06,5.0200000000000002e-06,0.014514052
rlc_r20_a0.001_t9.9999999999999995e-07_b0,1,1,2,1,6434,6452,19,20892,256,1.7107013182871174e-09,1.3732024449853786e-08,7.0000000000000007e-06,5.0200000000000002e-06,0.014608451
rlc_r20_a0.001_t9.9999999999999995e-07_b0,1,1,3,1,6434,6452,19,20892,256,1.7107013182871174e-09,1.3732024449853786e-08,7.0000000000000007e-06,5.0200000000000002e-06,0.014562482999999999
rlc_r20_a0.001_t9.9999999999999995e-07_b0,1,1,4,1,6434,6452,19,20892,256,1.7107013182871174e-09,1.3732024449853786e-08,7.0000000000000007e-06,5.0200000000000002e-06,0.014663466
rlc_r20_a0.001_t9.9999999999999995e-07_b0,1,1,5,1,6434,6452,19,20892,256,1.7107013182871174e-09,1.3732024449853786e-08,7.0000000000000007e-06,5.0200000000000002e-06,0.014595024999999999
rlc_r20_a0.001_t9.9999999999999995e-07_b0,1,1,6,1,6434,6452,19,20892,256,1.7107013182871174e-09,1.3732024449853786e-08,7.0000000000000007e-06,5.0200000000000002e-06,0.014529301
rlc_r20_a0.001_t9.9999999999999995e-07_b0,1,1,7,1,6434,6452,19,20892,256,1.7107013182871174e-09,1.3732024449853786e-08,7.0000000000000007e-06,5.0200000000000002e-06,0.014588232
rlc_r20_a0.001_t9.9999999999999995e-07_b0,1,1,8,1,6434,6452,19,20892,256,1.7107013182871174e-09,1.3732024449853786e-08,7.0000000000000007e-06,5.0200000000000002e-06,0.014492981
rlc_r20_a0.001_t9.9999999999999995e-07_b0,1,1,9,1,6434,6452,19,20892,256,1.7107013182871174e-09,1.3732024449853786e-08,7.0000000000000007e-06,5.0200000000000002e-06,0.014590957999999999
rlc_r20_a0.001_t9.9999999999999995e-07_b0,1,1,10,1,6434,6452,19,20892,256,1.7107013182871174e-09,1.3732024449853786e-08,7.0000000000000007e-06,5.0200000000000002e-06,0.014515785
rlc_r20_a1_t9.9999999999999995e-07_b0,0,0,0,1,396,439,44,3951,439,4.1781825185216448e-06,1.9377624636982005e-05,0.0050020000000000004,0.00500002,0.0023907680000000001
rlc_r20_a1_t9.9999999999999995e-07_b0,0,0,1,1,396,439,44,3951,439,4.1781825185216448e-06,1.9377624636982005e-05,0.0050020000000000004,0.00500002,0.002357816
rlc_r20_a1_t9.9999999999999995e-07_b0,0,0,2,1,396,439,44,3951,439,4.1781825185216448e-06,1.9377624636982005e-05,0.0050020000000000004,0.00500002,0.0023636360000000001
rlc_r20_a1_t9.9999999999999995e-07_b0,0,0,3,1,396,439,44,3951,439,4.1781825185216448e-06,1.9377624636982005e-05,0.0050020000000000004,0.00500002,0.0023481579999999999
rlc_r20_a1_t9.9999999999999995e-07_b0,0,0,4,1,396,439,44,3951,439,4.1781825185216448e-06,1.9377624636982005e-05,0.0050020000000000004,0.00500002,0.002369318
rlc_r20_a1_t9.9999999999999995e-07_b0,0,0,5,1,396,439,44,3951,439,4.1781825185216448e-06,1.9377624636982005e-05,0.0050020000000000004,0.00500002,0.0023926730000000001
rlc_r20_a1_t9.9999999999999995e-07_b0,0,0,6,1,396,439,44,3951,439,4.1781825185216448e-06,1.9377624636982005e-05,0.0050020000000000004,0.00500002,0.002368256
rlc_r20_a1_t9.9999999999999995e-07_b0,0,0,7,1,396,439,44,3951,439,4.1781825185216448e-06,1.9377624636982005e-05,0.0050020000000000004,0.00500002,0.0023543190000000001
rlc_r20_a1_t9.9999999999999995e-07_b0,0,0,8,1,396,439,44,3951,439,4.1781825185216448e-06,1.9377624636982005e-05,0.0050020000000000004,0.00500002,0.0023619029999999998
rlc_r20_a1_t9.9999999999999995e-07_b0,0,0,9,1,396,439,44,3951,439,4.1781825185216448e-06,1.9377624636982005e-05,0.0050020000000000004,0.00500002,0.0023844159999999999
rlc_r20_a1_t9.9999999999999995e-07_b0,0,0,10,1,396,439,44,3951,439,4.1781825185216448e-06,1.9377624636982005e-05,0.0050020000000000004,0.00500002,0.0023707300000000001
rlc_r20_a1_t9.9999999999999995e-07_b0,0,1,0,1,6471,6498,28,58482,6498,1.5237812179824672e-06,1.4049855212125428e-05,0.0050020000000000004,0.00500002,0.034766616
rlc_r20_a1_t9.9999999999999995e-07_b0,0,1,1,1,6471,6498,28,58482,6498,1.5237812179824672e-06,1.4049855212125428e-05,0.0050020000000000004,0.00500002,0.034560204999999997
rlc_r20_a1_t9.9999999999999995e-07_b0,0,1,2,1,6471,6498,28,58482,6498,1.5237812179824672e-06,1.4049855212125428e-05,0.0050020000000000004,0.00500002,0.034643161999999998
rlc_r20_a1_t9.9999999999999995e-07_b0,0,1,3,1,6471,6498,28,58482,6498,1.5237812179824672e-06,1.4049855212125428e-05,0.0050020000000000004,0.00500002,0.034518726
rlc_r20_a1_t9.9999999999999995e-07_b0,0,1,4,1,6471,6498,28,58482,6498,1.5237812179824672e-06,1.4049855212125428e-05,0.0050020000000000004,0.00500002,0.034598486999999997
rlc_r20_a1_t9.9999999999999995e-07_b0,0,1,5,1,6471,6498,28,58482,6498,1.5237812179824672e-06,1.4049855212125428e-05,0.0050020000000000004,0.00500002,0.034503677000000003
rlc_r20_a1_t9.9999999999999995e-07_b0,0,1,6,1,6471,6498,28,58482,6498,1.5237812179824672e-06,1.4049855212125428e-05,0.0050020000000000004,0.00500002,0.034388067000000001
rlc_r20_a1_t9.9999999999999995e-07_b0,0,1,7,1,6471,6498,28,58482,6498,1.5237812179824672e-06,1.4049855212125428e-05,0.0050020000000000004,0.00500002,0.034316322000000003
rlc_r20_a1_t9.9999999999999995e-07_b0,0,1,8,1,6471,6498,28,58482,6498,1.5237812179824672e-06,1.4049855212125428e-05,0.0050020000000000004,0.00500002,0.034550685999999997
rlc_r20_a1_t9.9999999999999995e-07_b0,0,1,9,1,6471,6498,28,58482,6498,1.5237812179824672e-06,1.4049855212125428e-05,0.0050020000000000004,0.00500002,0.034407024000000001
rlc_r20_a1_t9.9999999999999995e-07_b0,0,1,10,1,6471,6498,28,58482,6498,1.5237812179824672e-06,1.4049855212125428e-05,0.0050020000000000004,0.00500002,0.034567267999999998
rlc_r20_a1_t9.9999999999999995e-07_b0,1,0,0,1,404,448,45,1854,85,9.3410699921192553e-06,1.7609918121358481e-05,0.0050020000000000004,0.00500002,0.001334673
rlc_r20_a1_t9.9999999999999995e-07_b0,1,0,1,1,404,448,45,1854,85,9.3410699921192553e-06,1.7609918121358481e-05,0.0050020000000000004,0.00500002,0.0012432599999999999
rlc_r20_a1_t9.9999999999999995e-07_b0,1,0,2,1,404,448,45,1854,85,9.3410699921192553e-06,1.7609918121358481e-05,0.0050020000000000004,0.00500002,0.0012449130000000001
rlc_r20_a1_t9.9999999999999995e-07_b0,1,0,3,1,404,448,45,1854,85,9.3410699921192553e-06,1.7609918121358481e-05,0.0050020000000000004,0.00500002,0.001295439
rlc_r20_a1_t9.9999999999999995e-07_b0,1,0,4,1,404,448,45,1854,85,9.3410699921192553e-06,1.7609918121358481e-05,0.0050020000000000004,0.00500002,0.0012685680000000001
rlc_r20_a1_t9.9999999999999995e-07_b0,1,0,5,1,404,448,45,1854,85,9.3410699921192553e-06,1.7609918121358481e-05,0.0050020000000000004,0.00500002,0.001261004
rlc_r20_a1_t9.9999999999999995e-07_b0,1,0,6,1,404,448,45,1854,85,9.3410699921192553e-06,1.7609918121358481e-05,0.0050020000000000004,0.00500002,0.0012767239999999999
rlc_r20_a1_t9.9999999999999995e-07_b0,1,0,7,1,404,448,45,1854,85,9.3410699921192553e-06,1.7609918121358481e-05,0.0050020000000000004,0.00500002,0.001283186
rlc_r20_a1_t9.9999999999999995e-07_b0,1,0,8,1,404,448,45,1854,85,9.3410699921192553e-06,1.7609918121358481e-05,0.0050020000000000004,0.00500002,0.0012942870000000001
rlc_r20_a1_t9.9999999999999995e-07_b0,1,0,9,1,404,448,45,1854,85,9.3410699921192553e-06,1.7609918121358481e-05,0.0050020000000000004,0.00500002,0.001254371
rlc_r20_a1_t9.9999999999999995e-07_b0,1,0,10,1,404,448,45,1854,85,9.3410699921192553e-06,1.7609918121358481e-05,0.0050020000000000004,0.00500002,0.0012553729999999999
rlc_r20_a1_t9.9999999999999995e-07_b0,1,1,0,1,6475,6510,36,21144,269,1.0920944396586307e-06,1.3965977378897765e-05,0.0050020000000000004,0.00500002,0.014740942
rlc_r20_a1_t9.9999999999999995e-07_b0,1,1,1,1,6475,6510,36,21144,269,1.0920944396586307e-06,1.3965977378897765e-05,0.0050020000000000004,0.00500002,0.014647896000000001
rlc_r20_a1_t9.9999999999999995e-07_b0,1,1,2,1,6475,6510,36,21144,269,1.0920944396586307e-06,1.3965977378897765e-05,0.0050020000000000004,0.00500002,0.014701588
rlc_r20_a1_t9.9999999999999995e-07_b0,1,1,3,1,6475,6510,36,21144,269,1.0920944396586307e-06,1.3965977378897765e-05,0.0050020000000000004,0.00500002,0.014703732000000001
rlc_r20_a1_t9.9999999999999995e-07_b0,1,1,4,1,6475,6510,36,21144,269,1.0920944396586307e-06,1.3965977378897765e-05,0.0050020000000000004,0.00500002,0.014749058000000001
rlc_r20_a1_t9.9999999999999995e-07_b0,1,1,5,1,6475,6510,36,21144,269,1.0920944396586307e-06,1.3965977378897765e-05,0.0050020000000000004,0.00500002,0.014697019
rlc_r20_a1_t9.9999999999999995e-07_b0,1,1,6,1,6475,6510,36,21144,269,1.0920944396586307e-06,1.3965977378897765e-05,0.0050020000000000004,0.00500002,0.014704293
rlc_r20_a1_t9.9999999999999995e-07_b0,1,1,7,1,6475,6510,36,21144,269,1.0920944396586307e-06,1.3965977378897765e-05,0.0050020000000000004,0.00500002,0.014712447999999999
rlc_r20_a1_t9.9999999999999995e-07_b0,1,1,8,1,6475,6510,36,21144,269,1.0920944396586307e-06,1.3965977378897765e-05,0.0050020000000000004,0.00500002,0.014665849
rlc_r20_a1_t9.9999999999999995e-07_b0,1,1,9,1,6475,6510,36,21144,269,1.0920944396586307e-06,1.3965977378897765e-05,0.0050020000000000004,0.00500002,0.014696328
rlc_r20_a1_t9.9999999999999995e-07_b0,1,1,10,1,6475,6510,36,21144,269,1.0920944396586307e-06,1.3965977378897765e-05,0.0050020000000000004,0.00500002,0.01465499
rlc_r20_a1_t0.001_b400,0,0,0,1,396,439,44,3951,439,4.195185198341278e-06,1.9377089477454201e-05,0.0050020000000000004,0.00500002,0.0023583269999999999
rlc_r20_a1_t0.001_b400,0,0,1,1,396,439,44,3951,439,4.195185198341278e-06,1.9377089477454201e-05,0.0050020000000000004,0.00500002,0.0023623849999999998
rlc_r20_a1_t0.001_b400,0,0,2,1,396,439,44,3951,439,4.195185198341278e-06,1.9377089477454201e-05,0.0050020000000000004,0.00500002,0.0023521449999999999
rlc_r20_a1_t0.001_b400,0,0,3,1,396,439,44,3951,439,4.195185198341278e-06,1.9377089477454201e-05,0.0050020000000000004,0.00500002,0.002362374
rlc_r20_a1_t0.001_b400,0,0,4,1,396,439,44,3951,439,4.195185198341278e-06,1.9377089477454201e-05,0.0050020000000000004,0.00500002,0.0023786050000000002
rlc_r20_a1_t0.001_b400,0,0,5,1,396,439,44,3951,439,4.195185198341278e-06,1.9377089477454201e-05,0.0050020000000000004,0.00500002,0.0023729039999999999
rlc_r20_a1_t0.001_b400,0,0,6,1,396,439,44,3951,439,4.195185198341278e-06,1.9377089477454201e-05,0.0050020000000000004,0.00500002,0.0023729150000000002
rlc_r20_a1_t0.001_b400,0,0,7,1,396,439,44,3951,439,4.195185198341278e-06,1.9377089477454201e-05,0.0050020000000000004,0.00500002,0.0023462940000000001
rlc_r20_a1_t0.001_b400,0,0,8,1,396,439,44,3951,439,4.195185198341278e-06,1.9377089477454201e-05,0.0050020000000000004,0.00500002,0.0023621039999999999
rlc_r20_a1_t0.001_b400,0,0,9,1,396,439,44,3951,439,4.195185198341278e-06,1.9377089477454201e-05,0.0050020000000000004,0.00500002,0.0023527859999999999
rlc_r20_a1_t0.001_b400,0,0,10,1,396,439,44,3951,439,4.195185198341278e-06,1.9377089477454201e-05,0.0050020000000000004,0.00500002,0.0023569540000000001
rlc_r20_a1_t0.001_b400,0,1,0,1,6471,6498,28,58482,6498,1.5399297704221659e-06,1.4049447336086929e-05,0.0050020000000000004,0.00500002,0.034263081000000001
rlc_r20_a1_t0.001_b400,0,1,1,1,6471,6498,28,58482,6498,1.5399297704221659e-06,1.4049447336086929e-05,0.0050020000000000004,0.00500002,0.034210079999999997
rlc_r20_a1_t0.001_b400,0,1,2,1,6471,6498,28,58482,6498,1.5399297704221659e-06,1.4049447336086929e-05,0.0050020000000000004,0.00500002,0.034414198
rlc_r20_a1_t0.001_b400,0,1,3,1,6471,6498,28,58482,6498,1.5399297704221659e-06,1.4049447336086929e-05,0.0050020000000000004,0.00500002,0.034379152000000003
rlc_r20_a1_t0.001_b400,0,1,4,1,6471,6498,28,58482,6498,1.5399297704221659e-06,1.4049447336086929e-05,0.0050020000000000004,0.00500002,0.034224026999999997
rlc_r20_a1_t0.001_b400,0,1,5,1,6471,6498,28,58482,6498,1.5399297704221659e-06,1.4049447336086929e-05,0.0050020000000000004,0.00500002,0.034309648999999998
rlc_r20_a1_t0.001_b400,0,1,6,1,6471,6498,28,58482,6498,1.5399297704221659e-06,1.4049447336086929e-05,0.0050020000000000004,0.00500002,0.034277869000000002
rlc_r20_a1_t0.001_b400,0,1,7,1,6471,6498,28,58482,6498,1.5399297704221659e-06,1.4049447336086929e-05,0.0050020000000000004,0.00500002,0.034352260000000003
rlc_r20_a1_t0.001_b400,0,1,8,1,6471,6498,28,58482,6498,1.5399297704221659e-06,1.4049447336086929e-05,0.0050020000000000004,0.00500002,0.034050186000000003
rlc_r20_a1_t0.001_b400,0,1,9,1,6471,6498,28,58482,6498,1.5399297704221659e-06,1.4049447336086929e-05,0.0050020000000000004,0.00500002,0.034103497000000003
rlc_r20_a1_t0.001_b400,0,1,10,1,6471,6498,28,58482,6498,1.5399297704221659e-06,1.4049447336086929e-05,0.0050020000000000004,0.00500002,0.033983139000000002
rlc_r20_a1_t0.001_b400,1,0,0,1,404,448,45,1854,85,9.3570839041490217e-06,1.7609513634497809e-05,0.0050020000000000004,0.00500002,0.001303895
rlc_r20_a1_t0.001_b400,1,0,1,1,404,448,45,1854,85,9.3570839041490217e-06,1.7609513634497809e-05,0.0050020000000000004,0.00500002,0.001257186
rlc_r20_a1_t0.001_b400,1,0,2,1,404,448,45,1854,85,9.3570839041490217e-06,1.7609513634497809e-05,0.0050020000000000004,0.00500002,0.001258169
rlc_r20_a1_t0.001_b400,1,0,3,1,404,448,45,1854,85,9.3570839041490217e-06,1.7609513634497809e-05,0.0050020000000000004,0.00500002,0.0012618149999999999
rlc_r20_a1_t0.001_b400,1,0,4,1,404,448,45,1854,85,9.3570839041490217e-06,1.7609513634497809e-05,0.0050020000000000004,0.00500002,0.0012533690000000001
rlc_r20_a1_t0.001_b400,1,0,5,1,404,448,45,1854,85,9.3570839041490217e-06,1.7609513634497809e-05,0.0050020000000000004,0.00500002,0.001240124
rlc_r20_a1_t0.001_b400,1,0,6,1,404,448,45,1854,85,9.3570839041490217e-06,1.7609513634497809e-05,0.0050020000000000004,0.00500002,0.0013213490000000001
rlc_r20_a1_t0.001_b400,1,0,7,1,404,448,45,1854,85,9.3570839041490217e-06,1.7609513634497809e-05,0.0050020000000000004,0.00500002,0.0012532089999999999
rlc_r20_a1_t0.001_b400,1,0,8,1,404,448,45,1854,85,9.3570839041490217e-06,1.7609513634497809e-05,0.0050020000000000004,0.00500002,0.0012384609999999999
rlc_r20_a1_t0.001_b400,1,0,9,1,404,448,45,1854,85,9.3570839041490217e-06,1.7609513634497809e-05,0.0050020000000000004,0.00500002,0.001276683
rlc_r20_a1_t0.001_b400,1,0,10,1,404,448,45,1854,85,9.3570839041490217e-06,1.7609513634497809e-05,0.0050020000000000004,0.00500002,0.0012678069999999999
rlc_r20_a1_t0.001_b400,1,1,0,1,6475,6510,36,21144,269,1.1082422981534279e-06,1.3965570706070407e-05,0.0050020000000000004,0.00500002,0.014765679
rlc_r20_a1_t0.001_b400,1,1,1,1,6475,6510,36,21144,269,1.1082422981534279e-06,1.3965570706070407e-05,0.0050020000000000004,0.00500002,0.014604603000000001
rlc_r20_a1_t0.001_b400,1,1,2,1,6475,6510,36,21144,269,1.1082422981534279e-06,1.3965570706070407e-05,0.0050020000000000004,0.00500002,0.014851582
rlc_r20_a1_t0.001_b400,1,1,3,1,6475,6510,36,21144,269,1.1082422981534279e-06,1.3965570706070407e-05,0.0050020000000000004,0.00500002,0.014502961
rlc_r20_a1_t0.001_b400,1,1,4,1,6475,6510,36,21144,269,1.1082422981534279e-06,1.3965570706070407e-05,0.0050020000000000004,0.00500002,0.014511316999999999
rlc_r20_a1_t0.001_b400,1,1,5,1,6475,6510,36,21144,269,1.1082422981534279e-06,1.3965570706070407e-05,0.0050020000000000004,0.00500002,0.014684535
rlc_r20_a1_t0.001_b400,1,1,6,1,6475,6510,36,21144,269,1.1082422981534279e-06,1.3965570706070407e-05,0.0050020000000000004,0.00500002,0.018723742000000002
rlc_r20_a1_t0.001_b400,1,1,7,1,6475,6510,36,21144,269,1.1082422981534279e-06,1.3965570706070407e-05,0.0050020000000000004,0.00500002,0.015413058
rlc_r20_a1_t0.001_b400,1,1,8,1,6475,6510,36,21144,269,1.1082422981534279e-06,1.3965570706070407e-05,0.0050020000000000004,0.00500002,0.014919161
rlc_r20_a1_t0.001_b400,1,1,9,1,6475,6510,36,21144,269,1.1082422981534279e-06,1.3965570706070407e-05,0.0050020000000000004,0.00500002,0.015002358
rlc_r20_a1_t0.001_b400,1,1,10,1,6475,6510,36,21144,269,1.1082422981534279e-06,1.3965570706070407e-05,0.0050020000000000004,0.00500002,0.015306947
rlc_r20_a100_t0.001_b0,0,0,0,1,413,461,49,4149,461,0.00060431306024355536,0.0019194391498551511,0.50000199999999995,0.50000001999999999,0.0025538280000000002
rlc_r20_a100_t0.001_b0,0,0,1,1,413,461,49,4149,461,0.00060431306024355536,0.0019194391498551511,0.50000199999999995,0.50000001999999999,0.0025140520000000001
rlc_r20_a100_t0.001_b0,0,0,2,1,413,461,49,4149,461,0.00060431306024355536,0.0019194391498551511,0.50000199999999995,0.50000001999999999,0.00254455
rlc_r20_a100_t0.001_b0,0,0,3,1,413,461,49,4149,461,0.00060431306024355536,0.0019194391498551511,0.50000199999999995,0.50000001999999999,0.0025770120000000001
rlc_r20_a100_t0.001_b0,0,0,4,1,413,461,49,4149,461,0.00060431306024355536,0.0019194391498551511,0.50000199999999995,0.50000001999999999,0.0025458529999999998
rlc_r20_a100_t0.001_b0,0,0,5,1,413,461,49,4149,461,0.00060431306024355536,0.0019194391498551511,0.50000199999999995,0.50000001999999999,0.0025674339999999999
rlc_r20_a100_t0.001_b0,0,0,6,1,413,461,49,4149,461,0.00060431306024355536,0.0019194391498551511,0.50000199999999995,0.50000001999999999,0.0025483469999999999
rlc_r20_a100_t0.001_b0,0,0,7,1,413,461,49,4149,461,0.00060431306024355536,0.0019194391498551511,0.50000199999999995,0.50000001999999999,0.002550662
rlc_r20_a100_t0.001_b0,0,0,8,1,413,461,49,4149,461,0.00060431306024355536,0.0019194391498551511,0.50000199999999995,0.50000001999999999,0.0025497200000000001
rlc_r20_a100_t0.001_b0,0,0,9,1,413,461,49,4149,461,0.00060431306024355536,0.0019194391498551511,0.50000199999999995,0.50000001999999999,0.0026071089999999998
rlc_r20_a100_t0.001_b0,0,0,10,1,413,461,49,4149,461,0.00060431306024355536,0.0019194391498551511,0.50000199999999995,0.50000001999999999,0.002577593
rlc_r20_a100_t0.001_b0,0,1,0,1,6487,6512,26,58608,6512,0.0001160779137450163,0.0014301156139318039,0.50000199999999995,0.50000001999999999,0.035239564000000001
rlc_r20_a100_t0.001_b0,0,1,1,1,6487,6512,26,58608,6512,0.0001160779137450163,0.0014301156139318039,0.50000199999999995,0.50000001999999999,0.035196442000000001
rlc_r20_a100_t0.001_b0,0,1,2,1,6487,6512,26,58608,6512,0.0001160779137450163,0.0014301156139318039,0.50000199999999995,0.50000001999999999,0.035117342000000003
rlc_r20_a100_t0.001_b0,0,1,3,1,6487,6512,26,58608,6512,0.0001160779137450163,0.0014301156139318039,0.50000199999999995,0.50000001999999999,0.0352955
rlc_r20_a100_t0.001_b0,0,1,4,1,6487,6512,26,58608,6512,0.0001160779137450163,0.0014301156139318039,0.50000199999999995,0.50000001999999999,0.035204548000000002
rlc_r20_a100_t0.001_b0,0,1,5,1,6487,6512,26,58608,6512,0.0001160779137450163,0.0014301156139318039,0.50000199999999995,0.50000001999999999,0.035110209000000003
rlc_r20_a100_t0.001_b0,0,1,6,1,6487,6512,26,58608,6512,0.0001160779137450163,0.0014301156139318039,0.50000199999999995,0.50000001999999999,0.035283878999999997
rlc_r20_a100_t0.001_b0,0,1,7,1,6487,6512,26,58608,6512,0.0001160779137450163,0.0014301156139318039,0.50000199999999995,0.50000001999999999,0.035066817
rlc_r20_a100_t0.001_b0,0,1,8,1,6487,6512,26,58608,6512,0.0001160779137450163,0.0014301156139318039,0.50000199999999995,0.50000001999999999,0.035055554000000003
rlc_r20_a100_t0.001_b0,0,1,9,1,6487,6512,26,58608,6512,0.0001160779137450163,0.0014301156139318039,0.50000199999999995,0.50000001999999999,0.035054393000000003
rlc_r20_a100_t0.001_b0,0,1,10,1,6487,6512,26,58608,6512,0.0001160779137450163,0.0014301156139318039,0.50000199999999995,0.50000001999999999,0.035479389
rlc_r20_a100_t0.001_b0,1,0,0,1,424,469,46,1953,91,0.00043172909376920643,0.0017499868037109678,0.50000199999999995,0.50000001999999999,0.0013587289999999999
rlc_r20_a100_t0.001_b0,1,0,1,1,424,469,46,1953,91,0.00043172909376920643,0.0017499868037109678,0.50000199999999995,0.50000001999999999,0.0013816830000000001
rlc_r20_a100_t0.001_b0,1,0,2,1,424,469,46,1953,91,0.00043172909376920643,0.0017499868037109678,0.50000199999999995,0.50000001999999999,0.0013659130000000001
rlc_r20_a100_t0.001_b0,1,0,3,1,424,469,46,1953,91,0.00043172909376920643,0.0017499868037109678,0.50000199999999995,0.50000001999999999,0.0013520369999999999
rlc_r20_a100_t0.001_b0,1,0,4,1,424,469,46,1953,91,0.00043172909376920643,0.0017499868037109678,0.50000199999999995,0.50000001999999999,0.0013715240000000001
rlc_r20_a100_t0.001_b0,1,0,5,1,424,469,46,1953,91,0.00043172909376920643,0.0017499868037109678,0.50000199999999995,0.50000001999999999,0.001361003
rlc_r20_a100_t0.001_b0,1,0,6,1,424,469,46,1953,91,0.00043172909376920643,0.0017499868037109678,0.50000199999999995,0.50000001999999999,0.001355593
rlc_r20_a100_t0.001_b0,1,0,7,1,424,469,46,1953,91,0.00043172909376920643,0.0017499868037109678,0.50000199999999995,0.50000001999999999,0.0013823139999999999
rlc_r20_a100_t0.001_b0,1,0,8,1,424,469,46,1953,91,0.00043172909376920643,0.0017499868037109678,0.50000199999999995,0.50000001999999999,0.001393926
rlc_r20_a100_t0.001_b0,1,0,9,1,424,469,46,1953,91,0.00043172909376920643,0.0017499868037109678,0.50000199999999995,0.50000001999999999,0.001381443
rlc_r20_a100_t0.001_b0,1,0,10,1,424,469,46,1953,91,0.00043172909376920643,0.0017499868037109678,0.50000199999999995,0.50000001999999999,0.0013696800000000001
rlc_r20_a100_t0.001_b0,1,1,0,1,6492,6527,36,21219,273,0.00011585889741638766,0.0013456258869739557,0.50000199999999995,0.50000001999999999,0.01516087
rlc_r20_a100_t0.001_b0,1,1,1,1,6492,6527,36,21219,273,0.00011585889741638766,0.0013456258869739557,0.50000199999999995,0.50000001999999999,0.015122536000000001
rlc_r20_a100_t0.001_b0,1,1,2,1,6492,6527,36,21219,273,0.00011585889741638766,0.0013456258869739557,0.50000199999999995,0.50000001999999999,0.015536293
rlc_r20_a100_t0.001_b0,1,1,3,1,6492,6527,36,21219,273,0.00011585889741638766,0.0013456258869739557,0.50000199999999995,0.50000001999999999,0.014667102
rlc_r20_a100_t0.001_b0,1,1,4,1,6492,6527,36,21219,273,0.00011585889741638766,0.0013456258869739557,0.50000199999999995,0.50000001999999999,0.014563306
rlc_r20_a100_t0.001_b0,1,1,5,1,6492,6527,36,21219,273,0.00011585889741638766,0.0013456258869739557,0.50000199999999995,0.50000001999999999,0.014599763999999999
rlc_r20_a100_t0.001_b0,1,1,6,1,6492,6527,36,21219,273,0.00011585889741638766,0.0013456258869739557,0.50000199999999995,0.50000001999999999,0.014542545
rlc_r20_a100_t0.001_b0,1,1,7,1,6492,6527,36,21219,273,0.00011585889741638766,0.0013456258869739557,0.50000199999999995,0.50000001999999999,0.014565008000000001
rlc_r20_a100_t0.001_b0,1,1,8,1,6492,6527,36,21219,273,0.00011585889741638766,0.0013456258869739557,0.50000199999999995,0.50000001999999999,0.014668445
rlc_r20_a100_t0.001_b0,1,1,9,1,6492,6527,36,21219,273,0.00011585889741638766,0.0013456258869739557,0.50000199999999995,0.50000001999999999,0.014594113000000001
rlc_r20_a100_t0.001_b0,1,1,10,1,6492,6527,36,21219,273,0.00011585889741638766,0.0013456258869739557,0.50000199999999995,0.50000001999999999,0.01455003
nonlinear_charge_a0.001,0,0,0,0,144,169,26,1863,169,1.1255450172999662e-05,0,2.2000000000000001e-06,0,0.0010427290000000001
nonlinear_charge_a0.001,0,0,1,0,144,169,26,1863,169,1.1255450172999662e-05,0,2.2000000000000001e-06,0,0.001003295
nonlinear_charge_a0.001,0,0,2,0,144,169,26,1863,169,1.1255450172999662e-05,0,2.2000000000000001e-06,0,0.00098577199999999999
nonlinear_charge_a0.001,0,0,3,0,144,169,26,1863,169,1.1255450172999662e-05,0,2.2000000000000001e-06,0,0.0010281520000000001
nonlinear_charge_a0.001,0,0,4,0,144,169,26,1863,169,1.1255450172999662e-05,0,2.2000000000000001e-06,0,0.00098565099999999993
nonlinear_charge_a0.001,0,0,5,0,144,169,26,1863,169,1.1255450172999662e-05,0,2.2000000000000001e-06,0,0.00099379599999999992
nonlinear_charge_a0.001,0,0,6,0,144,169,26,1863,169,1.1255450172999662e-05,0,2.2000000000000001e-06,0,0.00097788699999999998
nonlinear_charge_a0.001,0,0,7,0,144,169,26,1863,169,1.1255450172999662e-05,0,2.2000000000000001e-06,0,0.00098449900000000001
nonlinear_charge_a0.001,0,0,8,0,144,169,26,1863,169,1.1255450172999662e-05,0,2.2000000000000001e-06,0,0.0009808620000000001
nonlinear_charge_a0.001,0,0,9,0,144,169,26,1863,169,1.1255450172999662e-05,0,2.2000000000000001e-06,0,0.00097500099999999997
nonlinear_charge_a0.001,0,0,10,0,144,169,26,1863,169,1.1255450172999662e-05,0,2.2000000000000001e-06,0,0.00099800499999999994
nonlinear_charge_a0.001,0,1,0,1,2568,2571,4,22216,2571,1.1550452727719408e-06,0,2.2000000000000001e-06,0,0.011629086
nonlinear_charge_a0.001,0,1,1,1,2568,2571,4,22216,2571,1.1550452727719408e-06,0,2.2000000000000001e-06,0,0.011656788
nonlinear_charge_a0.001,0,1,2,1,2568,2571,4,22216,2571,1.1550452727719408e-06,0,2.2000000000000001e-06,0,0.011630056999999999
nonlinear_charge_a0.001,0,1,3,1,2568,2571,4,22216,2571,1.1550452727719408e-06,0,2.2000000000000001e-06,0,0.0116314
nonlinear_charge_a0.001,0,1,4,1,2568,2571,4,22216,2571,1.1550452727719408e-06,0,2.2000000000000001e-06,0,0.011622102
nonlinear_charge_a0.001,0,1,5,1,2568,2571,4,22216,2571,1.1550452727719408e-06,0,2.2000000000000001e-06,0,0.011642741
nonlinear_charge_a0.001,0,1,6,1,2568,2571,4,22216,2571,1.1550452727719408e-06,0,2.2000000000000001e-06,0,0.011685111
nonlinear_charge_a0.001,0,1,7,1,2568,2571,4,22216,2571,1.1550452727719408e-06,0,2.2000000000000001e-06,0,0.011612103
nonlinear_charge_a0.001,0,1,8,1,2568,2571,4,22216,2571,1.1550452727719408e-06,0,2.2000000000000001e-06,0,0.011601713
nonlinear_charge_a0.001,0,1,9,1,2568,2571,4,22216,2571,1.1550452727719408e-06,0,2.2000000000000001e-06,0,0.011636530000000001
nonlinear_charge_a0.001,0,1,10,1,2568,2571,4,22216,2571,1.1550452727719408e-06,0,2.2000000000000001e-06,0,0.011613115
nonlinear_charge_a0.001,1,0,0,0,145,170,26,901,39,1.2470167178369575e-05,0,2.2000000000000001e-06,0,0.00055873999999999995
nonlinear_charge_a0.001,1,0,1,0,145,170,26,901,39,1.2470167178369575e-05,0,2.2000000000000001e-06,0,0.00057838799999999999
nonlinear_charge_a0.001,1,0,2,0,145,170,26,901,39,1.2470167178369575e-05,0,2.2000000000000001e-06,0,0.00052521700000000002
nonlinear_charge_a0.001,1,0,3,0,145,170,26,901,39,1.2470167178369575e-05,0,2.2000000000000001e-06,0,0.00052031699999999996
nonlinear_charge_a0.001,1,0,4,0,145,170,26,901,39,1.2470167178369575e-05,0,2.2000000000000001e-06,0,0.000545205
nonlinear_charge_a0.001,1,0,5,0,145,170,26,901,39,1.2470167178369575e-05,0,2.2000000000000001e-06,0,0.00052446600000000002
nonlinear_charge_a0.001,1,0,6,0,145,170,26,901,39,1.2470167178369575e-05,0,2.2000000000000001e-06,0,0.00050205300000000003
nonlinear_charge_a0.001,1,0,7,0,145,170,26,901,39,1.2470167178369575e-05,0,2.2000000000000001e-06,0,0.00049884699999999996
nonlinear_charge_a0.001,1,0,8,0,145,170,26,901,39,1.2470167178369575e-05,0,2.2000000000000001e-06,0,0.00053065800000000004
nonlinear_charge_a0.001,1,0,9,0,145,170,26,901,39,1.2470167178369575e-05,0,2.2000000000000001e-06,0,0.00052816199999999999
nonlinear_charge_a0.001,1,0,10,0,145,170,26,901,39,1.2470167178369575e-05,0,2.2000000000000001e-06,0,0.00052462600000000004
nonlinear_charge_a0.001,1,1,0,1,2568,2571,4,8239,110,1.1550452723200928e-06,0,2.2000000000000001e-06,0,0.004806233
nonlinear_charge_a0.001,1,1,1,1,2568,2571,4,8239,110,1.1550452723200928e-06,0,2.2000000000000001e-06,0,0.0048548469999999998
nonlinear_charge_a0.001,1,1,2,1,2568,2571,4,8239,110,1.1550452723200928e-06,0,2.2000000000000001e-06,0,0.0048032270000000002
nonlinear_charge_a0.001,1,1,3,1,2568,2571,4,8239,110,1.1550452723200928e-06,0,2.2000000000000001e-06,0,0.0048364209999999996
nonlinear_charge_a0.001,1,1,4,1,2568,2571,4,8239,110,1.1550452723200928e-06,0,2.2000000000000001e-06,0,0.0048480329999999999
nonlinear_charge_a0.001,1,1,5,1,2568,2571,4,8239,110,1.1550452723200928e-06,0,2.2000000000000001e-06,0,0.0048287959999999998
nonlinear_charge_a0.001,1,1,6,1,2568,2571,4,8239,110,1.1550452723200928e-06,0,2.2000000000000001e-06,0,0.0048263530000000002
nonlinear_charge_a0.001,1,1,7,1,2568,2571,4,8239,110,1.1550452723200928e-06,0,2.2000000000000001e-06,0,0.0048692730000000004
nonlinear_charge_a0.001,1,1,8,1,2568,2571,4,8239,110,1.1550452723200928e-06,0,2.2000000000000001e-06,0,0.0048384450000000002
nonlinear_charge_a0.001,1,1,9,1,2568,2571,4,8239,110,1.1550452723200928e-06,0,2.2000000000000001e-06,0,0.0048152910000000002
nonlinear_charge_a0.001,1,1,10,1,2568,2571,4,8239,110,1.1550452723200928e-06,0,2.2000000000000001e-06,0,0.0048144090000000004
nonlinear_charge_a1,0,0,0,0,195,246,52,2717,246,0.0043881161179644404,0,0.0020002000000000002,0,0.001475601
nonlinear_charge_a1,0,0,1,0,195,246,52,2717,246,0.0043881161179644404,0,0.0020002000000000002,0,0.0014443119999999999
nonlinear_charge_a1,0,0,2,0,195,246,52,2717,246,0.0043881161179644404,0,0.0020002000000000002,0,0.0014282019999999999
nonlinear_charge_a1,0,0,3,0,195,246,52,2717,246,0.0043881161179644404,0,0.0020002000000000002,0,0.001441637
nonlinear_charge_a1,0,0,4,0,195,246,52,2717,246,0.0043881161179644404,0,0.0020002000000000002,0,0.001435335
nonlinear_charge_a1,0,0,5,0,195,246,52,2717,246,0.0043881161179644404,0,0.0020002000000000002,0,0.0014336609999999999
nonlinear_charge_a1,0,0,6,0,195,246,52,2717,246,0.0043881161179644404,0,0.0020002000000000002,0,0.0014271690000000001
nonlinear_charge_a1,0,0,7,0,195,246,52,2717,246,0.0043881161179644404,0,0.0020002000000000002,0,0.001446136
nonlinear_charge_a1,0,0,8,0,195,246,52,2717,246,0.0043881161179644404,0,0.0020002000000000002,0,0.0014157169999999999
nonlinear_charge_a1,0,0,9,0,195,246,52,2717,246,0.0043881161179644404,0,0.0020002000000000002,0,0.0014144649999999999
nonlinear_charge_a1,0,0,10,0,195,246,52,2717,246,0.0043881161179644404,0,0.0020002000000000002,0,0.0014704309999999999
nonlinear_charge_a1,0,1,0,1,2587,2603,17,22726,2603,0.0012175812545471491,0,0.0020002000000000002,0,0.011894999999999999
nonlinear_charge_a1,0,1,1,1,2587,2603,17,22726,2603,0.0012175812545471491,0,0.0020002000000000002,0,0.011886944
nonlinear_charge_a1,0,1,2,1,2587,2603,17,22726,2603,0.0012175812545471491,0,0.0020002000000000002,0,0.011855826
nonlinear_charge_a1,0,1,3,1,2587,2603,17,22726,2603,0.0012175812545471491,0,0.0020002000000000002,0,0.011897784999999999
nonlinear_charge_a1,0,1,4,1,2587,2603,17,22726,2603,0.0012175812545471491,0,0.0020002000000000002,0,0.011863691000000001
nonlinear_charge_a1,0,1,5,1,2587,2603,17,22726,2603,0.0012175812545471491,0,0.0020002000000000002,0,0.011982826
nonlinear_charge_a1,0,1,6,1,2587,2603,17,22726,2603,0.0012175812545471491,0,0.0020002000000000002,0,0.012094679000000001
nonlinear_charge_a1,0,1,7,1,2587,2603,17,22726,2603,0.0012175812545471491,0,0.0020002000000000002,0,0.011887495999999999
nonlinear_charge_a1,0,1,8,1,2587,2603,17,22726,2603,0.0012175812545471491,0,0.0020002000000000002,0,0.011905911
nonlinear_charge_a1,0,1,9,1,2587,2603,17,22726,2603,0.0012175812545471491,0,0.0020002000000000002,0,0.011864382
nonlinear_charge_a1,0,1,10,1,2587,2603,17,22726,2603,0.0012175812545471491,0,0.0020002000000000002,0,0.011890471
nonlinear_charge_a1,1,0,0,0,193,238,46,1267,58,0.0051675459275939521,0,0.0020002000000000002,0,0.00078127299999999997
nonlinear_charge_a1,1,0,1,0,193,238,46,1267,58,0.0051675459275939521,0,0.0020002000000000002,0,0.00072665999999999996
nonlinear_charge_a1,1,0,2,0,193,238,46,1267,58,0.0051675459275939521,0,0.0020002000000000002,0,0.000705158
nonlinear_charge_a1,1,0,3,0,193,238,46,1267,58,0.0051675459275939521,0,0.0020002000000000002,0,0.00074224899999999995
nonlinear_charge_a1,1,0,4,0,193,238,46,1267,58,0.0051675459275939521,0,0.0020002000000000002,0,0.000754833
nonlinear_charge_a1,1,0,5,0,193,238,46,1267,58,0.0051675459275939521,0,0.0020002000000000002,0,0.00074313099999999996
nonlinear_charge_a1,1,0,6,0,193,238,46,1267,58,0.0051675459275939521,0,0.0020002000000000002,0,0.00072753100000000001
nonlinear_charge_a1,1,0,7,0,193,238,46,1267,58,0.0051675459275939521,0,0.0020002000000000002,0,0.00070319499999999999
nonlinear_charge_a1,1,0,8,0,193,238,46,1267,58,0.0051675459275939521,0,0.0020002000000000002,0,0.00072873299999999996
nonlinear_charge_a1,1,0,9,0,193,238,46,1267,58,0.0051675459275939521,0,0.0020002000000000002,0,0.00074056600000000001
nonlinear_charge_a1,1,0,10,0,193,238,46,1267,58,0.0051675459275939521,0,0.0020002000000000002,0,0.00072314199999999997
nonlinear_charge_a1,1,1,0,1,2587,2603,17,8553,128,0.0012175764287995724,0,0.0020002000000000002,0,0.0049697639999999998
nonlinear_charge_a1,1,1,1,1,2587,2603,17,8553,128,0.0012175764287995724,0,0.0020002000000000002,0,0.0050873719999999997
nonlinear_charge_a1,1,1,2,1,2587,2603,17,8553,128,0.0012175764287995724,0,0.0020002000000000002,0,0.0050989379999999999
nonlinear_charge_a1,1,1,3,1,2587,2603,17,8553,128,0.0012175764287995724,0,0.0020002000000000002,0,0.0050044909999999998
nonlinear_charge_a1,1,1,4,1,2587,2603,17,8553,128,0.0012175764287995724,0,0.0020002000000000002,0,0.0050273219999999999
nonlinear_charge_a1,1,1,5,1,2587,2603,17,8553,128,0.0012175764287995724,0,0.0020002000000000002,0,0.0050634119999999998
nonlinear_charge_a1,1,1,6,1,2587,2603,17,8553,128,0.0012175764287995724,0,0.0020002000000000002,0,0.0050388949999999998
nonlinear_charge_a1,1,1,7,1,2587,2603,17,8553,128,0.0012175764287995724,0,0.0020002000000000002,0,0.0050294370000000003
nonlinear_charge_a1,1,1,8,1,2587,2603,17,8553,128,0.0012175764287995724,0,0.0020002000000000002,0,0.0050915149999999996
nonlinear_charge_a1,1,1,9,1,2587,2603,17,8553,128,0.0012175764287995724,0,0.0020002000000000002,0,0.0050436439999999999
nonlinear_charge_a1,1,1,10,1,2587,2603,17,8553,128,0.0012175764287995724,0,0.0020002000000000002,0,0.0054382340000000001
nonlinear_charge_a100,0,0,0,0,195,248,54,2734,248,0.65169252807812905,0,0.20000020000000002,0,0.0014254669999999999
nonlinear_charge_a100,0,0,1,0,195,248,54,2734,248,0.65169252807812905,0,0.20000020000000002,0,0.001437469
nonlinear_charge_a100,0,0,2,0,195,248,54,2734,248,0.65169252807812905,0,0.20000020000000002,0,0.0014139739999999999
nonlinear_charge_a100,0,0,3,0,195,248,54,2734,248,0.65169252807812905,0,0.20000020000000002,0,0.001435034
nonlinear_charge_a100,0,0,4,0,195,248,54,2734,248,0.65169252807812905,0,0.20000020000000002,0,0.001423863
nonlinear_charge_a100,0,0,5,0,195,248,54,2734,248,0.65169252807812905,0,0.20000020000000002,0,0.0014317069999999999
nonlinear_charge_a100,0,0,6,0,195,248,54,2734,248,0.65169252807812905,0,0.20000020000000002,0,0.0014604729999999999
nonlinear_charge_a100,0,0,7,0,195,248,54,2734,248,0.65169252807812905,0,0.20000020000000002,0,0.0014436010000000001
nonlinear_charge_a100,0,0,8,0,195,248,54,2734,248,0.65169252807812905,0,0.20000020000000002,0,0.0014210270000000001
nonlinear_charge_a100,0,0,9,0,195,248,54,2734,248,0.65169252807812905,0,0.20000020000000002,0,0.0014319580000000001
nonlinear_charge_a100,0,0,10,0,195,248,54,2734,248,0.65169252807812905,0,0.20000020000000002,0,0.0014718839999999999
nonlinear_charge_a100,0,1,0,1,2584,2599,16,22678,2599,0.12003338595854718,0,0.20000020000000002,0,0.011830597999999999
nonlinear_charge_a100,0,1,1,1,2584,2599,16,22678,2599,0.12003338595854718,0,0.20000020000000002,0,0.011870834
nonlinear_charge_a100,0,1,2,1,2584,2599,16,22678,2599,0.12003338595854718,0,0.20000020000000002,0,0.011844343
nonlinear_charge_a100,0,1,3,1,2584,2599,16,22678,2599,0.12003338595854718,0,0.20000020000000002,0,0.011854994000000001
nonlinear_charge_a100,0,1,4,1,2584,2599,16,22678,2599,0.12003338595854718,0,0.20000020000000002,0,0.01182628
nonlinear_charge_a100,0,1,5,1,2584,2599,16,22678,2599,0.12003338595854718,0,0.20000020000000002,0,0.011865133
nonlinear_charge_a100,0,1,6,1,2584,2599,16,22678,2599,0.12003338595854718,0,0.20000020000000002,0,0.01185279
nonlinear_charge_a100,0,1,7,1,2584,2599,16,22678,2599,0.12003338595854718,0,0.20000020000000002,0,0.011842500000000001
nonlinear_charge_a100,0,1,8,1,2584,2599,16,22678,2599,0.12003338595854718,0,0.20000020000000002,0,0.011870522999999999
nonlinear_charge_a100,0,1,9,1,2584,2599,16,22678,2599,0.12003338595854718,0,0.20000020000000002,0,0.011853631999999999
nonlinear_charge_a100,0,1,10,1,2584,2599,16,22678,2599,0.12003338595854718,0,0.20000020000000002,0,0.011834364999999999
nonlinear_charge_a100,1,0,0,0,193,242,50,1290,60,0.52349729354772134,0,0.20000020000000002,0,0.00074323100000000001
nonlinear_charge_a100,1,0,1,0,193,242,50,1290,60,0.52349729354772134,0,0.20000020000000002,0,0.00073861300000000005
nonlinear_charge_a100,1,0,2,0,193,242,50,1290,60,0.52349729354772134,0,0.20000020000000002,0,0.00073609700000000001
nonlinear_charge_a100,1,0,3,0,193,242,50,1290,60,0.52349729354772134,0,0.20000020000000002,0,0.00073699900000000001
nonlinear_charge_a100,1,0,4,0,193,242,50,1290,60,0.52349729354772134,0,0.20000020000000002,0,0.00076528299999999996
nonlinear_charge_a100,1,0,5,0,193,242,50,1290,60,0.52349729354772134,0,0.20000020000000002,0,0.00073614700000000004
nonlinear_charge_a100,1,0,6,0,193,242,50,1290,60,0.52349729354772134,0,0.20000020000000002,0,0.00070981699999999996
nonlinear_charge_a100,1,0,7,0,193,242,50,1290,60,0.52349729354772134,0,0.20000020000000002,0,0.00074645600000000005
nonlinear_charge_a100,1,0,8,0,193,242,50,1290,60,0.52349729354772134,0,0.20000020000000002,0,0.00073627800000000004
nonlinear_charge_a100,1,0,9,0,193,242,50,1290,60,0.52349729354772134,0,0.20000020000000002,0,0.00073446399999999999
nonlinear_charge_a100,1,0,10,0,193,242,50,1290,60,0.52349729354772134,0,0.20000020000000002,0,0.00074593599999999999
nonlinear_charge_a100,1,1,0,1,2584,2599,16,8523,126,0.12003266868387155,0,0.20000020000000002,0,0.0049268430000000002
nonlinear_charge_a100,1,1,1,1,2584,2599,16,8523,126,0.12003266868387155,0,0.20000020000000002,0,0.0050215420000000004
nonlinear_charge_a100,1,1,2,1,2584,2599,16,8523,126,0.12003266868387155,0,0.20000020000000002,0,0.0049468200000000002
nonlinear_charge_a100,1,1,3,1,2584,2599,16,8523,126,0.12003266868387155,0,0.20000020000000002,0,0.0049974570000000003
nonlinear_charge_a100,1,1,4,1,2584,2599,16,8523,126,0.12003266868387155,0,0.20000020000000002,0,0.0050026259999999996
nonlinear_charge_a100,1,1,5,1,2584,2599,16,8523,126,0.12003266868387155,0,0.20000020000000002,0,0.0049772990000000001
nonlinear_charge_a100,1,1,6,1,2584,2599,16,8523,126,0.12003266868387155,0,0.20000020000000002,0,0.0049512879999999999
nonlinear_charge_a100,1,1,7,1,2584,2599,16,8523,126,0.12003266868387155,0,0.20000020000000002,0,0.0050174149999999999
nonlinear_charge_a100,1,1,8,1,2584,2599,16,8523,126,0.12003266868387155,0,0.20000020000000002,0,0.0049747530000000002
nonlinear_charge_a100,1,1,9,1,2584,2599,16,8523,126,0.12003266868387155,0,0.20000020000000002,0,0.0049904540000000001
nonlinear_charge_a100,1,1,10,1,2584,2599,16,8523,126,0.12003266868387155,0,0.20000020000000002,0,0.0050054619999999996
