case,policy,refinement,repetition,pass,points,attempts,rejects,solves,doubling,voltage_error,current_error,voltage_limit,current_limit,seconds
rc_a0.0001_t9.9999999999999995e-07_b0,0,0,0,0,123,136,14,1162,136,2.8672536370093156e-07,0,2.1999999999999998e-07,0,0.00087734599999999999
rc_a0.0001_t9.9999999999999995e-07_b0,0,0,1,0,123,136,14,1162,136,2.8672536370093156e-07,0,2.1999999999999998e-07,0,0.00073526600000000004
rc_a0.0001_t9.9999999999999995e-07_b0,0,0,2,0,123,136,14,1162,136,2.8672536370093156e-07,0,2.1999999999999998e-07,0,0.00069098100000000002
rc_a0.0001_t9.9999999999999995e-07_b0,0,0,3,0,123,136,14,1162,136,2.8672536370093156e-07,0,2.1999999999999998e-07,0,0.00067331800000000001
rc_a0.0001_t9.9999999999999995e-07_b0,0,0,4,0,123,136,14,1162,136,2.8672536370093156e-07,0,2.1999999999999998e-07,0,0.00070347599999999997
rc_a0.0001_t9.9999999999999995e-07_b0,0,0,5,0,123,136,14,1162,136,2.8672536370093156e-07,0,2.1999999999999998e-07,0,0.00068229499999999997
rc_a0.0001_t9.9999999999999995e-07_b0,0,0,6,0,123,136,14,1162,136,2.8672536370093156e-07,0,2.1999999999999998e-07,0,0.00069336599999999995
rc_a0.0001_t9.9999999999999995e-07_b0,0,0,7,0,123,136,14,1162,136,2.8672536370093156e-07,0,2.1999999999999998e-07,0,0.00067229699999999998
rc_a0.0001_t9.9999999999999995e-07_b0,0,0,8,0,123,136,14,1162,136,2.8672536370093156e-07,0,2.1999999999999998e-07,0,0.00067163499999999996
rc_a0.0001_t9.9999999999999995e-07_b0,0,0,9,0,123,136,14,1162,136,2.8672536370093156e-07,0,2.1999999999999998e-07,0,0.00069306599999999999
rc_a0.0001_t9.9999999999999995e-07_b0,0,0,10,0,123,136,14,1162,136,2.8672536370093156e-07,0,2.1999999999999998e-07,0,0.00067040299999999997
rc_a0.0001_t9.9999999999999995e-07_b0,0,1,0,1,2564,2564,1,19526,2564,1.289995376068401e-07,0,2.1999999999999998e-07,0,0.011327352000000001
rc_a0.0001_t9.9999999999999995e-07_b0,0,1,1,1,2564,2564,1,19526,2564,1.289995376068401e-07,0,2.1999999999999998e-07,0,0.011113336999999999
rc_a0.0001_t9.9999999999999995e-07_b0,0,1,2,1,2564,2564,1,19526,2564,1.289995376068401e-07,0,2.1999999999999998e-07,0,0.011095923000000001
rc_a0.0001_t9.9999999999999995e-07_b0,0,1,3,1,2564,2564,1,19526,2564,1.289995376068401e-07,0,2.1999999999999998e-07,0,0.011095492
rc_a0.0001_t9.9999999999999995e-07_b0,0,1,4,1,2564,2564,1,19526,2564,1.289995376068401e-07,0,2.1999999999999998e-07,0,0.011054705
rc_a0.0001_t9.9999999999999995e-07_b0,0,1,5,1,2564,2564,1,19526,2564,1.289995376068401e-07,0,2.1999999999999998e-07,0,0.011058673
rc_a0.0001_t9.9999999999999995e-07_b0,0,1,6,1,2564,2564,1,19526,2564,1.289995376068401e-07,0,2.1999999999999998e-07,0,0.011367347999999999
rc_a0.0001_t9.9999999999999995e-07_b0,0,1,7,1,2564,2564,1,19526,2564,1.289995376068401e-07,0,2.1999999999999998e-07,0,0.011188078000000001
rc_a0.0001_t9.9999999999999995e-07_b0,0,1,8,1,2564,2564,1,19526,2564,1.289995376068401e-07,0,2.1999999999999998e-07,0,0.010472830000000001
rc_a0.0001_t9.9999999999999995e-07_b0,0,1,9,1,2564,2564,1,19526,2564,1.289995376068401e-07,0,2.1999999999999998e-07,0,0.0098697149999999994
rc_a0.0001_t9.9999999999999995e-07_b0,0,1,10,1,2564,2564,1,19526,2564,1.289995376068401e-07,0,2.1999999999999998e-07,0,0.009873082
rc_a0.0001_t9.9999999999999995e-07_b0,1,0,0,0,125,138,14,652,44,2.6922822675205557e-07,0,2.1999999999999998e-07,0,0.00037127500000000001
rc_a0.0001_t9.9999999999999995e-07_b0,1,0,1,0,125,138,14,652,44,2.6922822675205557e-07,0,2.1999999999999998e-07,0,0.00041976699999999998
rc_a0.0001_t9.9999999999999995e-07_b0,1,0,2,0,125,138,14,652,44,2.6922822675205557e-07,0,2.1999999999999998e-07,0,0.00036678600000000002
rc_a0.0001_t9.9999999999999995e-07_b0,1,0,3,0,125,138,14,652,44,2.6922822675205557e-07,0,2.1999999999999998e-07,0,0.000364722
rc_a0.0001_t9.9999999999999995e-07_b0,1,0,4,0,125,138,14,652,44,2.6922822675205557e-07,0,2.1999999999999998e-07,0,0.00038782600000000002
rc_a0.0001_t9.9999999999999995e-07_b0,1,0,5,0,125,138,14,652,44,2.6922822675205557e-07,0,2.1999999999999998e-07,0,0.00039818600000000003
rc_a0.0001_t9.9999999999999995e-07_b0,1,0,6,0,125,138,14,652,44,2.6922822675205557e-07,0,2.1999999999999998e-07,0,0.000364061
rc_a0.0001_t9.9999999999999995e-07_b0,1,0,7,0,125,138,14,652,44,2.6922822675205557e-07,0,2.1999999999999998e-07,0,0.000372056
rc_a0.0001_t9.9999999999999995e-07_b0,1,0,8,0,125,138,14,652,44,2.6922822675205557e-07,0,2.1999999999999998e-07,0,0.00037916000000000002
rc_a0.0001_t9.9999999999999995e-07_b0,1,0,9,0,125,138,14,652,44,2.6922822675205557e-07,0,2.1999999999999998e-07,0,0.000386303
rc_a0.0001_t9.9999999999999995e-07_b0,1,0,10,0,125,138,14,652,44,2.6922822675205557e-07,0,2.1999999999999998e-07,0,0.00038144399999999999
rc_a0.0001_t9.9999999999999995e-07_b0,1,1,0,1,2564,2564,1,7130,102,1.2899953760707049e-07,0,2.1999999999999998e-07,0,0.0041526940000000002
rc_a0.0001_t9.9999999999999995e-07_b0,1,1,1,1,2564,2564,1,7130,102,1.2899953760707049e-07,0,2.1999999999999998e-07,0,0.0041465520000000004
rc_a0.0001_t9.9999999999999995e-07_b0,1,1,2,1,2564,2564,1,7130,102,1.2899953760707049e-07,0,2.1999999999999998e-07,0,0.0041396369999999998
rc_a0.0001_t9.9999999999999995e-07_b0,1,1,3,1,2564,2564,1,7130,102,1.2899953760707049e-07,0,2.1999999999999998e-07,0,0.0041591450000000004
rc_a0.0001_t9.9999999999999995e-07_b0,1,1,4,1,2564,2564,1,7130,102,1.2899953760707049e-07,0,2.1999999999999998e-07,0,0.004213077
rc_a0.0001_t9.9999999999999995e-07_b0,1,1,5,1,2564,2564,1,7130,102,1.2899953760707049e-07,0,2.1999999999999998e-07,0,0.0041514610000000004
rc_a0.0001_t9.9999999999999995e-07_b0,1,1,6,1,2564,2564,1,7130,102,1.2899953760707049e-07,0,2.1999999999999998e-07,0,0.0041934909999999997
rc_a0.0001_t9.9999999999999995e-07_b0,1,1,7,1,2564,2564,1,7130,102,1.2899953760707049e-07,0,2.1999999999999998e-07,0,0.004103059
rc_a0.0001_t9.9999999999999995e-07_b0,1,1,8,1,2564,2564,1,7130,102,1.2899953760707049e-07,0,2.1999999999999998e-07,0,0.004129097
rc_a0.0001_t9.9999999999999995e-07_b0,1,1,9,1,2564,2564,1,7130,102,1.2899953760707049e-07,0,2.1999999999999998e-07,0,0.004169084
rc_a0.0001_t9.9999999999999995e-07_b0,1,1,10,1,2564,2564,1,7130,102,1.2899953760707049e-07,0,2.1999999999999998e-07,0,0.0041274950000000001
rc_a0.0001_t9.9999999999999995e-07_b400,0,0,0,0,123,136,14,1162,136,2.8712489153815725e-07,0,2.1999999999999998e-07,0,0.00061256199999999998
rc_a0.0001_t9.9999999999999995e-07_b400,0,0,1,0,123,136,14,1162,136,2.8712489153815725e-07,0,2.1999999999999998e-07,0,0.00059722400000000004
rc_a0.0001_t9.9999999999999995e-07_b400,0,0,2,0,123,136,14,1162,136,2.8712489153815725e-07,0,2.1999999999999998e-07,0,0.00061254300000000001
rc_a0.0001_t9.9999999999999995e-07_b400,0,0,3,0,123,136,14,1162,136,2.8712489153815725e-07,0,2.1999999999999998e-07,0,0.00062832299999999997
rc_a0.0001_t9.9999999999999995e-07_b400,0,0,4,0,123,136,14,1162,136,2.8712489153815725e-07,0,2.1999999999999998e-07,0,0.00058203499999999995
rc_a0.0001_t9.9999999999999995e-07_b400,0,0,5,0,123,136,14,1162,136,2.8712489153815725e-07,0,2.1999999999999998e-07,0,0.00060257400000000003
rc_a0.0001_t9.9999999999999995e-07_b400,0,0,6,0,123,136,14,1162,136,2.8712489153815725e-07,0,2.1999999999999998e-07,0,0.00059667300000000004
rc_a0.0001_t9.9999999999999995e-07_b400,0,0,7,0,123,136,14,1162,136,2.8712489153815725e-07,0,2.1999999999999998e-07,0,0.00059571099999999996
rc_a0.0001_t9.9999999999999995e-07_b400,0,0,8,0,123,136,14,1162,136,2.8712489153815725e-07,0,2.1999999999999998e-07,0,0.00059531000000000004
rc_a0.0001_t9.9999999999999995e-07_b400,0,0,9,0,123,136,14,1162,136,2.8712489153815725e-07,0,2.1999999999999998e-07,0,0.00061418599999999996
rc_a0.0001_t9.9999999999999995e-07_b400,0,0,10,0,123,136,14,1162,136,2.8712489153815725e-07,0,2.1999999999999998e-07,0,0.00064568600000000002
rc_a0.0001_t9.9999999999999995e-07_b400,0,1,0,1,2564,2564,1,19526,2564,1.2939741978474219e-07,0,2.1999999999999998e-07,0,0.0097965770000000008
rc_a0.0001_t9.9999999999999995e-07_b400,0,1,1,1,2564,2564,1,19526,2564,1.2939741978474219e-07,0,2.1999999999999998e-07,0,0.0097869580000000001
rc_a0.0001_t9.9999999999999995e-07_b400,0,1,2,1,2564,2564,1,19526,2564,1.2939741978474219e-07,0,2.1999999999999998e-07,0,0.0097602580000000008
rc_a0.0001_t9.9999999999999995e-07_b400,0,1,3,1,2564,2564,1,19526,2564,1.2939741978474219e-07,0,2.1999999999999998e-07,0,0.0097786720000000004
rc_a0.0001_t9.9999999999999995e-07_b400,0,1,4,1,2564,2564,1,19526,2564,1.2939741978474219e-07,0,2.1999999999999998e-07,0,0.0097765479999999995
rc_a0.0001_t9.9999999999999995e-07_b400,0,1,5,1,2564,2564,1,19526,2564,1.2939741978474219e-07,0,2.1999999999999998e-07,0,0.0096763079999999998
rc_a0.0001_t9.9999999999999995e-07_b400,0,1,6,1,2564,2564,1,19526,2564,1.2939741978474219e-07,0,2.1999999999999998e-07,0,0.0097802759999999992
rc_a0.0001_t9.9999999999999995e-07_b400,0,1,7,1,2564,2564,1,19526,2564,1.2939741978474219e-07,0,2.1999999999999998e-07,0,0.0097019879999999999
rc_a0.0001_t9.9999999999999995e-07_b400,0,1,8,1,2564,2564,1,19526,2564,1.2939741978474219e-07,0,2.1999999999999998e-07,0,0.0097741939999999999
rc_a0.0001_t9.9999999999999995e-07_b400,0,1,9,1,2564,2564,1,19526,2564,1.2939741978474219e-07,0,2.1999999999999998e-07,0,0.0097756869999999999
rc_a0.0001_t9.9999999999999995e-07_b400,0,1,10,1,2564,2564,1,19526,2564,1.2939741978474219e-07,0,2.1999999999999998e-07,0,0.0097074169999999994
rc_a0.0001_t9.9999999999999995e-07_b400,1,0,0,0,125,138,14,652,44,2.6962793469979558e-07,0,2.1999999999999998e-07,0,0.00039801499999999999
rc_a0.0001_t9.9999999999999995e-07_b400,1,0,1,0,125,138,14,652,44,2.6962793469979558e-07,0,2.1999999999999998e-07,0,0.000366516
rc_a0.0001_t9.9999999999999995e-07_b400,1,0,2,0,125,138,14,652,44,2.6962793469979558e-07,0,2.1999999999999998e-07,0,0.00036448200000000001
rc_a0.0001_t9.9999999999999995e-07_b400,1,0,3,0,125,138,14,652,44,2.6962793469979558e-07,0,2.1999999999999998e-07,0,0.00041190200000000001
rc_a0.0001_t9.9999999999999995e-07_b400,1,0,4,0,125,138,14,652,44,2.6962793469979558e-07,0,2.1999999999999998e-07,0,0.00038328800000000002
rc_a0.0001_t9.9999999999999995e-07_b400,1,0,5,0,125,138,14,652,44,2.6962793469979558e-07,0,2.1999999999999998e-07,0,0.00036613500000000002
rc_a0.0001_t9.9999999999999995e-07_b400,1,0,6,0,125,138,14,652,44,2.6962793469979558e-07,0,2.1999999999999998e-07,0,0.00037439999999999999
rc_a0.0001_t9.9999999999999995e-07_b400,1,0,7,0,125,138,14,652,44,2.6962793469979558e-07,0,2.1999999999999998e-07,0,0.00037628500000000002
rc_a0.0001_t9.9999999999999995e-07_b400,1,0,8,0,125,138,14,652,44,2.6962793469979558e-07,0,2.1999999999999998e-07,0,0.000407814
rc_a0.0001_t9.9999999999999995e-07_b400,1,0,9,0,125,138,14,652,44,2.6962793469979558e-07,0,2.1999999999999998e-07,0,0.00038301699999999998
rc_a0.0001_t9.9999999999999995e-07_b400,1,0,10,0,125,138,14,652,44,2.6962793469979558e-07,0,2.1999999999999998e-07,0,0.00040798499999999998
rc_a0.0001_t9.9999999999999995e-07_b400,1,1,0,1,2564,2564,1,7130,102,1.2939741978474219e-07,0,2.1999999999999998e-07,0,0.0041016469999999999
rc_a0.0001_t9.9999999999999995e-07_b400,1,1,1,1,2564,2564,1,7130,102,1.2939741978474219e-07,0,2.1999999999999998e-07,0,0.0040963570000000001
rc_a0.0001_t9.9999999999999995e-07_b400,1,1,2,1,2564,2564,1,7130,102,1.2939741978474219e-07,0,2.1999999999999998e-07,0,0.0040999920000000002
rc_a0.0001_t9.9999999999999995e-07_b400,1,1,3,1,2564,2564,1,7130,102,1.2939741978474219e-07,0,2.1999999999999998e-07,0,0.0041344490000000001
rc_a0.0001_t9.9999999999999995e-07_b400,1,1,4,1,2564,2564,1,7130,102,1.2939741978474219e-07,0,2.1999999999999998e-07,0,0.0041517510000000004
rc_a0.0001_t9.9999999999999995e-07_b400,1,1,5,1,2564,2564,1,7130,102,1.2939741978474219e-07,0,2.1999999999999998e-07,0,0.004122265
rc_a0.0001_t9.9999999999999995e-07_b400,1,1,6,1,2564,2564,1,7130,102,1.2939741978474219e-07,0,2.1999999999999998e-07,0,0.0040991420000000001
rc_a0.0001_t9.9999999999999995e-07_b400,1,1,7,1,2564,2564,1,7130,102,1.2939741978474219e-07,0,2.1999999999999998e-07,0,0.0041306809999999998
rc_a0.0001_t9.9999999999999995e-07_b400,1,1,8,1,2564,2564,1,7130,102,1.2939741978474219e-07,0,2.1999999999999998e-07,0,0.0041123959999999999
rc_a0.0001_t9.9999999999999995e-07_b400,1,1,9,1,2564,2564,1,7130,102,1.2939741978474219e-07,0,2.1999999999999998e-07,0,0.004079755
rc_a0.0001_t9.9999999999999995e-07_b400,1,1,10,1,2564,2564,1,7130,102,1.2939741978474219e-07,0,2.1999999999999998e-07,0,0.0041113340000000003
rc_a1_t1.0000000000000001e-09_b0,0,0,0,0,256,289,34,2598,289,0.00033018648741056644,0,0.00020020000000000001,0,0.0013848230000000001
rc_a1_t1.0000000000000001e-09_b0,0,0,1,0,256,289,34,2598,289,0.00033018648741056644,0,0.00020020000000000001,0,0.0013273040000000001
rc_a1_t1.0000000000000001e-09_b0,0,0,2,0,256,289,34,2598,289,0.00033018648741056644,0,0.00020020000000000001,0,0.0012806810000000001
rc_a1_t1.0000000000000001e-09_b0,0,0,3,0,256,289,34,2598,289,0.00033018648741056644,0,0.00020020000000000001,0,0.0012972330000000001
rc_a1_t1.0000000000000001e-09_b0,0,0,4,0,256,289,34,2598,289,0.00033018648741056644,0,0.00020020000000000001,0,0.001305128
rc_a1_t1.0000000000000001e-09_b0,0,0,5,0,256,289,34,2598,289,0.00033018648741056644,0,0.00020020000000000001,0,0.00128006
rc_a1_t1.0000000000000001e-09_b0,0,0,6,0,256,289,34,2598,289,0.00033018648741056644,0,0.00020020000000000001,0,0.0013115189999999999
rc_a1_t1.0000000000000001e-09_b0,0,0,7,0,256,289,34,2598,289,0.00033018648741056644,0,0.00020020000000000001,0,0.0012939360000000001
rc_a1_t1.0000000000000001e-09_b0,0,0,8,0,256,289,34,2598,289,0.00033018648741056644,0,0.00020020000000000001,0,0.0013129120000000001
rc_a1_t1.0000000000000001e-09_b0,0,0,9,0,256,289,34,2598,289,0.00033018648741056644,0,0.00020020000000000001,0,0.001300439
rc_a1_t1.0000000000000001e-09_b0,0,0,10,0,256,289,34,2598,289,0.00033018648741056644,0,0.00020020000000000001,0,0.001302753
rc_a1_t1.0000000000000001e-09_b0,0,1,0,1,2590,2603,14,22819,2603,0.0001304019254643185,0,0.00020020000000000001,0,0.011162760000000001
rc_a1_t1.0000000000000001e-09_b0,0,1,1,1,2590,2603,14,22819,2603,0.0001304019254643185,0,0.00020020000000000001,0,0.011156978999999999
rc_a1_t1.0000000000000001e-09_b0,0,1,2,1,2590,2603,14,22819,2603,0.0001304019254643185,0,0.00020020000000000001,0,0.011110932
rc_a1_t1.0000000000000001e-09_b0,0,1,3,1,2590,2603,14,22819,2603,0.0001304019254643185,0,0.00020020000000000001,0,0.01111552
rc_a1_t1.0000000000000001e-09_b0,0,1,4,1,2590,2603,14,22819,2603,0.0001304019254643185,0,0.00020020000000000001,0,0.011160194999999999
rc_a1_t1.0000000000000001e-09_b0,0,1,5,1,2590,2603,14,22819,2603,0.0001304019254643185,0,0.00020020000000000001,0,0.011173581
rc_a1_t1.0000000000000001e-09_b0,0,1,6,1,2590,2603,14,22819,2603,0.0001304019254643185,0,0.00020020000000000001,0,0.011150116
rc_a1_t1.0000000000000001e-09_b0,0,1,7,1,2590,2603,14,22819,2603,0.0001304019254643185,0,0.00020020000000000001,0,0.011110721
rc_a1_t1.0000000000000001e-09_b0,0,1,8,1,2590,2603,14,22819,2603,0.0001304019254643185,0,0.00020020000000000001,0,0.011138764000000001
rc_a1_t1.0000000000000001e-09_b0,0,1,9,1,2590,2603,14,22819,2603,0.0001304019254643185,0,0.00020020000000000001,0,0.011144375
rc_a1_t1.0000000000000001e-09_b0,0,1,10,1,2590,2603,14,22819,2603,0.0001304019254643185,0,0.00020020000000000001,0,0.011076646000000001
rc_a1_t1.0000000000000001e-09_b0,1,0,0,0,267,300,34,1354,76,0.00030988131527165397,0,0.00020020000000000001,0,0.00077276600000000003
rc_a1_t1.0000000000000001e-09_b0,1,0,1,0,267,300,34,1354,76,0.00030988131527165397,0,0.00020020000000000001,0,0.00075128599999999999
rc_a1_t1.0000000000000001e-09_b0,1,0,2,0,267,300,34,1354,76,0.00030988131527165397,0,0.00020020000000000001,0,0.00076431100000000005
rc_a1_t1.0000000000000001e-09_b0,1,0,3,0,267,300,34,1354,76,0.00030988131527165397,0,0.00020020000000000001,0,0.00076760700000000001
rc_a1_t1.0000000000000001e-09_b0,1,0,4,0,267,300,34,1354,76,0.00030988131527165397,0,0.00020020000000000001,0,0.00076882999999999997
rc_a1_t1.0000000000000001e-09_b0,1,0,5,0,267,300,34,1354,76,0.00030988131527165397,0,0.00020020000000000001,0,0.00074598600000000002
rc_a1_t1.0000000000000001e-09_b0,1,0,6,0,267,300,34,1354,76,0.00030988131527165397,0,0.00020020000000000001,0,0.00077660499999999998
rc_a1_t1.0000000000000001e-09_b0,1,0,7,0,267,300,34,1354,76,0.00030988131527165397,0,0.00020020000000000001,0,0.00076186600000000004
rc_a1_t1.0000000000000001e-09_b0,1,0,8,0,267,300,34,1354,76,0.00030988131527165397,0,0.00020020000000000001,0,0.00076380999999999997
rc_a1_t1.0000000000000001e-09_b0,1,0,9,0,267,300,34,1354,76,0.00030988131527165397,0,0.00020020000000000001,0,0.00074565600000000003
rc_a1_t1.0000000000000001e-09_b0,1,0,10,0,267,300,34,1354,76,0.00030988131527165397,0,0.00020020000000000001,0,0.00076621399999999998
rc_a1_t1.0000000000000001e-09_b0,1,1,0,1,2594,2607,14,8395,127,0.00013050607087350397,0,0.00020020000000000001,0,0.0046517700000000004
rc_a1_t1.0000000000000001e-09_b0,1,1,1,1,2594,2607,14,8395,127,0.00013050607087350397,0,0.00020020000000000001,0,0.00466264
rc_a1_t1.0000000000000001e-09_b0,1,1,2,1,2594,2607,14,8395,127,0.00013050607087350397,0,0.00020020000000000001,0,0.0046897029999999999
rc_a1_t1.0000000000000001e-09_b0,1,1,3,1,2594,2607,14,8395,127,0.00013050607087350397,0,0.00020020000000000001,0,0.0046432139999999997
rc_a1_t1.0000000000000001e-09_b0,1,1,4,1,2594,2607,14,8395,127,0.00013050607087350397,0,0.00020020000000000001,0,0.004645438
rc_a1_t1.0000000000000001e-09_b0,1,1,5,1,2594,2607,14,8395,127,0.00013050607087350397,0,0.00020020000000000001,0,0.0046851039999999998
rc_a1_t1.0000000000000001e-09_b0,1,1,6,1,2594,2607,14,8395,127,0.00013050607087350397,0,0.00020020000000000001,0,0.004656749
rc_a1_t1.0000000000000001e-09_b0,1,1,7,1,2594,2607,14,8395,127,0.00013050607087350397,0,0.00020020000000000001,0,0.004674063
rc_a1_t1.0000000000000001e-09_b0,1,1,8,1,2594,2607,14,8395,127,0.00013050607087350397,0,0.00020020000000000001,0,0.0046486349999999999
rc_a1_t1.0000000000000001e-09_b0,1,1,9,1,2594,2607,14,8395,127,0.00013050607087350397,0,0.00020020000000000001,0,0.0046746039999999997
rc_a1_t1.0000000000000001e-09_b0,1,1,10,1,2594,2607,14,8395,127,0.00013050607087350397,0,0.00020020000000000001,0,0.0046452580000000002
rc_a1_t0.001_b0,0,0,0,0,256,289,34,2598,289,0.00033018648739502332,0,0.00020020000000000001,0,0.0013293039999999999
rc_a1_t0.001_b0,0,0,1,0,256,289,34,2598,289,0.00033018648739502332,0,0.00020020000000000001,0,0.0012824850000000001
rc_a1_t0.001_b0,0,0,2,0,256,289,34,2598,289,0.00033018648739502332,0,0.00020020000000000001,0,0.0013001779999999999
rc_a1_t0.001_b0,0,0,3,0,256,289,34,2598,289,0.00033018648739502332,0,0.00020020000000000001,0,0.0014079730000000001
rc_a1_t0.001_b0,0,0,4,0,256,289,34,2598,289,0.00033018648739502332,0,0.00020020000000000001,0,0.001282725
rc_a1_t0.001_b0,0,0,5,0,256,289,34,2598,289,0.00033018648739502332,0,0.00020020000000000001,0,0.001300168
rc_a1_t0.001_b0,0,0,6,0,256,289,34,2598,289,0.00033018648739502332,0,0.00020020000000000001,0,0.0012978340000000001
rc_a1_t0.001_b0,0,0,7,0,256,289,34,2598,289,0.00033018648739502332,0,0.00020020000000000001,0,0.001308795
rc_a1_t0.001_b0,0,0,8,0,256,289,34,2598,289,0.00033018648739502332,0,0.00020020000000000001,0,0.0013069710000000001
rc_a1_t0.001_b0,0,0,9,0,256,289,34,2598,289,0.00033018648739502332,0,0.00020020000000000001,0,0.0012815330000000001
rc_a1_t0.001_b0,0,0,10,0,256,289,34,2598,289,0.00033018648739502332,0,0.00020020000000000001,0,0.001289978
rc_a1_t0.001_b0,0,1,0,1,2590,2603,14,22819,2603,0.00013040192545688001,0,0.00020020000000000001,0,0.011082458
rc_a1_t0.001_b0,0,1,1,1,2590,2603,14,22819,2603,0.00013040192545688001,0,0.00020020000000000001,0,0.011105652000000001
rc_a1_t0.001_b0,0,1,2,1,2590,2603,14,22819,2603,0.00013040192545688001,0,0.00020020000000000001,0,0.01111034
rc_a1_t0.001_b0,0,1,3,1,2590,2603,14,22819,2603,0.00013040192545688001,0,0.00020020000000000001,0,0.011306762999999999
rc_a1_t0.001_b0,0,1,4,1,2590,2603,14,22819,2603,0.00013040192545688001,0,0.00020020000000000001,0,0.012195661
rc_a1_t0.001_b0,0,1,5,1,2590,2603,14,22819,2603,0.00013040192545688001,0,0.00020020000000000001,0,0.011954573
rc_a1_t0.001_b0,0,1,6,1,2590,2603,14,22819,2603,0.00013040192545688001,0,0.00020020000000000001,0,0.012006942
rc_a1_t0.001_b0,0,1,7,1,2590,2603,14,22819,2603,0.00013040192545688001,0,0.00020020000000000001,0,0.011694919999999999
rc_a1_t0.001_b0,0,1,8,1,2590,2603,14,22819,2603,0.00013040192545688001,0,0.00020020000000000001,0,0.011886994999999999
rc_a1_t0.001_b0,0,1,9,1,2590,2603,14,22819,2603,0.00013040192545688001,0,0.00020020000000000001,0,0.012057969
rc_a1_t0.001_b0,0,1,10,1,2590,2603,14,22819,2603,0.00013040192545688001,0,0.00020020000000000001,0,0.011053583000000001
rc_a1_t0.001_b0,1,0,0,0,267,300,34,1354,76,0.00030988131525477858,0,0.00020020000000000001,0,0.00076423099999999998
rc_a1_t0.001_b0,1,0,1,0,267,300,34,1354,76,0.00030988131525477858,0,0.00020020000000000001,0,0.00076631500000000005
rc_a1_t0.001_b0,1,0,2,0,267,300,34,1354,76,0.00030988131525477858,0,0.00020020000000000001,0,0.000799688
rc_a1_t0.001_b0,1,0,3,0,267,300,34,1354,76,0.00030988131525477858,0,0.00020020000000000001,0,0.00075165699999999998
rc_a1_t0.001_b0,1,0,4,0,267,300,34,1354,76,0.00030988131525477858,0,0.00020020000000000001,0,0.00076314899999999997
rc_a1_t0.001_b0,1,0,5,0,267,300,34,1354,76,0.00030988131525477858,0,0.00020020000000000001,0,0.00074600600000000001
rc_a1_t0.001_b0,1,0,6,0,267,300,34,1354,76,0.00030988131525477858,0,0.00020020000000000001,0,0.00078430899999999996
rc_a1_t0.001_b0,1,0,7,0,267,300,34,1354,76,0.00030988131525477858,0,0.00020020000000000001,0,0.000744704
rc_a1_t0.001_b0,1,0,8,0,267,300,34,1354,76,0.00030988131525477858,0,0.00020020000000000001,0,0.000777887
rc_a1_t0.001_b0,1,0,9,0,267,300,34,1354,76,0.00030988131525477858,0,0.00020020000000000001,0,0.00072458500000000003
rc_a1_t0.001_b0,1,0,10,0,267,300,34,1354,76,0.00030988131525477858,0,0.00020020000000000001,0,0.00074891200000000002
rc_a1_t0.001_b0,1,1,0,1,2594,2607,14,8395,127,0.00013050607086795285,0,0.00020020000000000001,0,0.0046440259999999999
rc_a1_t0.001_b0,1,1,1,1,2594,2607,14,8395,127,0.00013050607086795285,0,0.00020020000000000001,0,0.0046812970000000001
rc_a1_t0.001_b0,1,1,2,1,2594,2607,14,8395,127,0.00013050607086795285,0,0.00020020000000000001,0,0.0061520589999999997
rc_a1_t0.001_b0,1,1,3,1,2594,2607,14,8395,127,0.00013050607086795285,0,0.00020020000000000001,0,0.0046137180000000002
rc_a1_t0.001_b0,1,1,4,1,2594,2607,14,8395,127,0.00013050607086795285,0,0.00020020000000000001,0,0.0046936900000000004
rc_a1_t0.001_b0,1,1,5,1,2594,2607,14,8395,127,0.00013050607086795285,0,0.00020020000000000001,0,0.0046166530000000001
rc_a1_t0.001_b0,1,1,6,1,2594,2607,14,8395,127,0.00013050607086795285,0,0.00020020000000000001,0,0.0046228559999999998
rc_a1_t0.001_b0,1,1,7,1,2594,2607,14,8395,127,0.00013050607086795285,0,0.00020020000000000001,0,0.0046455689999999996
rc_a1_t0.001_b0,1,1,8,1,2594,2607,14,8395,127,0.00013050607086795285,0,0.00020020000000000001,0,0.0047148499999999996
rc_a1_t0.001_b0,1,1,9,1,2594,2607,14,8395,127,0.00013050607086795285,0,0.00020020000000000001,0,0.0046585139999999999
rc_a1_t0.001_b0,1,1,10,1,2594,2607,14,8395,127,0.00013050607086795285,0,0.00020020000000000001,0,0.0046462999999999999
rc_a1_t1_b0,0,0,0,0,256,289,34,2598,289,0.00033018648738569745,0,0.00020020000000000001,0,0.0013121000000000001
rc_a1_t1_b0,0,0,1,0,256,289,34,2598,289,0.00033018648738569745,0,0.00020020000000000001,0,0.001311329
rc_a1_t1_b0,0,0,2,0,256,289,34,2598,289,0.00033018648738569745,0,0.00020020000000000001,0,0.001300509
rc_a1_t1_b0,0,0,3,0,256,289,34,2598,289,0.00033018648738569745,0,0.00020020000000000001,0,0.001273478
rc_a1_t1_b0,0,0,4,0,256,289,34,2598,289,0.00033018648738569745,0,0.00020020000000000001,0,0.0013048669999999999
rc_a1_t1_b0,0,0,5,0,256,289,34,2598,289,0.00033018648738569745,0,0.00020020000000000001,0,0.001289508
rc_a1_t1_b0,0,0,6,0,256,289,34,2598,289,0.00033018648738569745,0,0.00020020000000000001,0,0.001273557
rc_a1_t1_b0,0,0,7,0,256,289,34,2598,289,0.00033018648738569745,0,0.00020020000000000001,0,0.0012963709999999999
rc_a1_t1_b0,0,0,8,0,256,289,34,2598,289,0.00033018648738569745,0,0.00020020000000000001,0,0.001271524
rc_a1_t1_b0,0,0,9,0,256,289,34,2598,289,0.00033018648738569745,0,0.00020020000000000001,0,0.0012890969999999999
rc_a1_t1_b0,0,0,10,0,256,289,34,2598,289,0.00033018648738569745,0,0.00020020000000000001,0,0.001340064
rc_a1_t1_b0,0,1,0,1,2590,2603,14,22819,2603,0.00013040192545843432,0,0.00020020000000000001,0,0.011305872999999999
rc_a1_t1_b0,0,1,1,1,2590,2603,14,22819,2603,0.00013040192545843432,0,0.00020020000000000001,0,0.011061718
rc_a1_t1_b0,0,1,2,1,2590,2603,14,22819,2603,0.00013040192545843432,0,0.00020020000000000001,0,0.010974032
rc_a1_t1_b0,0,1,3,1,2590,2603,14,22819,2603,0.00013040192545843432,0,0.00020020000000000001,0,0.011032551999999999
rc_a1_t1_b0,0,1,4,1,2590,2603,14,22819,2603,0.00013040192545843432,0,0.00020020000000000001,0,0.011070655
rc_a1_t1_b0,0,1,5,1,2590,2603,14,22819,2603,0.00013040192545843432,0,0.00020020000000000001,0,0.011062059000000001
rc_a1_t1_b0,0,1,6,1,2590,2603,14,22819,2603,0.00013040192545843432,0,0.00020020000000000001,0,0.010996304
rc_a1_t1_b0,0,1,7,1,2590,2603,14,22819,2603,0.00013040192545843432,0,0.00020020000000000001,0,0.011013406
rc_a1_t1_b0,0,1,8,1,2590,2603,14,22819,2603,0.00013040192545843432,0,0.00020020000000000001,0,0.011058082
rc_a1_t1_b0,0,1,9,1,2590,2603,14,22819,2603,0.00013040192545843432,0,0.00020020000000000001,0,0.011054665
rc_a1_t1_b0,0,1,10,1,2590,2603,14,22819,2603,0.00013040192545843432,0,0.00020020000000000001,0,0.011005832
rc_a1_t1_b0,1,0,0,0,267,300,34,1354,76,0.00030988131525910845,0,0.00020020000000000001,0,0.00076506199999999995
rc_a1_t1_b0,1,0,1,0,267,300,34,1354,76,0.00030988131525910845,0,0.00020020000000000001,0,0.00076217699999999995
rc_a1_t1_b0,1,0,2,0,267,300,34,1354,76,0.00030988131525910845,0,0.00020020000000000001,0,0.00076722599999999998
rc_a1_t1_b0,1,0,3,0,267,300,34,1354,76,0.00030988131525910845,0,0.00020020000000000001,0,0.00076331900000000004
rc_a1_t1_b0,1,0,4,0,267,300,34,1354,76,0.00030988131525910845,0,0.00020020000000000001,0,0.00074374200000000004
rc_a1_t1_b0,1,0,5,0,267,300,34,1354,76,0.00030988131525910845,0,0.00020020000000000001,0,0.00075920100000000004
rc_a1_t1_b0,1,0,6,0,267,300,34,1354,76,0.00030988131525910845,0,0.00020020000000000001,0,0.00075490300000000002
rc_a1_t1_b0,1,0,7,0,267,300,34,1354,76,0.00030988131525910845,0,0.00020020000000000001,0,0.00080134100000000001
rc_a1_t1_b0,1,0,8,0,267,300,34,1354,76,0.00030988131525910845,0,0.00020020000000000001,0,0.00075234900000000003
rc_a1_t1_b0,1,0,9,0,267,300,34,1354,76,0.00030988131525910845,0,0.00020020000000000001,0,0.00077792599999999996
rc_a1_t1_b0,1,0,10,0,267,300,34,1354,76,0.00030988131525910845,0,0.00020020000000000001,0,0.00072213099999999999
rc_a1_t1_b0,1,1,0,1,2594,2607,14,8395,127,0.00013050607087083943,0,0.00020020000000000001,0,0.0046374429999999998
rc_a1_t1_b0,1,1,1,1,2594,2607,14,8395,127,0.00013050607087083943,0,0.00020020000000000001,0,0.0046673089999999997
rc_a1_t1_b0,1,1,2,1,2594,2607,14,8395,127,0.00013050607087083943,0,0.00020020000000000001,0,0.0046521720000000004
rc_a1_t1_b0,1,1,3,1,2594,2607,14,8395,127,0.00013050607087083943,0,0.00020020000000000001,0,0.0046386650000000001
rc_a1_t1_b0,1,1,4,1,2594,2607,14,8395,127,0.00013050607087083943,0,0.00020020000000000001,0,0.0046559380000000001
rc_a1_t1_b0,1,1,5,1,2594,2607,14,8395,127,0.00013050607087083943,0,0.00020020000000000001,0,0.0046209119999999996
rc_a1_t1_b0,1,1,6,1,2594,2607,14,8395,127,0.00013050607087083943,0,0.00020020000000000001,0,0.0046240179999999997
rc_a1_t1_b0,1,1,7,1,2594,2607,14,8395,127,0.00013050607087083943,0,0.00020020000000000001,0,0.0046472019999999996
rc_a1_t1_b0,1,1,8,1,2594,2607,14,8395,127,0.00013050607087083943,0,0.00020020000000000001,0,0.0046182970000000004
rc_a1_t1_b0,1,1,9,1,2594,2607,14,8395,127,0.00013050607087083943,0,0.00020020000000000001,0,0.004660857
rc_a1_t1_b0,1,1,10,1,2594,2607,14,8395,127,0.00013050607087083943,0,0.00020020000000000001,0,0.0046626920000000004
rc_a100_t0.001_b0,0,0,0,0,274,306,33,2754,306,0.032981436390173258,0,0.020000199999999999,0,0.0013841669999999999
rc_a100_t0.001_b0,0,0,1,0,274,306,33,2754,306,0.032981436390173258,0,0.020000199999999999,0,0.001363939
rc_a100_t0.001_b0,0,0,2,0,274,306,33,2754,306,0.032981436390173258,0,0.020000199999999999,0,0.0013566450000000001
rc_a100_t0.001_b0,0,0,3,0,274,306,33,2754,306,0.032981436390173258,0,0.020000199999999999,0,0.00139577
rc_a100_t0.001_b0,0,0,4,0,274,306,33,2754,306,0.032981436390173258,0,0.020000199999999999,0,0.001362175
rc_a100_t0.001_b0,0,0,5,0,274,306,33,2754,306,0.032981436390173258,0,0.020000199999999999,0,0.00135892
rc_a100_t0.001_b0,0,0,6,0,274,306,33,2754,306,0.032981436390173258,0,0.020000199999999999,0,0.00136461
rc_a100_t0.001_b0,0,0,7,0,274,306,33,2754,306,0.032981436390173258,0,0.020000199999999999,0,0.001374409
rc_a100_t0.001_b0,0,0,8,0,274,306,33,2754,306,0.032981436390173258,0,0.020000199999999999,0,0.001362456
rc_a100_t0.001_b0,0,0,9,0,274,306,33,2754,306,0.032981436390173258,0,0.020000199999999999,0,0.0013506740000000001
rc_a100_t0.001_b0,0,0,10,0,274,306,33,2754,306,0.032981436390173258,0,0.020000199999999999,0,0.001389408
rc_a100_t0.001_b0,0,1,0,1,2593,2606,14,23451,2606,0.01306214321793675,0,0.020000199999999999,0,0.011313296
rc_a100_t0.001_b0,0,1,1,1,2593,2606,14,23451,2606,0.01306214321793675,0,0.020000199999999999,0,0.011355265
rc_a100_t0.001_b0,0,1,2,1,2593,2606,14,23451,2606,0.01306214321793675,0,0.020000199999999999,0,0.011367889000000001
rc_a100_t0.001_b0,0,1,3,1,2593,2606,14,23451,2606,0.01306214321793675,0,0.020000199999999999,0,0.011357509
rc_a100_t0.001_b0,0,1,4,1,2593,2606,14,23451,2606,0.01306214321793675,0,0.020000199999999999,0,0.011357109000000001
rc_a100_t0.001_b0,0,1,5,1,2593,2606,14,23451,2606,0.01306214321793675,0,0.020000199999999999,0,0.011380652999999999
rc_a100_t0.001_b0,0,1,6,1,2593,2606,14,23451,2606,0.01306214321793675,0,0.020000199999999999,0,0.011359704
rc_a100_t0.001_b0,0,1,7,1,2593,2606,14,23451,2606,0.01306214321793675,0,0.020000199999999999,0,0.011337913999999999
rc_a100_t0.001_b0,0,1,8,1,2593,2606,14,23451,2606,0.01306214321793675,0,0.020000199999999999,0,0.011332312000000001
rc_a100_t0.001_b0,0,1,9,1,2593,2606,14,23451,2606,0.01306214321793675,0,0.020000199999999999,0,0.011333164
rc_a100_t0.001_b0,0,1,10,1,2593,2606,14,23451,2606,0.01306214321793675,0,0.020000199999999999,0,0.011321662
rc_a100_t0.001_b0,1,0,0,0,279,310,32,1356,71,0.030962000963938863,0,0.020000199999999999,0,0.00075177700000000002
rc_a100_t0.001_b0,1,0,1,0,279,310,32,1356,71,0.030962000963938863,0,0.020000199999999999,0,0.00080830400000000003
rc_a100_t0.001_b0,1,0,2,0,279,310,32,1356,71,0.030962000963938863,0,0.020000199999999999,0,0.00076446100000000003
rc_a100_t0.001_b0,1,0,3,0,279,310,32,1356,71,0.030962000963938863,0,0.020000199999999999,0,0.00074967299999999996
rc_a100_t0.001_b0,1,0,4,0,279,310,32,1356,71,0.030962000963938863,0,0.020000199999999999,0,0.00076659500000000002
rc_a100_t0.001_b0,1,0,5,0,279,310,32,1356,71,0.030962000963938863,0,0.020000199999999999,0,0.00074876100000000002
rc_a100_t0.001_b0,1,0,6,0,279,310,32,1356,71,0.030962000963938863,0,0.020000199999999999,0,0.00077267700000000004
rc_a100_t0.001_b0,1,0,7,0,279,310,32,1356,71,0.030962000963938863,0,0.020000199999999999,0,0.00074732900000000003
rc_a100_t0.001_b0,1,0,8,0,279,310,32,1356,71,0.030962000963938863,0,0.020000199999999999,0,0.00081804299999999996
rc_a100_t0.001_b0,1,0,9,0,279,310,32,1356,71,0.030962000963938863,0,0.020000199999999999,0,0.00075197800000000004
rc_a100_t0.001_b0,1,0,10,0,279,310,32,1356,71,0.030962000963938863,0,0.020000199999999999,0,0.00074914199999999995
rc_a100_t0.001_b0,1,1,0,1,2593,2606,14,8559,124,0.013042109702780635,0,0.020000199999999999,0,0.0047167340000000002
rc_a100_t0.001_b0,1,1,1,1,2593,2606,14,8559,124,0.013042109702780635,0,0.020000199999999999,0,0.0047377130000000002
rc_a100_t0.001_b0,1,1,2,1,2593,2606,14,8559,124,0.013042109702780635,0,0.020000199999999999,0,0.0047292480000000001
rc_a100_t0.001_b0,1,1,3,1,2593,2606,14,8559,124,0.013042109702780635,0,0.020000199999999999,0,0.0047549360000000004
rc_a100_t0.001_b0,1,1,4,1,2593,2606,14,8559,124,0.013042109702780635,0,0.020000199999999999,0,0.0046899530000000002
rc_a100_t0.001_b0,1,1,5,1,2593,2606,14,8559,124,0.013042109702780635,0,0.020000199999999999,0,0.0047016549999999999
rc_a100_t0.001_b0,1,1,6,1,2593,2606,14,8559,124,0.013042109702780635,0,0.020000199999999999,0,0.0047419710000000002
rc_a100_t0.001_b0,1,1,7,1,2593,2606,14,8559,124,0.013042109702780635,0,0.020000199999999999,0,0.0048085180000000003
rc_a100_t0.001_b0,1,1,8,1,2593,2606,14,8559,124,0.013042109702780635,0,0.020000199999999999,0,0.0046781009999999996
rc_a100_t0.001_b0,1,1,9,1,2593,2606,14,8559,124,0.013042109702780635,0,0.020000199999999999,0,0.0047850330000000002
rc_a100_t0.001_b0,1,1,10,1,2593,2606,14,8559,124,0.013042109702780635,0,0.020000199999999999,0,0.0046766480000000003
rlc_r0.02_a0.001_t9.9999999999999995e-07_b0,0,0,0,0,590,686,97,6174,686,3.8001635318153626e-05,3.6650921211869641e-05,7.0000000000000007e-06,5.0200000000000002e-06,0.0037531650000000001
rlc_r0.02_a0.001_t9.9999999999999995e-07_b0,0,0,1,0,590,686,97,6174,686,3.8001635318153626e-05,3.6650921211869641e-05,7.0000000000000007e-06,5.0200000000000002e-06,0.0037078480000000001
rlc_r0.02_a0.001_t9.9999999999999995e-07_b0,0,0,2,0,590,686,97,6174,686,3.8001635318153626e-05,3.6650921211869641e-05,7.0000000000000007e-06,5.0200000000000002e-06,0.0037562199999999998
rlc_r0.02_a0.001_t9.9999999999999995e-07_b0,0,0,3,0,590,686,97,6174,686,3.8001635318153626e-05,3.6650921211869641e-05,7.0000000000000007e-06,5.0200000000000002e-06,0.003687821
rlc_r0.02_a0.001_t9.9999999999999995e-07_b0,0,0,4,0,590,686,97,6174,686,3.8001635318153626e-05,3.6650921211869641e-05,7.0000000000000007e-06,5.0200000000000002e-06,0.0037232580000000001
rlc_r0.02_a0.001_t9.9999999999999995e-07_b0,0,0,5,0,590,686,97,6174,686,3.8001635318153626e-05,3.6650921211869641e-05,7.0000000000000007e-06,5.0200000000000002e-06,0.0037127480000000001
rlc_r0.02_a0.001_t9.9999999999999995e-07_b0,0,0,6,0,590,686,97,6174,686,3.8001635318153626e-05,3.6650921211869641e-05,7.0000000000000007e-06,5.0200000000000002e-06,0.0037433660000000001
rlc_r0.02_a0.001_t9.9999999999999995e-07_b0,0,0,7,0,590,686,97,6174,686,3.8001635318153626e-05,3.6650921211869641e-05,7.0000000000000007e-06,5.0200000000000002e-06,0.0037035100000000001
rlc_r0.02_a0.001_t9.9999999999999995e-07_b0,0,0,8,0,590,686,97,6174,686,3.8001635318153626e-05,3.6650921211869641e-05,7.0000000000000007e-06,5.0200000000000002e-06,0.0036872390000000001
rlc_r0.02_a0.001_t9.9999999999999995e-07_b0,0,0,9,0,590,686,97,6174,686,3.8001635318153626e-05,3.6650921211869641e-05,7.0000000000000007e-06,5.0200000000000002e-06,0.0037124380000000002
rlc_r0.02_a0.001_t9.9999999999999995e-07_b0,0,0,10,0,590,686,97,6174,686,3.8001635318153626e-05,3.6650921211869641e-05,7.0000000000000007e-06,5.0200000000000002e-06,0.0037236080000000002
rlc_r0.02_a0.001_t9.9999999999999995e-07_b0,0,1,0,1,6413,6420,8,57780,6420,3.2634485617240999e-07,3.2394113731043506e-07,7.0000000000000007e-06,5.0200000000000002e-06,0.034577227000000002
rlc_r0.02_a0.001_t9.9999999999999995e-07_b0,0,1,1,1,6413,6420,8,57780,6420,3.2634485617240999e-07,3.2394113731043506e-07,7.0000000000000007e-06,5.0200000000000002e-06,0.034443253
rlc_r0.02_a0.001_t9.9999999999999995e-07_b0,0,1,2,1,6413,6420,8,57780,6420,3.2634485617240999e-07,3.2394113731043506e-07,7.0000000000000007e-06,5.0200000000000002e-06,0.034478950000000001
rlc_r0.02_a0.001_t9.9999999999999995e-07_b0,0,1,3,1,6413,6420,8,57780,6420,3.2634485617240999e-07,3.2394113731043506e-07,7.0000000000000007e-06,5.0200000000000002e-06,0.034489881999999999
rlc_r0.02_a0.001_t9.9999999999999995e-07_b0,0,1,4,1,6413,6420,8,57780,6420,3.2634485617240999e-07,3.2394113731043506e-07,7.0000000000000007e-06,5.0200000000000002e-06,0.034637081
rlc_r0.02_a0.001_t9.9999999999999995e-07_b0,0,1,5,1,6413,6420,8,57780,6420,3.2634485617240999e-07,3.2394113731043506e-07,7.0000000000000007e-06,5.0200000000000002e-06,0.034503416000000002
rlc_r0.02_a0.001_t9.9999999999999995e-07_b0,0,1,6,1,6413,6420,8,57780,6420,3.2634485617240999e-07,3.2394113731043506e-07,7.0000000000000007e-06,5.0200000000000002e-06,0.034259763999999998
rlc_r0.02_a0.001_t9.9999999999999995e-07_b0,0,1,7,1,6413,6420,8,57780,6420,3.2634485617240999e-07,3.2394113731043506e-07,7.0000000000000007e-06,5.0200000000000002e-06,0.034473930999999999
rlc_r0.02_a0.001_t9.9999999999999995e-07_b0,0,1,8,1,6413,6420,8,57780,6420,3.2634485617240999e-07,3.2394113731043506e-07,7.0000000000000007e-06,5.0200000000000002e-06,0.034213536000000003
rlc_r0.02_a0.001_t9.9999999999999995e-07_b0,0,1,9,1,6413,6420,8,57780,6420,3.2634485617240999e-07,3.2394113731043506e-07,7.0000000000000007e-06,5.0200000000000002e-06,0.034520428999999998
rlc_r0.02_a0.001_t9.9999999999999995e-07_b0,0,1,10,1,6413,6420,8,57780,6420,3.2634485617240999e-07,3.2394113731043506e-07,7.0000000000000007e-06,5.0200000000000002e-06,0.034265814999999998
rlc_r0.02_a0.001_t9.9999999999999995e-07_b0,1,0,0,0,586,678,93,2736,117,3.8124513149944794e-05,3.6767396241941868e-05,7.0000000000000007e-06,5.0200000000000002e-06,0.0019573049999999999
rlc_r0.02_a0.001_t9.9999999999999995e-07_b0,1,0,1,0,586,678,93,2736,117,3.8124513149944794e-05,3.6767396241941868e-05,7.0000000000000007e-06,5.0200000000000002e-06,0.001937158
rlc_r0.02_a0.001_t9.9999999999999995e-07_b0,1,0,2,0,586,678,93,2736,117,3.8124513149944794e-05,3.6767396241941868e-05,7.0000000000000007e-06,5.0200000000000002e-06,0.0020113879999999998
rlc_r0.02_a0.001_t9.9999999999999995e-07_b0,1,0,3,0,586,678,93,2736,117,3.8124513149944794e-05,3.6767396241941868e-05,7.0000000000000007e-06,5.0200000000000002e-06,0.0019292129999999999
rlc_r0.02_a0.001_t9.9999999999999995e-07_b0,1,0,4,0,586,678,93,2736,117,3.8124513149944794e-05,3.6767396241941868e-05,7.0000000000000007e-06,5.0200000000000002e-06,0.001940914
rlc_r0.02_a0.001_t9.9999999999999995e-07_b0,1,0,5,0,586,678,93,2736,117,3.8124513149944794e-05,3.6767396241941868e-05,7.0000000000000007e-06,5.0200000000000002e-06,0.001948338
rlc_r0.02_a0.001_t9.9999999999999995e-07_b0,1,0,6,0,586,678,93,2736,117,3.8124513149944794e-05,3.6767396241941868e-05,7.0000000000000007e-06,5.0200000000000002e-06,0.001927429
rlc_r0.02_a0.001_t9.9999999999999995e-07_b0,1,0,7,0,586,678,93,2736,117,3.8124513149944794e-05,3.6767396241941868e-05,7.0000000000000007e-06,5.0200000000000002e-06,0.0019436290000000001
rlc_r0.02_a0.001_t9.9999999999999995e-07_b0,1,0,8,0,586,678,93,2736,117,3.8124513149944794e-05,3.6767396241941868e-05,7.0000000000000007e-06,5.0200000000000002e-06,0.0019528970000000001
rlc_r0.02_a0.001_t9.9999999999999995e-07_b0,1,0,9,0,586,678,93,2736,117,3.8124513149944794e-05,3.6767396241941868e-05,7.0000000000000007e-06,5.0200000000000002e-06,0.0019587279999999999
rlc_r0.02_a0.001_t9.9999999999999995e-07_b0,1,0,10,0,586,678,93,2736,117,3.8124513149944794e-05,3.6767396241941868e-05,7.0000000000000007e-06,5.0200000000000002e-06,0.001979888
rlc_r0.02_a0.001_t9.9999999999999995e-07_b0,1,1,0,1,6414,6421,8,20847,264,2.5218529737061103e-07,2.5366311246551726e-07,7.0000000000000007e-06,5.0200000000000002e-06,0.015117297
rlc_r0.02_a0.001_t9.9999999999999995e-07_b0,1,1,1,1,6414,6421,8,20847,264,2.5218529737061103e-07,2.5366311246551726e-07,7.0000000000000007e-06,5.0200000000000002e-06,0.015260276999999999
rlc_r0.02_a0.001_t9.9999999999999995e-07_b0,1,1,2,1,6414,6421,8,20847,264,2.5218529737061103e-07,2.5366311246551726e-07,7.0000000000000007e-06,5.0200000000000002e-06,0.015189273
rlc_r0.02_a0.001_t9.9999999999999995e-07_b0,1,1,3,1,6414,6421,8,20847,264,2.5218529737061103e-07,2.5366311246551726e-07,7.0000000000000007e-06,5.0200000000000002e-06,0.015040982
rlc_r0.02_a0.001_t9.9999999999999995e-07_b0,1,1,4,1,6414,6421,8,20847,264,2.5218529737061103e-07,2.5366311246551726e-07,7.0000000000000007e-06,5.0200000000000002e-06,0.014994063
rlc_r0.02_a0.001_t9.9999999999999995e-07_b0,1,1,5,1,6414,6421,8,20847,264,2.5218529737061103e-07,2.5366311246551726e-07,7.0000000000000007e-06,5.0200000000000002e-06,0.015317186
rlc_r0.02_a0.001_t9.9999999999999995e-07_b0,1,1,6,1,6414,6421,8,20847,264,2.5218529737061103e-07,2.5366311246551726e-07,7.0000000000000007e-06,5.0200000000000002e-06,0.015129729999999999
rlc_r0.02_a0.001_t9.9999999999999995e-07_b0,1,1,7,1,6414,6421,8,20847,264,2.5218529737061103e-07,2.5366311246551726e-07,7.0000000000000007e-06,5.0200000000000002e-06,0.01521401
rlc_r0.02_a0.001_t9.9999999999999995e-07_b0,1,1,8,1,6414,6421,8,20847,264,2.5218529737061103e-07,2.5366311246551726e-07,7.0000000000000007e-06,5.0200000000000002e-06,0.014989214000000001
rlc_r0.02_a0.001_t9.9999999999999995e-07_b0,1,1,9,1,6414,6421,8,20847,264,2.5218529737061103e-07,2.5366311246551726e-07,7.0000000000000007e-06,5.0200000000000002e-06,0.015106184999999999
rlc_r0.02_a0.001_t9.9999999999999995e-07_b0,1,1,10,1,6414,6421,8,20847,264,2.5218529737061103e-07,2.5366311246551726e-07,7.0000000000000007e-06,5.0200000000000002e-06,0.015149588
rlc_r0.02_a1_t9.9999999999999995e-07_b0,0,0,0,0,737,903,167,8127,903,0.028383404029640236,0.027525555097784205,0.0050020000000000004,0.00500002,0.0048658770000000002
rlc_r0.02_a1_t9.9999999999999995e-07_b0,0,0,1,0,737,903,167,8127,903,0.028383404029640236,0.027525555097784205,0.0050020000000000004,0.00500002,0.004861158
rlc_r0.02_a1_t9.9999999999999995e-07_b0,0,0,2,0,737,903,167,8127,903,0.028383404029640236,0.027525555097784205,0.0050020000000000004,0.00500002,0.0048420010000000003
rlc_r0.02_a1_t9.9999999999999995e-07_b0,0,0,3,0,737,903,167,8127,903,0.028383404029640236,0.027525555097784205,0.0050020000000000004,0.00500002,0.005122494
rlc_r0.02_a1_t9.9999999999999995e-07_b0,0,0,4,0,737,903,167,8127,903,0.028383404029640236,0.027525555097784205,0.0050020000000000004,0.00500002,0.0048356889999999998
rlc_r0.02_a1_t9.9999999999999995e-07_b0,0,0,5,0,737,903,167,8127,903,0.028383404029640236,0.027525555097784205,0.0050020000000000004,0.00500002,0.0048222040000000001
rlc_r0.02_a1_t9.9999999999999995e-07_b0,0,0,6,0,737,903,167,8127,903,0.028383404029640236,0.027525555097784205,0.0050020000000000004,0.00500002,0.0050431240000000004
rlc_r0.02_a1_t9.9999999999999995e-07_b0,0,0,7,0,737,903,167,8127,903,0.028383404029640236,0.027525555097784205,0.0050020000000000004,0.00500002,0.0048538330000000001
rlc_r0.02_a1_t9.9999999999999995e-07_b0,0,0,8,0,737,903,167,8127,903,0.028383404029640236,0.027525555097784205,0.0050020000000000004,0.00500002,0.0048340570000000001
rlc_r0.02_a1_t9.9999999999999995e-07_b0,0,0,9,0,737,903,167,8127,903,0.028383404029640236,0.027525555097784205,0.0050020000000000004,0.00500002,0.004828125
rlc_r0.02_a1_t9.9999999999999995e-07_b0,0,0,10,0,737,903,167,8127,903,0.028383404029640236,0.027525555097784205,0.0050020000000000004,0.00500002,0.0048597950000000001
rlc_r0.02_a1_t9.9999999999999995e-07_b0,0,1,0,1,6424,6439,16,57951,6439,0.00033502606180890737,0.00033228314909816703,0.0050020000000000004,0.00500002,0.034621521000000002
rlc_r0.02_a1_t9.9999999999999995e-07_b0,0,1,1,1,6424,6439,16,57951,6439,0.00033502606180890737,0.00033228314909816703,0.0050020000000000004,0.00500002,0.034594189999999997
rlc_r0.02_a1_t9.9999999999999995e-07_b0,0,1,2,1,6424,6439,16,57951,6439,0.00033502606180890737,0.00033228314909816703,0.0050020000000000004,0.00500002,0.034543272999999999
rlc_r0.02_a1_t9.9999999999999995e-07_b0,0,1,3,1,6424,6439,16,57951,6439,0.00033502606180890737,0.00033228314909816703,0.0050020000000000004,0.00500002,0.034567819
rlc_r0.02_a1_t9.9999999999999995e-07_b0,0,1,4,1,6424,6439,16,57951,6439,0.00033502606180890737,0.00033228314909816703,0.0050020000000000004,0.00500002,0.035356917000000002
rlc_r0.02_a1_t9.9999999999999995e-07_b0,0,1,5,1,6424,6439,16,57951,6439,0.00033502606180890737,0.00033228314909816703,0.0050020000000000004,0.00500002,0.034724376000000001
rlc_r0.02_a1_t9.9999999999999995e-07_b0,0,1,6,1,6424,6439,16,57951,6439,0.00033502606180890737,0.00033228314909816703,0.0050020000000000004,0.00500002,0.034609678999999997
rlc_r0.02_a1_t9.9999999999999995e-07_b0,0,1,7,1,6424,6439,16,57951,6439,0.00033502606180890737,0.00033228314909816703,0.0050020000000000004,0.00500002,0.034571416000000001
rlc_r0.02_a1_t9.9999999999999995e-07_b0,0,1,8,1,6424,6439,16,57951,6439,0.00033502606180890737,0.00033228314909816703,0.0050020000000000004,0.00500002,0.034713015
rlc_r0.02_a1_t9.9999999999999995e-07_b0,0,1,9,1,6424,6439,16,57951,6439,0.00033502606180890737,0.00033228314909816703,0.0050020000000000004,0.00500002,0.034369162000000002
rlc_r0.02_a1_t9.9999999999999995e-07_b0,0,1,10,1,6424,6439,16,57951,6439,0.00033502606180890737,0.00033228314909816703,0.0050020000000000004,0.00500002,0.034571556000000003
rlc_r0.02_a1_t9.9999999999999995e-07_b0,1,0,0,0,732,894,163,3498,136,0.028452616277992115,0.027588496180574684,0.0050020000000000004,0.00500002,0.002522538
rlc_r0.02_a1_t9.9999999999999995e-07_b0,1,0,1,0,732,894,163,3498,136,0.028452616277992115,0.027588496180574684,0.0050020000000000004,0.00500002,0.002453748
rlc_r0.02_a1_t9.9999999999999995e-07_b0,1,0,2,0,732,894,163,3498,136,0.028452616277992115,0.027588496180574684,0.0050020000000000004,0.00500002,0.0024976809999999999
rlc_r0.02_a1_t9.9999999999999995e-07_b0,1,0,3,0,732,894,163,3498,136,0.028452616277992115,0.027588496180574684,0.0050020000000000004,0.00500002,0.0024929819999999999
rlc_r0.02_a1_t9.9999999999999995e-07_b0,1,0,4,0,732,894,163,3498,136,0.028452616277992115,0.027588496180574684,0.0050020000000000004,0.00500002,0.00248154
rlc_r0.02_a1_t9.9999999999999995e-07_b0,1,0,5,0,732,894,163,3498,136,0.028452616277992115,0.027588496180574684,0.0050020000000000004,0.00500002,0.0025047340000000002
rlc_r0.02_a1_t9.9999999999999995e-07_b0,1,0,6,0,732,894,163,3498,136,0.028452616277992115,0.027588496180574684,0.0050020000000000004,0.00500002,0.002515064
rlc_r0.02_a1_t9.9999999999999995e-07_b0,1,0,7,0,732,894,163,3498,136,0.028452616277992115,0.027588496180574684,0.0050020000000000004,0.00500002,0.002476551
rlc_r0.02_a1_t9.9999999999999995e-07_b0,1,0,8,0,732,894,163,3498,136,0.028452616277992115,0.027588496180574684,0.0050020000000000004,0.00500002,0.0024598390000000001
rlc_r0.02_a1_t9.9999999999999995e-07_b0,1,0,9,0,732,894,163,3498,136,0.028452616277992115,0.027588496180574684,0.0050020000000000004,0.00500002,0.0024674330000000002
rlc_r0.02_a1_t9.9999999999999995e-07_b0,1,0,10,0,732,894,163,3498,136,0.028452616277992115,0.027588496180574684,0.0050020000000000004,0.00500002,0.0024648389999999999
rlc_r0.02_a1_t9.9999999999999995e-07_b0,1,1,0,1,6425,6440,16,20970,275,0.00025830793938075303,0.00025940966184778702,0.0050020000000000004,0.00500002,0.015241563
rlc_r0.02_a1_t9.9999999999999995e-07_b0,1,1,1,1,6425,6440,16,20970,275,0.00025830793938075303,0.00025940966184778702,0.0050020000000000004,0.00500002,0.015288802000000001
rlc_r0.02_a1_t9.9999999999999995e-07_b0,1,1,2,1,6425,6440,16,20970,275,0.00025830793938075303,0.00025940966184778702,0.0050020000000000004,0.00500002,0.015166590000000001
rlc_r0.02_a1_t9.9999999999999995e-07_b0,1,1,3,1,6425,6440,16,20970,275,0.00025830793938075303,0.00025940966184778702,0.0050020000000000004,0.00500002,0.015243025
rlc_r0.02_a1_t9.9999999999999995e-07_b0,1,1,4,1,6425,6440,16,20970,275,0.00025830793938075303,0.00025940966184778702,0.0050020000000000004,0.00500002,0.015218007
rlc_r0.02_a1_t9.9999999999999995e-07_b0,1,1,5,1,6425,6440,16,20970,275,0.00025830793938075303,0.00025940966184778702,0.0050020000000000004,0.00500002,0.015289294
rlc_r0.02_a1_t9.9999999999999995e-07_b0,1,1,6,1,6425,6440,16,20970,275,0.00025830793938075303,0.00025940966184778702,0.0050020000000000004,0.00500002,0.015075808
rlc_r0.02_a1_t9.9999999999999995e-07_b0,1,1,7,1,6425,6440,16,20970,275,0.00025830793938075303,0.00025940966184778702,0.0050020000000000004,0.00500002,0.015213439
rlc_r0.02_a1_t9.9999999999999995e-07_b0,1,1,8,1,6425,6440,16,20970,275,0.00025830793938075303,0.00025940966184778702,0.0050020000000000004,0.00500002,0.015407798
rlc_r0.02_a1_t9.9999999999999995e-07_b0,1,1,9,1,6425,6440,16,20970,275,0.00025830793938075303,0.00025940966184778702,0.0050020000000000004,0.00500002,0.01561446
rlc_r0.02_a1_t9.9999999999999995e-07_b0,1,1,10,1,6425,6440,16,20970,275,0.00025830793938075303,0.00025940966184778702,0.0050020000000000004,0.00500002,0.015185567000000001
rlc_r0.02_a1_t0.001_b400,0,0,0,0,737,903,167,8127,903,0.028383404188815575,0.027525554825554743,0.0050020000000000004,0.00500002,0.004813187
rlc_r0.02_a1_t0.001_b400,0,0,1,0,737,903,167,8127,903,0.028383404188815575,0.027525554825554743,0.0050020000000000004,0.00500002,0.0049068549999999999
rlc_r0.02_a1_t0.001_b400,0,0,2,0,737,903,167,8127,903,0.028383404188815575,0.027525554825554743,0.0050020000000000004,0.00500002,0.004845228
rlc_r0.02_a1_t0.001_b400,0,0,3,0,737,903,167,8127,903,0.028383404188815575,0.027525554825554743,0.0050020000000000004,0.00500002,0.004843684
rlc_r0.02_a1_t0.001_b400,0,0,4,0,737,903,167,8127,903,0.028383404188815575,0.027525554825554743,0.0050020000000000004,0.00500002,0.0048520810000000003
rlc_r0.02_a1_t0.001_b400,0,0,5,0,737,903,167,8127,903,0.028383404188815575,0.027525554825554743,0.0050020000000000004,0.00500002,0.0048615380000000003
rlc_r0.02_a1_t0.001_b400,0,0,6,0,737,903,167,8127,903,0.028383404188815575,0.027525554825554743,0.0050020000000000004,0.00500002,0.0047990699999999999
rlc_r0.02_a1_t0.001_b400,0,0,7,0,737,903,167,8127,903,0.028383404188815575,0.027525554825554743,0.0050020000000000004,0.00500002,0.0048318229999999998
rlc_r0.02_a1_t0.001_b400,0,0,8,0,737,903,167,8127,903,0.028383404188815575,0.027525554825554743,0.0050020000000000004,0.00500002,0.0048440449999999999
rlc_r0.02_a1_t0.001_b400,0,0,9,0,737,903,167,8127,903,0.028383404188815575,0.027525554825554743,0.0050020000000000004,0.00500002,0.0048520610000000004
rlc_r0.02_a1_t0.001_b400,0,0,10,0,737,903,167,8127,903,0.028383404188815575,0.027525554825554743,0.0050020000000000004,0.00500002,0.0048279550000000001
rlc_r0.02_a1_t0.001_b400,0,1,0,1,6425,6440,16,57960,6440,0.00025830262730153208,0.00025940585393580129,0.0050020000000000004,0.00500002,0.034521099999999999
rlc_r0.02_a1_t0.001_b400,0,1,1,1,6425,6440,16,57960,6440,0.00025830262730153208,0.00025940585393580129,0.0050020000000000004,0.00500002,0.034321289999999997
rlc_r0.02_a1_t0.001_b400,0,1,2,1,6425,6440,16,57960,6440,0.00025830262730153208,0.00025940585393580129,0.0050020000000000004,0.00500002,0.034313026000000003
rlc_r0.02_a1_t0.001_b400,0,1,3,1,6425,6440,16,57960,6440,0.00025830262730153208,0.00025940585393580129,0.0050020000000000004,0.00500002,0.034080183999999999
rlc_r0.02_a1_t0.001_b400,0,1,4,1,6425,6440,16,57960,6440,0.00025830262730153208,0.00025940585393580129,0.0050020000000000004,0.00500002,0.034406863000000003
rlc_r0.02_a1_t0.001_b400,0,1,5,1,6425,6440,16,57960,6440,0.00025830262730153208,0.00025940585393580129,0.0050020000000000004,0.00500002,0.034255606000000001
rlc_r0.02_a1_t0.001_b400,0,1,6,1,6425,6440,16,57960,6440,0.00025830262730153208,0.00025940585393580129,0.0050020000000000004,0.00500002,0.034387095999999999
rlc_r0.02_a1_t0.001_b400,0,1,7,1,6425,6440,16,57960,6440,0.00025830262730153208,0.00025940585393580129,0.0050020000000000004,0.00500002,0.034341509999999999
rlc_r0.02_a1_t0.001_b400,0,1,8,1,6425,6440,16,57960,6440,0.00025830262730153208,0.00025940585393580129,0.0050020000000000004,0.00500002,0.034346729999999999
rlc_r0.02_a1_t0.001_b400,0,1,9,1,6425,6440,16,57960,6440,0.00025830262730153208,0.00025940585393580129,0.0050020000000000004,0.00500002,0.034495671999999998
rlc_r0.02_a1_t0.001_b400,0,1,10,1,6425,6440,16,57960,6440,0.00025830262730153208,0.00025940585393580129,0.0050020000000000004,0.00500002,0.034065927000000003
rlc_r0.02_a1_t0.001_b400,1,0,0,0,732,894,163,3498,136,0.028452616641487793,0.027588496123482353,0.0050020000000000004,0.00500002,0.0025001950000000002
rlc_r0.02_a1_t0.001_b400,1,0,1,0,732,894,163,3498,136,0.028452616641487793,0.027588496123482353,0.0050020000000000004,0.00500002,0.002485438
rlc_r0.02_a1_t0.001_b400,1,0,2,0,732,894,163,3498,136,0.028452616641487793,0.027588496123482353,0.0050020000000000004,0.00500002,0.0024683259999999999
rlc_r0.02_a1_t0.001_b400,1,0,3,0,732,894,163,3498,136,0.028452616641487793,0.027588496123482353,0.0050020000000000004,0.00500002,0.002456373
rlc_r0.02_a1_t0.001_b400,1,0,4,0,732,894,163,3498,136,0.028452616641487793,0.027588496123482353,0.0050020000000000004,0.00500002,0.0024992539999999998
rlc_r0.02_a1_t0.001_b400,1,0,5,0,732,894,163,3498,136,0.028452616641487793,0.027588496123482353,0.0050020000000000004,0.00500002,0.0024611920000000001
rlc_r0.02_a1_t0.001_b400,1,0,6,0,732,894,163,3498,136,0.028452616641487793,0.027588496123482353,0.0050020000000000004,0.00500002,0.0024876120000000002
rlc_r0.02_a1_t0.001_b400,1,0,7,0,732,894,163,3498,136,0.028452616641487793,0.027588496123482353,0.0050020000000000004,0.00500002,0.0024800379999999999
rlc_r0.02_a1_t0.001_b400,1,0,8,0,732,894,163,3498,136,0.028452616641487793,0.027588496123482353,0.0050020000000000004,0.00500002,0.0024561729999999999
rlc_r0.02_a1_t0.001_b400,1,0,9,0,732,894,163,3498,136,0.028452616641487793,0.027588496123482353,0.0050020000000000004,0.00500002,0.0024818209999999999
rlc_r0.02_a1_t0.001_b400,1,0,10,0,732,894,163,3498,136,0.028452616641487793,0.027588496123482353,0.0050020000000000004,0.00500002,0.0024999250000000001
rlc_r0.02_a1_t0.001_b400,1,1,0,1,6425,6440,16,20970,275,0.00025830810763238787,0.00025940944230407048,0.0050020000000000004,0.00500002,0.015334419
rlc_r0.02_a1_t0.001_b400,1,1,1,1,6425,6440,16,20970,275,0.00025830810763238787,0.00025940944230407048,0.0050020000000000004,0.00500002,0.015177562
rlc_r0.02_a1_t0.001_b400,1,1,2,1,6425,6440,16,20970,275,0.00025830810763238787,0.00025940944230407048,0.0050020000000000004,0.00500002,0.015250279
rlc_r0.02_a1_t0.001_b400,1,1,3,1,6425,6440,16,20970,275,0.00025830810763238787,0.00025940944230407048,0.0050020000000000004,0.00500002,0.015216575
rlc_r0.02_a1_t0.001_b400,1,1,4,1,6425,6440,16,20970,275,0.00025830810763238787,0.00025940944230407048,0.0050020000000000004,0.00500002,0.015214360999999999
rlc_r0.02_a1_t0.001_b400,1,1,5,1,6425,6440,16,20970,275,0.00025830810763238787,0.00025940944230407048,0.0050020000000000004,0.00500002,0.015218840000000001
rlc_r0.02_a1_t0.001_b400,1,1,6,1,6425,6440,16,20970,275,0.00025830810763238787,0.00025940944230407048,0.0050020000000000004,0.00500002,0.015157323
rlc_r0.02_a1_t0.001_b400,1,1,7,1,6425,6440,16,20970,275,0.00025830810763238787,0.00025940944230407048,0.0050020000000000004,0.00500002,0.015232104999999999
rlc_r0.02_a1_t0.001_b400,1,1,8,1,6425,6440,16,20970,275,0.00025830810763238787,0.00025940944230407048,0.0050020000000000004,0.00500002,0.015134129
rlc_r0.02_a1_t0.001_b400,1,1,9,1,6425,6440,16,20970,275,0.00025830810763238787,0.00025940944230407048,0.0050020000000000004,0.00500002,0.015094793
rlc_r0.02_a1_t0.001_b400,1,1,10,1,6425,6440,16,20970,275,0.00025830810763238787,0.00025940944230407048,0.0050020000000000004,0.00500002,0.015156271000000001
rlc_r0.02_a100_t0.001_b0,0,0,0,0,772,951,180,8559,951,2.8377755692319653,2.7523669609420125,0.50000199999999995,0.50000001999999999,0.0051063740000000003
rlc_r0.02_a100_t0.001_b0,0,0,1,0,772,951,180,8559,951,2.8377755692319653,2.7523669609420125,0.50000199999999995,0.50000001999999999,0.005046109
rlc_r0.02_a100_t0.001_b0,0,0,2,0,772,951,180,8559,951,2.8377755692319653,2.7523669609420125,0.50000199999999995,0.50000001999999999,0.005060457
rlc_r0.02_a100_t0.001_b0,0,0,3,0,772,951,180,8559,951,2.8377755692319653,2.7523669609420125,0.50000199999999995,0.50000001999999999,0.005085483
rlc_r0.02_a100_t0.001_b0,0,0,4,0,772,951,180,8559,951,2.8377755692319653,2.7523669609420125,0.50000199999999995,0.50000001999999999,0.0050678010000000002
rlc_r0.02_a100_t0.001_b0,0,0,5,0,772,951,180,8559,951,2.8377755692319653,2.7523669609420125,0.50000199999999995,0.50000001999999999,0.0050801529999999996
rlc_r0.02_a100_t0.001_b0,0,0,6,0,772,951,180,8559,951,2.8377755692319653,2.7523669609420125,0.50000199999999995,0.50000001999999999,0.0051097590000000002
rlc_r0.02_a100_t0.001_b0,0,0,7,0,772,951,180,8559,951,2.8377755692319653,2.7523669609420125,0.50000199999999995,0.50000001999999999,0.0050947309999999999
rlc_r0.02_a100_t0.001_b0,0,0,8,0,772,951,180,8559,951,2.8377755692319653,2.7523669609420125,0.50000199999999995,0.50000001999999999,0.0050673790000000003
rlc_r0.02_a100_t0.001_b0,0,0,9,0,772,951,180,8559,951,2.8377755692319653,2.7523669609420125,0.50000199999999995,0.50000001999999999,0.0050629409999999996
rlc_r0.02_a100_t0.001_b0,0,0,10,0,772,951,180,8559,951,2.8377755692319653,2.7523669609420125,0.50000199999999995,0.50000001999999999,0.0050997009999999999
rlc_r0.02_a100_t0.001_b0,0,1,0,1,6456,6471,16,58239,6471,0.025104005990954192,0.025267161008258654,0.50000199999999995,0.50000001999999999,0.034596093000000001
rlc_r0.02_a100_t0.001_b0,0,1,1,1,6456,6471,16,58239,6471,0.025104005990954192,0.025267161008258654,0.50000199999999995,0.50000001999999999,0.034481505000000003
rlc_r0.02_a100_t0.001_b0,0,1,2,1,6456,6471,16,58239,6471,0.025104005990954192,0.025267161008258654,0.50000199999999995,0.50000001999999999,0.034438642999999998
rlc_r0.02_a100_t0.001_b0,0,1,3,1,6456,6471,16,58239,6471,0.025104005990954192,0.025267161008258654,0.50000199999999995,0.50000001999999999,0.034427744000000003
rlc_r0.02_a100_t0.001_b0,0,1,4,1,6456,6471,16,58239,6471,0.025104005990954192,0.025267161008258654,0.50000199999999995,0.50000001999999999,0.034455917000000003
rlc_r0.02_a100_t0.001_b0,0,1,5,1,6456,6471,16,58239,6471,0.025104005990954192,0.025267161008258654,0.50000199999999995,0.50000001999999999,0.034412073000000001
rlc_r0.02_a100_t0.001_b0,0,1,6,1,6456,6471,16,58239,6471,0.025104005990954192,0.025267161008258654,0.50000199999999995,0.50000001999999999,0.034424837
rlc_r0.02_a100_t0.001_b0,0,1,7,1,6456,6471,16,58239,6471,0.025104005990954192,0.025267161008258654,0.50000199999999995,0.50000001999999999,0.034532101000000003
rlc_r0.02_a100_t0.001_b0,0,1,8,1,6456,6471,16,58239,6471,0.025104005990954192,0.025267161008258654,0.50000199999999995,0.50000001999999999,0.034695317000000003
rlc_r0.02_a100_t0.001_b0,0,1,9,1,6456,6471,16,58239,6471,0.025104005990954192,0.025267161008258654,0.50000199999999995,0.50000001999999999,0.033801934999999998
rlc_r0.02_a100_t0.001_b0,0,1,10,1,6456,6471,16,58239,6471,0.025104005990954192,0.025267161008258654,0.50000199999999995,0.50000001999999999,0.034007215
rlc_r0.02_a100_t0.001_b0,1,0,0,0,767,934,168,3654,142,2.8423129405239749,2.7563339353833598,0.50000199999999995,0.50000001999999999,0.0025671930000000002
rlc_r0.02_a100_t0.001_b0,1,0,1,0,767,934,168,3654,142,2.8423129405239749,2.7563339353833598,0.50000199999999995,0.50000001999999999,0.002537156
rlc_r0.02_a100_t0.001_b0,1,0,2,0,767,934,168,3654,142,2.8423129405239749,2.7563339353833598,0.50000199999999995,0.50000001999999999,0.0025296619999999998
rlc_r0.02_a100_t0.001_b0,1,0,3,0,767,934,168,3654,142,2.8423129405239749,2.7563339353833598,0.50000199999999995,0.50000001999999999,0.002559137
rlc_r0.02_a100_t0.001_b0,1,0,4,0,767,934,168,3654,142,2.8423129405239749,2.7563339353833598,0.50000199999999995,0.50000001999999999,0.00253382
rlc_r0.02_a100_t0.001_b0,1,0,5,0,767,934,168,3654,142,2.8423129405239749,2.7563339353833598,0.50000199999999995,0.50000001999999999,0.0025868610000000002
rlc_r0.02_a100_t0.001_b0,1,0,6,0,767,934,168,3654,142,2.8423129405239749,2.7563339353833598,0.50000199999999995,0.50000001999999999,0.0025472060000000002
rlc_r0.02_a100_t0.001_b0,1,0,7,0,767,934,168,3654,142,2.8423129405239749,2.7563339353833598,0.50000199999999995,0.50000001999999999,0.0025244920000000001
rlc_r0.02_a100_t0.001_b0,1,0,8,0,767,934,168,3654,142,2.8423129405239749,2.7563339353833598,0.50000199999999995,0.50000001999999999,0.0025233289999999999
rlc_r0.02_a100_t0.001_b0,1,0,9,0,767,934,168,3654,142,2.8423129405239749,2.7563339353833598,0.50000199999999995,0.50000001999999999,0.0025361139999999999
rlc_r0.02_a100_t0.001_b0,1,0,10,0,767,934,168,3654,142,2.8423129405239749,2.7563339353833598,0.50000199999999995,0.50000001999999999,0.0025284700000000001
rlc_r0.02_a100_t0.001_b0,1,1,0,1,6456,6471,16,21093,280,0.025074905334633968,0.025237904676487233,0.50000199999999995,0.50000001999999999,0.015053195
rlc_r0.02_a100_t0.001_b0,1,1,1,1,6456,6471,16,21093,280,0.025074905334633968,0.025237904676487233,0.50000199999999995,0.50000001999999999,0.015092329
rlc_r0.02_a100_t0.001_b0,1,1,2,1,6456,6471,16,21093,280,0.025074905334633968,0.025237904676487233,0.50000199999999995,0.50000001999999999,0.015027156
rlc_r0.02_a100_t0.001_b0,1,1,3,1,6456,6471,16,21093,280,0.025074905334633968,0.025237904676487233,0.50000199999999995,0.50000001999999999,0.015074255
rlc_r0.02_a100_t0.001_b0,1,1,4,1,6456,6471,16,21093,280,0.025074905334633968,0.025237904676487233,0.50000199999999995,0.50000001999999999,0.014885838
rlc_r0.02_a100_t0.001_b0,1,1,5,1,6456,6471,16,21093,280,0.025074905334633968,0.025237904676487233,0.50000199999999995,0.50000001999999999,0.014880658
rlc_r0.02_a100_t0.001_b0,1,1,6,1,6456,6471,16,21093,280,0.025074905334633968,0.025237904676487233,0.50000199999999995,0.50000001999999999,0.015022056000000001
rlc_r0.02_a100_t0.001_b0,1,1,7,1,6456,6471,16,21093,280,0.025074905334633968,0.025237904676487233,0.50000199999999995,0.50000001999999999,0.015045078999999999
rlc_r0.02_a100_t0.001_b0,1,1,8,1,6456,6471,16,21093,280,0.025074905334633968,0.025237904676487233,0.50000199999999995,0.50000001999999999,0.015072591999999999
rlc_r0.02_a100_t0.001_b0,1,1,9,1,6456,6471,16,21093,280,0.025074905334633968,0.025237904676487233,0.50000199999999995,0.50000001999999999,0.014891428999999999
rlc_r0.02_a100_t0.001_b0,1,1,10,1,6456,6471,16,21093,280,0.025074905334633968,0.025237904676487233,0.50000199999999995,0.50000001999999999,0.015144929
rlc_r0.5_a0.001_t9.9999999999999995e-07_b0,0,0,0,1,510,585,76,5265,585,2.5445575947047241e-06,2.514973392938962e-06,7.0000000000000007e-06,5.0200000000000002e-06,0.0031534559999999998
rlc_r0.5_a0.001_t9.9999999999999995e-07_b0,0,0,1,1,510,585,76,5265,585,2.5445575947047241e-06,2.514973392938962e-06,7.0000000000000007e-06,5.0200000000000002e-06,0.0030972389999999999
rlc_r0.5_a0.001_t9.9999999999999995e-07_b0,0,0,2,1,510,585,76,5265,585,2.5445575947047241e-06,2.514973392938962e-06,7.0000000000000007e-06,5.0200000000000002e-06,0.0030944639999999999
rlc_r0.5_a0.001_t9.9999999999999995e-07_b0,0,0,3,1,510,585,76,5265,585,2.5445575947047241e-06,2.514973392938962e-06,7.0000000000000007e-06,5.0200000000000002e-06,0.0031051249999999998
rlc_r0.5_a0.001_t9.9999999999999995e-07_b0,0,0,4,1,510,585,76,5265,585,2.5445575947047241e-06,2.514973392938962e-06,7.0000000000000007e-06,5.0200000000000002e-06,0.0030855769999999999
rlc_r0.5_a0.001_t9.9999999999999995e-07_b0,0,0,5,1,510,585,76,5265,585,2.5445575947047241e-06,2.514973392938962e-06,7.0000000000000007e-06,5.0200000000000002e-06,0.0031531049999999998
rlc_r0.5_a0.001_t9.9999999999999995e-07_b0,0,0,6,1,510,585,76,5265,585,2.5445575947047241e-06,2.514973392938962e-06,7.0000000000000007e-06,5.0200000000000002e-06,0.0030813699999999999
rlc_r0.5_a0.001_t9.9999999999999995e-07_b0,0,0,7,1,510,585,76,5265,585,2.5445575947047241e-06,2.514973392938962e-06,7.0000000000000007e-06,5.0200000000000002e-06,0.0030919189999999998
rlc_r0.5_a0.001_t9.9999999999999995e-07_b0,0,0,8,1,510,585,76,5265,585,2.5445575947047241e-06,2.514973392938962e-06,7.0000000000000007e-06,5.0200000000000002e-06,0.0030835929999999999
rlc_r0.5_a0.001_t9.9999999999999995e-07_b0,0,0,9,1,510,585,76,5265,585,2.5445575947047241e-06,2.514973392938962e-06,7.0000000000000007e-06,5.0200000000000002e-06,0.0031304520000000001
rlc_r0.5_a0.001_t9.9999999999999995e-07_b0,0,0,10,1,510,585,76,5265,585,2.5445575947047241e-06,2.514973392938962e-06,7.0000000000000007e-06,5.0200000000000002e-06,0.0031011770000000001
rlc_r0.5_a0.001_t9.9999999999999995e-07_b0,0,1,0,1,6423,6436,14,57924,6436,6.5732158049947031e-09,8.3995511032935056e-09,7.0000000000000007e-06,5.0200000000000002e-06,0.034353020999999997
rlc_r0.5_a0.001_t9.9999999999999995e-07_b0,0,1,1,1,6423,6436,14,57924,6436,6.5732158049947031e-09,8.3995511032935056e-09,7.0000000000000007e-06,5.0200000000000002e-06,0.034113688000000003
rlc_r0.5_a0.001_t9.9999999999999995e-07_b0,0,1,2,1,6423,6436,14,57924,6436,6.5732158049947031e-09,8.3995511032935056e-09,7.0000000000000007e-06,5.0200000000000002e-06,0.034070354999999997
rlc_r0.5_a0.001_t9.9999999999999995e-07_b0,0,1,3,1,6423,6436,14,57924,6436,6.5732158049947031e-09,8.3995511032935056e-09,7.0000000000000007e-06,5.0200000000000002e-06,0.034237551999999997
rlc_r0.5_a0.001_t9.9999999999999995e-07_b0,0,1,4,1,6423,6436,14,57924,6436,6.5732158049947031e-09,8.3995511032935056e-09,7.0000000000000007e-06,5.0200000000000002e-06,0.034164303
rlc_r0.5_a0.001_t9.9999999999999995e-07_b0,0,1,5,1,6423,6436,14,57924,6436,6.5732158049947031e-09,8.3995511032935056e-09,7.0000000000000007e-06,5.0200000000000002e-06,0.034247200999999998
rlc_r0.5_a0.001_t9.9999999999999995e-07_b0,0,1,6,1,6423,6436,14,57924,6436,6.5732158049947031e-09,8.3995511032935056e-09,7.0000000000000007e-06,5.0200000000000002e-06,0.034530829999999998
rlc_r0.5_a0.001_t9.9999999999999995e-07_b0,0,1,7,1,6423,6436,14,57924,6436,6.5732158049947031e-09,8.3995511032935056e-09,7.0000000000000007e-06,5.0200000000000002e-06,0.033696345000000003
rlc_r0.5_a0.001_t9.9999999999999995e-07_b0,0,1,8,1,6423,6436,14,57924,6436,6.5732158049947031e-09,8.3995511032935056e-09,7.0000000000000007e-06,5.0200000000000002e-06,0.033820981
rlc_r0.5_a0.001_t9.9999999999999995e-07_b0,0,1,9,1,6423,6436,14,57924,6436,6.5732158049947031e-09,8.3995511032935056e-09,7.0000000000000007e-06,5.0200000000000002e-06,0.033728998000000003
rlc_r0.5_a0.001_t9.9999999999999995e-07_b0,0,1,10,1,6423,6436,14,57924,6436,6.5732158049947031e-09,8.3995511032935056e-09,7.0000000000000007e-06,5.0200000000000002e-06,0.033715179999999997
rlc_r0.5_a0.001_t9.9999999999999995e-07_b0,1,0,0,1,517,595,79,2679,149,2.4660083572070838e-06,2.4749649670478672e-06,7.0000000000000007e-06,5.0200000000000002e-06,0.0018448519999999999
rlc_r0.5_a0.001_t9.9999999999999995e-07_b0,1,0,1,1,517,595,79,2679,149,2.4660083572070838e-06,2.4749649670478672e-06,7.0000000000000007e-06,5.0200000000000002e-06,0.0018425480000000001
rlc_r0.5_a0.001_t9.9999999999999995e-07_b0,1,0,2,1,517,595,79,2679,149,2.4660083572070838e-06,2.4749649670478672e-06,7.0000000000000007e-06,5.0200000000000002e-06,0.00181748
rlc_r0.5_a0.001_t9.9999999999999995e-07_b0,1,0,3,1,517,595,79,2679,149,2.4660083572070838e-06,2.4749649670478672e-06,7.0000000000000007e-06,5.0200000000000002e-06,0.00182266
rlc_r0.5_a0.001_t9.9999999999999995e-07_b0,1,0,4,1,517,595,79,2679,149,2.4660083572070838e-06,2.4749649670478672e-06,7.0000000000000007e-06,5.0200000000000002e-06,0.001805877
rlc_r0.5_a0.001_t9.9999999999999995e-07_b0,1,0,5,1,517,595,79,2679,149,2.4660083572070838e-06,2.4749649670478672e-06,7.0000000000000007e-06,5.0200000000000002e-06,0.0018018000000000001
rlc_r0.5_a0.001_t9.9999999999999995e-07_b0,1,0,6,1,517,595,79,2679,149,2.4660083572070838e-06,2.4749649670478672e-06,7.0000000000000007e-06,5.0200000000000002e-06,0.001871012
rlc_r0.5_a0.001_t9.9999999999999995e-07_b0,1,0,7,1,517,595,79,2679,149,2.4660083572070838e-06,2.4749649670478672e-06,7.0000000000000007e-06,5.0200000000000002e-06,0.0018180710000000001
rlc_r0.5_a0.001_t9.9999999999999995e-07_b0,1,0,8,1,517,595,79,2679,149,2.4660083572070838e-06,2.4749649670478672e-06,7.0000000000000007e-06,5.0200000000000002e-06,0.0018105969999999999
rlc_r0.5_a0.001_t9.9999999999999995e-07_b0,1,0,9,1,517,595,79,2679,149,2.4660083572070838e-06,2.4749649670478672e-06,7.0000000000000007e-06,5.0200000000000002e-06,0.0018509939999999999
rlc_r0.5_a0.001_t9.9999999999999995e-07_b0,1,0,10,1,517,595,79,2679,149,2.4660083572070838e-06,2.4749649670478672e-06,7.0000000000000007e-06,5.0200000000000002e-06,0.00179645
rlc_r0.5_a0.001_t9.9999999999999995e-07_b0,1,1,0,1,6423,6436,14,20952,274,6.5732158238598209e-09,8.3995511349793141e-09,7.0000000000000007e-06,5.0200000000000002e-06,0.014891579
rlc_r0.5_a0.001_t9.9999999999999995e-07_b0,1,1,1,1,6423,6436,14,20952,274,6.5732158238598209e-09,8.3995511349793141e-09,7.0000000000000007e-06,5.0200000000000002e-06,0.01492447
rlc_r0.5_a0.001_t9.9999999999999995e-07_b0,1,1,2,1,6423,6436,14,20952,274,6.5732158238598209e-09,8.3995511349793141e-09,7.0000000000000007e-06,5.0200000000000002e-06,0.014815925000000001
rlc_r0.5_a0.001_t9.9999999999999995e-07_b0,1,1,3,1,6423,6436,14,20952,274,6.5732158238598209e-09,8.3995511349793141e-09,7.0000000000000007e-06,5.0200000000000002e-06,0.014788363000000001
rlc_r0.5_a0.001_t9.9999999999999995e-07_b0,1,1,4,1,6423,6436,14,20952,274,6.5732158238598209e-09,8.3995511349793141e-09,7.0000000000000007e-06,5.0200000000000002e-06,0.014767092000000001
rlc_r0.5_a0.001_t9.9999999999999995e-07_b0,1,1,5,1,6423,6436,14,20952,274,6.5732158238598209e-09,8.3995511349793141e-09,7.0000000000000007e-06,5.0200000000000002e-06,0.014858325
rlc_r0.5_a0.001_t9.9999999999999995e-07_b0,1,1,6,1,6423,6436,14,20952,274,6.5732158238598209e-09,8.3995511349793141e-09,7.0000000000000007e-06,5.0200000000000002e-06,0.014818921000000001
rlc_r0.5_a0.001_t9.9999999999999995e-07_b0,1,1,7,1,6423,6436,14,20952,274,6.5732158238598209e-09,8.3995511349793141e-09,7.0000000000000007e-06,5.0200000000000002e-06,0.014705536
rlc_r0.5_a0.001_t9.9999999999999995e-07_b0,1,1,8,1,6423,6436,14,20952,274,6.5732158238598209e-09,8.3995511349793141e-09,7.0000000000000007e-06,5.0200000000000002e-06,0.014896217
rlc_r0.5_a0.001_t9.9999999999999995e-07_b0,1,1,9,1,6423,6436,14,20952,274,6.5732158238598209e-09,8.3995511349793141e-09,7.0000000000000007e-06,5.0200000000000002e-06,0.014726225000000001
rlc_r0.5_a0.001_t9.9999999999999995e-07_b0,1,1,10,1,6423,6436,14,20952,274,6.5732158238598209e-09,8.3995511349793141e-09,7.0000000000000007e-06,5.0200000000000002e-06,0.014726553999999999
rlc_r0.5_a1_t9.9999999999999995e-07_b0,0,0,0,1,652,799,148,7191,799,0.0019131658405742158,0.0020112964372204223,0.0050020000000000004,0.00500002,0.0041697849999999996
rlc_r0.5_a1_t9.9999999999999995e-07_b0,0,0,1,1,652,799,148,7191,799,0.0019131658405742158,0.0020112964372204223,0.0050020000000000004,0.00500002,0.0042540659999999999
rlc_r0.5_a1_t9.9999999999999995e-07_b0,0,0,2,1,652,799,148,7191,799,0.0019131658405742158,0.0020112964372204223,0.0050020000000000004,0.00500002,0.0041683120000000004
rlc_r0.5_a1_t9.9999999999999995e-07_b0,0,0,3,1,652,799,148,7191,799,0.0019131658405742158,0.0020112964372204223,0.0050020000000000004,0.00500002,0.0041611590000000002
rlc_r0.5_a1_t9.9999999999999995e-07_b0,0,0,4,1,652,799,148,7191,799,0.0019131658405742158,0.0020112964372204223,0.0050020000000000004,0.00500002,0.0041465720000000003
rlc_r0.5_a1_t9.9999999999999995e-07_b0,0,0,5,1,652,799,148,7191,799,0.0019131658405742158,0.0020112964372204223,0.0050020000000000004,0.00500002,0.0042086379999999998
rlc_r0.5_a1_t9.9999999999999995e-07_b0,0,0,6,1,652,799,148,7191,799,0.0019131658405742158,0.0020112964372204223,0.0050020000000000004,0.00500002,0.00416154
rlc_r0.5_a1_t9.9999999999999995e-07_b0,0,0,7,1,652,799,148,7191,799,0.0019131658405742158,0.0020112964372204223,0.0050020000000000004,0.00500002,0.0041798649999999996
rlc_r0.5_a1_t9.9999999999999995e-07_b0,0,0,8,1,652,799,148,7191,799,0.0019131658405742158,0.0020112964372204223,0.0050020000000000004,0.00500002,0.0041898129999999997
rlc_r0.5_a1_t9.9999999999999995e-07_b0,0,0,9,1,652,799,148,7191,799,0.0019131658405742158,0.0020112964372204223,0.0050020000000000004,0.00500002,0.0041544859999999998
rlc_r0.5_a1_t9.9999999999999995e-07_b0,0,0,10,1,652,799,148,7191,799,0.0019131658405742158,0.0020112964372204223,0.0050020000000000004,0.00500002,0.0041618810000000001
rlc_r0.5_a1_t9.9999999999999995e-07_b0,0,1,0,1,6437,6459,23,58131,6459,7.8486482432138516e-06,1.1318259463710678e-05,0.0050020000000000004,0.00500002,0.033880674999999999
rlc_r0.5_a1_t9.9999999999999995e-07_b0,0,1,1,1,6437,6459,23,58131,6459,7.8486482432138516e-06,1.1318259463710678e-05,0.0050020000000000004,0.00500002,0.033975143999999999
rlc_r0.5_a1_t9.9999999999999995e-07_b0,0,1,2,1,6437,6459,23,58131,6459,7.8486482432138516e-06,1.1318259463710678e-05,0.0050020000000000004,0.00500002,0.033796014999999999
rlc_r0.5_a1_t9.9999999999999995e-07_b0,0,1,3,1,6437,6459,23,58131,6459,7.8486482432138516e-06,1.1318259463710678e-05,0.0050020000000000004,0.00500002,0.033846348999999998
rlc_r0.5_a1_t9.9999999999999995e-07_b0,0,1,4,1,6437,6459,23,58131,6459,7.8486482432138516e-06,1.1318259463710678e-05,0.0050020000000000004,0.00500002,0.033888339000000003
rlc_r0.5_a1_t9.9999999999999995e-07_b0,0,1,5,1,6437,6459,23,58131,6459,7.8486482432138516e-06,1.1318259463710678e-05,0.0050020000000000004,0.00500002,0.033810462999999999
rlc_r0.5_a1_t9.9999999999999995e-07_b0,0,1,6,1,6437,6459,23,58131,6459,7.8486482432138516e-06,1.1318259463710678e-05,0.0050020000000000004,0.00500002,0.033846159000000001
rlc_r0.5_a1_t9.9999999999999995e-07_b0,0,1,7,1,6437,6459,23,58131,6459,7.8486482432138516e-06,1.1318259463710678e-05,0.0050020000000000004,0.00500002,0.033872307999999997
rlc_r0.5_a1_t9.9999999999999995e-07_b0,0,1,8,1,6437,6459,23,58131,6459,7.8486482432138516e-06,1.1318259463710678e-05,0.0050020000000000004,0.00500002,0.034000662000000001
rlc_r0.5_a1_t9.9999999999999995e-07_b0,0,1,9,1,6437,6459,23,58131,6459,7.8486482432138516e-06,1.1318259463710678e-05,0.0050020000000000004,0.00500002,0.033833015000000001
rlc_r0.5_a1_t9.9999999999999995e-07_b0,0,1,10,1,6437,6459,23,58131,6459,7.8486482432138516e-06,1.1318259463710678e-05,0.0050020000000000004,0.00500002,0.033856850000000001
rlc_r0.5_a1_t9.9999999999999995e-07_b0,1,0,0,1,656,796,141,3354,161,0.0018622244228603257,0.0019737302517635058,0.0050020000000000004,0.00500002,0.002297211
rlc_r0.5_a1_t9.9999999999999995e-07_b0,1,0,1,1,656,796,141,3354,161,0.0018622244228603257,0.0019737302517635058,0.0050020000000000004,0.00500002,0.0022776039999999999
rlc_r0.5_a1_t9.9999999999999995e-07_b0,1,0,2,1,656,796,141,3354,161,0.0018622244228603257,0.0019737302517635058,0.0050020000000000004,0.00500002,0.0023100149999999999
rlc_r0.5_a1_t9.9999999999999995e-07_b0,1,0,3,1,656,796,141,3354,161,0.0018622244228603257,0.0019737302517635058,0.0050020000000000004,0.00500002,0.0022992540000000001
rlc_r0.5_a1_t9.9999999999999995e-07_b0,1,0,4,1,656,796,141,3354,161,0.0018622244228603257,0.0019737302517635058,0.0050020000000000004,0.00500002,0.0022905180000000001
rlc_r0.5_a1_t9.9999999999999995e-07_b0,1,0,5,1,656,796,141,3354,161,0.0018622244228603257,0.0019737302517635058,0.0050020000000000004,0.00500002,0.0022656109999999998
rlc_r0.5_a1_t9.9999999999999995e-07_b0,1,0,6,1,656,796,141,3354,161,0.0018622244228603257,0.0019737302517635058,0.0050020000000000004,0.00500002,0.0022839959999999999
rlc_r0.5_a1_t9.9999999999999995e-07_b0,1,0,7,1,656,796,141,3354,161,0.0018622244228603257,0.0019737302517635058,0.0050020000000000004,0.00500002,0.0022851479999999999
rlc_r0.5_a1_t9.9999999999999995e-07_b0,1,0,8,1,656,796,141,3354,161,0.0018622244228603257,0.0019737302517635058,0.0050020000000000004,0.00500002,0.0022813099999999999
rlc_r0.5_a1_t9.9999999999999995e-07_b0,1,0,9,1,656,796,141,3354,161,0.0018622244228603257,0.0019737302517635058,0.0050020000000000004,0.00500002,0.0023225989999999998
rlc_r0.5_a1_t9.9999999999999995e-07_b0,1,0,10,1,656,796,141,3354,161,0.0018622244228603257,0.0019737302517635058,0.0050020000000000004,0.00500002,0.002276311
rlc_r0.5_a1_t9.9999999999999995e-07_b0,1,1,0,1,6436,6461,26,21153,295,8.3009751558060785e-06,1.0754204661150846e-05,0.0050020000000000004,0.00500002,0.014961360999999999
rlc_r0.5_a1_t9.9999999999999995e-07_b0,1,1,1,1,6436,6461,26,21153,295,8.3009751558060785e-06,1.0754204661150846e-05,0.0050020000000000004,0.00500002,0.01616225
rlc_r0.5_a1_t9.9999999999999995e-07_b0,1,1,2,1,6436,6461,26,21153,295,8.3009751558060785e-06,1.0754204661150846e-05,0.0050020000000000004,0.00500002,0.014988212000000001
rlc_r0.5_a1_t9.9999999999999995e-07_b0,1,1,3,1,6436,6461,26,21153,295,8.3009751558060785e-06,1.0754204661150846e-05,0.0050020000000000004,0.00500002,0.014923377999999999
rlc_r0.5_a1_t9.9999999999999995e-07_b0,1,1,4,1,6436,6461,26,21153,295,8.3009751558060785e-06,1.0754204661150846e-05,0.0050020000000000004,0.00500002,0.014953615999999999
rlc_r0.5_a1_t9.9999999999999995e-07_b0,1,1,5,1,6436,6461,26,21153,295,8.3009751558060785e-06,1.0754204661150846e-05,0.0050020000000000004,0.00500002,0.014987912000000001
rlc_r0.5_a1_t9.9999999999999995e-07_b0,1,1,6,1,6436,6461,26,21153,295,8.3009751558060785e-06,1.0754204661150846e-05,0.0050020000000000004,0.00500002,0.015001837000000001
rlc_r0.5_a1_t9.9999999999999995e-07_b0,1,1,7,1,6436,6461,26,21153,295,8.3009751558060785e-06,1.0754204661150846e-05,0.0050020000000000004,0.00500002,0.015251972000000001
rlc_r0.5_a1_t9.9999999999999995e-07_b0,1,1,8,1,6436,6461,26,21153,295,8.3009751558060785e-06,1.0754204661150846e-05,0.0050020000000000004,0.00500002,0.014810494
rlc_r0.5_a1_t9.9999999999999995e-07_b0,1,1,9,1,6436,6461,26,21153,295,8.3009751558060785e-06,1.0754204661150846e-05,0.0050020000000000004,0.00500002,0.014849729000000001
rlc_r0.5_a1_t9.9999999999999995e-07_b0,1,1,10,1,6436,6461,26,21153,295,8.3009751558060785e-06,1.0754204661150846e-05,0.0050020000000000004,0.00500002,0.014850491
rlc_r0.5_a1_t0.001_b400,0,0,0,1,652,799,148,7191,799,0.0019131662451883358,0.0020112969032872186,0.0050020000000000004,0.00500002,0.0041758070000000001
rlc_r0.5_a1_t0.001_b400,0,0,1,1,652,799,148,7191,799,0.0019131662451883358,0.0020112969032872186,0.0050020000000000004,0.00500002,0.0041608979999999997
rlc_r0.5_a1_t0.001_b400,0,0,2,1,652,799,148,7191,799,0.0019131662451883358,0.0020112969032872186,0.0050020000000000004,0.00500002,0.0042003140000000001
rlc_r0.5_a1_t0.001_b400,0,0,3,1,652,799,148,7191,799,0.0019131662451883358,0.0020112969032872186,0.0050020000000000004,0.00500002,0.0045337160000000001
rlc_r0.5_a1_t0.001_b400,0,0,4,1,652,799,148,7191,799,0.0019131662451883358,0.0020112969032872186,0.0050020000000000004,0.00500002,0.0041868180000000001
rlc_r0.5_a1_t0.001_b400,0,0,5,1,652,799,148,7191,799,0.0019131662451883358,0.0020112969032872186,0.0050020000000000004,0.00500002,0.0042110439999999997
rlc_r0.5_a1_t0.001_b400,0,0,6,1,652,799,148,7191,799,0.0019131662451883358,0.0020112969032872186,0.0050020000000000004,0.00500002,0.0042195189999999997
rlc_r0.5_a1_t0.001_b400,0,0,7,1,652,799,148,7191,799,0.0019131662451883358,0.0020112969032872186,0.0050020000000000004,0.00500002,0.0042239790000000001
rlc_r0.5_a1_t0.001_b400,0,0,8,1,652,799,148,7191,799,0.0019131662451883358,0.0020112969032872186,0.0050020000000000004,0.00500002,0.0041813070000000004
rlc_r0.5_a1_t0.001_b400,0,0,9,1,652,799,148,7191,799,0.0019131662451883358,0.0020112969032872186,0.0050020000000000004,0.00500002,0.0042272539999999997
rlc_r0.5_a1_t0.001_b400,0,0,10,1,652,799,148,7191,799,0.0019131662451883358,0.0020112969032872186,0.0050020000000000004,0.00500002,0.0042117750000000001
rlc_r0.5_a1_t0.001_b400,0,1,0,1,6437,6459,23,58131,6459,7.849031236295545e-06,1.13179986199613e-05,0.0050020000000000004,0.00500002,0.034092848000000002
rlc_r0.5_a1_t0.001_b400,0,1,1,1,6437,6459,23,58131,6459,7.849031236295545e-06,1.13179986199613e-05,0.0050020000000000004,0.00500002,0.033832514000000001
rlc_r0.5_a1_t0.001_b400,0,1,2,1,6437,6459,23,58131,6459,7.849031236295545e-06,1.13179986199613e-05,0.0050020000000000004,0.00500002,0.033599161000000002
rlc_r0.5_a1_t0.001_b400,0,1,3,1,6437,6459,23,58131,6459,7.849031236295545e-06,1.13179986199613e-05,0.0050020000000000004,0.00500002,0.033560175999999997
rlc_r0.5_a1_t0.001_b400,0,1,4,1,6437,6459,23,58131,6459,7.849031236295545e-06,1.13179986199613e-05,0.0050020000000000004,0.00500002,0.033775906000000001
rlc_r0.5_a1_t0.001_b400,0,1,5,1,6437,6459,23,58131,6459,7.849031236295545e-06,1.13179986199613e-05,0.0050020000000000004,0.00500002,0.033604691999999999
rlc_r0.5_a1_t0.001_b400,0,1,6,1,6437,6459,23,58131,6459,7.849031236295545e-06,1.13179986199613e-05,0.0050020000000000004,0.00500002,0.034723263999999997
rlc_r0.5_a1_t0.001_b400,0,1,7,1,6437,6459,23,58131,6459,7.849031236295545e-06,1.13179986199613e-05,0.0050020000000000004,0.00500002,0.035186783999999999
rlc_r0.5_a1_t0.001_b400,0,1,8,1,6437,6459,23,58131,6459,7.849031236295545e-06,1.13179986199613e-05,0.0050020000000000004,0.00500002,0.035457577999999997
rlc_r0.5_a1_t0.001_b400,0,1,9,1,6437,6459,23,58131,6459,7.849031236295545e-06,1.13179986199613e-05,0.0050020000000000004,0.00500002,0.033654465000000001
rlc_r0.5_a1_t0.001_b400,0,1,10,1,6437,6459,23,58131,6459,7.849031236295545e-06,1.13179986199613e-05,0.0050020000000000004,0.00500002,0.033629177000000003
rlc_r0.5_a1_t0.001_b400,1,0,0,1,656,796,141,3354,161,0.0018622248532409458,0.0019737306736781202,0.0050020000000000004,0.00500002,0.0023086220000000002
rlc_r0.5_a1_t0.001_b400,1,0,1,1,656,796,141,3354,161,0.0018622248532409458,0.0019737306736781202,0.0050020000000000004,0.00500002,0.002320735
rlc_r0.5_a1_t0.001_b400,1,0,2,1,656,796,141,3354,161,0.0018622248532409458,0.0019737306736781202,0.0050020000000000004,0.00500002,0.00226005
rlc_r0.5_a1_t0.001_b400,1,0,3,1,656,796,141,3354,161,0.0018622248532409458,0.0019737306736781202,0.0050020000000000004,0.00500002,0.0023238209999999998
rlc_r0.5_a1_t0.001_b400,1,0,4,1,656,796,141,3354,161,0.0018622248532409458,0.0019737306736781202,0.0050020000000000004,0.00500002,0.002269208
rlc_r0.5_a1_t0.001_b400,1,0,5,1,656,796,141,3354,161,0.0018622248532409458,0.0019737306736781202,0.0050020000000000004,0.00500002,0.002287463
rlc_r0.5_a1_t0.001_b400,1,0,6,1,656,796,141,3354,161,0.0018622248532409458,0.0019737306736781202,0.0050020000000000004,0.00500002,0.0023013589999999998
rlc_r0.5_a1_t0.001_b400,1,0,7,1,656,796,141,3354,161,0.0018622248532409458,0.0019737306736781202,0.0050020000000000004,0.00500002,0.002278455
rlc_r0.5_a1_t0.001_b400,1,0,8,1,656,796,141,3354,161,0.0018622248532409458,0.0019737306736781202,0.0050020000000000004,0.00500002,0.0022860689999999999
rlc_r0.5_a1_t0.001_b400,1,0,9,1,656,796,141,3354,161,0.0018622248532409458,0.0019737306736781202,0.0050020000000000004,0.00500002,0.0022752789999999998
rlc_r0.5_a1_t0.001_b400,1,0,10,1,656,796,141,3354,161,0.0018622248532409458,0.0019737306736781202,0.0050020000000000004,0.00500002,0.002293013
rlc_r0.5_a1_t0.001_b400,1,1,0,1,6436,6461,26,21153,295,8.3023910983914817e-06,1.0752476415493151e-05,0.0050020000000000004,0.00500002,0.01496069
rlc_r0.5_a1_t0.001_b400,1,1,1,1,6436,6461,26,21153,295,8.3023910983914817e-06,1.0752476415493151e-05,0.0050020000000000004,0.00500002,0.01496624
rlc_r0.5_a1_t0.001_b400,1,1,2,1,6436,6461,26,21153,295,8.3023910983914817e-06,1.0752476415493151e-05,0.0050020000000000004,0.00500002,0.014993731999999999
rlc_r0.5_a1_t0.001_b400,1,1,3,1,6436,6461,26,21153,295,8.3023910983914817e-06,1.0752476415493151e-05,0.0050020000000000004,0.00500002,0.015063534999999999
rlc_r0.5_a1_t0.001_b400,1,1,4,1,6436,6461,26,21153,295,8.3023910983914817e-06,1.0752476415493151e-05,0.0050020000000000004,0.00500002,0.015101386
rlc_r0.5_a1_t0.001_b400,1,1,5,1,6436,6461,26,21153,295,8.3023910983914817e-06,1.0752476415493151e-05,0.0050020000000000004,0.00500002,0.014989485
rlc_r0.5_a1_t0.001_b400,1,1,6,1,6436,6461,26,21153,295,8.3023910983914817e-06,1.0752476415493151e-05,0.0050020000000000004,0.00500002,0.015006276000000001
rlc_r0.5_a1_t0.001_b400,1,1,7,1,6436,6461,26,21153,295,8.3023910983914817e-06,1.0752476415493151e-05,0.0050020000000000004,0.00500002,0.015014230999999999
rlc_r0.5_a1_t0.001_b400,1,1,8,1,6436,6461,26,21153,295,8.3023910983914817e-06,1.0752476415493151e-05,0.0050020000000000004,0.00500002,0.014953325999999999
rlc_r0.5_a1_t0.001_b400,1,1,9,1,6436,6461,26,21153,295,8.3023910983914817e-06,1.0752476415493151e-05,0.0050020000000000004,0.00500002,0.014936303
rlc_r0.5_a1_t0.001_b400,1,1,10,1,6436,6461,26,21153,295,8.3023910983914817e-06,1.0752476415493151e-05,0.0050020000000000004,0.00500002,0.015093171000000001
rlc_r0.5_a100_t0.001_b0,0,0,0,1,686,826,141,7434,826,0.19115136872744642,0.20081774151415743,0.50000199999999995,0.50000001999999999,0.0043026369999999998
rlc_r0.5_a100_t0.001_b0,0,0,1,1,686,826,141,7434,826,0.19115136872744642,0.20081774151415743,0.50000199999999995,0.50000001999999999,0.0042950130000000003
rlc_r0.5_a100_t0.001_b0,0,0,2,1,686,826,141,7434,826,0.19115136872744642,0.20081774151415743,0.50000199999999995,0.50000001999999999,0.0043817980000000001
rlc_r0.5_a100_t0.001_b0,0,0,3,1,686,826,141,7434,826,0.19115136872744642,0.20081774151415743,0.50000199999999995,0.50000001999999999,0.0043149010000000003
rlc_r0.5_a100_t0.001_b0,0,0,4,1,686,826,141,7434,826,0.19115136872744642,0.20081774151415743,0.50000199999999995,0.50000001999999999,0.0043086189999999996
rlc_r0.5_a100_t0.001_b0,0,0,5,1,686,826,141,7434,826,0.19115136872744642,0.20081774151415743,0.50000199999999995,0.50000001999999999,0.0043395480000000004
rlc_r0.5_a100_t0.001_b0,0,0,6,1,686,826,141,7434,826,0.19115136872744642,0.20081774151415743,0.50000199999999995,0.50000001999999999,0.004323337
rlc_r0.5_a100_t0.001_b0,0,0,7,1,686,826,141,7434,826,0.19115136872744642,0.20081774151415743,0.50000199999999995,0.50000001999999999,0.0043033280000000004
rlc_r0.5_a100_t0.001_b0,0,0,8,1,686,826,141,7434,826,0.19115136872744642,0.20081774151415743,0.50000199999999995,0.50000001999999999,0.004297548
rlc_r0.5_a100_t0.001_b0,0,0,9,1,686,826,141,7434,826,0.19115136872744642,0.20081774151415743,0.50000199999999995,0.50000001999999999,0.0043346779999999998
rlc_r0.5_a100_t0.001_b0,0,0,10,1,686,826,141,7434,826,0.19115136872744642,0.20081774151415743,0.50000199999999995,0.50000001999999999,0.0043030990000000003
rlc_r0.5_a100_t0.001_b0,0,1,0,1,6471,6498,28,58482,6498,0.00081332637597597568,0.0010850427746689206,0.50000199999999995,0.50000001999999999,0.03390464
rlc_r0.5_a100_t0.001_b0,0,1,1,1,6471,6498,28,58482,6498,0.00081332637597597568,0.0010850427746689206,0.50000199999999995,0.50000001999999999,0.033833737000000003
rlc_r0.5_a100_t0.001_b0,0,1,2,1,6471,6498,28,58482,6498,0.00081332637597597568,0.0010850427746689206,0.50000199999999995,0.50000001999999999,0.033886305999999998
rlc_r0.5_a100_t0.001_b0,0,1,3,1,6471,6498,28,58482,6498,0.00081332637597597568,0.0010850427746689206,0.50000199999999995,0.50000001999999999,0.033757440999999999
rlc_r0.5_a100_t0.001_b0,0,1,4,1,6471,6498,28,58482,6498,0.00081332637597597568,0.0010850427746689206,0.50000199999999995,0.50000001999999999,0.033822425000000003
rlc_r0.5_a100_t0.001_b0,0,1,5,1,6471,6498,28,58482,6498,0.00081332637597597568,0.0010850427746689206,0.50000199999999995,0.50000001999999999,0.033923295999999999
rlc_r0.5_a100_t0.001_b0,0,1,6,1,6471,6498,28,58482,6498,0.00081332637597597568,0.0010850427746689206,0.50000199999999995,0.50000001999999999,0.033829817999999998
rlc_r0.5_a100_t0.001_b0,0,1,7,1,6471,6498,28,58482,6498,0.00081332637597597568,0.0010850427746689206,0.50000199999999995,0.50000001999999999,0.033828564999999998
rlc_r0.5_a100_t0.001_b0,0,1,8,1,6471,6498,28,58482,6498,0.00081332637597597568,0.0010850427746689206,0.50000199999999995,0.50000001999999999,0.034063622000000002
rlc_r0.5_a100_t0.001_b0,0,1,9,1,6471,6498,28,58482,6498,0.00081332637597597568,0.0010850427746689206,0.50000199999999995,0.50000001999999999,0.033795142
rlc_r0.5_a100_t0.001_b0,0,1,10,1,6471,6498,28,58482,6498,0.00081332637597597568,0.0010850427746689206,0.50000199999999995,0.50000001999999999,0.034215991000000001
rlc_r0.5_a100_t0.001_b0,1,0,0,1,687,835,149,3525,170,0.1863195414705956,0.19793981581020148,0.50000199999999995,0.50000001999999999,0.0023969299999999998
rlc_r0.5_a100_t0.001_b0,1,0,1,1,687,835,149,3525,170,0.1863195414705956,0.19793981581020148,0.50000199999999995,0.50000001999999999,0.0024104249999999999
rlc_r0.5_a100_t0.001_b0,1,0,2,1,687,835,149,3525,170,0.1863195414705956,0.19793981581020148,0.50000199999999995,0.50000001999999999,0.0024049760000000001
rlc_r0.5_a100_t0.001_b0,1,0,3,1,687,835,149,3525,170,0.1863195414705956,0.19793981581020148,0.50000199999999995,0.50000001999999999,0.0023723630000000002
rlc_r0.5_a100_t0.001_b0,1,0,4,1,687,835,149,3525,170,0.1863195414705956,0.19793981581020148,0.50000199999999995,0.50000001999999999,0.0024437090000000001
rlc_r0.5_a100_t0.001_b0,1,0,5,1,687,835,149,3525,170,0.1863195414705956,0.19793981581020148,0.50000199999999995,0.50000001999999999,0.0023919810000000001
rlc_r0.5_a100_t0.001_b0,1,0,6,1,687,835,149,3525,170,0.1863195414705956,0.19793981581020148,0.50000199999999995,0.50000001999999999,0.002385599
rlc_r0.5_a100_t0.001_b0,1,0,7,1,687,835,149,3525,170,0.1863195414705956,0.19793981581020148,0.50000199999999995,0.50000001999999999,0.00240749
rlc_r0.5_a100_t0.001_b0,1,0,8,1,687,835,149,3525,170,0.1863195414705956,0.19793981581020148,0.50000199999999995,0.50000001999999999,0.0024104249999999999
rlc_r0.5_a100_t0.001_b0,1,0,9,1,687,835,149,3525,170,0.1863195414705956,0.19793981581020148,0.50000199999999995,0.50000001999999999,0.002408262
rlc_r0.5_a100_t0.001_b0,1,0,10,1,687,835,149,3525,170,0.1863195414705956,0.19793981581020148,0.50000199999999995,0.50000001999999999,0.0024476070000000001
rlc_r0.5_a100_t0.001_b0,1,1,0,1,6469,6494,26,21270,298,0.00077644774584939569,0.0011350279761508375,0.50000199999999995,0.50000001999999999,0.015217347000000001
rlc_r0.5_a100_t0.001_b0,1,1,1,1,6469,6494,26,21270,298,0.00077644774584939569,0.0011350279761508375,0.50000199999999995,0.50000001999999999,0.015484304000000001
rlc_r0.5_a100_t0.001_b0,1,1,2,1,6469,6494,26,21270,298,0.00077644774584939569,0.0011350279761508375,0.50000199999999995,0.50000001999999999,0.015149598
rlc_r0.5_a100_t0.001_b0,1,1,3,1,6469,6494,26,21270,298,0.00077644774584939569,0.0011350279761508375,0.50000199999999995,0.50000001999999999,0.015158214999999999
rlc_r0.5_a100_t0.001_b0,1,1,4,1,6469,6494,26,21270,298,0.00077644774584939569,0.0011350279761508375,0.50000199999999995,0.50000001999999999,0.015113860999999999
rlc_r0.5_a100_t0.001_b0,1,1,5,1,6469,6494,26,21270,298,0.00077644774584939569,0.0011350279761508375,0.50000199999999995,0.50000001999999999,0.015138297
rlc_r0.5_a100_t0.001_b0,1,1,6,1,6469,6494,26,21270,298,0.00077644774584939569,0.0011350279761508375,0.50000199999999995,0.50000001999999999,0.014959366999999999
rlc_r0.5_a100_t0.001_b0,1,1,7,1,6469,6494,26,21270,298,0.00077644774584939569,0.0011350279761508375,0.50000199999999995,0.50000001999999999,0.015083111999999999
rlc_r0.5_a100_t0.001_b0,1,1,8,1,6469,6494,26,21270,298,0.00077644774584939569,0.0011350279761508375,0.50000199999999995,0.50000001999999999,0.015146031000000001
rlc_r0.5_a100_t0.001_b0,1,1,9,1,6469,6494,26,21270,298,0.00077644774584939569,0.0011350279761508375,0.50000199999999995,0.50000001999999999,0.015109222
rlc_r0.5_a100_t0.001_b0,1,1,10,1,6469,6494,26,21270,298,0.00077644774584939569,0.0011350279761508375,0.50000199999999995,0.50000001999999999,0.015062312
rlc_r20_a0.001_t9.9999999999999995e-07_b0,0,0,0,1,351,383,33,3447,383,5.2853037512973905e-09,2.143332307165749e-08,7.0000000000000007e-06,5.0200000000000002e-06,0.0020386290000000001
rlc_r20_a0.001_t9.9999999999999995e-07_b0,0,0,1,1,351,383,33,3447,383,5.2853037512973905e-09,2.143332307165749e-08,7.0000000000000007e-06,5.0200000000000002e-06,0.002034522
rlc_r20_a0.001_t9.9999999999999995e-07_b0,0,0,2,1,351,383,33,3447,383,5.2853037512973905e-09,2.143332307165749e-08,7.0000000000000007e-06,5.0200000000000002e-06,0.002028611
rlc_r20_a0.001_t9.9999999999999995e-07_b0,0,0,3,1,351,383,33,3447,383,5.2853037512973905e-09,2.143332307165749e-08,7.0000000000000007e-06,5.0200000000000002e-06,0.0020365159999999999
rlc_r20_a0.001_t9.9999999999999995e-07_b0,0,0,4,1,351,383,33,3447,383,5.2853037512973905e-09,2.143332307165749e-08,7.0000000000000007e-06,5.0200000000000002e-06,0.0020201849999999999
rlc_r20_a0.001_t9.9999999999999995e-07_b0,0,0,5,1,351,383,33,3447,383,5.2853037512973905e-09,2.143332307165749e-08,7.0000000000000007e-06,5.0200000000000002e-06,0.0020606819999999999
rlc_r20_a0.001_t9.9999999999999995e-07_b0,0,0,6,1,351,383,33,3447,383,5.2853037512973905e-09,2.143332307165749e-08,7.0000000000000007e-06,5.0200000000000002e-06,0.0020999959999999998
rlc_r20_a0.001_t9.9999999999999995e-07_b0,0,0,7,1,351,383,33,3447,383,5.2853037512973905e-09,2.143332307165749e-08,7.0000000000000007e-06,5.0200000000000002e-06,0.0020102449999999999
rlc_r20_a0.001_t9.9999999999999995e-07_b0,0,0,8,1,351,383,33,3447,383,5.2853037512973905e-09,2.143332307165749e-08,7.0000000000000007e-06,5.0200000000000002e-06,0.0020340520000000002
rlc_r20_a0.001_t9.9999999999999995e-07_b0,0,0,9,1,351,383,33,3447,383,5.2853037512973905e-09,2.143332307165749e-08,7.0000000000000007e-06,5.0200000000000002e-06,0.0020113990000000001
rlc_r20_a0.001_t9.9999999999999995e-07_b0,0,0,10,1,351,383,33,3447,383,5.2853037512973905e-09,2.143332307165749e-08,7.0000000000000007e-06,5.0200000000000002e-06,0.0020166590000000001
rlc_r20_a0.001_t9.9999999999999995e-07_b0,0,1,0,1,6432,6447,16,58023,6447,1.0380869599796623e-09,1.3817409304120958e-08,7.0000000000000007e-06,5.0200000000000002e-06,0.033445408000000003
rlc_r20_a0.001_t9.9999999999999995e-07_b0,0,1,1,1,6432,6447,16,58023,6447,1.0380869599796623e-09,1.3817409304120958e-08,7.0000000000000007e-06,5.0200000000000002e-06,0.033561558999999998
rlc_r20_a0.001_t9.9999999999999995e-07_b0,0,1,2,1,6432,6447,16,58023,6447,1.0380869599796623e-09,1.3817409304120958e-08,7.0000000000000007e-06,5.0200000000000002e-06,0.033569343000000001
rlc_r20_a0.001_t9.9999999999999995e-07_b0,0,1,3,1,6432,6447,16,58023,6447,1.0380869599796623e-09,1.3817409304120958e-08,7.0000000000000007e-06,5.0200000000000002e-06,0.033382799999999997
rlc_r20_a0.001_t9.9999999999999995e-07_b0,0,1,4,1,6432,6447,16,58023,6447,1.0380869599796623e-09,1.3817409304120958e-08,7.0000000000000007e-06,5.0200000000000002e-06,0.033413167000000001
rlc_r20_a0.001_t9.9999999999999995e-07_b0,0,1,5,1,6432,6447,16,58023,6447,1.0380869599796623e-09,1.3817409304120958e-08,7.0000000000000007e-06,5.0200000000000002e-06,0.033238125
rlc_r20_a0.001_t9.9999999999999995e-07_b0,0,1,6,1,6432,6447,16,58023,6447,1.0380869599796623e-09,1.3817409304120958e-08,7.0000000000000007e-06,5.0200000000000002e-06,0.033511052
rlc_r20_a0.001_t9.9999999999999995e-07_b0,0,1,7,1,6432,6447,16,58023,6447,1.0380869599796623e-09,1.3817409304120958e-08,7.0000000000000007e-06,5.0200000000000002e-06,0.033497816999999999
rlc_r20_a0.001_t9.9999999999999995e-07_b0,0,1,8,1,6432,6447,16,58023,6447,1.0380869599796623e-09,1.3817409304120958e-08,7.0000000000000007e-06,5.0200000000000002e-06,0.033523627
rlc_r20_a0.001_t9.9999999999999995e-07_b0,0,1,9,1,6432,6447,16,58023,6447,1.0380869599796623e-09,1.3817409304120958e-08,7.0000000000000007e-06,5.0200000000000002e-06,0.033246811000000001
rlc_r20_a0.001_t9.9999999999999995e-07_b0,0,1,10,1,6432,6447,16,58023,6447,1.0380869599796623e-09,1.3817409304120958e-08,7.0000000000000007e-06,5.0200000000000002e-06,0.033483830999999999
rlc_r20_a0.001_t9.9999999999999995e-07_b0,1,0,0,1,356,380,25,1554,69,1.3519737172991951e-08,1.839899384460848e-08,7.0000000000000007e-06,5.0200000000000002e-06,0.001059321
rlc_r20_a0.001_t9.9999999999999995e-07_b0,1,0,1,1,356,380,25,1554,69,1.3519737172991951e-08,1.839899384460848e-08,7.0000000000000007e-06,5.0200000000000002e-06,0.0010562950000000001
rlc_r20_a0.001_t9.9999999999999995e-07_b0,1,0,2,1,356,380,25,1554,69,1.3519737172991951e-08,1.839899384460848e-08,7.0000000000000007e-06,5.0200000000000002e-06,0.0010472680000000001
rlc_r20_a0.001_t9.9999999999999995e-07_b0,1,0,3,1,356,380,25,1554,69,1.3519737172991951e-08,1.839899384460848e-08,7.0000000000000007e-06,5.0200000000000002e-06,0.0010591509999999999
rlc_r20_a0.001_t9.9999999999999995e-07_b0,1,0,4,1,356,380,25,1554,69,1.3519737172991951e-08,1.839899384460848e-08,7.0000000000000007e-06,5.0200000000000002e-06,0.0010458150000000001
rlc_r20_a0.001_t9.9999999999999995e-07_b0,1,0,5,1,356,380,25,1554,69,1.3519737172991951e-08,1.839899384460848e-08,7.0000000000000007e-06,5.0200000000000002e-06,0.0010466060000000001
rlc_r20_a0.001_t9.9999999999999995e-07_b0,1,0,6,1,356,380,25,1554,69,1.3519737172991951e-08,1.839899384460848e-08,7.0000000000000007e-06,5.0200000000000002e-06,0.00103769
rlc_r20_a0.001_t9.9999999999999995e-07_b0,1,0,7,1,356,380,25,1554,69,1.3519737172991951e-08,1.839899384460848e-08,7.0000000000000007e-06,5.0200000000000002e-06,0.0010658830000000001
rlc_r20_a0.001_t9.9999999999999995e-07_b0,1,0,8,1,356,380,25,1554,69,1.3519737172991951e-08,1.839899384460848e-08,7.0000000000000007e-06,5.0200000000000002e-06,0.001081273
rlc_r20_a0.001_t9.9999999999999995e-07_b0,1,0,9,1,356,380,25,1554,69,1.3519737172991951e-08,1.839899384460848e-08,7.0000000000000007e-06,5.0200000000000002e-06,0.0010819040000000001
rlc_r20_a0.001_t9.9999999999999995e-07_b0,1,0,10,1,356,380,25,1554,69,1.3519737172991951e-08,1.839899384460848e-08,7.0000000000000007e-06,5.0200000000000002e-06,0.0010673760000000001
rlc_r20_a0.001_t9.9999999999999995e-07_b0,1,1,0,1,6434,6452,19,20892,256,1.7107013182871174e-09,1.3732024449853786e-08,7.0000000000000007e-06,5.0200000000000002e-06,0.014290267000000001
rlc_r20_a0.001_t9.9999999999999995e-07_b0,1,1,1,1,6434,6452,19,20892,256,1.7107013182871174e-09,1.3732024449853786e-08,7.0000000000000007e-06,5.0200000000000002e-06,0.014310705
rlc_r20_a0.001_t9.9999999999999995e-07_b0,1,1,2,1,6434,6452,19,20892,256,1.7107013182871174e-09,1.3732024449853786e-08,7.0000000000000007e-06,5.0200000000000002e-06,0.014312388000000001
rlc_r20_a0.001_t9.9999999999999995e-07_b0,1,1,3,1,6434,6452,19,20892,256,1.7107013182871174e-09,1.3732024449853786e-08,7.0000000000000007e-06,5.0200000000000002e-06,0.014291329
rlc_r20_a0.001_t9.9999999999999995e-07_b0,1,1,4,1,6434,6452,19,20892,256,1.7107013182871174e-09,1.3732024449853786e-08,7.0000000000000007e-06,5.0200000000000002e-06,0.014129711
rlc_r20_a0.001_t9.9999999999999995e-07_b0,1,1,5,1,6434,6452,19,20892,256,1.7107013182871174e-09,1.3732024449853786e-08,7.0000000000000007e-06,5.0200000000000002e-06,0.014173154
rlc_r20_a0.001_t9.9999999999999995e-07_b0,1,1,6,1,6434,6452,19,20892,256,1.7107013182871174e-09,1.3732024449853786e-08,7.0000000000000007e-06,5.0200000000000002e-06,0.014210485
rlc_r20_a0.001_t9.9999999999999995e-07_b0,1,1,7,1,6434,6452,19,20892,256,1.7107013182871174e-09,1.3732024449853786e-08,7.0000000000000007e-06,5.0200000000000002e-06,0.014375559
rlc_r20_a0.001_t9.9999999999999995e-07_b0,1,1,8,1,6434,6452,19,20892,256,1.7107013182871174e-09,1.3732024449853786e-08,7.0000000000000007e-06,5.0200000000000002e-06,0.014416828
rlc_r20_a0.001_t9.9999999999999995e-07_b0,1,1,9,1,6434,6452,19,20892,256,1.7107013182871174e-09,1.3732024449853786e-08,7.0000000000000007e-06,5.0200000000000002e-06,0.014184766999999999
rlc_r20_a0.001_t9.9999999999999995e-07_b0,1,1,10,1,6434,6452,19,20892,256,1.7107013182871174e-09,1.3732024449853786e-08,7.0000000000000007e-06,5.0200000000000002e-06,0.014188273
rlc_r20_a1_t9.9999999999999995e-07_b0,0,0,0,1,396,439,44,3951,439,4.1781825185216448e-06,1.9377624636982005e-05,0.0050020000000000004,0.00500002,0.0023268870000000001
rlc_r20_a1_t9.9999999999999995e-07_b0,0,0,1,1,396,439,44,3951,439,4.1781825185216448e-06,1.9377624636982005e-05,0.0050020000000000004,0.00500002,0.0023474469999999999
rlc_r20_a1_t9.9999999999999995e-07_b0,0,0,2,1,396,439,44,3951,439,4.1781825185216448e-06,1.9377624636982005e-05,0.0050020000000000004,0.00500002,0.0023325770000000002
rlc_r20_a1_t9.9999999999999995e-07_b0,0,0,3,1,396,439,44,3951,439,4.1781825185216448e-06,1.9377624636982005e-05,0.0050020000000000004,0.00500002,0.0023177789999999998
rlc_r20_a1_t9.9999999999999995e-07_b0,0,0,4,1,396,439,44,3951,439,4.1781825185216448e-06,1.9377624636982005e-05,0.0050020000000000004,0.00500002,0.0022954469999999999
rlc_r20_a1_t9.9999999999999995e-07_b0,0,0,5,1,396,439,44,3951,439,4.1781825185216448e-06,1.9377624636982005e-05,0.0050020000000000004,0.00500002,0.002321587
rlc_r20_a1_t9.9999999999999995e-07_b0,0,0,6,1,396,439,44,3951,439,4.1781825185216448e-06,1.9377624636982005e-05,0.0050020000000000004,0.00500002,0.0022970199999999999
rlc_r20_a1_t9.9999999999999995e-07_b0,0,0,7,1,396,439,44,3951,439,4.1781825185216448e-06,1.9377624636982005e-05,0.0050020000000000004,0.00500002,0.002319593
rlc_r20_a1_t9.9999999999999995e-07_b0,0,0,8,1,396,439,44,3951,439,4.1781825185216448e-06,1.9377624636982005e-05,0.0050020000000000004,0.00500002,0.0023015689999999998
rlc_r20_a1_t9.9999999999999995e-07_b0,0,0,9,1,396,439,44,3951,439,4.1781825185216448e-06,1.9377624636982005e-05,0.0050020000000000004,0.00500002,0.0023467750000000002
rlc_r20_a1_t9.9999999999999995e-07_b0,0,0,10,1,396,439,44,3951,439,4.1781825185216448e-06,1.9377624636982005e-05,0.0050020000000000004,0.00500002,0.0023141730000000001
rlc_r20_a1_t9.9999999999999995e-07_b0,0,1,0,1,6471,6498,28,58482,6498,1.5237812179824672e-06,1.4049855212125428e-05,0.0050020000000000004,0.00500002,0.033855427
rlc_r20_a1_t9.9999999999999995e-07_b0,0,1,1,1,6471,6498,28,58482,6498,1.5237812179824672e-06,1.4049855212125428e-05,0.0050020000000000004,0.00500002,0.033743333
rlc_r20_a1_t9.9999999999999995e-07_b0,0,1,2,1,6471,6498,28,58482,6498,1.5237812179824672e-06,1.4049855212125428e-05,0.0050020000000000004,0.00500002,0.033720689999999998
rlc_r20_a1_t9.9999999999999995e-07_b0,0,1,3,1,6471,6498,28,58482,6498,1.5237812179824672e-06,1.4049855212125428e-05,0.0050020000000000004,0.00500002,0.033720980999999997
rlc_r20_a1_t9.9999999999999995e-07_b0,0,1,4,1,6471,6498,28,58482,6498,1.5237812179824672e-06,1.4049855212125428e-05,0.0050020000000000004,0.00500002,0.033928154000000002
rlc_r20_a1_t9.9999999999999995e-07_b0,0,1,5,1,6471,6498,28,58482,6498,1.5237812179824672e-06,1.4049855212125428e-05,0.0050020000000000004,0.00500002,0.033620089999999998
rlc_r20_a1_t9.9999999999999995e-07_b0,0,1,6,1,6471,6498,28,58482,6498,1.5237812179824672e-06,1.4049855212125428e-05,0.0050020000000000004,0.00500002,0.033779061999999999
rlc_r20_a1_t9.9999999999999995e-07_b0,0,1,7,1,6471,6498,28,58482,6498,1.5237812179824672e-06,1.4049855212125428e-05,0.0050020000000000004,0.00500002,0.033646751000000003
rlc_r20_a1_t9.9999999999999995e-07_b0,0,1,8,1,6471,6498,28,58482,6498,1.5237812179824672e-06,1.4049855212125428e-05,0.0050020000000000004,0.00500002,0.033452567000000002
rlc_r20_a1_t9.9999999999999995e-07_b0,0,1,9,1,6471,6498,28,58482,6498,1.5237812179824672e-06,1.4049855212125428e-05,0.0050020000000000004,0.00500002,0.033263532999999998
rlc_r20_a1_t9.9999999999999995e-07_b0,0,1,10,1,6471,6498,28,58482,6498,1.5237812179824672e-06,1.4049855212125428e-05,0.0050020000000000004,0.00500002,0.033223586999999999
rlc_r20_a1_t9.9999999999999995e-07_b0,1,0,0,1,404,448,45,1854,85,9.3410699921192553e-06,1.7609918121358481e-05,0.0050020000000000004,0.00500002,0.001231759
rlc_r20_a1_t9.9999999999999995e-07_b0,1,0,1,1,404,448,45,1854,85,9.3410699921192553e-06,1.7609918121358481e-05,0.0050020000000000004,0.00500002,0.001235215
rlc_r20_a1_t9.9999999999999995e-07_b0,1,0,2,1,404,448,45,1854,85,9.3410699921192553e-06,1.7609918121358481e-05,0.0050020000000000004,0.00500002,0.001236217
rlc_r20_a1_t9.9999999999999995e-07_b0,1,0,3,1,404,448,45,1854,85,9.3410699921192553e-06,1.7609918121358481e-05,0.0050020000000000004,0.00500002,0.0012254659999999999
rlc_r20_a1_t9.9999999999999995e-07_b0,1,0,4,1,404,448,45,1854,85,9.3410699921192553e-06,1.7609918121358481e-05,0.0050020000000000004,0.00500002,0.0012114789999999999
rlc_r20_a1_t9.9999999999999995e-07_b0,1,0,5,1,404,448,45,1854,85,9.3410699921192553e-06,1.7609918121358481e-05,0.0050020000000000004,0.00500002,0.0012336820000000001
rlc_r20_a1_t9.9999999999999995e-07_b0,1,0,6,1,404,448,45,1854,85,9.3410699921192553e-06,1.7609918121358481e-05,0.0050020000000000004,0.00500002,0.0012470269999999999
rlc_r20_a1_t9.9999999999999995e-07_b0,1,0,7,1,404,448,45,1854,85,9.3410699921192553e-06,1.7609918121358481e-05,0.0050020000000000004,0.00500002,0.0012247250000000001
rlc_r20_a1_t9.9999999999999995e-07_b0,1,0,8,1,404,448,45,1854,85,9.3410699921192553e-06,1.7609918121358481e-05,0.0050020000000000004,0.00500002,0.00123799
rlc_r20_a1_t9.9999999999999995e-07_b0,1,0,9,1,404,448,45,1854,85,9.3410699921192553e-06,1.7609918121358481e-05,0.0050020000000000004,0.00500002,0.0012399030000000001
rlc_r20_a1_t9.9999999999999995e-07_b0,1,0,10,1,404,448,45,1854,85,9.3410699921192553e-06,1.7609918121358481e-05,0.0050020000000000004,0.00500002,0.001229464
rlc_r20_a1_t9.9999999999999995e-07_b0,1,1,0,1,6475,6510,36,21144,269,1.0920944396586307e-06,1.3965977378897765e-05,0.0050020000000000004,0.00500002,0.014379797
rlc_r20_a1_t9.9999999999999995e-07_b0,1,1,1,1,6475,6510,36,21144,269,1.0920944396586307e-06,1.3965977378897765e-05,0.0050020000000000004,0.00500002,0.014500885999999999
rlc_r20_a1_t9.9999999999999995e-07_b0,1,1,2,1,6475,6510,36,21144,269,1.0920944396586307e-06,1.3965977378897765e-05,0.0050020000000000004,0.00500002,0.014214352
rlc_r20_a1_t9.9999999999999995e-07_b0,1,1,3,1,6475,6510,36,21144,269,1.0920944396586307e-06,1.3965977378897765e-05,0.0050020000000000004,0.00500002,0.014353087
rlc_r20_a1_t9.9999999999999995e-07_b0,1,1,4,1,6475,6510,36,21144,269,1.0920944396586307e-06,1.3965977378897765e-05,0.0050020000000000004,0.00500002,0.014418139
rlc_r20_a1_t9.9999999999999995e-07_b0,1,1,5,1,6475,6510,36,21144,269,1.0920944396586307e-06,1.3965977378897765e-05,0.0050020000000000004,0.00500002,0.014332818000000001
rlc_r20_a1_t9.9999999999999995e-07_b0,1,1,6,1,6475,6510,36,21144,269,1.0920944396586307e-06,1.3965977378897765e-05,0.0050020000000000004,0.00500002,0.014328198
rlc_r20_a1_t9.9999999999999995e-07_b0,1,1,7,1,6475,6510,36,21144,269,1.0920944396586307e-06,1.3965977378897765e-05,0.0050020000000000004,0.00500002,0.014333579000000001
rlc_r20_a1_t9.9999999999999995e-07_b0,1,1,8,1,6475,6510,36,21144,269,1.0920944396586307e-06,1.3965977378897765e-05,0.0050020000000000004,0.00500002,0.014304083
rlc_r20_a1_t9.9999999999999995e-07_b0,1,1,9,1,6475,6510,36,21144,269,1.0920944396586307e-06,1.3965977378897765e-05,0.0050020000000000004,0.00500002,0.014352034
rlc_r20_a1_t9.9999999999999995e-07_b0,1,1,10,1,6475,6510,36,21144,269,1.0920944396586307e-06,1.3965977378897765e-05,0.0050020000000000004,0.00500002,0.014331936
rlc_r20_a1_t0.001_b400,0,0,0,1,396,439,44,3951,439,4.195185198341278e-06,1.9377089477454201e-05,0.0050020000000000004,0.00500002,0.0023294019999999999
rlc_r20_a1_t0.001_b400,0,0,1,1,396,439,44,3951,439,4.195185198341278e-06,1.9377089477454201e-05,0.0050020000000000004,0.00500002,0.0023000059999999998
rlc_r20_a1_t0.001_b400,0,0,2,1,396,439,44,3951,439,4.195185198341278e-06,1.9377089477454201e-05,0.0050020000000000004,0.00500002,0.0022714509999999999
rlc_r20_a1_t0.001_b400,0,0,3,1,396,439,44,3951,439,4.195185198341278e-06,1.9377089477454201e-05,0.0050020000000000004,0.00500002,0.0023135009999999999
rlc_r20_a1_t0.001_b400,0,0,4,1,396,439,44,3951,439,4.195185198341278e-06,1.9377089477454201e-05,0.0050020000000000004,0.00500002,0.0022727649999999999
rlc_r20_a1_t0.001_b400,0,0,5,1,396,439,44,3951,439,4.195185198341278e-06,1.9377089477454201e-05,0.0050020000000000004,0.00500002,0.0023063390000000001
rlc_r20_a1_t0.001_b400,0,0,6,1,396,439,44,3951,439,4.195185198341278e-06,1.9377089477454201e-05,0.0050020000000000004,0.00500002,0.0022889049999999999
rlc_r20_a1_t0.001_b400,0,0,7,1,396,439,44,3951,439,4.195185198341278e-06,1.9377089477454201e-05,0.0050020000000000004,0.00500002,0.002287252
rlc_r20_a1_t0.001_b400,0,0,8,1,396,439,44,3951,439,4.195185198341278e-06,1.9377089477454201e-05,0.0050020000000000004,0.00500002,0.0022708310000000001
rlc_r20_a1_t0.001_b400,0,0,9,1,396,439,44,3951,439,4.195185198341278e-06,1.9377089477454201e-05,0.0050020000000000004,0.00500002,0.0023231910000000001
rlc_r20_a1_t0.001_b400,0,0,10,1,396,439,44,3951,439,4.195185198341278e-06,1.9377089477454201e-05,0.0050020000000000004,0.00500002,0.0022791769999999999
rlc_r20_a1_t0.001_b400,0,1,0,1,6471,6498,28,58482,6498,1.5399297704221659e-06,1.4049447336086929e-05,0.0050020000000000004,0.00500002,0.03314073
rlc_r20_a1_t0.001_b400,0,1,1,1,6471,6498,28,58482,6498,1.5399297704221659e-06,1.4049447336086929e-05,0.0050020000000000004,0.00500002,0.033168202000000001
rlc_r20_a1_t0.001_b400,0,1,2,1,6471,6498,28,58482,6498,1.5399297704221659e-06,1.4049447336086929e-05,0.0050020000000000004,0.00500002,0.033097648
rlc_r20_a1_t0.001_b400,0,1,3,1,6471,6498,28,58482,6498,1.5399297704221659e-06,1.4049447336086929e-05,0.0050020000000000004,0.00500002,0.033187387999999998
rlc_r20_a1_t0.001_b400,0,1,4,1,6471,6498,28,58482,6498,1.5399297704221659e-06,1.4049447336086929e-05,0.0050020000000000004,0.00500002,0.033026893000000002
rlc_r20_a1_t0.001_b400,0,1,5,1,6471,6498,28,58482,6498,1.5399297704221659e-06,1.4049447336086929e-05,0.0050020000000000004,0.00500002,0.033042394000000003
rlc_r20_a1_t0.001_b400,0,1,6,1,6471,6498,28,58482,6498,1.5399297704221659e-06,1.4049447336086929e-05,0.0050020000000000004,0.00500002,0.033145177999999997
rlc_r20_a1_t0.001_b400,0,1,7,1,6471,6498,28,58482,6498,1.5399297704221659e-06,1.4049447336086929e-05,0.0050020000000000004,0.00500002,0.033069314000000002
rlc_r20_a1_t0.001_b400,0,1,8,1,6471,6498,28,58482,6498,1.5399297704221659e-06,1.4049447336086929e-05,0.0050020000000000004,0.00500002,0.032976017000000003
rlc_r20_a1_t0.001_b400,0,1,9,1,6471,6498,28,58482,6498,1.5399297704221659e-06,1.4049447336086929e-05,0.0050020000000000004,0.00500002,0.033006685000000001
rlc_r20_a1_t0.001_b400,0,1,10,1,6471,6498,28,58482,6498,1.5399297704221659e-06,1.4049447336086929e-05,0.0050020000000000004,0.00500002,0.033245269000000001
rlc_r20_a1_t0.001_b400,1,0,0,1,404,448,45,1854,85,9.3570839041490217e-06,1.7609513634497809e-05,0.0050020000000000004,0.00500002,0.001244893
rlc_r20_a1_t0.001_b400,1,0,1,1,404,448,45,1854,85,9.3570839041490217e-06,1.7609513634497809e-05,0.0050020000000000004,0.00500002,0.0012611639999999999
rlc_r20_a1_t0.001_b400,1,0,2,1,404,448,45,1854,85,9.3570839041490217e-06,1.7609513634497809e-05,0.0050020000000000004,0.00500002,0.001216359
rlc_r20_a1_t0.001_b400,1,0,3,1,404,448,45,1854,85,9.3570839041490217e-06,1.7609513634497809e-05,0.0050020000000000004,0.00500002,0.001215608
rlc_r20_a1_t0.001_b400,1,0,4,1,404,448,45,1854,85,9.3570839041490217e-06,1.7609513634497809e-05,0.0050020000000000004,0.00500002,0.0012414870000000001
rlc_r20_a1_t0.001_b400,1,0,5,1,404,448,45,1854,85,9.3570839041490217e-06,1.7609513634497809e-05,0.0050020000000000004,0.00500002,0.001245124
rlc_r20_a1_t0.001_b400,1,0,6,1,404,448,45,1854,85,9.3570839041490217e-06,1.7609513634497809e-05,0.0050020000000000004,0.00500002,0.0012670260000000001
rlc_r20_a1_t0.001_b400,1,0,7,1,404,448,45,1854,85,9.3570839041490217e-06,1.7609513634497809e-05,0.0050020000000000004,0.00500002,0.001252658
rlc_r20_a1_t0.001_b400,1,0,8,1,404,448,45,1854,85,9.3570839041490217e-06,1.7609513634497809e-05,0.0050020000000000004,0.00500002,0.0012519460000000001
rlc_r20_a1_t0.001_b400,1,0,9,1,404,448,45,1854,85,9.3570839041490217e-06,1.7609513634497809e-05,0.0050020000000000004,0.00500002,0.001234272
rlc_r20_a1_t0.001_b400,1,0,10,1,404,448,45,1854,85,9.3570839041490217e-06,1.7609513634497809e-05,0.0050020000000000004,0.00500002,0.0012365970000000001
rlc_r20_a1_t0.001_b400,1,1,0,1,6475,6510,36,21144,269,1.1082422981534279e-06,1.3965570706070407e-05,0.0050020000000000004,0.00500002,0.014313380000000001
rlc_r20_a1_t0.001_b400,1,1,1,1,6475,6510,36,21144,269,1.1082422981534279e-06,1.3965570706070407e-05,0.0050020000000000004,0.00500002,0.014376029
rlc_r20_a1_t0.001_b400,1,1,2,1,6475,6510,36,21144,269,1.1082422981534279e-06,1.3965570706070407e-05,0.0050020000000000004,0.00500002,0.014169898
rlc_r20_a1_t0.001_b400,1,1,3,1,6475,6510,36,21144,269,1.1082422981534279e-06,1.3965570706070407e-05,0.0050020000000000004,0.00500002,0.014364648000000001
rlc_r20_a1_t0.001_b400,1,1,4,1,6475,6510,36,21144,269,1.1082422981534279e-06,1.3965570706070407e-05,0.0050020000000000004,0.00500002,0.014353908
rlc_r20_a1_t0.001_b400,1,1,5,1,6475,6510,36,21144,269,1.1082422981534279e-06,1.3965570706070407e-05,0.0050020000000000004,0.00500002,0.014164978999999999
rlc_r20_a1_t0.001_b400,1,1,6,1,6475,6510,36,21144,269,1.1082422981534279e-06,1.3965570706070407e-05,0.0050020000000000004,0.00500002,0.014165861
rlc_r20_a1_t0.001_b400,1,1,7,1,6475,6510,36,21144,269,1.1082422981534279e-06,1.3965570706070407e-05,0.0050020000000000004,0.00500002,0.014343508
rlc_r20_a1_t0.001_b400,1,1,8,1,6475,6510,36,21144,269,1.1082422981534279e-06,1.3965570706070407e-05,0.0050020000000000004,0.00500002,0.014338718
rlc_r20_a1_t0.001_b400,1,1,9,1,6475,6510,36,21144,269,1.1082422981534279e-06,1.3965570706070407e-05,0.0050020000000000004,0.00500002,0.014234910999999999
rlc_r20_a1_t0.001_b400,1,1,10,1,6475,6510,36,21144,269,1.1082422981534279e-06,1.3965570706070407e-05,0.0050020000000000004,0.00500002,0.014306007000000001
rlc_r20_a100_t0.001_b0,0,0,0,1,413,461,49,4149,461,0.00060431306024355536,0.0019194391498551511,0.50000199999999995,0.50000001999999999,0.002445142
rlc_r20_a100_t0.001_b0,0,0,1,1,413,461,49,4149,461,0.00060431306024355536,0.0019194391498551511,0.50000199999999995,0.50000001999999999,0.002378916
rlc_r20_a100_t0.001_b0,0,0,2,1,413,461,49,4149,461,0.00060431306024355536,0.0019194391498551511,0.50000199999999995,0.50000001999999999,0.0024162469999999998
rlc_r20_a100_t0.001_b0,0,0,3,1,413,461,49,4149,461,0.00060431306024355536,0.0019194391498551511,0.50000199999999995,0.50000001999999999,0.0023818210000000001
rlc_r20_a100_t0.001_b0,0,0,4,1,413,461,49,4149,461,0.00060431306024355536,0.0019194391498551511,0.50000199999999995,0.50000001999999999,0.0024218170000000002
rlc_r20_a100_t0.001_b0,0,0,5,1,413,461,49,4149,461,0.00060431306024355536,0.0019194391498551511,0.50000199999999995,0.50000001999999999,0.002407139
rlc_r20_a100_t0.001_b0,0,0,6,1,413,461,49,4149,461,0.00060431306024355536,0.0019194391498551511,0.50000199999999995,0.50000001999999999,0.0024112970000000002
rlc_r20_a100_t0.001_b0,0,0,7,1,413,461,49,4149,461,0.00060431306024355536,0.0019194391498551511,0.50000199999999995,0.50000001999999999,0.0024211570000000002
rlc_r20_a100_t0.001_b0,0,0,8,1,413,461,49,4149,461,0.00060431306024355536,0.0019194391498551511,0.50000199999999995,0.50000001999999999,0.002379206
rlc_r20_a100_t0.001_b0,0,0,9,1,413,461,49,4149,461,0.00060431306024355536,0.0019194391498551511,0.50000199999999995,0.50000001999999999,0.0024013379999999998
rlc_r20_a100_t0.001_b0,0,0,10,1,413,461,49,4149,461,0.00060431306024355536,0.0019194391498551511,0.50000199999999995,0.50000001999999999,0.002385308
rlc_r20_a100_t0.001_b0,0,1,0,1,6487,6512,26,58608,6512,0.0001160779137450163,0.0014301156139318039,0.50000199999999995,0.50000001999999999,0.033308979000000002
rlc_r20_a100_t0.001_b0,0,1,1,1,6487,6512,26,58608,6512,0.0001160779137450163,0.0014301156139318039,0.50000199999999995,0.50000001999999999,0.033241741999999998
rlc_r20_a100_t0.001_b0,0,1,2,1,6487,6512,26,58608,6512,0.0001160779137450163,0.0014301156139318039,0.50000199999999995,0.50000001999999999,0.033217927000000001
rlc_r20_a100_t0.001_b0,0,1,3,1,6487,6512,26,58608,6512,0.0001160779137450163,0.0014301156139318039,0.50000199999999995,0.50000001999999999,0.033718605999999998
rlc_r20_a100_t0.001_b0,0,1,4,1,6487,6512,26,58608,6512,0.0001160779137450163,0.0014301156139318039,0.50000199999999995,0.50000001999999999,0.033808907999999999
rlc_r20_a100_t0.001_b0,0,1,5,1,6487,6512,26,58608,6512,0.0001160779137450163,0.0014301156139318039,0.50000199999999995,0.50000001999999999,0.034175323000000001
rlc_r20_a100_t0.001_b0,0,1,6,1,6487,6512,26,58608,6512,0.0001160779137450163,0.0014301156139318039,0.50000199999999995,0.50000001999999999,0.034194589999999997
rlc_r20_a100_t0.001_b0,0,1,7,1,6487,6512,26,58608,6512,0.0001160779137450163,0.0014301156139318039,0.50000199999999995,0.50000001999999999,0.033973370000000003
rlc_r20_a100_t0.001_b0,0,1,8,1,6487,6512,26,58608,6512,0.0001160779137450163,0.0014301156139318039,0.50000199999999995,0.50000001999999999,0.034110992
rlc_r20_a100_t0.001_b0,0,1,9,1,6487,6512,26,58608,6512,0.0001160779137450163,0.0014301156139318039,0.50000199999999995,0.50000001999999999,0.034011953999999997
rlc_r20_a100_t0.001_b0,0,1,10,1,6487,6512,26,58608,6512,0.0001160779137450163,0.0014301156139318039,0.50000199999999995,0.50000001999999999,0.034011402000000003
rlc_r20_a100_t0.001_b0,1,0,0,1,424,469,46,1953,91,0.00043172909376920643,0.0017499868037109678,0.50000199999999995,0.50000001999999999,0.0013672249999999999
rlc_r20_a100_t0.001_b0,1,0,1,1,424,469,46,1953,91,0.00043172909376920643,0.0017499868037109678,0.50000199999999995,0.50000001999999999,0.0013570660000000001
rlc_r20_a100_t0.001_b0,1,0,2,1,424,469,46,1953,91,0.00043172909376920643,0.0017499868037109678,0.50000199999999995,0.50000001999999999,0.0013436710000000001
rlc_r20_a100_t0.001_b0,1,0,3,1,424,469,46,1953,91,0.00043172909376920643,0.0017499868037109678,0.50000199999999995,0.50000001999999999,0.001340094
rlc_r20_a100_t0.001_b0,1,0,4,1,424,469,46,1953,91,0.00043172909376920643,0.0017499868037109678,0.50000199999999995,0.50000001999999999,0.001327731
rlc_r20_a100_t0.001_b0,1,0,5,1,424,469,46,1953,91,0.00043172909376920643,0.0017499868037109678,0.50000199999999995,0.50000001999999999,0.001366173
rlc_r20_a100_t0.001_b0,1,0,6,1,424,469,46,1953,91,0.00043172909376920643,0.0017499868037109678,0.50000199999999995,0.50000001999999999,0.0013401229999999999
rlc_r20_a100_t0.001_b0,1,0,7,1,424,469,46,1953,91,0.00043172909376920643,0.0017499868037109678,0.50000199999999995,0.50000001999999999,0.0013464550000000001
rlc_r20_a100_t0.001_b0,1,0,8,1,424,469,46,1953,91,0.00043172909376920643,0.0017499868037109678,0.50000199999999995,0.50000001999999999,0.0013534899999999999
rlc_r20_a100_t0.001_b0,1,0,9,1,424,469,46,1953,91,0.00043172909376920643,0.0017499868037109678,0.50000199999999995,0.50000001999999999,0.0013287220000000001
rlc_r20_a100_t0.001_b0,1,0,10,1,424,469,46,1953,91,0.00043172909376920643,0.0017499868037109678,0.50000199999999995,0.50000001999999999,0.0013413570000000001
rlc_r20_a100_t0.001_b0,1,1,0,1,6492,6527,36,21219,273,0.00011585889741638766,0.0013456258869739557,0.50000199999999995,0.50000001999999999,0.014695246
rlc_r20_a100_t0.001_b0,1,1,1,1,6492,6527,36,21219,273,0.00011585889741638766,0.0013456258869739557,0.50000199999999995,0.50000001999999999,0.014851191
rlc_r20_a100_t0.001_b0,1,1,2,1,6492,6527,36,21219,273,0.00011585889741638766,0.0013456258869739557,0.50000199999999995,0.50000001999999999,0.014783292999999999
rlc_r20_a100_t0.001_b0,1,1,3,1,6492,6527,36,21219,273,0.00011585889741638766,0.0013456258869739557,0.50000199999999995,0.50000001999999999,0.014666691000000001
rlc_r20_a100_t0.001_b0,1,1,4,1,6492,6527,36,21219,273,0.00011585889741638766,0.0013456258869739557,0.50000199999999995,0.50000001999999999,0.014737986999999999
rlc_r20_a100_t0.001_b0,1,1,5,1,6492,6527,36,21219,273,0.00011585889741638766,0.0013456258869739557,0.50000199999999995,0.50000001999999999,0.014803902000000001
rlc_r20_a100_t0.001_b0,1,1,6,1,6492,6527,36,21219,273,0.00011585889741638766,0.0013456258869739557,0.50000199999999995,0.50000001999999999,0.014809963000000001
rlc_r20_a100_t0.001_b0,1,1,7,1,6492,6527,36,21219,273,0.00011585889741638766,0.0013456258869739557,0.50000199999999995,0.50000001999999999,0.014828539
rlc_r20_a100_t0.001_b0,1,1,8,1,6492,6527,36,21219,273,0.00011585889741638766,0.0013456258869739557,0.50000199999999995,0.50000001999999999,0.014747595
rlc_r20_a100_t0.001_b0,1,1,9,1,6492,6527,36,21219,273,0.00011585889741638766,0.0013456258869739557,0.50000199999999995,0.50000001999999999,0.014754738
rlc_r20_a100_t0.001_b0,1,1,10,1,6492,6527,36,21219,273,0.00011585889741638766,0.0013456258869739557,0.50000199999999995,0.50000001999999999,0.014819081
nonlinear_charge_a0.001,0,0,0,0,144,169,26,1863,169,1.1255450172999662e-05,0,2.2000000000000001e-06,0,0.0010237029999999999
nonlinear_charge_a0.001,0,0,1,0,144,169,26,1863,169,1.1255450172999662e-05,0,2.2000000000000001e-06,0,0.001007092
nonlinear_charge_a0.001,0,0,2,0,144,169,26,1863,169,1.1255450172999662e-05,0,2.2000000000000001e-06,0,0.00097828600000000009
nonlinear_charge_a0.001,0,0,3,0,144,169,26,1863,169,1.1255450172999662e-05,0,2.2000000000000001e-06,0,0.00097779599999999996
nonlinear_charge_a0.001,0,0,4,0,144,169,26,1863,169,1.1255450172999662e-05,0,2.2000000000000001e-06,0,0.00099581999999999991
nonlinear_charge_a0.001,0,0,5,0,144,169,26,1863,169,1.1255450172999662e-05,0,2.2000000000000001e-06,0,0.00097878799999999997
nonlinear_charge_a0.001,0,0,6,0,144,169,26,1863,169,1.1255450172999662e-05,0,2.2000000000000001e-06,0,0.001030527
nonlinear_charge_a0.001,0,0,7,0,144,169,26,1863,169,1.1255450172999662e-05,0,2.2000000000000001e-06,0,0.000980601
nonlinear_charge_a0.001,0,0,8,0,144,169,26,1863,169,1.1255450172999662e-05,0,2.2000000000000001e-06,0,0.0010655129999999999
nonlinear_charge_a0.001,0,0,9,0,144,169,26,1863,169,1.1255450172999662e-05,0,2.2000000000000001e-06,0,0.00099216400000000002
nonlinear_charge_a0.001,0,0,10,0,144,169,26,1863,169,1.1255450172999662e-05,0,2.2000000000000001e-06,0,0.00100059
nonlinear_charge_a0.001,0,1,0,1,2568,2571,4,22216,2571,1.1550452727719408e-06,0,2.2000000000000001e-06,0,0.011504939
nonlinear_charge_a0.001,0,1,1,1,2568,2571,4,22216,2571,1.1550452727719408e-06,0,2.2000000000000001e-06,0,0.011606963
nonlinear_charge_a0.001,0,1,2,1,2568,2571,4,22216,2571,1.1550452727719408e-06,0,2.2000000000000001e-06,0,0.01166304
nonlinear_charge_a0.001,0,1,3,1,2568,2571,4,22216,2571,1.1550452727719408e-06,0,2.2000000000000001e-06,0,0.011619877000000001
nonlinear_charge_a0.001,0,1,4,1,2568,2571,4,22216,2571,1.1550452727719408e-06,0,2.2000000000000001e-06,0,0.011569882
nonlinear_charge_a0.001,0,1,5,1,2568,2571,4,22216,2571,1.1550452727719408e-06,0,2.2000000000000001e-06,0,0.011459123
nonlinear_charge_a0.001,0,1,6,1,2568,2571,4,22216,2571,1.1550452727719408e-06,0,2.2000000000000001e-06,0,0.011205852000000001
nonlinear_charge_a0.001,0,1,7,1,2568,2571,4,22216,2571,1.1550452727719408e-06,0,2.2000000000000001e-06,0,0.011203507
nonlinear_charge_a0.001,0,1,8,1,2568,2571,4,22216,2571,1.1550452727719408e-06,0,2.2000000000000001e-06,0,0.011257559
nonlinear_charge_a0.001,0,1,9,1,2568,2571,4,22216,2571,1.1550452727719408e-06,0,2.2000000000000001e-06,0,0.01123123
nonlinear_charge_a0.001,0,1,10,1,2568,2571,4,22216,2571,1.1550452727719408e-06,0,2.2000000000000001e-06,0,0.011227763
nonlinear_charge_a0.001,1,0,0,0,145,170,26,901,39,1.2470167178369575e-05,0,2.2000000000000001e-06,0,0.00053490500000000002
nonlinear_charge_a0.001,1,0,1,0,145,170,26,901,39,1.2470167178369575e-05,0,2.2000000000000001e-06,0,0.00051201199999999995
nonlinear_charge_a0.001,1,0,2,0,145,170,26,901,39,1.2470167178369575e-05,0,2.2000000000000001e-06,0,0.00048970999999999997
nonlinear_charge_a0.001,1,0,3,0,145,170,26,901,39,1.2470167178369575e-05,0,2.2000000000000001e-06,0,0.00048419899999999999
nonlinear_charge_a0.001,1,0,4,0,145,170,26,901,39,1.2470167178369575e-05,0,2.2000000000000001e-06,0,0.00050496899999999997
nonlinear_charge_a0.001,1,0,5,0,145,170,26,901,39,1.2470167178369575e-05,0,2.2000000000000001e-06,0,0.00051101
nonlinear_charge_a0.001,1,0,6,0,145,170,26,901,39,1.2470167178369575e-05,0,2.2000000000000001e-06,0,0.00049681300000000003
nonlinear_charge_a0.001,1,0,7,0,145,170,26,901,39,1.2470167178369575e-05,0,2.2000000000000001e-06,0,0.00050267400000000005
nonlinear_charge_a0.001,1,0,8,0,145,170,26,901,39,1.2470167178369575e-05,0,2.2000000000000001e-06,0,0.00053227099999999996
nonlinear_charge_a0.001,1,0,9,0,145,170,26,901,39,1.2470167178369575e-05,0,2.2000000000000001e-06,0,0.00051160099999999998
nonlinear_charge_a0.001,1,0,10,0,145,170,26,901,39,1.2470167178369575e-05,0,2.2000000000000001e-06,0,0.00048564099999999998
nonlinear_charge_a0.001,1,1,0,1,2568,2571,4,8239,110,1.1550452723200928e-06,0,2.2000000000000001e-06,0,0.0046777700000000004
nonlinear_charge_a0.001,1,1,1,1,2568,2571,4,8239,110,1.1550452723200928e-06,0,2.2000000000000001e-06,0,0.0047058839999999996
nonlinear_charge_a0.001,1,1,2,1,2568,2571,4,8239,110,1.1550452723200928e-06,0,2.2000000000000001e-06,0,0.0046910750000000003
nonlinear_charge_a0.001,1,1,3,1,2568,2571,4,8239,110,1.1550452723200928e-06,0,2.2000000000000001e-06,0,0.0047190979999999997
nonlinear_charge_a0.001,1,1,4,1,2568,2571,4,8239,110,1.1550452723200928e-06,0,2.2000000000000001e-06,0,0.0047122350000000004
nonlinear_charge_a0.001,1,1,5,1,2568,2571,4,8239,110,1.1550452723200928e-06,0,2.2000000000000001e-06,0,0.0047157320000000003
nonlinear_charge_a0.001,1,1,6,1,2568,2571,4,8239,110,1.1550452723200928e-06,0,2.2000000000000001e-06,0,0.0047417509999999998
nonlinear_charge_a0.001,1,1,7,1,2568,2571,4,8239,110,1.1550452723200928e-06,0,2.2000000000000001e-06,0,0.0046988300000000002
nonlinear_charge_a0.001,1,1,8,1,2568,2571,4,8239,110,1.1550452723200928e-06,0,2.2000000000000001e-06,0,0.0046867669999999997
nonlinear_charge_a0.001,1,1,9,1,2568,2571,4,8239,110,1.1550452723200928e-06,0,2.2000000000000001e-06,0,0.0047214520000000001
nonlinear_charge_a0.001,1,1,10,1,2568,2571,4,8239,110,1.1550452723200928e-06,0,2.2000000000000001e-06,0,0.0046928880000000001
nonlinear_charge_a1,0,0,0,0,195,246,52,2717,246,0.0043881161179644404,0,0.0020002000000000002,0,0.001451064
nonlinear_charge_a1,0,0,1,0,195,246,52,2717,246,0.0043881161179644404,0,0.0020002000000000002,0,0.001378537
nonlinear_charge_a1,0,0,2,0,195,246,52,2717,246,0.0043881161179644404,0,0.0020002000000000002,0,0.0013626669999999999
nonlinear_charge_a1,0,0,3,0,195,246,52,2717,246,0.0043881161179644404,0,0.0020002000000000002,0,0.0013865520000000001
nonlinear_charge_a1,0,0,4,0,195,246,52,2717,246,0.0043881161179644404,0,0.0020002000000000002,0,0.0014040859999999999
nonlinear_charge_a1,0,0,5,0,195,246,52,2717,246,0.0043881161179644404,0,0.0020002000000000002,0,0.0013645899999999999
nonlinear_charge_a1,0,0,6,0,195,246,52,2717,246,0.0043881161179644404,0,0.0020002000000000002,0,0.001381342
nonlinear_charge_a1,0,0,7,0,195,246,52,2717,246,0.0043881161179644404,0,0.0020002000000000002,0,0.0014265580000000001
nonlinear_charge_a1,0,0,8,0,195,246,52,2717,246,0.0043881161179644404,0,0.0020002000000000002,0,0.0013609640000000001
nonlinear_charge_a1,0,0,9,0,195,246,52,2717,246,0.0043881161179644404,0,0.0020002000000000002,0,0.001366985
nonlinear_charge_a1,0,0,10,0,195,246,52,2717,246,0.0043881161179644404,0,0.0020002000000000002,0,0.0013829650000000001
nonlinear_charge_a1,0,1,0,1,2587,2603,17,22726,2603,0.0012175812545471491,0,0.0020002000000000002,0,0.011527542999999999
nonlinear_charge_a1,0,1,1,1,2587,2603,17,22726,2603,0.0012175812545471491,0,0.0020002000000000002,0,0.011477578
nonlinear_charge_a1,0,1,2,1,2587,2603,17,22726,2603,0.0012175812545471491,0,0.0020002000000000002,0,0.011535676999999999
nonlinear_charge_a1,0,1,3,1,2587,2603,17,22726,2603,0.0012175812545471491,0,0.0020002000000000002,0,0.011480884
nonlinear_charge_a1,0,1,4,1,2587,2603,17,22726,2603,0.0012175812545471491,0,0.0020002000000000002,0,0.011466877
nonlinear_charge_a1,0,1,5,1,2587,2603,17,22726,2603,0.0012175812545471491,0,0.0020002000000000002,0,0.011501142000000001
nonlinear_charge_a1,0,1,6,1,2587,2603,17,22726,2603,0.0012175812545471491,0,0.0020002000000000002,0,0.011497254
nonlinear_charge_a1,0,1,7,1,2587,2603,17,22726,2603,0.0012175812545471491,0,0.0020002000000000002,0,0.011555084
nonlinear_charge_a1,0,1,8,1,2587,2603,17,22726,2603,0.0012175812545471491,0,0.0020002000000000002,0,0.011500912
nonlinear_charge_a1,0,1,9,1,2587,2603,17,22726,2603,0.0012175812545471491,0,0.0020002000000000002,0,0.011477848000000001
nonlinear_charge_a1,0,1,10,1,2587,2603,17,22726,2603,0.0012175812545471491,0,0.0020002000000000002,0,0.011489289
nonlinear_charge_a1,1,0,0,0,193,238,46,1267,58,0.0051675459275939521,0,0.0020002000000000002,0,0.00071392600000000004
nonlinear_charge_a1,1,0,1,0,193,238,46,1267,58,0.0051675459275939521,0,0.0020002000000000002,0,0.00070063000000000005
nonlinear_charge_a1,1,0,2,0,193,238,46,1267,58,0.0051675459275939521,0,0.0020002000000000002,0,0.00073304100000000003
nonlinear_charge_a1,1,0,3,0,193,238,46,1267,58,0.0051675459275939521,0,0.0020002000000000002,0,0.00070234300000000002
nonlinear_charge_a1,1,0,4,0,193,238,46,1267,58,0.0051675459275939521,0,0.0020002000000000002,0,0.00070013900000000001
nonlinear_charge_a1,1,0,5,0,193,238,46,1267,58,0.0051675459275939521,0,0.0020002000000000002,0,0.00071124999999999997
nonlinear_charge_a1,1,0,6,0,193,238,46,1267,58,0.0051675459275939521,0,0.0020002000000000002,0,0.00069737399999999995
nonlinear_charge_a1,1,0,7,0,193,238,46,1267,58,0.0051675459275939521,0,0.0020002000000000002,0,0.00072427500000000003
nonlinear_charge_a1,1,0,8,0,193,238,46,1267,58,0.0051675459275939521,0,0.0020002000000000002,0,0.00070133100000000002
nonlinear_charge_a1,1,0,9,0,193,238,46,1267,58,0.0051675459275939521,0,0.0020002000000000002,0,0.00067807800000000004
nonlinear_charge_a1,1,0,10,0,193,238,46,1267,58,0.0051675459275939521,0,0.0020002000000000002,0,0.00070660199999999997
nonlinear_charge_a1,1,1,0,1,2587,2603,17,8553,128,0.0012175764287995724,0,0.0020002000000000002,0,0.0048439950000000002
nonlinear_charge_a1,1,1,1,1,2587,2603,17,8553,128,0.0012175764287995724,0,0.0020002000000000002,0,0.0049040689999999996
nonlinear_charge_a1,1,1,2,1,2587,2603,17,8553,128,0.0012175764287995724,0,0.0020002000000000002,0,0.0048460380000000004
nonlinear_charge_a1,1,1,3,1,2587,2603,17,8553,128,0.0012175764287995724,0,0.0020002000000000002,0,0.0048629010000000002
nonlinear_charge_a1,1,1,4,1,2587,2603,17,8553,128,0.0012175764287995724,0,0.0020002000000000002,0,0.0048981670000000001
nonlinear_charge_a1,1,1,5,1,2587,2603,17,8553,128,0.0012175764287995724,0,0.0020002000000000002,0,0.0048681410000000003
nonlinear_charge_a1,1,1,6,1,2587,2603,17,8553,128,0.0012175764287995724,0,0.0020002000000000002,0,0.0048487640000000002
nonlinear_charge_a1,1,1,7,1,2587,2603,17,8553,128,0.0012175764287995724,0,0.0020002000000000002,0,0.0048963849999999996
nonlinear_charge_a1,1,1,8,1,2587,2603,17,8553,128,0.0012175764287995724,0,0.0020002000000000002,0,0.0048965750000000002
nonlinear_charge_a1,1,1,9,1,2587,2603,17,8553,128,0.0012175764287995724,0,0.0020002000000000002,0,0.0048677399999999997
nonlinear_charge_a1,1,1,10,1,2587,2603,17,8553,128,0.0012175764287995724,0,0.0020002000000000002,0,0.0048721290000000002
nonlinear_charge_a100,0,0,0,0,195,248,54,2734,248,0.65169252807812905,0,0.20000020000000002,0,0.0014055579999999999
nonlinear_charge_a100,0,0,1,0,195,248,54,2734,248,0.65169252807812905,0,0.20000020000000002,0,0.001412361
nonlinear_charge_a100,0,0,2,0,195,248,54,2734,248,0.65169252807812905,0,0.20000020000000002,0,0.0013875840000000001
nonlinear_charge_a100,0,0,3,0,195,248,54,2734,248,0.65169252807812905,0,0.20000020000000002,0,0.001370191
nonlinear_charge_a100,0,0,4,0,195,248,54,2734,248,0.65169252807812905,0,0.20000020000000002,0,0.001395709
nonlinear_charge_a100,0,0,5,0,195,248,54,2734,248,0.65169252807812905,0,0.20000020000000002,0,0.0013917720000000001
nonlinear_charge_a100,0,0,6,0,195,248,54,2734,248,0.65169252807812905,0,0.20000020000000002,0,0.0013895979999999999
nonlinear_charge_a100,0,0,7,0,195,248,54,2734,248,0.65169252807812905,0,0.20000020000000002,0,0.0014042760000000001
nonlinear_charge_a100,0,0,8,0,195,248,54,2734,248,0.65169252807812905,0,0.20000020000000002,0,0.001393916
nonlinear_charge_a100,0,0,9,0,195,248,54,2734,248,0.65169252807812905,0,0.20000020000000002,0,0.0014082330000000001
nonlinear_charge_a100,0,0,10,0,195,248,54,2734,248,0.65169252807812905,0,0.20000020000000002,0,0.0014112490000000001
nonlinear_charge_a100,0,1,0,1,2584,2599,16,22678,2599,0.12003338595854718,0,0.20000020000000002,0,0.011464112
nonlinear_charge_a100,0,1,1,1,2584,2599,16,22678,2599,0.12003338595854718,0,0.20000020000000002,0,0.011497465
nonlinear_charge_a100,0,1,2,1,2584,2599,16,22678,2599,0.12003338595854718,0,0.20000020000000002,0,0.0114842
nonlinear_charge_a100,0,1,3,1,2584,2599,16,22678,2599,0.12003338595854718,0,0.20000020000000002,0,0.011475243
nonlinear_charge_a100,0,1,4,1,2584,2599,16,22678,2599,0.12003338595854718,0,0.20000020000000002,0,0.011446298000000001
nonlinear_charge_a100,0,1,5,1,2584,2599,16,22678,2599,0.12003338595854718,0,0.20000020000000002,0,0.011475984999999999
nonlinear_charge_a100,0,1,6,1,2584,2599,16,22678,2599,0.12003338595854718,0,0.20000020000000002,0,0.011728283000000001
nonlinear_charge_a100,0,1,7,1,2584,2599,16,22678,2599,0.12003338595854718,0,0.20000020000000002,0,0.011461788000000001
nonlinear_charge_a100,0,1,8,1,2584,2599,16,22678,2599,0.12003338595854718,0,0.20000020000000002,0,0.011437701999999999
nonlinear_charge_a100,0,1,9,1,2584,2599,16,22678,2599,0.12003338595854718,0,0.20000020000000002,0,0.011488237
nonlinear_charge_a100,0,1,10,1,2584,2599,16,22678,2599,0.12003338595854718,0,0.20000020000000002,0,0.01147342
nonlinear_charge_a100,1,0,0,0,193,242,50,1290,60,0.52349729354772134,0,0.20000020000000002,0,0.00071912500000000004
nonlinear_charge_a100,1,0,1,0,193,242,50,1290,60,0.52349729354772134,0,0.20000020000000002,0,0.000694698
nonlinear_charge_a100,1,0,2,0,193,242,50,1290,60,0.52349729354772134,0,0.20000020000000002,0,0.00070847499999999997
nonlinear_charge_a100,1,0,3,0,193,242,50,1290,60,0.52349729354772134,0,0.20000020000000002,0,0.00071113999999999997
nonlinear_charge_a100,1,0,4,0,193,242,50,1290,60,0.52349729354772134,0,0.20000020000000002,0,0.00068917900000000005
nonlinear_charge_a100,1,0,5,0,193,242,50,1290,60,0.52349729354772134,0,0.20000020000000002,0,0.00073128899999999998
nonlinear_charge_a100,1,0,6,0,193,242,50,1290,60,0.52349729354772134,0,0.20000020000000002,0,0.00071716100000000001
nonlinear_charge_a100,1,0,7,0,193,242,50,1290,60,0.52349729354772134,0,0.20000020000000002,0,0.00069023999999999995
nonlinear_charge_a100,1,0,8,0,193,242,50,1290,60,0.52349729354772134,0,0.20000020000000002,0,0.00070779399999999998
nonlinear_charge_a100,1,0,9,0,193,242,50,1290,60,0.52349729354772134,0,0.20000020000000002,0,0.00071193099999999996
nonlinear_charge_a100,1,0,10,0,193,242,50,1290,60,0.52349729354772134,0,0.20000020000000002,0,0.00068899800000000002
nonlinear_charge_a100,1,1,0,1,2584,2599,16,8523,126,0.12003266868387155,0,0.20000020000000002,0,0.0049342860000000004
nonlinear_charge_a100,1,1,1,1,2584,2599,16,8523,126,0.12003266868387155,0,0.20000020000000002,0,0.0048523209999999997
nonlinear_charge_a100,1,1,2,1,2584,2599,16,8523,126,0.12003266868387155,0,0.20000020000000002,0,0.0048617390000000003
nonlinear_charge_a100,1,1,3,1,2584,2599,16,8523,126,0.12003266868387155,0,0.20000020000000002,0,0.0048436950000000003
nonlinear_charge_a100,1,1,4,1,2584,2599,16,8523,126,0.12003266868387155,0,0.20000020000000002,0,0.0049154589999999996
nonlinear_charge_a100,1,1,5,1,2584,2599,16,8523,126,0.12003266868387155,0,0.20000020000000002,0,0.0049275439999999998
nonlinear_charge_a100,1,1,6,1,2584,2599,16,8523,126,0.12003266868387155,0,0.20000020000000002,0,0.0049451269999999997
nonlinear_charge_a100,1,1,7,1,2584,2599,16,8523,126,0.12003266868387155,0,0.20000020000000002,0,0.0049730800000000004
nonlinear_charge_a100,1,1,8,1,2584,2599,16,8523,126,0.12003266868387155,0,0.20000020000000002,0,0.0049946799999999996
nonlinear_charge_a100,1,1,9,1,2584,2599,16,8523,126,0.12003266868387155,0,0.20000020000000002,0,0.0049896929999999999
nonlinear_charge_a100,1,1,10,1,2584,2599,16,8523,126,0.12003266868387155,0,0.20000020000000002,0,0.0049749440000000002
