case,policy,refinement,repetition,pass,points,attempts,rejects,solves,doubling,voltage_error,current_error,voltage_limit,current_limit,seconds
rc_a0.0001_t9.9999999999999995e-07_b0,0,0,0,0,123,136,14,1162,136,2.8672536370093156e-07,0,2.1999999999999998e-07,0,0.00070144100000000002
rc_a0.0001_t9.9999999999999995e-07_b0,0,0,1,0,123,136,14,1162,136,2.8672536370093156e-07,0,2.1999999999999998e-07,0,0.00059214399999999996
rc_a0.0001_t9.9999999999999995e-07_b0,0,0,2,0,123,136,14,1162,136,2.8672536370093156e-07,0,2.1999999999999998e-07,0,0.00058844699999999997
rc_a0.0001_t9.9999999999999995e-07_b0,0,0,3,0,123,136,14,1162,136,2.8672536370093156e-07,0,2.1999999999999998e-07,0,0.00061225199999999998
rc_a0.0001_t9.9999999999999995e-07_b0,0,0,4,0,123,136,14,1162,136,2.8672536370093156e-07,0,2.1999999999999998e-07,0,0.00060440799999999996
rc_a0.0001_t9.9999999999999995e-07_b0,0,0,5,0,123,136,14,1162,136,2.8672536370093156e-07,0,2.1999999999999998e-07,0,0.00058637299999999995
rc_a0.0001_t9.9999999999999995e-07_b0,0,0,6,0,123,136,14,1162,136,2.8672536370093156e-07,0,2.1999999999999998e-07,0,0.00056622499999999995
rc_a0.0001_t9.9999999999999995e-07_b0,0,0,7,0,123,136,14,1162,136,2.8672536370093156e-07,0,2.1999999999999998e-07,0,0.00057909900000000002
rc_a0.0001_t9.9999999999999995e-07_b0,0,0,8,0,123,136,14,1162,136,2.8672536370093156e-07,0,2.1999999999999998e-07,0,0.00060403599999999996
rc_a0.0001_t9.9999999999999995e-07_b0,0,0,9,0,123,136,14,1162,136,2.8672536370093156e-07,0,2.1999999999999998e-07,0,0.00060064999999999999
rc_a0.0001_t9.9999999999999995e-07_b0,0,0,10,0,123,136,14,1162,136,2.8672536370093156e-07,0,2.1999999999999998e-07,0,0.00058869700000000001
rc_a0.0001_t9.9999999999999995e-07_b0,0,1,0,1,2564,2564,1,19526,2564,1.289995376068401e-07,0,2.1999999999999998e-07,0,0.0098390170000000002
rc_a0.0001_t9.9999999999999995e-07_b0,0,1,1,1,2564,2564,1,19526,2564,1.289995376068401e-07,0,2.1999999999999998e-07,0,0.010966386999999999
rc_a0.0001_t9.9999999999999995e-07_b0,0,1,2,1,2564,2564,1,19526,2564,1.289995376068401e-07,0,2.1999999999999998e-07,0,0.0096419729999999999
rc_a0.0001_t9.9999999999999995e-07_b0,0,1,3,1,2564,2564,1,19526,2564,1.289995376068401e-07,0,2.1999999999999998e-07,0,0.0097149209999999996
rc_a0.0001_t9.9999999999999995e-07_b0,0,1,4,1,2564,2564,1,19526,2564,1.289995376068401e-07,0,2.1999999999999998e-07,0,0.009742835
rc_a0.0001_t9.9999999999999995e-07_b0,0,1,5,1,2564,2564,1,19526,2564,1.289995376068401e-07,0,2.1999999999999998e-07,0,0.0096976990000000006
rc_a0.0001_t9.9999999999999995e-07_b0,0,1,6,1,2564,2564,1,19526,2564,1.289995376068401e-07,0,2.1999999999999998e-07,0,0.0096799750000000004
rc_a0.0001_t9.9999999999999995e-07_b0,0,1,7,1,2564,2564,1,19526,2564,1.289995376068401e-07,0,2.1999999999999998e-07,0,0.0096691840000000008
rc_a0.0001_t9.9999999999999995e-07_b0,0,1,8,1,2564,2564,1,19526,2564,1.289995376068401e-07,0,2.1999999999999998e-07,0,0.0097070769999999997
rc_a0.0001_t9.9999999999999995e-07_b0,0,1,9,1,2564,2564,1,19526,2564,1.289995376068401e-07,0,2.1999999999999998e-07,0,0.0096714590000000003
rc_a0.0001_t9.9999999999999995e-07_b0,0,1,10,1,2564,2564,1,19526,2564,1.289995376068401e-07,0,2.1999999999999998e-07,0,0.0096994019999999993
rc_a0.0001_t9.9999999999999995e-07_b0,1,0,0,0,125,138,14,652,44,2.6922822675205557e-07,0,2.1999999999999998e-07,0,0.000394449
rc_a0.0001_t9.9999999999999995e-07_b0,1,0,1,0,125,138,14,652,44,2.6922822675205557e-07,0,2.1999999999999998e-07,0,0.000367738
rc_a0.0001_t9.9999999999999995e-07_b0,1,0,2,0,125,138,14,652,44,2.6922822675205557e-07,0,2.1999999999999998e-07,0,0.00036525300000000001
rc_a0.0001_t9.9999999999999995e-07_b0,1,0,3,0,125,138,14,652,44,2.6922822675205557e-07,0,2.1999999999999998e-07,0,0.00036820899999999998
rc_a0.0001_t9.9999999999999995e-07_b0,1,0,4,0,125,138,14,652,44,2.6922822675205557e-07,0,2.1999999999999998e-07,0,0.00034683799999999997
rc_a0.0001_t9.9999999999999995e-07_b0,1,0,5,0,125,138,14,652,44,2.6922822675205557e-07,0,2.1999999999999998e-07,0,0.00036334900000000001
rc_a0.0001_t9.9999999999999995e-07_b0,1,0,6,0,125,138,14,652,44,2.6922822675205557e-07,0,2.1999999999999998e-07,0,0.00037289799999999998
rc_a0.0001_t9.9999999999999995e-07_b0,1,0,7,0,125,138,14,652,44,2.6922822675205557e-07,0,2.1999999999999998e-07,0,0.00035165700000000001
rc_a0.0001_t9.9999999999999995e-07_b0,1,0,8,0,125,138,14,652,44,2.6922822675205557e-07,0,2.1999999999999998e-07,0,0.00035654700000000003
rc_a0.0001_t9.9999999999999995e-07_b0,1,0,9,0,125,138,14,652,44,2.6922822675205557e-07,0,2.1999999999999998e-07,0,0.00034488500000000002
rc_a0.0001_t9.9999999999999995e-07_b0,1,0,10,0,125,138,14,652,44,2.6922822675205557e-07,0,2.1999999999999998e-07,0,0.00034358199999999999
rc_a0.0001_t9.9999999999999995e-07_b0,1,1,0,1,2564,2564,1,7130,102,1.2899953760707049e-07,0,2.1999999999999998e-07,0,0.0040512910000000003
rc_a0.0001_t9.9999999999999995e-07_b0,1,1,1,1,2564,2564,1,7130,102,1.2899953760707049e-07,0,2.1999999999999998e-07,0,0.0040793740000000002
rc_a0.0001_t9.9999999999999995e-07_b0,1,1,2,1,2564,2564,1,7130,102,1.2899953760707049e-07,0,2.1999999999999998e-07,0,0.0040442070000000002
rc_a0.0001_t9.9999999999999995e-07_b0,1,1,3,1,2564,2564,1,7130,102,1.2899953760707049e-07,0,2.1999999999999998e-07,0,0.0040365920000000003
rc_a0.0001_t9.9999999999999995e-07_b0,1,1,4,1,2564,2564,1,7130,102,1.2899953760707049e-07,0,2.1999999999999998e-07,0,0.0040498280000000001
rc_a0.0001_t9.9999999999999995e-07_b0,1,1,5,1,2564,2564,1,7130,102,1.2899953760707049e-07,0,2.1999999999999998e-07,0,0.004055889
rc_a0.0001_t9.9999999999999995e-07_b0,1,1,6,1,2564,2564,1,7130,102,1.2899953760707049e-07,0,2.1999999999999998e-07,0,0.0040430240000000001
rc_a0.0001_t9.9999999999999995e-07_b0,1,1,7,1,2564,2564,1,7130,102,1.2899953760707049e-07,0,2.1999999999999998e-07,0,0.0040306819999999998
rc_a0.0001_t9.9999999999999995e-07_b0,1,1,8,1,2564,2564,1,7130,102,1.2899953760707049e-07,0,2.1999999999999998e-07,0,0.0040617099999999996
rc_a0.0001_t9.9999999999999995e-07_b0,1,1,9,1,2564,2564,1,7130,102,1.2899953760707049e-07,0,2.1999999999999998e-07,0,0.0040790729999999999
rc_a0.0001_t9.9999999999999995e-07_b0,1,1,10,1,2564,2564,1,7130,102,1.2899953760707049e-07,0,2.1999999999999998e-07,0,0.0040553380000000003
rc_a0.0001_t9.9999999999999995e-07_b400,0,0,0,0,123,136,14,1162,136,2.8712489153815725e-07,0,2.1999999999999998e-07,0,0.00059166299999999998
rc_a0.0001_t9.9999999999999995e-07_b400,0,0,1,0,123,136,14,1162,136,2.8712489153815725e-07,0,2.1999999999999998e-07,0,0.00056536300000000004
rc_a0.0001_t9.9999999999999995e-07_b400,0,0,2,0,123,136,14,1162,136,2.8712489153815725e-07,0,2.1999999999999998e-07,0,0.00058024200000000002
rc_a0.0001_t9.9999999999999995e-07_b400,0,0,3,0,123,136,14,1162,136,2.8712489153815725e-07,0,2.1999999999999998e-07,0,0.00059824599999999998
rc_a0.0001_t9.9999999999999995e-07_b400,0,0,4,0,123,136,14,1162,136,2.8712489153815725e-07,0,2.1999999999999998e-07,0,0.00058179499999999997
rc_a0.0001_t9.9999999999999995e-07_b400,0,0,5,0,123,136,14,1162,136,2.8712489153815725e-07,0,2.1999999999999998e-07,0,0.00060068999999999997
rc_a0.0001_t9.9999999999999995e-07_b400,0,0,6,0,123,136,14,1162,136,2.8712489153815725e-07,0,2.1999999999999998e-07,0,0.00059265499999999998
rc_a0.0001_t9.9999999999999995e-07_b400,0,0,7,0,123,136,14,1162,136,2.8712489153815725e-07,0,2.1999999999999998e-07,0,0.00056445099999999999
rc_a0.0001_t9.9999999999999995e-07_b400,0,0,8,0,123,136,14,1162,136,2.8712489153815725e-07,0,2.1999999999999998e-07,0,0.00056290799999999998
rc_a0.0001_t9.9999999999999995e-07_b400,0,0,9,0,123,136,14,1162,136,2.8712489153815725e-07,0,2.1999999999999998e-07,0,0.00058476000000000003
rc_a0.0001_t9.9999999999999995e-07_b400,0,0,10,0,123,136,14,1162,136,2.8712489153815725e-07,0,2.1999999999999998e-07,0,0.00059322599999999997
rc_a0.0001_t9.9999999999999995e-07_b400,0,1,0,1,2564,2564,1,19526,2564,1.2939741978474219e-07,0,2.1999999999999998e-07,0,0.0095751770000000007
rc_a0.0001_t9.9999999999999995e-07_b400,0,1,1,1,2564,2564,1,19526,2564,1.2939741978474219e-07,0,2.1999999999999998e-07,0,0.009686287
rc_a0.0001_t9.9999999999999995e-07_b400,0,1,2,1,2564,2564,1,19526,2564,1.2939741978474219e-07,0,2.1999999999999998e-07,0,0.0096272749999999994
rc_a0.0001_t9.9999999999999995e-07_b400,0,1,3,1,2564,2564,1,19526,2564,1.2939741978474219e-07,0,2.1999999999999998e-07,0,0.0096343580000000009
rc_a0.0001_t9.9999999999999995e-07_b400,0,1,4,1,2564,2564,1,19526,2564,1.2939741978474219e-07,0,2.1999999999999998e-07,0,0.0096798249999999995
rc_a0.0001_t9.9999999999999995e-07_b400,0,1,5,1,2564,2564,1,19526,2564,1.2939741978474219e-07,0,2.1999999999999998e-07,0,0.0096258130000000004
rc_a0.0001_t9.9999999999999995e-07_b400,0,1,6,1,2564,2564,1,19526,2564,1.2939741978474219e-07,0,2.1999999999999998e-07,0,0.0096065760000000004
rc_a0.0001_t9.9999999999999995e-07_b400,0,1,7,1,2564,2564,1,19526,2564,1.2939741978474219e-07,0,2.1999999999999998e-07,0,0.0096702260000000005
rc_a0.0001_t9.9999999999999995e-07_b400,0,1,8,1,2564,2564,1,19526,2564,1.2939741978474219e-07,0,2.1999999999999998e-07,0,0.0095644059999999993
rc_a0.0001_t9.9999999999999995e-07_b400,0,1,9,1,2564,2564,1,19526,2564,1.2939741978474219e-07,0,2.1999999999999998e-07,0,0.0096762580000000001
rc_a0.0001_t9.9999999999999995e-07_b400,0,1,10,1,2564,2564,1,19526,2564,1.2939741978474219e-07,0,2.1999999999999998e-07,0,0.0096730519999999997
rc_a0.0001_t9.9999999999999995e-07_b400,1,0,0,0,125,138,14,652,44,2.6962793469979558e-07,0,2.1999999999999998e-07,0,0.00037571300000000001
rc_a0.0001_t9.9999999999999995e-07_b400,1,0,1,0,125,138,14,652,44,2.6962793469979558e-07,0,2.1999999999999998e-07,0,0.00034947299999999999
rc_a0.0001_t9.9999999999999995e-07_b400,1,0,2,0,125,138,14,652,44,2.6962793469979558e-07,0,2.1999999999999998e-07,0,0.000366836
rc_a0.0001_t9.9999999999999995e-07_b400,1,0,3,0,125,138,14,652,44,2.6962793469979558e-07,0,2.1999999999999998e-07,0,0.00037168500000000002
rc_a0.0001_t9.9999999999999995e-07_b400,1,0,4,0,125,138,14,652,44,2.6962793469979558e-07,0,2.1999999999999998e-07,0,0.00040655200000000002
rc_a0.0001_t9.9999999999999995e-07_b400,1,0,5,0,125,138,14,652,44,2.6962793469979558e-07,0,2.1999999999999998e-07,0,0.00036881099999999998
rc_a0.0001_t9.9999999999999995e-07_b400,1,0,6,0,125,138,14,652,44,2.6962793469979558e-07,0,2.1999999999999998e-07,0,0.00034308199999999998
rc_a0.0001_t9.9999999999999995e-07_b400,1,0,7,0,125,138,14,652,44,2.6962793469979558e-07,0,2.1999999999999998e-07,0,0.00034032700000000002
rc_a0.0001_t9.9999999999999995e-07_b400,1,0,8,0,125,138,14,652,44,2.6962793469979558e-07,0,2.1999999999999998e-07,0,0.000367277
rc_a0.0001_t9.9999999999999995e-07_b400,1,0,9,0,125,138,14,652,44,2.6962793469979558e-07,0,2.1999999999999998e-07,0,0.00037072400000000001
rc_a0.0001_t9.9999999999999995e-07_b400,1,0,10,0,125,138,14,652,44,2.6962793469979558e-07,0,2.1999999999999998e-07,0,0.00036705700000000001
rc_a0.0001_t9.9999999999999995e-07_b400,1,1,0,1,2564,2564,1,7130,102,1.2939741978474219e-07,0,2.1999999999999998e-07,0,0.0040584039999999998
rc_a0.0001_t9.9999999999999995e-07_b400,1,1,1,1,2564,2564,1,7130,102,1.2939741978474219e-07,0,2.1999999999999998e-07,0,0.0040634729999999997
rc_a0.0001_t9.9999999999999995e-07_b400,1,1,2,1,2564,2564,1,7130,102,1.2939741978474219e-07,0,2.1999999999999998e-07,0,0.0040623320000000001
rc_a0.0001_t9.9999999999999995e-07_b400,1,1,3,1,2564,2564,1,7130,102,1.2939741978474219e-07,0,2.1999999999999998e-07,0,0.0040973379999999998
rc_a0.0001_t9.9999999999999995e-07_b400,1,1,4,1,2564,2564,1,7130,102,1.2939741978474219e-07,0,2.1999999999999998e-07,0,0.0040806260000000004
rc_a0.0001_t9.9999999999999995e-07_b400,1,1,5,1,2564,2564,1,7130,102,1.2939741978474219e-07,0,2.1999999999999998e-07,0,0.0040326650000000004
rc_a0.0001_t9.9999999999999995e-07_b400,1,1,6,1,2564,2564,1,7130,102,1.2939741978474219e-07,0,2.1999999999999998e-07,0,0.0041060350000000001
rc_a0.0001_t9.9999999999999995e-07_b400,1,1,7,1,2564,2564,1,7130,102,1.2939741978474219e-07,0,2.1999999999999998e-07,0,0.0040275450000000004
rc_a0.0001_t9.9999999999999995e-07_b400,1,1,8,1,2564,2564,1,7130,102,1.2939741978474219e-07,0,2.1999999999999998e-07,0,0.0040509600000000002
rc_a0.0001_t9.9999999999999995e-07_b400,1,1,9,1,2564,2564,1,7130,102,1.2939741978474219e-07,0,2.1999999999999998e-07,0,0.0040374249999999999
rc_a0.0001_t9.9999999999999995e-07_b400,1,1,10,1,2564,2564,1,7130,102,1.2939741978474219e-07,0,2.1999999999999998e-07,0,0.0040475329999999999
rc_a1_t1.0000000000000001e-09_b0,0,0,0,0,256,289,34,2598,289,0.00033018648741056644,0,0.00020020000000000001,0,0.0012844390000000001
rc_a1_t1.0000000000000001e-09_b0,0,0,1,0,256,289,34,2598,289,0.00033018648741056644,0,0.00020020000000000001,0,0.0012904699999999999
rc_a1_t1.0000000000000001e-09_b0,0,0,2,0,256,289,34,2598,289,0.00033018648741056644,0,0.00020020000000000001,0,0.001247899
rc_a1_t1.0000000000000001e-09_b0,0,0,3,0,256,289,34,2598,289,0.00033018648741056644,0,0.00020020000000000001,0,0.0012590800000000001
rc_a1_t1.0000000000000001e-09_b0,0,0,4,0,256,289,34,2598,289,0.00033018648741056644,0,0.00020020000000000001,0,0.0012689789999999999
rc_a1_t1.0000000000000001e-09_b0,0,0,5,0,256,289,34,2598,289,0.00033018648741056644,0,0.00020020000000000001,0,0.001269921
rc_a1_t1.0000000000000001e-09_b0,0,0,6,0,256,289,34,2598,289,0.00033018648741056644,0,0.00020020000000000001,0,0.0012770539999999999
rc_a1_t1.0000000000000001e-09_b0,0,0,7,0,256,289,34,2598,289,0.00033018648741056644,0,0.00020020000000000001,0,0.00126479
rc_a1_t1.0000000000000001e-09_b0,0,0,8,0,256,289,34,2598,289,0.00033018648741056644,0,0.00020020000000000001,0,0.001263578
rc_a1_t1.0000000000000001e-09_b0,0,0,9,0,256,289,34,2598,289,0.00033018648741056644,0,0.00020020000000000001,0,0.0013065500000000001
rc_a1_t1.0000000000000001e-09_b0,0,0,10,0,256,289,34,2598,289,0.00033018648741056644,0,0.00020020000000000001,0,0.0012453939999999999
rc_a1_t1.0000000000000001e-09_b0,0,1,0,1,2590,2603,14,22819,2603,0.0001304019254643185,0,0.00020020000000000001,0,0.010986193999999999
rc_a1_t1.0000000000000001e-09_b0,0,1,1,1,2590,2603,14,22819,2603,0.0001304019254643185,0,0.00020020000000000001,0,0.010945366999999999
rc_a1_t1.0000000000000001e-09_b0,0,1,2,1,2590,2603,14,22819,2603,0.0001304019254643185,0,0.00020020000000000001,0,0.011024017000000001
rc_a1_t1.0000000000000001e-09_b0,0,1,3,1,2590,2603,14,22819,2603,0.0001304019254643185,0,0.00020020000000000001,0,0.011628322999999999
rc_a1_t1.0000000000000001e-09_b0,0,1,4,1,2590,2603,14,22819,2603,0.0001304019254643185,0,0.00020020000000000001,0,0.011382366999999999
rc_a1_t1.0000000000000001e-09_b0,0,1,5,1,2590,2603,14,22819,2603,0.0001304019254643185,0,0.00020020000000000001,0,0.011809037
rc_a1_t1.0000000000000001e-09_b0,0,1,6,1,2590,2603,14,22819,2603,0.0001304019254643185,0,0.00020020000000000001,0,0.011370184
rc_a1_t1.0000000000000001e-09_b0,0,1,7,1,2590,2603,14,22819,2603,0.0001304019254643185,0,0.00020020000000000001,0,0.011308426999999999
rc_a1_t1.0000000000000001e-09_b0,0,1,8,1,2590,2603,14,22819,2603,0.0001304019254643185,0,0.00020020000000000001,0,0.011729936999999999
rc_a1_t1.0000000000000001e-09_b0,0,1,9,1,2590,2603,14,22819,2603,0.0001304019254643185,0,0.00020020000000000001,0,0.011461297
rc_a1_t1.0000000000000001e-09_b0,0,1,10,1,2590,2603,14,22819,2603,0.0001304019254643185,0,0.00020020000000000001,0,0.011170595
rc_a1_t1.0000000000000001e-09_b0,1,0,0,0,267,300,34,1354,76,0.00030988131527165397,0,0.00020020000000000001,0,0.00074022599999999997
rc_a1_t1.0000000000000001e-09_b0,1,0,1,0,267,300,34,1354,76,0.00030988131527165397,0,0.00020020000000000001,0,0.00072510700000000001
rc_a1_t1.0000000000000001e-09_b0,1,0,2,0,267,300,34,1354,76,0.00030988131527165397,0,0.00020020000000000001,0,0.00075389100000000002
rc_a1_t1.0000000000000001e-09_b0,1,0,3,0,267,300,34,1354,76,0.00030988131527165397,0,0.00020020000000000001,0,0.00073849199999999999
rc_a1_t1.0000000000000001e-09_b0,1,0,4,0,267,300,34,1354,76,0.00030988131527165397,0,0.00020020000000000001,0,0.00071452600000000005
rc_a1_t1.0000000000000001e-09_b0,1,0,5,0,267,300,34,1354,76,0.00030988131527165397,0,0.00020020000000000001,0,0.00073114800000000004
rc_a1_t1.0000000000000001e-09_b0,1,0,6,0,267,300,34,1354,76,0.00030988131527165397,0,0.00020020000000000001,0,0.00073830200000000003
rc_a1_t1.0000000000000001e-09_b0,1,0,7,0,267,300,34,1354,76,0.00030988131527165397,0,0.00020020000000000001,0,0.00076105499999999996
rc_a1_t1.0000000000000001e-09_b0,1,0,8,0,267,300,34,1354,76,0.00030988131527165397,0,0.00020020000000000001,0,0.00074284000000000004
rc_a1_t1.0000000000000001e-09_b0,1,0,9,0,267,300,34,1354,76,0.00030988131527165397,0,0.00020020000000000001,0,0.00073714899999999999
rc_a1_t1.0000000000000001e-09_b0,1,0,10,0,267,300,34,1354,76,0.00030988131527165397,0,0.00020020000000000001,0,0.00072950499999999998
rc_a1_t1.0000000000000001e-09_b0,1,1,0,1,2594,2607,14,8395,127,0.00013050607087350397,0,0.00020020000000000001,0,0.0046049309999999996
rc_a1_t1.0000000000000001e-09_b0,1,1,1,1,2594,2607,14,8395,127,0.00013050607087350397,0,0.00020020000000000001,0,0.0045993320000000002
rc_a1_t1.0000000000000001e-09_b0,1,1,2,1,2594,2607,14,8395,127,0.00013050607087350397,0,0.00020020000000000001,0,0.0046216219999999997
rc_a1_t1.0000000000000001e-09_b0,1,1,3,1,2594,2607,14,8395,127,0.00013050607087350397,0,0.00020020000000000001,0,0.0046381649999999996
rc_a1_t1.0000000000000001e-09_b0,1,1,4,1,2594,2607,14,8395,127,0.00013050607087350397,0,0.00020020000000000001,0,0.0045969369999999997
rc_a1_t1.0000000000000001e-09_b0,1,1,5,1,2594,2607,14,8395,127,0.00013050607087350397,0,0.00020020000000000001,0,0.0045911249999999997
rc_a1_t1.0000000000000001e-09_b0,1,1,6,1,2594,2607,14,8395,127,0.00013050607087350397,0,0.00020020000000000001,0,0.0045931490000000004
rc_a1_t1.0000000000000001e-09_b0,1,1,7,1,2594,2607,14,8395,127,0.00013050607087350397,0,0.00020020000000000001,0,0.0046059630000000002
rc_a1_t1.0000000000000001e-09_b0,1,1,8,1,2594,2607,14,8395,127,0.00013050607087350397,0,0.00020020000000000001,0,0.0046134180000000002
rc_a1_t1.0000000000000001e-09_b0,1,1,9,1,2594,2607,14,8395,127,0.00013050607087350397,0,0.00020020000000000001,0,0.0046334449999999999
rc_a1_t1.0000000000000001e-09_b0,1,1,10,1,2594,2607,14,8395,127,0.00013050607087350397,0,0.00020020000000000001,0,0.0045975169999999997
rc_a1_t0.001_b0,0,0,0,0,256,289,34,2598,289,0.00033018648739502332,0,0.00020020000000000001,0,0.001298375
rc_a1_t0.001_b0,0,0,1,0,256,289,34,2598,289,0.00033018648739502332,0,0.00020020000000000001,0,0.0012559450000000001
rc_a1_t0.001_b0,0,0,2,0,256,289,34,2598,289,0.00033018648739502332,0,0.00020020000000000001,0,0.001252738
rc_a1_t0.001_b0,0,0,3,0,256,289,34,2598,289,0.00033018648739502332,0,0.00020020000000000001,0,0.0012834459999999999
rc_a1_t0.001_b0,0,0,4,0,256,289,34,2598,289,0.00033018648739502332,0,0.00020020000000000001,0,0.0012660530000000001
rc_a1_t0.001_b0,0,0,5,0,256,289,34,2598,289,0.00033018648739502332,0,0.00020020000000000001,0,0.001285921
rc_a1_t0.001_b0,0,0,6,0,256,289,34,2598,289,0.00033018648739502332,0,0.00020020000000000001,0,0.001283146
rc_a1_t0.001_b0,0,0,7,0,256,289,34,2598,289,0.00033018648739502332,0,0.00020020000000000001,0,0.001295579
rc_a1_t0.001_b0,0,0,8,0,256,289,34,2598,289,0.00033018648739502332,0,0.00020020000000000001,0,0.0012784269999999999
rc_a1_t0.001_b0,0,0,9,0,256,289,34,2598,289,0.00033018648739502332,0,0.00020020000000000001,0,0.0012646109999999999
rc_a1_t0.001_b0,0,0,10,0,256,289,34,2598,289,0.00033018648739502332,0,0.00020020000000000001,0,0.00126975
rc_a1_t0.001_b0,0,1,0,1,2590,2603,14,22819,2603,0.00013040192545688001,0,0.00020020000000000001,0,0.011062209
rc_a1_t0.001_b0,0,1,1,1,2590,2603,14,22819,2603,0.00013040192545688001,0,0.00020020000000000001,0,0.010984562
rc_a1_t0.001_b0,0,1,2,1,2590,2603,14,22819,2603,0.00013040192545688001,0,0.00020020000000000001,0,0.010994771
rc_a1_t0.001_b0,0,1,3,1,2590,2603,14,22819,2603,0.00013040192545688001,0,0.00020020000000000001,0,0.011014268000000001
rc_a1_t0.001_b0,0,1,4,1,2590,2603,14,22819,2603,0.00013040192545688001,0,0.00020020000000000001,0,0.011030219000000001
rc_a1_t0.001_b0,0,1,5,1,2590,2603,14,22819,2603,0.00013040192545688001,0,0.00020020000000000001,0,0.010947983
rc_a1_t0.001_b0,0,1,6,1,2590,2603,14,22819,2603,0.00013040192545688001,0,0.00020020000000000001,0,0.011000411
rc_a1_t0.001_b0,0,1,7,1,2590,2603,14,22819,2603,0.00013040192545688001,0,0.00020020000000000001,0,0.011027713999999999
rc_a1_t0.001_b0,0,1,8,1,2590,2603,14,22819,2603,0.00013040192545688001,0,0.00020020000000000001,0,0.010935889000000001
rc_a1_t0.001_b0,0,1,9,1,2590,2603,14,22819,2603,0.00013040192545688001,0,0.00020020000000000001,0,0.010991004
rc_a1_t0.001_b0,0,1,10,1,2590,2603,14,22819,2603,0.00013040192545688001,0,0.00020020000000000001,0,0.011113276
rc_a1_t0.001_b0,1,0,0,0,267,300,34,1354,76,0.00030988131525477858,0,0.00020020000000000001,0,0.00074128699999999998
rc_a1_t0.001_b0,1,0,1,0,267,300,34,1354,76,0.00030988131525477858,0,0.00020020000000000001,0,0.000725237
rc_a1_t0.001_b0,1,0,2,0,267,300,34,1354,76,0.00030988131525477858,0,0.00020020000000000001,0,0.00075093499999999999
rc_a1_t0.001_b0,1,0,3,0,267,300,34,1354,76,0.00030988131525477858,0,0.00020020000000000001,0,0.000738362
rc_a1_t0.001_b0,1,0,4,0,267,300,34,1354,76,0.00030988131525477858,0,0.00020020000000000001,0,0.00070811400000000003
rc_a1_t0.001_b0,1,0,5,0,267,300,34,1354,76,0.00030988131525477858,0,0.00020020000000000001,0,0.00073381300000000004
rc_a1_t0.001_b0,1,0,6,0,267,300,34,1354,76,0.00030988131525477858,0,0.00020020000000000001,0,0.00073641799999999997
rc_a1_t0.001_b0,1,0,7,0,267,300,34,1354,76,0.00030988131525477858,0,0.00020020000000000001,0,0.00074509399999999996
rc_a1_t0.001_b0,1,0,8,0,267,300,34,1354,76,0.00030988131525477858,0,0.00020020000000000001,0,0.00073407400000000003
rc_a1_t0.001_b0,1,0,9,0,267,300,34,1354,76,0.00030988131525477858,0,0.00020020000000000001,0,0.00071554799999999999
rc_a1_t0.001_b0,1,0,10,0,267,300,34,1354,76,0.00030988131525477858,0,0.00020020000000000001,0,0.00072473600000000002
rc_a1_t0.001_b0,1,1,0,1,2594,2607,14,8395,127,0.00013050607086795285,0,0.00020020000000000001,0,0.0048987190000000002
rc_a1_t0.001_b0,1,1,1,1,2594,2607,14,8395,127,0.00013050607086795285,0,0.00020020000000000001,0,0.0045717789999999998
rc_a1_t0.001_b0,1,1,2,1,2594,2607,14,8395,127,0.00013050607086795285,0,0.00020020000000000001,0,0.0046020050000000002
rc_a1_t0.001_b0,1,1,3,1,2594,2607,14,8395,127,0.00013050607086795285,0,0.00020020000000000001,0,0.0046085179999999998
rc_a1_t0.001_b0,1,1,4,1,2594,2607,14,8395,127,0.00013050607086795285,0,0.00020020000000000001,0,0.0046179960000000001
rc_a1_t0.001_b0,1,1,5,1,2594,2607,14,8395,127,0.00013050607086795285,0,0.00020020000000000001,0,0.0045752550000000003
rc_a1_t0.001_b0,1,1,6,1,2594,2607,14,8395,127,0.00013050607086795285,0,0.00020020000000000001,0,0.0046245289999999996
rc_a1_t0.001_b0,1,1,7,1,2594,2607,14,8395,127,0.00013050607086795285,0,0.00020020000000000001,0,0.0045993910000000004
rc_a1_t0.001_b0,1,1,8,1,2594,2607,14,8395,127,0.00013050607086795285,0,0.00020020000000000001,0,0.0045931690000000002
rc_a1_t0.001_b0,1,1,9,1,2594,2607,14,8395,127,0.00013050607086795285,0,0.00020020000000000001,0,0.0046171449999999996
rc_a1_t0.001_b0,1,1,10,1,2594,2607,14,8395,127,0.00013050607086795285,0,0.00020020000000000001,0,0.004561949
rc_a1_t1_b0,0,0,0,0,256,289,34,2598,289,0.00033018648738569745,0,0.00020020000000000001,0,0.0012769350000000001
rc_a1_t1_b0,0,0,1,0,256,289,34,2598,289,0.00033018648738569745,0,0.00020020000000000001,0,0.001261765
rc_a1_t1_b0,0,0,2,0,256,289,34,2598,289,0.00033018648738569745,0,0.00020020000000000001,0,0.001275792
rc_a1_t1_b0,0,0,3,0,256,289,34,2598,289,0.00033018648738569745,0,0.00020020000000000001,0,0.001263679
rc_a1_t1_b0,0,0,4,0,256,289,34,2598,289,0.00033018648738569745,0,0.00020020000000000001,0,0.001250003
rc_a1_t1_b0,0,0,5,0,256,289,34,2598,289,0.00033018648738569745,0,0.00020020000000000001,0,0.001248019
rc_a1_t1_b0,0,0,6,0,256,289,34,2598,289,0.00033018648738569745,0,0.00020020000000000001,0,0.0012945669999999999
rc_a1_t1_b0,0,0,7,0,256,289,34,2598,289,0.00033018648738569745,0,0.00020020000000000001,0,0.001283085
rc_a1_t1_b0,0,0,8,0,256,289,34,2598,289,0.00033018648738569745,0,0.00020020000000000001,0,0.001542784
rc_a1_t1_b0,0,0,9,0,256,289,34,2598,289,0.00033018648738569745,0,0.00020020000000000001,0,0.001321444
rc_a1_t1_b0,0,0,10,0,256,289,34,2598,289,0.00033018648738569745,0,0.00020020000000000001,0,0.001251757
rc_a1_t1_b0,0,1,0,1,2590,2603,14,22819,2603,0.00013040192545843432,0,0.00020020000000000001,0,0.010959955
rc_a1_t1_b0,0,1,1,1,2590,2603,14,22819,2603,0.00013040192545843432,0,0.00020020000000000001,0,0.010857059000000001
rc_a1_t1_b0,0,1,2,1,2590,2603,14,22819,2603,0.00013040192545843432,0,0.00020020000000000001,0,0.010970616000000001
rc_a1_t1_b0,0,1,3,1,2590,2603,14,22819,2603,0.00013040192545843432,0,0.00020020000000000001,0,0.010990392999999999
rc_a1_t1_b0,0,1,4,1,2590,2603,14,22819,2603,0.00013040192545843432,0,0.00020020000000000001,0,0.010918607
rc_a1_t1_b0,0,1,5,1,2590,2603,14,22819,2603,0.00013040192545843432,0,0.00020020000000000001,0,0.010890363
rc_a1_t1_b0,0,1,6,1,2590,2603,14,22819,2603,0.00013040192545843432,0,0.00020020000000000001,0,0.010926521
rc_a1_t1_b0,0,1,7,1,2590,2603,14,22819,2603,0.00013040192545843432,0,0.00020020000000000001,0,0.010945959
rc_a1_t1_b0,0,1,8,1,2590,2603,14,22819,2603,0.00013040192545843432,0,0.00020020000000000001,0,0.010959164
rc_a1_t1_b0,0,1,9,1,2590,2603,14,22819,2603,0.00013040192545843432,0,0.00020020000000000001,0,0.010882789
rc_a1_t1_b0,0,1,10,1,2590,2603,14,22819,2603,0.00013040192545843432,0,0.00020020000000000001,0,0.010877037000000001
rc_a1_t1_b0,1,0,0,0,267,300,34,1354,76,0.00030988131525910845,0,0.00020020000000000001,0,0.000764962
rc_a1_t1_b0,1,0,1,0,267,300,34,1354,76,0.00030988131525910845,0,0.00020020000000000001,0,0.00074721900000000003
rc_a1_t1_b0,1,0,2,0,267,300,34,1354,76,0.00030988131525910845,0,0.00020020000000000001,0,0.00073068700000000005
rc_a1_t1_b0,1,0,3,0,267,300,34,1354,76,0.00030988131525910845,0,0.00020020000000000001,0,0.00073909300000000002
rc_a1_t1_b0,1,0,4,0,267,300,34,1354,76,0.00030988131525910845,0,0.00020020000000000001,0,0.000728763
rc_a1_t1_b0,1,0,5,0,267,300,34,1354,76,0.00030988131525910845,0,0.00020020000000000001,0,0.00075254900000000003
rc_a1_t1_b0,1,0,6,0,267,300,34,1354,76,0.00030988131525910845,0,0.00020020000000000001,0,0.00076870900000000002
rc_a1_t1_b0,1,0,7,0,267,300,34,1354,76,0.00030988131525910845,0,0.00020020000000000001,0,0.00072913399999999999
rc_a1_t1_b0,1,0,8,0,267,300,34,1354,76,0.00030988131525910845,0,0.00020020000000000001,0,0.00073161899999999998
rc_a1_t1_b0,1,0,9,0,267,300,34,1354,76,0.00030988131525910845,0,0.00020020000000000001,0,0.00073794099999999999
rc_a1_t1_b0,1,0,10,0,267,300,34,1354,76,0.00030988131525910845,0,0.00020020000000000001,0,0.00072208999999999999
rc_a1_t1_b0,1,1,0,1,2594,2607,14,8395,127,0.00013050607087083943,0,0.00020020000000000001,0,0.0046361099999999997
rc_a1_t1_b0,1,1,1,1,2594,2607,14,8395,127,0.00013050607087083943,0,0.00020020000000000001,0,0.004605924
rc_a1_t1_b0,1,1,2,1,2594,2607,14,8395,127,0.00013050607087083943,0,0.00020020000000000001,0,0.0045732009999999998
rc_a1_t1_b0,1,1,3,1,2594,2607,14,8395,127,0.00013050607087083943,0,0.00020020000000000001,0,0.0046013540000000002
rc_a1_t1_b0,1,1,4,1,2594,2607,14,8395,127,0.00013050607087083943,0,0.00020020000000000001,0,0.0046067349999999998
rc_a1_t1_b0,1,1,5,1,2594,2607,14,8395,127,0.00013050607087083943,0,0.00020020000000000001,0,0.0045812359999999998
rc_a1_t1_b0,1,1,6,1,2594,2607,14,8395,127,0.00013050607087083943,0,0.00020020000000000001,0,0.0048027970000000001
rc_a1_t1_b0,1,1,7,1,2594,2607,14,8395,127,0.00013050607087083943,0,0.00020020000000000001,0,0.0046123759999999996
rc_a1_t1_b0,1,1,8,1,2594,2607,14,8395,127,0.00013050607087083943,0,0.00020020000000000001,0,0.0045965449999999996
rc_a1_t1_b0,1,1,9,1,2594,2607,14,8395,127,0.00013050607087083943,0,0.00020020000000000001,0,0.0046104029999999999
rc_a1_t1_b0,1,1,10,1,2594,2607,14,8395,127,0.00013050607087083943,0,0.00020020000000000001,0,0.0046001719999999996
rc_a100_t0.001_b0,0,0,0,0,274,306,33,2754,306,0.032981436390173258,0,0.020000199999999999,0,0.001357687
rc_a100_t0.001_b0,0,0,1,0,274,306,33,2754,306,0.032981436390173258,0,0.020000199999999999,0,0.001348089
rc_a100_t0.001_b0,0,0,2,0,274,306,33,2754,306,0.032981436390173258,0,0.020000199999999999,0,0.0013615249999999999
rc_a100_t0.001_b0,0,0,3,0,274,306,33,2754,306,0.032981436390173258,0,0.020000199999999999,0,0.0013564149999999999
rc_a100_t0.001_b0,0,0,4,0,274,306,33,2754,306,0.032981436390173258,0,0.020000199999999999,0,0.001341156
rc_a100_t0.001_b0,0,0,5,0,274,306,33,2754,306,0.032981436390173258,0,0.020000199999999999,0,0.0013500630000000001
rc_a100_t0.001_b0,0,0,6,0,274,306,33,2754,306,0.032981436390173258,0,0.020000199999999999,0,0.0013391220000000001
rc_a100_t0.001_b0,0,0,7,0,274,306,33,2754,306,0.032981436390173258,0,0.020000199999999999,0,0.001401961
rc_a100_t0.001_b0,0,0,8,0,274,306,33,2754,306,0.032981436390173258,0,0.020000199999999999,0,0.0013546319999999999
rc_a100_t0.001_b0,0,0,9,0,274,306,33,2754,306,0.032981436390173258,0,0.020000199999999999,0,0.001374529
rc_a100_t0.001_b0,0,0,10,0,274,306,33,2754,306,0.032981436390173258,0,0.020000199999999999,0,0.001340335
rc_a100_t0.001_b0,0,1,0,1,2593,2606,14,23451,2606,0.01306214321793675,0,0.020000199999999999,0,0.011293589
rc_a100_t0.001_b0,0,1,1,1,2593,2606,14,23451,2606,0.01306214321793675,0,0.020000199999999999,0,0.011227813999999999
rc_a100_t0.001_b0,0,1,2,1,2593,2606,14,23451,2606,0.01306214321793675,0,0.020000199999999999,0,0.011243754
rc_a100_t0.001_b0,0,1,3,1,2593,2606,14,23451,2606,0.01306214321793675,0,0.020000199999999999,0,0.011318376
rc_a100_t0.001_b0,0,1,4,1,2593,2606,14,23451,2606,0.01306214321793675,0,0.020000199999999999,0,0.011290723000000001
rc_a100_t0.001_b0,0,1,5,1,2593,2606,14,23451,2606,0.01306214321793675,0,0.020000199999999999,0,0.011248713
rc_a100_t0.001_b0,0,1,6,1,2593,2606,14,23451,2606,0.01306214321793675,0,0.020000199999999999,0,0.011309579
rc_a100_t0.001_b0,0,1,7,1,2593,2606,14,23451,2606,0.01306214321793675,0,0.020000199999999999,0,0.011254083999999999
rc_a100_t0.001_b0,0,1,8,1,2593,2606,14,23451,2606,0.01306214321793675,0,0.020000199999999999,0,0.01121554
rc_a100_t0.001_b0,0,1,9,1,2593,2606,14,23451,2606,0.01306214321793675,0,0.020000199999999999,0,0.011265956000000001
rc_a100_t0.001_b0,0,1,10,1,2593,2606,14,23451,2606,0.01306214321793675,0,0.020000199999999999,0,0.011274111
rc_a100_t0.001_b0,1,0,0,0,279,310,32,1356,71,0.030962000963938863,0,0.020000199999999999,0,0.00076442100000000005
rc_a100_t0.001_b0,1,0,1,0,279,310,32,1356,71,0.030962000963938863,0,0.020000199999999999,0,0.00074099699999999997
rc_a100_t0.001_b0,1,0,2,0,279,310,32,1356,71,0.030962000963938863,0,0.020000199999999999,0,0.00073311100000000005
rc_a100_t0.001_b0,1,0,3,0,279,310,32,1356,71,0.030962000963938863,0,0.020000199999999999,0,0.00075383100000000005
rc_a100_t0.001_b0,1,0,4,0,279,310,32,1356,71,0.030962000963938863,0,0.020000199999999999,0,0.00072698900000000004
rc_a100_t0.001_b0,1,0,5,0,279,310,32,1356,71,0.030962000963938863,0,0.020000199999999999,0,0.00075686700000000004
rc_a100_t0.001_b0,1,0,6,0,279,310,32,1356,71,0.030962000963938863,0,0.020000199999999999,0,0.00074496399999999998
rc_a100_t0.001_b0,1,0,7,0,279,310,32,1356,71,0.030962000963938863,0,0.020000199999999999,0,0.00072260100000000002
rc_a100_t0.001_b0,1,0,8,0,279,310,32,1356,71,0.030962000963938863,0,0.020000199999999999,0,0.00078511
rc_a100_t0.001_b0,1,0,9,0,279,310,32,1356,71,0.030962000963938863,0,0.020000199999999999,0,0.00074651800000000005
rc_a100_t0.001_b0,1,0,10,0,279,310,32,1356,71,0.030962000963938863,0,0.020000199999999999,0,0.00074197900000000003
rc_a100_t0.001_b0,1,1,0,1,2593,2606,14,8559,124,0.013042109702780635,0,0.020000199999999999,0,0.0046428440000000001
rc_a100_t0.001_b0,1,1,1,1,2593,2606,14,8559,124,0.013042109702780635,0,0.020000199999999999,0,0.0046576609999999996
rc_a100_t0.001_b0,1,1,2,1,2593,2606,14,8559,124,0.013042109702780635,0,0.020000199999999999,0,0.0046881090000000002
rc_a100_t0.001_b0,1,1,3,1,2593,2606,14,8559,124,0.013042109702780635,0,0.020000199999999999,0,0.0046420719999999997
rc_a100_t0.001_b0,1,1,4,1,2593,2606,14,8559,124,0.013042109702780635,0,0.020000199999999999,0,0.0046260820000000001
rc_a100_t0.001_b0,1,1,5,1,2593,2606,14,8559,124,0.013042109702780635,0,0.020000199999999999,0,0.0046835009999999996
rc_a100_t0.001_b0,1,1,6,1,2593,2606,14,8559,124,0.013042109702780635,0,0.020000199999999999,0,0.0046579530000000003
rc_a100_t0.001_b0,1,1,7,1,2593,2606,14,8559,124,0.013042109702780635,0,0.020000199999999999,0,0.0046408589999999998
rc_a100_t0.001_b0,1,1,8,1,2593,2606,14,8559,124,0.013042109702780635,0,0.020000199999999999,0,0.0047056829999999996
rc_a100_t0.001_b0,1,1,9,1,2593,2606,14,8559,124,0.013042109702780635,0,0.020000199999999999,0,0.0046641540000000002
rc_a100_t0.001_b0,1,1,10,1,2593,2606,14,8559,124,0.013042109702780635,0,0.020000199999999999,0,0.0046269329999999997
rlc_r0.02_a0.001_t9.9999999999999995e-07_b0,0,0,0,0,590,686,97,6174,686,3.8001635318153626e-05,3.6650921211869641e-05,7.0000000000000007e-06,5.0200000000000002e-06,0.0036580850000000002
rlc_r0.02_a0.001_t9.9999999999999995e-07_b0,0,0,1,0,590,686,97,6174,686,3.8001635318153626e-05,3.6650921211869641e-05,7.0000000000000007e-06,5.0200000000000002e-06,0.0036840240000000002
rlc_r0.02_a0.001_t9.9999999999999995e-07_b0,0,0,2,0,590,686,97,6174,686,3.8001635318153626e-05,3.6650921211869641e-05,7.0000000000000007e-06,5.0200000000000002e-06,0.0036018669999999999
rlc_r0.02_a0.001_t9.9999999999999995e-07_b0,0,0,3,0,590,686,97,6174,686,3.8001635318153626e-05,3.6650921211869641e-05,7.0000000000000007e-06,5.0200000000000002e-06,0.00360313
rlc_r0.02_a0.001_t9.9999999999999995e-07_b0,0,0,4,0,590,686,97,6174,686,3.8001635318153626e-05,3.6650921211869641e-05,7.0000000000000007e-06,5.0200000000000002e-06,0.0036193509999999998
rlc_r0.02_a0.001_t9.9999999999999995e-07_b0,0,0,5,0,590,686,97,6174,686,3.8001635318153626e-05,3.6650921211869641e-05,7.0000000000000007e-06,5.0200000000000002e-06,0.0036243999999999998
rlc_r0.02_a0.001_t9.9999999999999995e-07_b0,0,0,6,0,590,686,97,6174,686,3.8001635318153626e-05,3.6650921211869641e-05,7.0000000000000007e-06,5.0200000000000002e-06,0.0036407420000000002
rlc_r0.02_a0.001_t9.9999999999999995e-07_b0,0,0,7,0,590,686,97,6174,686,3.8001635318153626e-05,3.6650921211869641e-05,7.0000000000000007e-06,5.0200000000000002e-06,0.003612648
rlc_r0.02_a0.001_t9.9999999999999995e-07_b0,0,0,8,0,590,686,97,6174,686,3.8001635318153626e-05,3.6650921211869641e-05,7.0000000000000007e-06,5.0200000000000002e-06,0.0036118159999999999
rlc_r0.02_a0.001_t9.9999999999999995e-07_b0,0,0,9,0,590,686,97,6174,686,3.8001635318153626e-05,3.6650921211869641e-05,7.0000000000000007e-06,5.0200000000000002e-06,0.0036378059999999999
rlc_r0.02_a0.001_t9.9999999999999995e-07_b0,0,0,10,0,590,686,97,6174,686,3.8001635318153626e-05,3.6650921211869641e-05,7.0000000000000007e-06,5.0200000000000002e-06,0.0036435970000000002
rlc_r0.02_a0.001_t9.9999999999999995e-07_b0,0,1,0,1,6413,6420,8,57780,6420,3.2634485617240999e-07,3.2394113731043506e-07,7.0000000000000007e-06,5.0200000000000002e-06,0.033919769000000002
rlc_r0.02_a0.001_t9.9999999999999995e-07_b0,0,1,1,1,6413,6420,8,57780,6420,3.2634485617240999e-07,3.2394113731043506e-07,7.0000000000000007e-06,5.0200000000000002e-06,0.033751229000000001
rlc_r0.02_a0.001_t9.9999999999999995e-07_b0,0,1,2,1,6413,6420,8,57780,6420,3.2634485617240999e-07,3.2394113731043506e-07,7.0000000000000007e-06,5.0200000000000002e-06,0.033935679000000003
rlc_r0.02_a0.001_t9.9999999999999995e-07_b0,0,1,3,1,6413,6420,8,57780,6420,3.2634485617240999e-07,3.2394113731043506e-07,7.0000000000000007e-06,5.0200000000000002e-06,0.033865406000000001
rlc_r0.02_a0.001_t9.9999999999999995e-07_b0,0,1,4,1,6413,6420,8,57780,6420,3.2634485617240999e-07,3.2394113731043506e-07,7.0000000000000007e-06,5.0200000000000002e-06,0.033596064000000002
rlc_r0.02_a0.001_t9.9999999999999995e-07_b0,0,1,5,1,6413,6420,8,57780,6420,3.2634485617240999e-07,3.2394113731043506e-07,7.0000000000000007e-06,5.0200000000000002e-06,0.033771647000000002
rlc_r0.02_a0.001_t9.9999999999999995e-07_b0,0,1,6,1,6413,6420,8,57780,6420,3.2634485617240999e-07,3.2394113731043506e-07,7.0000000000000007e-06,5.0200000000000002e-06,0.033708318000000001
rlc_r0.02_a0.001_t9.9999999999999995e-07_b0,0,1,7,1,6413,6420,8,57780,6420,3.2634485617240999e-07,3.2394113731043506e-07,7.0000000000000007e-06,5.0200000000000002e-06,0.033791446000000003
rlc_r0.02_a0.001_t9.9999999999999995e-07_b0,0,1,8,1,6413,6420,8,57780,6420,3.2634485617240999e-07,3.2394113731043506e-07,7.0000000000000007e-06,5.0200000000000002e-06,0.033652541000000001
rlc_r0.02_a0.001_t9.9999999999999995e-07_b0,0,1,9,1,6413,6420,8,57780,6420,3.2634485617240999e-07,3.2394113731043506e-07,7.0000000000000007e-06,5.0200000000000002e-06,0.033752061
rlc_r0.02_a0.001_t9.9999999999999995e-07_b0,0,1,10,1,6413,6420,8,57780,6420,3.2634485617240999e-07,3.2394113731043506e-07,7.0000000000000007e-06,5.0200000000000002e-06,0.033640868999999997
rlc_r0.02_a0.001_t9.9999999999999995e-07_b0,1,0,0,0,586,678,93,2736,117,3.8124513149944794e-05,3.6767396241941868e-05,7.0000000000000007e-06,5.0200000000000002e-06,0.001906289
rlc_r0.02_a0.001_t9.9999999999999995e-07_b0,1,0,1,0,586,678,93,2736,117,3.8124513149944794e-05,3.6767396241941868e-05,7.0000000000000007e-06,5.0200000000000002e-06,0.001922319
rlc_r0.02_a0.001_t9.9999999999999995e-07_b0,1,0,2,0,586,678,93,2736,117,3.8124513149944794e-05,3.6767396241941868e-05,7.0000000000000007e-06,5.0200000000000002e-06,0.0018840370000000001
rlc_r0.02_a0.001_t9.9999999999999995e-07_b0,1,0,3,0,586,678,93,2736,117,3.8124513149944794e-05,3.6767396241941868e-05,7.0000000000000007e-06,5.0200000000000002e-06,0.0019115180000000001
rlc_r0.02_a0.001_t9.9999999999999995e-07_b0,1,0,4,0,586,678,93,2736,117,3.8124513149944794e-05,3.6767396241941868e-05,7.0000000000000007e-06,5.0200000000000002e-06,0.001888154
rlc_r0.02_a0.001_t9.9999999999999995e-07_b0,1,0,5,0,586,678,93,2736,117,3.8124513149944794e-05,3.6767396241941868e-05,7.0000000000000007e-06,5.0200000000000002e-06,0.0019134320000000001
rlc_r0.02_a0.001_t9.9999999999999995e-07_b0,1,0,6,0,586,678,93,2736,117,3.8124513149944794e-05,3.6767396241941868e-05,7.0000000000000007e-06,5.0200000000000002e-06,0.0018908900000000001
rlc_r0.02_a0.001_t9.9999999999999995e-07_b0,1,0,7,0,586,678,93,2736,117,3.8124513149944794e-05,3.6767396241941868e-05,7.0000000000000007e-06,5.0200000000000002e-06,0.001925745
rlc_r0.02_a0.001_t9.9999999999999995e-07_b0,1,0,8,0,586,678,93,2736,117,3.8124513149944794e-05,3.6767396241941868e-05,7.0000000000000007e-06,5.0200000000000002e-06,0.0018883649999999999
rlc_r0.02_a0.001_t9.9999999999999995e-07_b0,1,0,9,0,586,678,93,2736,117,3.8124513149944794e-05,3.6767396241941868e-05,7.0000000000000007e-06,5.0200000000000002e-06,0.0019188129999999999
rlc_r0.02_a0.001_t9.9999999999999995e-07_b0,1,0,10,0,586,678,93,2736,117,3.8124513149944794e-05,3.6767396241941868e-05,7.0000000000000007e-06,5.0200000000000002e-06,0.0019027619999999999
rlc_r0.02_a0.001_t9.9999999999999995e-07_b0,1,1,0,1,6414,6421,8,20847,264,2.5218529737061103e-07,2.5366311246551726e-07,7.0000000000000007e-06,5.0200000000000002e-06,0.014895135
rlc_r0.02_a0.001_t9.9999999999999995e-07_b0,1,1,1,1,6414,6421,8,20847,264,2.5218529737061103e-07,2.5366311246551726e-07,7.0000000000000007e-06,5.0200000000000002e-06,0.014894775000000001
rlc_r0.02_a0.001_t9.9999999999999995e-07_b0,1,1,2,1,6414,6421,8,20847,264,2.5218529737061103e-07,2.5366311246551726e-07,7.0000000000000007e-06,5.0200000000000002e-06,0.014755861
rlc_r0.02_a0.001_t9.9999999999999995e-07_b0,1,1,3,1,6414,6421,8,20847,264,2.5218529737061103e-07,2.5366311246551726e-07,7.0000000000000007e-06,5.0200000000000002e-06,0.014736103
rlc_r0.02_a0.001_t9.9999999999999995e-07_b0,1,1,4,1,6414,6421,8,20847,264,2.5218529737061103e-07,2.5366311246551726e-07,7.0000000000000007e-06,5.0200000000000002e-06,0.014769005999999999
rlc_r0.02_a0.001_t9.9999999999999995e-07_b0,1,1,5,1,6414,6421,8,20847,264,2.5218529737061103e-07,2.5366311246551726e-07,7.0000000000000007e-06,5.0200000000000002e-06,0.014980347
rlc_r0.02_a0.001_t9.9999999999999995e-07_b0,1,1,6,1,6414,6421,8,20847,264,2.5218529737061103e-07,2.5366311246551726e-07,7.0000000000000007e-06,5.0200000000000002e-06,0.01487166
rlc_r0.02_a0.001_t9.9999999999999995e-07_b0,1,1,7,1,6414,6421,8,20847,264,2.5218529737061103e-07,2.5366311246551726e-07,7.0000000000000007e-06,5.0200000000000002e-06,0.014827636999999999
rlc_r0.02_a0.001_t9.9999999999999995e-07_b0,1,1,8,1,6414,6421,8,20847,264,2.5218529737061103e-07,2.5366311246551726e-07,7.0000000000000007e-06,5.0200000000000002e-06,0.014907649
rlc_r0.02_a0.001_t9.9999999999999995e-07_b0,1,1,9,1,6414,6421,8,20847,264,2.5218529737061103e-07,2.5366311246551726e-07,7.0000000000000007e-06,5.0200000000000002e-06,0.014783302
rlc_r0.02_a0.001_t9.9999999999999995e-07_b0,1,1,10,1,6414,6421,8,20847,264,2.5218529737061103e-07,2.5366311246551726e-07,7.0000000000000007e-06,5.0200000000000002e-06,0.0148609
rlc_r0.02_a1_t9.9999999999999995e-07_b0,0,0,0,0,737,903,167,8127,903,0.028383404029640236,0.027525555097784205,0.0050020000000000004,0.00500002,0.0047655869999999999
rlc_r0.02_a1_t9.9999999999999995e-07_b0,0,0,1,0,737,903,167,8127,903,0.028383404029640236,0.027525555097784205,0.0050020000000000004,0.00500002,0.0047531020000000004
rlc_r0.02_a1_t9.9999999999999995e-07_b0,0,0,2,0,737,903,167,8127,903,0.028383404029640236,0.027525555097784205,0.0050020000000000004,0.00500002,0.0047411399999999996
rlc_r0.02_a1_t9.9999999999999995e-07_b0,0,0,3,0,737,903,167,8127,903,0.028383404029640236,0.027525555097784205,0.0050020000000000004,0.00500002,0.0047630520000000003
rlc_r0.02_a1_t9.9999999999999995e-07_b0,0,0,4,0,737,903,167,8127,903,0.028383404029640236,0.027525555097784205,0.0050020000000000004,0.00500002,0.0047462789999999999
rlc_r0.02_a1_t9.9999999999999995e-07_b0,0,0,5,0,737,903,167,8127,903,0.028383404029640236,0.027525555097784205,0.0050020000000000004,0.00500002,0.0047517499999999999
rlc_r0.02_a1_t9.9999999999999995e-07_b0,0,0,6,0,737,903,167,8127,903,0.028383404029640236,0.027525555097784205,0.0050020000000000004,0.00500002,0.0050259900000000001
rlc_r0.02_a1_t9.9999999999999995e-07_b0,0,0,7,0,737,903,167,8127,903,0.028383404029640236,0.027525555097784205,0.0050020000000000004,0.00500002,0.0047149109999999996
rlc_r0.02_a1_t9.9999999999999995e-07_b0,0,0,8,0,737,903,167,8127,903,0.028383404029640236,0.027525555097784205,0.0050020000000000004,0.00500002,0.0047698239999999998
rlc_r0.02_a1_t9.9999999999999995e-07_b0,0,0,9,0,737,903,167,8127,903,0.028383404029640236,0.027525555097784205,0.0050020000000000004,0.00500002,0.0047578819999999997
rlc_r0.02_a1_t9.9999999999999995e-07_b0,0,0,10,0,737,903,167,8127,903,0.028383404029640236,0.027525555097784205,0.0050020000000000004,0.00500002,0.0047583230000000001
rlc_r0.02_a1_t9.9999999999999995e-07_b0,0,1,0,1,6424,6439,16,57951,6439,0.00033502606180890737,0.00033228314909816703,0.0050020000000000004,0.00500002,0.034019879000000003
rlc_r0.02_a1_t9.9999999999999995e-07_b0,0,1,1,1,6424,6439,16,57951,6439,0.00033502606180890737,0.00033228314909816703,0.0050020000000000004,0.00500002,0.034011483000000002
rlc_r0.02_a1_t9.9999999999999995e-07_b0,0,1,2,1,6424,6439,16,57951,6439,0.00033502606180890737,0.00033228314909816703,0.0050020000000000004,0.00500002,0.033872689999999997
rlc_r0.02_a1_t9.9999999999999995e-07_b0,0,1,3,1,6424,6439,16,57951,6439,0.00033502606180890737,0.00033228314909816703,0.0050020000000000004,0.00500002,0.033932414000000001
rlc_r0.02_a1_t9.9999999999999995e-07_b0,0,1,4,1,6424,6439,16,57951,6439,0.00033502606180890737,0.00033228314909816703,0.0050020000000000004,0.00500002,0.034013025000000002
rlc_r0.02_a1_t9.9999999999999995e-07_b0,0,1,5,1,6424,6439,16,57951,6439,0.00033502606180890737,0.00033228314909816703,0.0050020000000000004,0.00500002,0.033909499000000003
rlc_r0.02_a1_t9.9999999999999995e-07_b0,0,1,6,1,6424,6439,16,57951,6439,0.00033502606180890737,0.00033228314909816703,0.0050020000000000004,0.00500002,0.034022933999999998
rlc_r0.02_a1_t9.9999999999999995e-07_b0,0,1,7,1,6424,6439,16,57951,6439,0.00033502606180890737,0.00033228314909816703,0.0050020000000000004,0.00500002,0.033943623999999999
rlc_r0.02_a1_t9.9999999999999995e-07_b0,0,1,8,1,6424,6439,16,57951,6439,0.00033502606180890737,0.00033228314909816703,0.0050020000000000004,0.00500002,0.033997516999999998
rlc_r0.02_a1_t9.9999999999999995e-07_b0,0,1,9,1,6424,6439,16,57951,6439,0.00033502606180890737,0.00033228314909816703,0.0050020000000000004,0.00500002,0.033713317
rlc_r0.02_a1_t9.9999999999999995e-07_b0,0,1,10,1,6424,6439,16,57951,6439,0.00033502606180890737,0.00033228314909816703,0.0050020000000000004,0.00500002,0.034388208000000003
rlc_r0.02_a1_t9.9999999999999995e-07_b0,1,0,0,0,732,894,163,3498,136,0.028452616277992115,0.027588496180574684,0.0050020000000000004,0.00500002,0.0025764109999999998
rlc_r0.02_a1_t9.9999999999999995e-07_b0,1,0,1,0,732,894,163,3498,136,0.028452616277992115,0.027588496180574684,0.0050020000000000004,0.00500002,0.0024639869999999999
rlc_r0.02_a1_t9.9999999999999995e-07_b0,1,0,2,0,732,894,163,3498,136,0.028452616277992115,0.027588496180574684,0.0050020000000000004,0.00500002,0.0024625139999999998
rlc_r0.02_a1_t9.9999999999999995e-07_b0,1,0,3,0,732,894,163,3498,136,0.028452616277992115,0.027588496180574684,0.0050020000000000004,0.00500002,0.0024745969999999998
rlc_r0.02_a1_t9.9999999999999995e-07_b0,1,0,4,0,732,894,163,3498,136,0.028452616277992115,0.027588496180574684,0.0050020000000000004,0.00500002,0.0024708199999999999
rlc_r0.02_a1_t9.9999999999999995e-07_b0,1,0,5,0,732,894,163,3498,136,0.028452616277992115,0.027588496180574684,0.0050020000000000004,0.00500002,0.0024735360000000001
rlc_r0.02_a1_t9.9999999999999995e-07_b0,1,0,6,0,732,894,163,3498,136,0.028452616277992115,0.027588496180574684,0.0050020000000000004,0.00500002,0.0024638770000000002
rlc_r0.02_a1_t9.9999999999999995e-07_b0,1,0,7,0,732,894,163,3498,136,0.028452616277992115,0.027588496180574684,0.0050020000000000004,0.00500002,0.0024713309999999998
rlc_r0.02_a1_t9.9999999999999995e-07_b0,1,0,8,0,732,894,163,3498,136,0.028452616277992115,0.027588496180574684,0.0050020000000000004,0.00500002,0.0024710299999999999
rlc_r0.02_a1_t9.9999999999999995e-07_b0,1,0,9,0,732,894,163,3498,136,0.028452616277992115,0.027588496180574684,0.0050020000000000004,0.00500002,0.002460992
rlc_r0.02_a1_t9.9999999999999995e-07_b0,1,0,10,0,732,894,163,3498,136,0.028452616277992115,0.027588496180574684,0.0050020000000000004,0.00500002,0.002448127
rlc_r0.02_a1_t9.9999999999999995e-07_b0,1,1,0,1,6425,6440,16,20970,275,0.00025830793938075303,0.00025940966184778702,0.0050020000000000004,0.00500002,0.01526105
rlc_r0.02_a1_t9.9999999999999995e-07_b0,1,1,1,1,6425,6440,16,20970,275,0.00025830793938075303,0.00025940966184778702,0.0050020000000000004,0.00500002,0.015083452000000001
rlc_r0.02_a1_t9.9999999999999995e-07_b0,1,1,2,1,6425,6440,16,20970,275,0.00025830793938075303,0.00025940966184778702,0.0050020000000000004,0.00500002,0.015014721999999999
rlc_r0.02_a1_t9.9999999999999995e-07_b0,1,1,3,1,6425,6440,16,20970,275,0.00025830793938075303,0.00025940966184778702,0.0050020000000000004,0.00500002,0.014986978999999999
rlc_r0.02_a1_t9.9999999999999995e-07_b0,1,1,4,1,6425,6440,16,20970,275,0.00025830793938075303,0.00025940966184778702,0.0050020000000000004,0.00500002,0.014927968
rlc_r0.02_a1_t9.9999999999999995e-07_b0,1,1,5,1,6425,6440,16,20970,275,0.00025830793938075303,0.00025940966184778702,0.0050020000000000004,0.00500002,0.014943705999999999
rlc_r0.02_a1_t9.9999999999999995e-07_b0,1,1,6,1,6425,6440,16,20970,275,0.00025830793938075303,0.00025940966184778702,0.0050020000000000004,0.00500002,0.014847564000000001
rlc_r0.02_a1_t9.9999999999999995e-07_b0,1,1,7,1,6425,6440,16,20970,275,0.00025830793938075303,0.00025940966184778702,0.0050020000000000004,0.00500002,0.014846684000000001
rlc_r0.02_a1_t9.9999999999999995e-07_b0,1,1,8,1,6425,6440,16,20970,275,0.00025830793938075303,0.00025940966184778702,0.0050020000000000004,0.00500002,0.015082971000000001
rlc_r0.02_a1_t9.9999999999999995e-07_b0,1,1,9,1,6425,6440,16,20970,275,0.00025830793938075303,0.00025940966184778702,0.0050020000000000004,0.00500002,0.014953114999999999
rlc_r0.02_a1_t9.9999999999999995e-07_b0,1,1,10,1,6425,6440,16,20970,275,0.00025830793938075303,0.00025940966184778702,0.0050020000000000004,0.00500002,0.014944618999999999
rlc_r0.02_a1_t0.001_b400,0,0,0,0,737,903,167,8127,903,0.028383404188815575,0.027525554825554743,0.0050020000000000004,0.00500002,0.0047658880000000002
rlc_r0.02_a1_t0.001_b400,0,0,1,0,737,903,167,8127,903,0.028383404188815575,0.027525554825554743,0.0050020000000000004,0.00500002,0.004767561
rlc_r0.02_a1_t0.001_b400,0,0,2,0,737,903,167,8127,903,0.028383404188815575,0.027525554825554743,0.0050020000000000004,0.00500002,0.0047125759999999996
rlc_r0.02_a1_t0.001_b400,0,0,3,0,737,903,167,8127,903,0.028383404188815575,0.027525554825554743,0.0050020000000000004,0.00500002,0.0047326039999999996
rlc_r0.02_a1_t0.001_b400,0,0,4,0,737,903,167,8127,903,0.028383404188815575,0.027525554825554743,0.0050020000000000004,0.00500002,0.0047413899999999998
rlc_r0.02_a1_t0.001_b400,0,0,5,0,737,903,167,8127,903,0.028383404188815575,0.027525554825554743,0.0050020000000000004,0.00500002,0.0047348080000000001
rlc_r0.02_a1_t0.001_b400,0,0,6,0,737,903,167,8127,903,0.028383404188815575,0.027525554825554743,0.0050020000000000004,0.00500002,0.0047431940000000001
rlc_r0.02_a1_t0.001_b400,0,0,7,0,737,903,167,8127,903,0.028383404188815575,0.027525554825554743,0.0050020000000000004,0.00500002,0.004780935
rlc_r0.02_a1_t0.001_b400,0,0,8,0,737,903,167,8127,903,0.028383404188815575,0.027525554825554743,0.0050020000000000004,0.00500002,0.0047256299999999998
rlc_r0.02_a1_t0.001_b400,0,0,9,0,737,903,167,8127,903,0.028383404188815575,0.027525554825554743,0.0050020000000000004,0.00500002,0.0047578220000000001
rlc_r0.02_a1_t0.001_b400,0,0,10,0,737,903,167,8127,903,0.028383404188815575,0.027525554825554743,0.0050020000000000004,0.00500002,0.0047426730000000002
rlc_r0.02_a1_t0.001_b400,0,1,0,1,6425,6440,16,57960,6440,0.00025830262730153208,0.00025940585393580129,0.0050020000000000004,0.00500002,0.033871657999999999
rlc_r0.02_a1_t0.001_b400,0,1,1,1,6425,6440,16,57960,6440,0.00025830262730153208,0.00025940585393580129,0.0050020000000000004,0.00500002,0.033759254000000002
rlc_r0.02_a1_t0.001_b400,0,1,2,1,6425,6440,16,57960,6440,0.00025830262730153208,0.00025940585393580129,0.0050020000000000004,0.00500002,0.033770977000000001
rlc_r0.02_a1_t0.001_b400,0,1,3,1,6425,6440,16,57960,6440,0.00025830262730153208,0.00025940585393580129,0.0050020000000000004,0.00500002,0.033557420999999997
rlc_r0.02_a1_t0.001_b400,0,1,4,1,6425,6440,16,57960,6440,0.00025830262730153208,0.00025940585393580129,0.0050020000000000004,0.00500002,0.033772578999999997
rlc_r0.02_a1_t0.001_b400,0,1,5,1,6425,6440,16,57960,6440,0.00025830262730153208,0.00025940585393580129,0.0050020000000000004,0.00500002,0.033586707
rlc_r0.02_a1_t0.001_b400,0,1,6,1,6425,6440,16,57960,6440,0.00025830262730153208,0.00025940585393580129,0.0050020000000000004,0.00500002,0.033858683000000001
rlc_r0.02_a1_t0.001_b400,0,1,7,1,6425,6440,16,57960,6440,0.00025830262730153208,0.00025940585393580129,0.0050020000000000004,0.00500002,0.033683499999999998
rlc_r0.02_a1_t0.001_b400,0,1,8,1,6425,6440,16,57960,6440,0.00025830262730153208,0.00025940585393580129,0.0050020000000000004,0.00500002,0.033924808000000001
rlc_r0.02_a1_t0.001_b400,0,1,9,1,6425,6440,16,57960,6440,0.00025830262730153208,0.00025940585393580129,0.0050020000000000004,0.00500002,0.033656469000000001
rlc_r0.02_a1_t0.001_b400,0,1,10,1,6425,6440,16,57960,6440,0.00025830262730153208,0.00025940585393580129,0.0050020000000000004,0.00500002,0.033771979000000001
rlc_r0.02_a1_t0.001_b400,1,0,0,0,732,894,163,3498,136,0.028452616641487793,0.027588496123482353,0.0050020000000000004,0.00500002,0.002462625
rlc_r0.02_a1_t0.001_b400,1,0,1,0,732,894,163,3498,136,0.028452616641487793,0.027588496123482353,0.0050020000000000004,0.00500002,0.0024128600000000002
rlc_r0.02_a1_t0.001_b400,1,0,2,0,732,894,163,3498,136,0.028452616641487793,0.027588496123482353,0.0050020000000000004,0.00500002,0.002443298
rlc_r0.02_a1_t0.001_b400,1,0,3,0,732,894,163,3498,136,0.028452616641487793,0.027588496123482353,0.0050020000000000004,0.00500002,0.0024760899999999998
rlc_r0.02_a1_t0.001_b400,1,0,4,0,732,894,163,3498,136,0.028452616641487793,0.027588496123482353,0.0050020000000000004,0.00500002,0.0024086519999999998
rlc_r0.02_a1_t0.001_b400,1,0,5,0,732,894,163,3498,136,0.028452616641487793,0.027588496123482353,0.0050020000000000004,0.00500002,0.0024297020000000002
rlc_r0.02_a1_t0.001_b400,1,0,6,0,732,894,163,3498,136,0.028452616641487793,0.027588496123482353,0.0050020000000000004,0.00500002,0.002453668
rlc_r0.02_a1_t0.001_b400,1,0,7,0,732,894,163,3498,136,0.028452616641487793,0.027588496123482353,0.0050020000000000004,0.00500002,0.0024265570000000002
rlc_r0.02_a1_t0.001_b400,1,0,8,0,732,894,163,3498,136,0.028452616641487793,0.027588496123482353,0.0050020000000000004,0.00500002,0.0024342909999999999
rlc_r0.02_a1_t0.001_b400,1,0,9,0,732,894,163,3498,136,0.028452616641487793,0.027588496123482353,0.0050020000000000004,0.00500002,0.0024223169999999998
rlc_r0.02_a1_t0.001_b400,1,0,10,0,732,894,163,3498,136,0.028452616641487793,0.027588496123482353,0.0050020000000000004,0.00500002,0.0024426970000000002
rlc_r0.02_a1_t0.001_b400,1,1,0,1,6425,6440,16,20970,275,0.00025830810763238787,0.00025940944230407048,0.0050020000000000004,0.00500002,0.015028819000000001
rlc_r0.02_a1_t0.001_b400,1,1,1,1,6425,6440,16,20970,275,0.00025830810763238787,0.00025940944230407048,0.0050020000000000004,0.00500002,0.014974075
rlc_r0.02_a1_t0.001_b400,1,1,2,1,6425,6440,16,20970,275,0.00025830810763238787,0.00025940944230407048,0.0050020000000000004,0.00500002,0.014921185
rlc_r0.02_a1_t0.001_b400,1,1,3,1,6425,6440,16,20970,275,0.00025830810763238787,0.00025940944230407048,0.0050020000000000004,0.00500002,0.014915833999999999
rlc_r0.02_a1_t0.001_b400,1,1,4,1,6425,6440,16,20970,275,0.00025830810763238787,0.00025940944230407048,0.0050020000000000004,0.00500002,0.014913711
rlc_r0.02_a1_t0.001_b400,1,1,5,1,6425,6440,16,20970,275,0.00025830810763238787,0.00025940944230407048,0.0050020000000000004,0.00500002,0.014963124
rlc_r0.02_a1_t0.001_b400,1,1,6,1,6425,6440,16,20970,275,0.00025830810763238787,0.00025940944230407048,0.0050020000000000004,0.00500002,0.014893612000000001
rlc_r0.02_a1_t0.001_b400,1,1,7,1,6425,6440,16,20970,275,0.00025830810763238787,0.00025940944230407048,0.0050020000000000004,0.00500002,0.014899023000000001
rlc_r0.02_a1_t0.001_b400,1,1,8,1,6425,6440,16,20970,275,0.00025830810763238787,0.00025940944230407048,0.0050020000000000004,0.00500002,0.014879707000000001
rlc_r0.02_a1_t0.001_b400,1,1,9,1,6425,6440,16,20970,275,0.00025830810763238787,0.00025940944230407048,0.0050020000000000004,0.00500002,0.014777350999999999
rlc_r0.02_a1_t0.001_b400,1,1,10,1,6425,6440,16,20970,275,0.00025830810763238787,0.00025940944230407048,0.0050020000000000004,0.00500002,0.014790236
rlc_r0.02_a100_t0.001_b0,0,0,0,0,772,951,180,8559,951,2.8377755692319653,2.7523669609420125,0.50000199999999995,0.50000001999999999,0.004989261
rlc_r0.02_a100_t0.001_b0,0,0,1,0,772,951,180,8559,951,2.8377755692319653,2.7523669609420125,0.50000199999999995,0.50000001999999999,0.0049626310000000003
rlc_r0.02_a100_t0.001_b0,0,0,2,0,772,951,180,8559,951,2.8377755692319653,2.7523669609420125,0.50000199999999995,0.50000001999999999,0.0049628099999999998
rlc_r0.02_a100_t0.001_b0,0,0,3,0,772,951,180,8559,951,2.8377755692319653,2.7523669609420125,0.50000199999999995,0.50000001999999999,0.0049860750000000004
rlc_r0.02_a100_t0.001_b0,0,0,4,0,772,951,180,8559,951,2.8377755692319653,2.7523669609420125,0.50000199999999995,0.50000001999999999,0.00495693
rlc_r0.02_a100_t0.001_b0,0,0,5,0,772,951,180,8559,951,2.8377755692319653,2.7523669609420125,0.50000199999999995,0.50000001999999999,0.0049819479999999999
rlc_r0.02_a100_t0.001_b0,0,0,6,0,772,951,180,8559,951,2.8377755692319653,2.7523669609420125,0.50000199999999995,0.50000001999999999,0.0050176939999999996
rlc_r0.02_a100_t0.001_b0,0,0,7,0,772,951,180,8559,951,2.8377755692319653,2.7523669609420125,0.50000199999999995,0.50000001999999999,0.0049641640000000001
rlc_r0.02_a100_t0.001_b0,0,0,8,0,772,951,180,8559,951,2.8377755692319653,2.7523669609420125,0.50000199999999995,0.50000001999999999,0.0049728699999999999
rlc_r0.02_a100_t0.001_b0,0,0,9,0,772,951,180,8559,951,2.8377755692319653,2.7523669609420125,0.50000199999999995,0.50000001999999999,0.0049919659999999996
rlc_r0.02_a100_t0.001_b0,0,0,10,0,772,951,180,8559,951,2.8377755692319653,2.7523669609420125,0.50000199999999995,0.50000001999999999,0.0049941600000000001
rlc_r0.02_a100_t0.001_b0,0,1,0,1,6456,6471,16,58239,6471,0.025104005990954192,0.025267161008258654,0.50000199999999995,0.50000001999999999,0.033838957000000003
rlc_r0.02_a100_t0.001_b0,0,1,1,1,6456,6471,16,58239,6471,0.025104005990954192,0.025267161008258654,0.50000199999999995,0.50000001999999999,0.033978218999999997
rlc_r0.02_a100_t0.001_b0,0,1,2,1,6456,6471,16,58239,6471,0.025104005990954192,0.025267161008258654,0.50000199999999995,0.50000001999999999,0.034060426999999997
rlc_r0.02_a100_t0.001_b0,0,1,3,1,6456,6471,16,58239,6471,0.025104005990954192,0.025267161008258654,0.50000199999999995,0.50000001999999999,0.033793320000000002
rlc_r0.02_a100_t0.001_b0,0,1,4,1,6456,6471,16,58239,6471,0.025104005990954192,0.025267161008258654,0.50000199999999995,0.50000001999999999,0.033844104999999999
rlc_r0.02_a100_t0.001_b0,0,1,5,1,6456,6471,16,58239,6471,0.025104005990954192,0.025267161008258654,0.50000199999999995,0.50000001999999999,0.033817445000000002
rlc_r0.02_a100_t0.001_b0,0,1,6,1,6456,6471,16,58239,6471,0.025104005990954192,0.025267161008258654,0.50000199999999995,0.50000001999999999,0.033741410999999999
rlc_r0.02_a100_t0.001_b0,0,1,7,1,6456,6471,16,58239,6471,0.025104005990954192,0.025267161008258654,0.50000199999999995,0.50000001999999999,0.033847162
rlc_r0.02_a100_t0.001_b0,0,1,8,1,6456,6471,16,58239,6471,0.025104005990954192,0.025267161008258654,0.50000199999999995,0.50000001999999999,0.033973171000000003
rlc_r0.02_a100_t0.001_b0,0,1,9,1,6456,6471,16,58239,6471,0.025104005990954192,0.025267161008258654,0.50000199999999995,0.50000001999999999,0.033882017
rlc_r0.02_a100_t0.001_b0,0,1,10,1,6456,6471,16,58239,6471,0.025104005990954192,0.025267161008258654,0.50000199999999995,0.50000001999999999,0.034041661000000001
rlc_r0.02_a100_t0.001_b0,1,0,0,0,767,934,168,3654,142,2.8423129405239749,2.7563339353833598,0.50000199999999995,0.50000001999999999,0.0025366450000000001
rlc_r0.02_a100_t0.001_b0,1,0,1,0,767,934,168,3654,142,2.8423129405239749,2.7563339353833598,0.50000199999999995,0.50000001999999999,0.0025351929999999998
rlc_r0.02_a100_t0.001_b0,1,0,2,0,767,934,168,3654,142,2.8423129405239749,2.7563339353833598,0.50000199999999995,0.50000001999999999,0.0025142229999999999
rlc_r0.02_a100_t0.001_b0,1,0,3,0,767,934,168,3654,142,2.8423129405239749,2.7563339353833598,0.50000199999999995,0.50000001999999999,0.0025398019999999999
rlc_r0.02_a100_t0.001_b0,1,0,4,0,767,934,168,3654,142,2.8423129405239749,2.7563339353833598,0.50000199999999995,0.50000001999999999,0.0025216470000000001
rlc_r0.02_a100_t0.001_b0,1,0,5,0,767,934,168,3654,142,2.8423129405239749,2.7563339353833598,0.50000199999999995,0.50000001999999999,0.0024986040000000002
rlc_r0.02_a100_t0.001_b0,1,0,6,0,767,934,168,3654,142,2.8423129405239749,2.7563339353833598,0.50000199999999995,0.50000001999999999,0.002536104
rlc_r0.02_a100_t0.001_b0,1,0,7,0,767,934,168,3654,142,2.8423129405239749,2.7563339353833598,0.50000199999999995,0.50000001999999999,0.002496949
rlc_r0.02_a100_t0.001_b0,1,0,8,0,767,934,168,3654,142,2.8423129405239749,2.7563339353833598,0.50000199999999995,0.50000001999999999,0.0025439400000000002
rlc_r0.02_a100_t0.001_b0,1,0,9,0,767,934,168,3654,142,2.8423129405239749,2.7563339353833598,0.50000199999999995,0.50000001999999999,0.002556713
rlc_r0.02_a100_t0.001_b0,1,0,10,0,767,934,168,3654,142,2.8423129405239749,2.7563339353833598,0.50000199999999995,0.50000001999999999,0.0025112670000000002
rlc_r0.02_a100_t0.001_b0,1,1,0,1,6456,6471,16,21093,280,0.025074905334633968,0.025237904676487233,0.50000199999999995,0.50000001999999999,0.015030231999999999
rlc_r0.02_a100_t0.001_b0,1,1,1,1,6456,6471,16,21093,280,0.025074905334633968,0.025237904676487233,0.50000199999999995,0.50000001999999999,0.014988713000000001
rlc_r0.02_a100_t0.001_b0,1,1,2,1,6456,6471,16,21093,280,0.025074905334633968,0.025237904676487233,0.50000199999999995,0.50000001999999999,0.015027897
rlc_r0.02_a100_t0.001_b0,1,1,3,1,6456,6471,16,21093,280,0.025074905334633968,0.025237904676487233,0.50000199999999995,0.50000001999999999,0.014991197
rlc_r0.02_a100_t0.001_b0,1,1,4,1,6456,6471,16,21093,280,0.025074905334633968,0.025237904676487233,0.50000199999999995,0.50000001999999999,0.014839448999999999
rlc_r0.02_a100_t0.001_b0,1,1,5,1,6456,6471,16,21093,280,0.025074905334633968,0.025237904676487233,0.50000199999999995,0.50000001999999999,0.014814222
rlc_r0.02_a100_t0.001_b0,1,1,6,1,6456,6471,16,21093,280,0.025074905334633968,0.025237904676487233,0.50000199999999995,0.50000001999999999,0.01490291
rlc_r0.02_a100_t0.001_b0,1,1,7,1,6456,6471,16,21093,280,0.025074905334633968,0.025237904676487233,0.50000199999999995,0.50000001999999999,0.014896888
rlc_r0.02_a100_t0.001_b0,1,1,8,1,6456,6471,16,21093,280,0.025074905334633968,0.025237904676487233,0.50000199999999995,0.50000001999999999,0.01499254
rlc_r0.02_a100_t0.001_b0,1,1,9,1,6456,6471,16,21093,280,0.025074905334633968,0.025237904676487233,0.50000199999999995,0.50000001999999999,0.014842285
rlc_r0.02_a100_t0.001_b0,1,1,10,1,6456,6471,16,21093,280,0.025074905334633968,0.025237904676487233,0.50000199999999995,0.50000001999999999,0.015046273000000001
rlc_r0.5_a0.001_t9.9999999999999995e-07_b0,0,0,0,1,510,585,76,5265,585,2.5445575947047241e-06,2.514973392938962e-06,7.0000000000000007e-06,5.0200000000000002e-06,0.0031025599999999999
rlc_r0.5_a0.001_t9.9999999999999995e-07_b0,0,0,1,1,510,585,76,5265,585,2.5445575947047241e-06,2.514973392938962e-06,7.0000000000000007e-06,5.0200000000000002e-06,0.0031039819999999999
rlc_r0.5_a0.001_t9.9999999999999995e-07_b0,0,0,2,1,510,585,76,5265,585,2.5445575947047241e-06,2.514973392938962e-06,7.0000000000000007e-06,5.0200000000000002e-06,0.003067092
rlc_r0.5_a0.001_t9.9999999999999995e-07_b0,0,0,3,1,510,585,76,5265,585,2.5445575947047241e-06,2.514973392938962e-06,7.0000000000000007e-06,5.0200000000000002e-06,0.003093733
rlc_r0.5_a0.001_t9.9999999999999995e-07_b0,0,0,4,1,510,585,76,5265,585,2.5445575947047241e-06,2.514973392938962e-06,7.0000000000000007e-06,5.0200000000000002e-06,0.003092521
rlc_r0.5_a0.001_t9.9999999999999995e-07_b0,0,0,5,1,510,585,76,5265,585,2.5445575947047241e-06,2.514973392938962e-06,7.0000000000000007e-06,5.0200000000000002e-06,0.0030877909999999999
rlc_r0.5_a0.001_t9.9999999999999995e-07_b0,0,0,6,1,510,585,76,5265,585,2.5445575947047241e-06,2.514973392938962e-06,7.0000000000000007e-06,5.0200000000000002e-06,0.003075628
rlc_r0.5_a0.001_t9.9999999999999995e-07_b0,0,0,7,1,510,585,76,5265,585,2.5445575947047241e-06,2.514973392938962e-06,7.0000000000000007e-06,5.0200000000000002e-06,0.0030763299999999999
rlc_r0.5_a0.001_t9.9999999999999995e-07_b0,0,0,8,1,510,585,76,5265,585,2.5445575947047241e-06,2.514973392938962e-06,7.0000000000000007e-06,5.0200000000000002e-06,0.003114913
rlc_r0.5_a0.001_t9.9999999999999995e-07_b0,0,0,9,1,510,585,76,5265,585,2.5445575947047241e-06,2.514973392938962e-06,7.0000000000000007e-06,5.0200000000000002e-06,0.0030832730000000001
rlc_r0.5_a0.001_t9.9999999999999995e-07_b0,0,0,10,1,510,585,76,5265,585,2.5445575947047241e-06,2.514973392938962e-06,7.0000000000000007e-06,5.0200000000000002e-06,0.0030837439999999998
rlc_r0.5_a0.001_t9.9999999999999995e-07_b0,0,1,0,1,6423,6436,14,57924,6436,6.5732158049947031e-09,8.3995511032935056e-09,7.0000000000000007e-06,5.0200000000000002e-06,0.034223476000000003
rlc_r0.5_a0.001_t9.9999999999999995e-07_b0,0,1,1,1,6423,6436,14,57924,6436,6.5732158049947031e-09,8.3995511032935056e-09,7.0000000000000007e-06,5.0200000000000002e-06,0.033989211999999998
rlc_r0.5_a0.001_t9.9999999999999995e-07_b0,0,1,2,1,6423,6436,14,57924,6436,6.5732158049947031e-09,8.3995511032935056e-09,7.0000000000000007e-06,5.0200000000000002e-06,0.034173993
rlc_r0.5_a0.001_t9.9999999999999995e-07_b0,0,1,3,1,6423,6436,14,57924,6436,6.5732158049947031e-09,8.3995511032935056e-09,7.0000000000000007e-06,5.0200000000000002e-06,0.033924989000000003
rlc_r0.5_a0.001_t9.9999999999999995e-07_b0,0,1,4,1,6423,6436,14,57924,6436,6.5732158049947031e-09,8.3995511032935056e-09,7.0000000000000007e-06,5.0200000000000002e-06,0.034906708000000002
rlc_r0.5_a0.001_t9.9999999999999995e-07_b0,0,1,5,1,6423,6436,14,57924,6436,6.5732158049947031e-09,8.3995511032935056e-09,7.0000000000000007e-06,5.0200000000000002e-06,0.035021460999999997
rlc_r0.5_a0.001_t9.9999999999999995e-07_b0,0,1,6,1,6423,6436,14,57924,6436,6.5732158049947031e-09,8.3995511032935056e-09,7.0000000000000007e-06,5.0200000000000002e-06,0.035112171999999997
rlc_r0.5_a0.001_t9.9999999999999995e-07_b0,0,1,7,1,6423,6436,14,57924,6436,6.5732158049947031e-09,8.3995511032935056e-09,7.0000000000000007e-06,5.0200000000000002e-06,0.035076095000000002
rlc_r0.5_a0.001_t9.9999999999999995e-07_b0,0,1,8,1,6423,6436,14,57924,6436,6.5732158049947031e-09,8.3995511032935056e-09,7.0000000000000007e-06,5.0200000000000002e-06,0.034758662000000003
rlc_r0.5_a0.001_t9.9999999999999995e-07_b0,0,1,9,1,6423,6436,14,57924,6436,6.5732158049947031e-09,8.3995511032935056e-09,7.0000000000000007e-06,5.0200000000000002e-06,0.034807894999999998
rlc_r0.5_a0.001_t9.9999999999999995e-07_b0,0,1,10,1,6423,6436,14,57924,6436,6.5732158049947031e-09,8.3995511032935056e-09,7.0000000000000007e-06,5.0200000000000002e-06,0.034937260999999997
rlc_r0.5_a0.001_t9.9999999999999995e-07_b0,1,0,0,1,517,595,79,2679,149,2.4660083572070838e-06,2.4749649670478672e-06,7.0000000000000007e-06,5.0200000000000002e-06,0.001906399
rlc_r0.5_a0.001_t9.9999999999999995e-07_b0,1,0,1,1,517,595,79,2679,149,2.4660083572070838e-06,2.4749649670478672e-06,7.0000000000000007e-06,5.0200000000000002e-06,0.0018588879999999999
rlc_r0.5_a0.001_t9.9999999999999995e-07_b0,1,0,2,1,517,595,79,2679,149,2.4660083572070838e-06,2.4749649670478672e-06,7.0000000000000007e-06,5.0200000000000002e-06,0.001901589
rlc_r0.5_a0.001_t9.9999999999999995e-07_b0,1,0,3,1,517,595,79,2679,149,2.4660083572070838e-06,2.4749649670478672e-06,7.0000000000000007e-06,5.0200000000000002e-06,0.0018554019999999999
rlc_r0.5_a0.001_t9.9999999999999995e-07_b0,1,0,4,1,517,595,79,2679,149,2.4660083572070838e-06,2.4749649670478672e-06,7.0000000000000007e-06,5.0200000000000002e-06,0.001877865
rlc_r0.5_a0.001_t9.9999999999999995e-07_b0,1,0,5,1,517,595,79,2679,149,2.4660083572070838e-06,2.4749649670478672e-06,7.0000000000000007e-06,5.0200000000000002e-06,0.0018674150000000001
rlc_r0.5_a0.001_t9.9999999999999995e-07_b0,1,0,6,1,517,595,79,2679,149,2.4660083572070838e-06,2.4749649670478672e-06,7.0000000000000007e-06,5.0200000000000002e-06,0.001876071
rlc_r0.5_a0.001_t9.9999999999999995e-07_b0,1,0,7,1,517,595,79,2679,149,2.4660083572070838e-06,2.4749649670478672e-06,7.0000000000000007e-06,5.0200000000000002e-06,0.001857235
rlc_r0.5_a0.001_t9.9999999999999995e-07_b0,1,0,8,1,517,595,79,2679,149,2.4660083572070838e-06,2.4749649670478672e-06,7.0000000000000007e-06,5.0200000000000002e-06,0.0018704209999999999
rlc_r0.5_a0.001_t9.9999999999999995e-07_b0,1,0,9,1,517,595,79,2679,149,2.4660083572070838e-06,2.4749649670478672e-06,7.0000000000000007e-06,5.0200000000000002e-06,0.001865331
rlc_r0.5_a0.001_t9.9999999999999995e-07_b0,1,0,10,1,517,595,79,2679,149,2.4660083572070838e-06,2.4749649670478672e-06,7.0000000000000007e-06,5.0200000000000002e-06,0.0018969709999999999
rlc_r0.5_a0.001_t9.9999999999999995e-07_b0,1,1,0,1,6423,6436,14,20952,274,6.5732158238598209e-09,8.3995511349793141e-09,7.0000000000000007e-06,5.0200000000000002e-06,0.015351821999999999
rlc_r0.5_a0.001_t9.9999999999999995e-07_b0,1,1,1,1,6423,6436,14,20952,274,6.5732158238598209e-09,8.3995511349793141e-09,7.0000000000000007e-06,5.0200000000000002e-06,0.01547199
rlc_r0.5_a0.001_t9.9999999999999995e-07_b0,1,1,2,1,6423,6436,14,20952,274,6.5732158238598209e-09,8.3995511349793141e-09,7.0000000000000007e-06,5.0200000000000002e-06,0.015391647
rlc_r0.5_a0.001_t9.9999999999999995e-07_b0,1,1,3,1,6423,6436,14,20952,274,6.5732158238598209e-09,8.3995511349793141e-09,7.0000000000000007e-06,5.0200000000000002e-06,0.015419921
rlc_r0.5_a0.001_t9.9999999999999995e-07_b0,1,1,4,1,6423,6436,14,20952,274,6.5732158238598209e-09,8.3995511349793141e-09,7.0000000000000007e-06,5.0200000000000002e-06,0.015291218000000001
rlc_r0.5_a0.001_t9.9999999999999995e-07_b0,1,1,5,1,6423,6436,14,20952,274,6.5732158238598209e-09,8.3995511349793141e-09,7.0000000000000007e-06,5.0200000000000002e-06,0.015356461
rlc_r0.5_a0.001_t9.9999999999999995e-07_b0,1,1,6,1,6423,6436,14,20952,274,6.5732158238598209e-09,8.3995511349793141e-09,7.0000000000000007e-06,5.0200000000000002e-06,0.015325401000000001
rlc_r0.5_a0.001_t9.9999999999999995e-07_b0,1,1,7,1,6423,6436,14,20952,274,6.5732158238598209e-09,8.3995511349793141e-09,7.0000000000000007e-06,5.0200000000000002e-06,0.015207979
rlc_r0.5_a0.001_t9.9999999999999995e-07_b0,1,1,8,1,6423,6436,14,20952,274,6.5732158238598209e-09,8.3995511349793141e-09,7.0000000000000007e-06,5.0200000000000002e-06,0.015460288000000001
rlc_r0.5_a0.001_t9.9999999999999995e-07_b0,1,1,9,1,6423,6436,14,20952,274,6.5732158238598209e-09,8.3995511349793141e-09,7.0000000000000007e-06,5.0200000000000002e-06,0.015184273999999999
rlc_r0.5_a0.001_t9.9999999999999995e-07_b0,1,1,10,1,6423,6436,14,20952,274,6.5732158238598209e-09,8.3995511349793141e-09,7.0000000000000007e-06,5.0200000000000002e-06,0.015112598
rlc_r0.5_a1_t9.9999999999999995e-07_b0,0,0,0,1,652,799,148,7191,799,0.0019131658405742158,0.0020112964372204223,0.0050020000000000004,0.00500002,0.004348785
rlc_r0.5_a1_t9.9999999999999995e-07_b0,0,0,1,1,652,799,148,7191,799,0.0019131658405742158,0.0020112964372204223,0.0050020000000000004,0.00500002,0.0043437959999999996
rlc_r0.5_a1_t9.9999999999999995e-07_b0,0,0,2,1,652,799,148,7191,799,0.0019131658405742158,0.0020112964372204223,0.0050020000000000004,0.00500002,0.0042724
rlc_r0.5_a1_t9.9999999999999995e-07_b0,0,0,3,1,652,799,148,7191,799,0.0019131658405742158,0.0020112964372204223,0.0050020000000000004,0.00500002,0.0043191690000000003
rlc_r0.5_a1_t9.9999999999999995e-07_b0,0,0,4,1,652,799,148,7191,799,0.0019131658405742158,0.0020112964372204223,0.0050020000000000004,0.00500002,0.0042815980000000002
rlc_r0.5_a1_t9.9999999999999995e-07_b0,0,0,5,1,652,799,148,7191,799,0.0019131658405742158,0.0020112964372204223,0.0050020000000000004,0.00500002,0.0042790830000000004
rlc_r0.5_a1_t9.9999999999999995e-07_b0,0,0,6,1,652,799,148,7191,799,0.0019131658405742158,0.0020112964372204223,0.0050020000000000004,0.00500002,0.0042852539999999996
rlc_r0.5_a1_t9.9999999999999995e-07_b0,0,0,7,1,652,799,148,7191,799,0.0019131658405742158,0.0020112964372204223,0.0050020000000000004,0.00500002,0.0043233070000000002
rlc_r0.5_a1_t9.9999999999999995e-07_b0,0,0,8,1,652,799,148,7191,799,0.0019131658405742158,0.0020112964372204223,0.0050020000000000004,0.00500002,0.0043237980000000002
rlc_r0.5_a1_t9.9999999999999995e-07_b0,0,0,9,1,652,799,148,7191,799,0.0019131658405742158,0.0020112964372204223,0.0050020000000000004,0.00500002,0.0043055919999999996
rlc_r0.5_a1_t9.9999999999999995e-07_b0,0,0,10,1,652,799,148,7191,799,0.0019131658405742158,0.0020112964372204223,0.0050020000000000004,0.00500002,0.0043112039999999999
rlc_r0.5_a1_t9.9999999999999995e-07_b0,0,1,0,1,6437,6459,23,58131,6459,7.8486482432138516e-06,1.1318259463710678e-05,0.0050020000000000004,0.00500002,0.034965795000000001
rlc_r0.5_a1_t9.9999999999999995e-07_b0,0,1,1,1,6437,6459,23,58131,6459,7.8486482432138516e-06,1.1318259463710678e-05,0.0050020000000000004,0.00500002,0.035415928999999999
rlc_r0.5_a1_t9.9999999999999995e-07_b0,0,1,2,1,6437,6459,23,58131,6459,7.8486482432138516e-06,1.1318259463710678e-05,0.0050020000000000004,0.00500002,0.034952981000000001
rlc_r0.5_a1_t9.9999999999999995e-07_b0,0,1,3,1,6437,6459,23,58131,6459,7.8486482432138516e-06,1.1318259463710678e-05,0.0050020000000000004,0.00500002,0.035028443999999999
rlc_r0.5_a1_t9.9999999999999995e-07_b0,0,1,4,1,6437,6459,23,58131,6459,7.8486482432138516e-06,1.1318259463710678e-05,0.0050020000000000004,0.00500002,0.034883028000000003
rlc_r0.5_a1_t9.9999999999999995e-07_b0,0,1,5,1,6437,6459,23,58131,6459,7.8486482432138516e-06,1.1318259463710678e-05,0.0050020000000000004,0.00500002,0.034809118
rlc_r0.5_a1_t9.9999999999999995e-07_b0,0,1,6,1,6437,6459,23,58131,6459,7.8486482432138516e-06,1.1318259463710678e-05,0.0050020000000000004,0.00500002,0.034855074999999999
rlc_r0.5_a1_t9.9999999999999995e-07_b0,0,1,7,1,6437,6459,23,58131,6459,7.8486482432138516e-06,1.1318259463710678e-05,0.0050020000000000004,0.00500002,0.034917824
rlc_r0.5_a1_t9.9999999999999995e-07_b0,0,1,8,1,6437,6459,23,58131,6459,7.8486482432138516e-06,1.1318259463710678e-05,0.0050020000000000004,0.00500002,0.034964764000000002
rlc_r0.5_a1_t9.9999999999999995e-07_b0,0,1,9,1,6437,6459,23,58131,6459,7.8486482432138516e-06,1.1318259463710678e-05,0.0050020000000000004,0.00500002,0.034896182999999997
rlc_r0.5_a1_t9.9999999999999995e-07_b0,0,1,10,1,6437,6459,23,58131,6459,7.8486482432138516e-06,1.1318259463710678e-05,0.0050020000000000004,0.00500002,0.034824596999999999
rlc_r0.5_a1_t9.9999999999999995e-07_b0,1,0,0,1,656,796,141,3354,161,0.0018622244228603257,0.0019737302517635058,0.0050020000000000004,0.00500002,0.002403863
rlc_r0.5_a1_t9.9999999999999995e-07_b0,1,0,1,1,656,796,141,3354,161,0.0018622244228603257,0.0019737302517635058,0.0050020000000000004,0.00500002,0.0023417550000000001
rlc_r0.5_a1_t9.9999999999999995e-07_b0,1,0,2,1,656,796,141,3354,161,0.0018622244228603257,0.0019737302517635058,0.0050020000000000004,0.00500002,0.002356333
rlc_r0.5_a1_t9.9999999999999995e-07_b0,1,0,3,1,656,796,141,3354,161,0.0018622244228603257,0.0019737302517635058,0.0050020000000000004,0.00500002,0.0023693680000000002
rlc_r0.5_a1_t9.9999999999999995e-07_b0,1,0,4,1,656,796,141,3354,161,0.0018622244228603257,0.0019737302517635058,0.0050020000000000004,0.00500002,0.0023677540000000001
rlc_r0.5_a1_t9.9999999999999995e-07_b0,1,0,5,1,656,796,141,3354,161,0.0018622244228603257,0.0019737302517635058,0.0050020000000000004,0.00500002,0.002361092
rlc_r0.5_a1_t9.9999999999999995e-07_b0,1,0,6,1,656,796,141,3354,161,0.0018622244228603257,0.0019737302517635058,0.0050020000000000004,0.00500002,0.0023966090000000001
rlc_r0.5_a1_t9.9999999999999995e-07_b0,1,0,7,1,656,796,141,3354,161,0.0018622244228603257,0.0019737302517635058,0.0050020000000000004,0.00500002,0.002346655
rlc_r0.5_a1_t9.9999999999999995e-07_b0,1,0,8,1,656,796,141,3354,161,0.0018622244228603257,0.0019737302517635058,0.0050020000000000004,0.00500002,0.0023650699999999999
rlc_r0.5_a1_t9.9999999999999995e-07_b0,1,0,9,1,656,796,141,3354,161,0.0018622244228603257,0.0019737302517635058,0.0050020000000000004,0.00500002,0.0023620640000000001
rlc_r0.5_a1_t9.9999999999999995e-07_b0,1,0,10,1,656,796,141,3354,161,0.0018622244228603257,0.0019737302517635058,0.0050020000000000004,0.00500002,0.0023358540000000001
rlc_r0.5_a1_t9.9999999999999995e-07_b0,1,1,0,1,6436,6461,26,21153,295,8.3009751558060785e-06,1.0754204661150846e-05,0.0050020000000000004,0.00500002,0.015855728999999999
rlc_r0.5_a1_t9.9999999999999995e-07_b0,1,1,1,1,6436,6461,26,21153,295,8.3009751558060785e-06,1.0754204661150846e-05,0.0050020000000000004,0.00500002,0.015537723999999999
rlc_r0.5_a1_t9.9999999999999995e-07_b0,1,1,2,1,6436,6461,26,21153,295,8.3009751558060785e-06,1.0754204661150846e-05,0.0050020000000000004,0.00500002,0.015399022
rlc_r0.5_a1_t9.9999999999999995e-07_b0,1,1,3,1,6436,6461,26,21153,295,8.3009751558060785e-06,1.0754204661150846e-05,0.0050020000000000004,0.00500002,0.015436092
rlc_r0.5_a1_t9.9999999999999995e-07_b0,1,1,4,1,6436,6461,26,21153,295,8.3009751558060785e-06,1.0754204661150846e-05,0.0050020000000000004,0.00500002,0.015734689
rlc_r0.5_a1_t9.9999999999999995e-07_b0,1,1,5,1,6436,6461,26,21153,295,8.3009751558060785e-06,1.0754204661150846e-05,0.0050020000000000004,0.00500002,0.01542462
rlc_r0.5_a1_t9.9999999999999995e-07_b0,1,1,6,1,6436,6461,26,21153,295,8.3009751558060785e-06,1.0754204661150846e-05,0.0050020000000000004,0.00500002,0.015480806999999999
rlc_r0.5_a1_t9.9999999999999995e-07_b0,1,1,7,1,6436,6461,26,21153,295,8.3009751558060785e-06,1.0754204661150846e-05,0.0050020000000000004,0.00500002,0.015352624
rlc_r0.5_a1_t9.9999999999999995e-07_b0,1,1,8,1,6436,6461,26,21153,295,8.3009751558060785e-06,1.0754204661150846e-05,0.0050020000000000004,0.00500002,0.015318760000000001
rlc_r0.5_a1_t9.9999999999999995e-07_b0,1,1,9,1,6436,6461,26,21153,295,8.3009751558060785e-06,1.0754204661150846e-05,0.0050020000000000004,0.00500002,0.015276669
rlc_r0.5_a1_t9.9999999999999995e-07_b0,1,1,10,1,6436,6461,26,21153,295,8.3009751558060785e-06,1.0754204661150846e-05,0.0050020000000000004,0.00500002,0.015273003
rlc_r0.5_a1_t0.001_b400,0,0,0,1,652,799,148,7191,799,0.0019131662451883358,0.0020112969032872186,0.0050020000000000004,0.00500002,0.0042826499999999998
rlc_r0.5_a1_t0.001_b400,0,0,1,1,652,799,148,7191,799,0.0019131662451883358,0.0020112969032872186,0.0050020000000000004,0.00500002,0.0043468020000000003
rlc_r0.5_a1_t0.001_b400,0,0,2,1,652,799,148,7191,799,0.0019131662451883358,0.0020112969032872186,0.0050020000000000004,0.00500002,0.0042523409999999998
rlc_r0.5_a1_t0.001_b400,0,0,3,1,652,799,148,7191,799,0.0019131662451883358,0.0020112969032872186,0.0050020000000000004,0.00500002,0.0043143900000000004
rlc_r0.5_a1_t0.001_b400,0,0,4,1,652,799,148,7191,799,0.0019131662451883358,0.0020112969032872186,0.0050020000000000004,0.00500002,0.0043694340000000002
rlc_r0.5_a1_t0.001_b400,0,0,5,1,652,799,148,7191,799,0.0019131662451883358,0.0020112969032872186,0.0050020000000000004,0.00500002,0.0042974679999999996
rlc_r0.5_a1_t0.001_b400,0,0,6,1,652,799,148,7191,799,0.0019131662451883358,0.0020112969032872186,0.0050020000000000004,0.00500002,0.0042877100000000001
rlc_r0.5_a1_t0.001_b400,0,0,7,1,652,799,148,7191,799,0.0019131662451883358,0.0020112969032872186,0.0050020000000000004,0.00500002,0.004269274
rlc_r0.5_a1_t0.001_b400,0,0,8,1,652,799,148,7191,799,0.0019131662451883358,0.0020112969032872186,0.0050020000000000004,0.00500002,0.0043145090000000002
rlc_r0.5_a1_t0.001_b400,0,0,9,1,652,799,148,7191,799,0.0019131662451883358,0.0020112969032872186,0.0050020000000000004,0.00500002,0.0042849740000000004
rlc_r0.5_a1_t0.001_b400,0,0,10,1,652,799,148,7191,799,0.0019131662451883358,0.0020112969032872186,0.0050020000000000004,0.00500002,0.0042716890000000004
rlc_r0.5_a1_t0.001_b400,0,1,0,1,6437,6459,23,58131,6459,7.849031236295545e-06,1.13179986199613e-05,0.0050020000000000004,0.00500002,0.034964212000000001
rlc_r0.5_a1_t0.001_b400,0,1,1,1,6437,6459,23,58131,6459,7.849031236295545e-06,1.13179986199613e-05,0.0050020000000000004,0.00500002,0.037351563999999997
rlc_r0.5_a1_t0.001_b400,0,1,2,1,6437,6459,23,58131,6459,7.849031236295545e-06,1.13179986199613e-05,0.0050020000000000004,0.00500002,0.036864259000000003
rlc_r0.5_a1_t0.001_b400,0,1,3,1,6437,6459,23,58131,6459,7.849031236295545e-06,1.13179986199613e-05,0.0050020000000000004,0.00500002,0.035811330000000002
rlc_r0.5_a1_t0.001_b400,0,1,4,1,6437,6459,23,58131,6459,7.849031236295545e-06,1.13179986199613e-05,0.0050020000000000004,0.00500002,0.034682147000000003
rlc_r0.5_a1_t0.001_b400,0,1,5,1,6437,6459,23,58131,6459,7.849031236295545e-06,1.13179986199613e-05,0.0050020000000000004,0.00500002,0.034807124000000002
rlc_r0.5_a1_t0.001_b400,0,1,6,1,6437,6459,23,58131,6459,7.849031236295545e-06,1.13179986199613e-05,0.0050020000000000004,0.00500002,0.034613205000000001
rlc_r0.5_a1_t0.001_b400,0,1,7,1,6437,6459,23,58131,6459,7.849031236295545e-06,1.13179986199613e-05,0.0050020000000000004,0.00500002,0.034668872000000003
rlc_r0.5_a1_t0.001_b400,0,1,8,1,6437,6459,23,58131,6459,7.849031236295545e-06,1.13179986199613e-05,0.0050020000000000004,0.00500002,0.034671315000000001
rlc_r0.5_a1_t0.001_b400,0,1,9,1,6437,6459,23,58131,6459,7.849031236295545e-06,1.13179986199613e-05,0.0050020000000000004,0.00500002,0.034617555000000001
rlc_r0.5_a1_t0.001_b400,0,1,10,1,6437,6459,23,58131,6459,7.849031236295545e-06,1.13179986199613e-05,0.0050020000000000004,0.00500002,0.034651087999999997
rlc_r0.5_a1_t0.001_b400,1,0,0,1,656,796,141,3354,161,0.0018622248532409458,0.0019737306736781202,0.0050020000000000004,0.00500002,0.0023503819999999998
rlc_r0.5_a1_t0.001_b400,1,0,1,1,656,796,141,3354,161,0.0018622248532409458,0.0019737306736781202,0.0050020000000000004,0.00500002,0.0023847059999999999
rlc_r0.5_a1_t0.001_b400,1,0,2,1,656,796,141,3354,161,0.0018622248532409458,0.0019737306736781202,0.0050020000000000004,0.00500002,0.0023575750000000002
rlc_r0.5_a1_t0.001_b400,1,0,3,1,656,796,141,3354,161,0.0018622248532409458,0.0019737306736781202,0.0050020000000000004,0.00500002,0.0023802889999999998
rlc_r0.5_a1_t0.001_b400,1,0,4,1,656,796,141,3354,161,0.0018622248532409458,0.0019737306736781202,0.0050020000000000004,0.00500002,0.002333089
rlc_r0.5_a1_t0.001_b400,1,0,5,1,656,796,141,3354,161,0.0018622248532409458,0.0019737306736781202,0.0050020000000000004,0.00500002,0.002321788
rlc_r0.5_a1_t0.001_b400,1,0,6,1,656,796,141,3354,161,0.0018622248532409458,0.0019737306736781202,0.0050020000000000004,0.00500002,0.0023543790000000002
rlc_r0.5_a1_t0.001_b400,1,0,7,1,656,796,141,3354,161,0.0018622248532409458,0.0019737306736781202,0.0050020000000000004,0.00500002,0.002380479
rlc_r0.5_a1_t0.001_b400,1,0,8,1,656,796,141,3354,161,0.0018622248532409458,0.0019737306736781202,0.0050020000000000004,0.00500002,0.002379557
rlc_r0.5_a1_t0.001_b400,1,0,9,1,656,796,141,3354,161,0.0018622248532409458,0.0019737306736781202,0.0050020000000000004,0.00500002,0.0023685870000000001
rlc_r0.5_a1_t0.001_b400,1,0,10,1,656,796,141,3354,161,0.0018622248532409458,0.0019737306736781202,0.0050020000000000004,0.00500002,0.0023294119999999999
rlc_r0.5_a1_t0.001_b400,1,1,0,1,6436,6461,26,21153,295,8.3023910983914817e-06,1.0752476415493151e-05,0.0050020000000000004,0.00500002,0.015416414
rlc_r0.5_a1_t0.001_b400,1,1,1,1,6436,6461,26,21153,295,8.3023910983914817e-06,1.0752476415493151e-05,0.0050020000000000004,0.00500002,0.015486097000000001
rlc_r0.5_a1_t0.001_b400,1,1,2,1,6436,6461,26,21153,295,8.3023910983914817e-06,1.0752476415493151e-05,0.0050020000000000004,0.00500002,0.015433557000000001
rlc_r0.5_a1_t0.001_b400,1,1,3,1,6436,6461,26,21153,295,8.3023910983914817e-06,1.0752476415493151e-05,0.0050020000000000004,0.00500002,0.015348897
rlc_r0.5_a1_t0.001_b400,1,1,4,1,6436,6461,26,21153,295,8.3023910983914817e-06,1.0752476415493151e-05,0.0050020000000000004,0.00500002,0.015444217
rlc_r0.5_a1_t0.001_b400,1,1,5,1,6436,6461,26,21153,295,8.3023910983914817e-06,1.0752476415493151e-05,0.0050020000000000004,0.00500002,0.015469826000000001
rlc_r0.5_a1_t0.001_b400,1,1,6,1,6436,6461,26,21153,295,8.3023910983914817e-06,1.0752476415493151e-05,0.0050020000000000004,0.00500002,0.015417797
rlc_r0.5_a1_t0.001_b400,1,1,7,1,6436,6461,26,21153,295,8.3023910983914817e-06,1.0752476415493151e-05,0.0050020000000000004,0.00500002,0.015474936
rlc_r0.5_a1_t0.001_b400,1,1,8,1,6436,6461,26,21153,295,8.3023910983914817e-06,1.0752476415493151e-05,0.0050020000000000004,0.00500002,0.015426944999999999
rlc_r0.5_a1_t0.001_b400,1,1,9,1,6436,6461,26,21153,295,8.3023910983914817e-06,1.0752476415493151e-05,0.0050020000000000004,0.00500002,0.015413909999999999
rlc_r0.5_a1_t0.001_b400,1,1,10,1,6436,6461,26,21153,295,8.3023910983914817e-06,1.0752476415493151e-05,0.0050020000000000004,0.00500002,0.015621454
rlc_r0.5_a100_t0.001_b0,0,0,0,1,686,826,141,7434,826,0.19115136872744642,0.20081774151415743,0.50000199999999995,0.50000001999999999,0.0044337159999999999
rlc_r0.5_a100_t0.001_b0,0,0,1,1,686,826,141,7434,826,0.19115136872744642,0.20081774151415743,0.50000199999999995,0.50000001999999999,0.0044201609999999997
rlc_r0.5_a100_t0.001_b0,0,0,2,1,686,826,141,7434,826,0.19115136872744642,0.20081774151415743,0.50000199999999995,0.50000001999999999,0.0044257020000000001
rlc_r0.5_a100_t0.001_b0,0,0,3,1,686,826,141,7434,826,0.19115136872744642,0.20081774151415743,0.50000199999999995,0.50000001999999999,0.0044290070000000004
rlc_r0.5_a100_t0.001_b0,0,0,4,1,686,826,141,7434,826,0.19115136872744642,0.20081774151415743,0.50000199999999995,0.50000001999999999,0.0044343079999999997
rlc_r0.5_a100_t0.001_b0,0,0,5,1,686,826,141,7434,826,0.19115136872744642,0.20081774151415743,0.50000199999999995,0.50000001999999999,0.0044228660000000001
rlc_r0.5_a100_t0.001_b0,0,0,6,1,686,826,141,7434,826,0.19115136872744642,0.20081774151415743,0.50000199999999995,0.50000001999999999,0.0044480140000000001
rlc_r0.5_a100_t0.001_b0,0,0,7,1,686,826,141,7434,826,0.19115136872744642,0.20081774151415743,0.50000199999999995,0.50000001999999999,0.0044634119999999999
rlc_r0.5_a100_t0.001_b0,0,0,8,1,686,826,141,7434,826,0.19115136872744642,0.20081774151415743,0.50000199999999995,0.50000001999999999,0.0044630030000000001
rlc_r0.5_a100_t0.001_b0,0,0,9,1,686,826,141,7434,826,0.19115136872744642,0.20081774151415743,0.50000199999999995,0.50000001999999999,0.0044005140000000003
rlc_r0.5_a100_t0.001_b0,0,0,10,1,686,826,141,7434,826,0.19115136872744642,0.20081774151415743,0.50000199999999995,0.50000001999999999,0.0044180060000000004
rlc_r0.5_a100_t0.001_b0,0,1,0,1,6471,6498,28,58482,6498,0.00081332637597597568,0.0010850427746689206,0.50000199999999995,0.50000001999999999,0.034940468000000002
rlc_r0.5_a100_t0.001_b0,0,1,1,1,6471,6498,28,58482,6498,0.00081332637597597568,0.0010850427746689206,0.50000199999999995,0.50000001999999999,0.034876234999999998
rlc_r0.5_a100_t0.001_b0,0,1,2,1,6471,6498,28,58482,6498,0.00081332637597597568,0.0010850427746689206,0.50000199999999995,0.50000001999999999,0.034787435999999998
rlc_r0.5_a100_t0.001_b0,0,1,3,1,6471,6498,28,58482,6498,0.00081332637597597568,0.0010850427746689206,0.50000199999999995,0.50000001999999999,0.034796173999999999
rlc_r0.5_a100_t0.001_b0,0,1,4,1,6471,6498,28,58482,6498,0.00081332637597597568,0.0010850427746689206,0.50000199999999995,0.50000001999999999,0.034769021999999997
rlc_r0.5_a100_t0.001_b0,0,1,5,1,6471,6498,28,58482,6498,0.00081332637597597568,0.0010850427746689206,0.50000199999999995,0.50000001999999999,0.035037020000000002
rlc_r0.5_a100_t0.001_b0,0,1,6,1,6471,6498,28,58482,6498,0.00081332637597597568,0.0010850427746689206,0.50000199999999995,0.50000001999999999,0.035139305000000003
rlc_r0.5_a100_t0.001_b0,0,1,7,1,6471,6498,28,58482,6498,0.00081332637597597568,0.0010850427746689206,0.50000199999999995,0.50000001999999999,0.034908705999999998
rlc_r0.5_a100_t0.001_b0,0,1,8,1,6471,6498,28,58482,6498,0.00081332637597597568,0.0010850427746689206,0.50000199999999995,0.50000001999999999,0.034868710999999997
rlc_r0.5_a100_t0.001_b0,0,1,9,1,6471,6498,28,58482,6498,0.00081332637597597568,0.0010850427746689206,0.50000199999999995,0.50000001999999999,0.034800622000000003
rlc_r0.5_a100_t0.001_b0,0,1,10,1,6471,6498,28,58482,6498,0.00081332637597597568,0.0010850427746689206,0.50000199999999995,0.50000001999999999,0.034696462999999997
rlc_r0.5_a100_t0.001_b0,1,0,0,1,687,835,149,3525,170,0.1863195414705956,0.19793981581020148,0.50000199999999995,0.50000001999999999,0.0024845959999999999
rlc_r0.5_a100_t0.001_b0,1,0,1,1,687,835,149,3525,170,0.1863195414705956,0.19793981581020148,0.50000199999999995,0.50000001999999999,0.002492743
rlc_r0.5_a100_t0.001_b0,1,0,2,1,687,835,149,3525,170,0.1863195414705956,0.19793981581020148,0.50000199999999995,0.50000001999999999,0.0024695580000000002
rlc_r0.5_a100_t0.001_b0,1,0,3,1,687,835,149,3525,170,0.1863195414705956,0.19793981581020148,0.50000199999999995,0.50000001999999999,0.0024731649999999998
rlc_r0.5_a100_t0.001_b0,1,0,4,1,687,835,149,3525,170,0.1863195414705956,0.19793981581020148,0.50000199999999995,0.50000001999999999,0.0024517440000000001
rlc_r0.5_a100_t0.001_b0,1,0,5,1,687,835,149,3525,170,0.1863195414705956,0.19793981581020148,0.50000199999999995,0.50000001999999999,0.0024552300000000001
rlc_r0.5_a100_t0.001_b0,1,0,6,1,687,835,149,3525,170,0.1863195414705956,0.19793981581020148,0.50000199999999995,0.50000001999999999,0.002439901
rlc_r0.5_a100_t0.001_b0,1,0,7,1,687,835,149,3525,170,0.1863195414705956,0.19793981581020148,0.50000199999999995,0.50000001999999999,0.0024892650000000001
rlc_r0.5_a100_t0.001_b0,1,0,8,1,687,835,149,3525,170,0.1863195414705956,0.19793981581020148,0.50000199999999995,0.50000001999999999,0.0024694280000000001
rlc_r0.5_a100_t0.001_b0,1,0,9,1,687,835,149,3525,170,0.1863195414705956,0.19793981581020148,0.50000199999999995,0.50000001999999999,0.0024567930000000001
rlc_r0.5_a100_t0.001_b0,1,0,10,1,687,835,149,3525,170,0.1863195414705956,0.19793981581020148,0.50000199999999995,0.50000001999999999,0.0024865400000000002
rlc_r0.5_a100_t0.001_b0,1,1,0,1,6469,6494,26,21270,298,0.00077644774584939569,0.0011350279761508375,0.50000199999999995,0.50000001999999999,0.015614872
rlc_r0.5_a100_t0.001_b0,1,1,1,1,6469,6494,26,21270,298,0.00077644774584939569,0.0011350279761508375,0.50000199999999995,0.50000001999999999,0.015520933000000001
rlc_r0.5_a100_t0.001_b0,1,1,2,1,6469,6494,26,21270,298,0.00077644774584939569,0.0011350279761508375,0.50000199999999995,0.50000001999999999,0.015488511999999999
rlc_r0.5_a100_t0.001_b0,1,1,3,1,6469,6494,26,21270,298,0.00077644774584939569,0.0011350279761508375,0.50000199999999995,0.50000001999999999,0.015625792999999999
rlc_r0.5_a100_t0.001_b0,1,1,4,1,6469,6494,26,21270,298,0.00077644774584939569,0.0011350279761508375,0.50000199999999995,0.50000001999999999,0.015460117000000001
rlc_r0.5_a100_t0.001_b0,1,1,5,1,6469,6494,26,21270,298,0.00077644774584939569,0.0011350279761508375,0.50000199999999995,0.50000001999999999,0.015486648
rlc_r0.5_a100_t0.001_b0,1,1,6,1,6469,6494,26,21270,298,0.00077644774584939569,0.0011350279761508375,0.50000199999999995,0.50000001999999999,0.015397409000000001
rlc_r0.5_a100_t0.001_b0,1,1,7,1,6469,6494,26,21270,298,0.00077644774584939569,0.0011350279761508375,0.50000199999999995,0.50000001999999999,0.01538219
rlc_r0.5_a100_t0.001_b0,1,1,8,1,6469,6494,26,21270,298,0.00077644774584939569,0.0011350279761508375,0.50000199999999995,0.50000001999999999,0.015515152000000001
rlc_r0.5_a100_t0.001_b0,1,1,9,1,6469,6494,26,21270,298,0.00077644774584939569,0.0011350279761508375,0.50000199999999995,0.50000001999999999,0.015469525
rlc_r0.5_a100_t0.001_b0,1,1,10,1,6469,6494,26,21270,298,0.00077644774584939569,0.0011350279761508375,0.50000199999999995,0.50000001999999999,0.015367281999999999
rlc_r20_a0.001_t9.9999999999999995e-07_b0,0,0,0,1,351,383,33,3447,383,5.2853037512973905e-09,2.143332307165749e-08,7.0000000000000007e-06,5.0200000000000002e-06,0.0021093650000000002
rlc_r20_a0.001_t9.9999999999999995e-07_b0,0,0,1,1,351,383,33,3447,383,5.2853037512973905e-09,2.143332307165749e-08,7.0000000000000007e-06,5.0200000000000002e-06,0.0020870419999999999
rlc_r20_a0.001_t9.9999999999999995e-07_b0,0,0,2,1,351,383,33,3447,383,5.2853037512973905e-09,2.143332307165749e-08,7.0000000000000007e-06,5.0200000000000002e-06,0.0020661030000000001
rlc_r20_a0.001_t9.9999999999999995e-07_b0,0,0,3,1,351,383,33,3447,383,5.2853037512973905e-09,2.143332307165749e-08,7.0000000000000007e-06,5.0200000000000002e-06,0.002147487
rlc_r20_a0.001_t9.9999999999999995e-07_b0,0,0,4,1,351,383,33,3447,383,5.2853037512973905e-09,2.143332307165749e-08,7.0000000000000007e-06,5.0200000000000002e-06,0.0020622650000000002
rlc_r20_a0.001_t9.9999999999999995e-07_b0,0,0,5,1,351,383,33,3447,383,5.2853037512973905e-09,2.143332307165749e-08,7.0000000000000007e-06,5.0200000000000002e-06,0.002111478
rlc_r20_a0.001_t9.9999999999999995e-07_b0,0,0,6,1,351,383,33,3447,383,5.2853037512973905e-09,2.143332307165749e-08,7.0000000000000007e-06,5.0200000000000002e-06,0.0020647389999999999
rlc_r20_a0.001_t9.9999999999999995e-07_b0,0,0,7,1,351,383,33,3447,383,5.2853037512973905e-09,2.143332307165749e-08,7.0000000000000007e-06,5.0200000000000002e-06,0.0020869510000000001
rlc_r20_a0.001_t9.9999999999999995e-07_b0,0,0,8,1,351,383,33,3447,383,5.2853037512973905e-09,2.143332307165749e-08,7.0000000000000007e-06,5.0200000000000002e-06,0.0020659620000000002
rlc_r20_a0.001_t9.9999999999999995e-07_b0,0,0,9,1,351,383,33,3447,383,5.2853037512973905e-09,2.143332307165749e-08,7.0000000000000007e-06,5.0200000000000002e-06,0.0020862300000000001
rlc_r20_a0.001_t9.9999999999999995e-07_b0,0,0,10,1,351,383,33,3447,383,5.2853037512973905e-09,2.143332307165749e-08,7.0000000000000007e-06,5.0200000000000002e-06,0.0020544399999999998
rlc_r20_a0.001_t9.9999999999999995e-07_b0,0,1,0,1,6432,6447,16,58023,6447,1.0380869599796623e-09,1.3817409304120958e-08,7.0000000000000007e-06,5.0200000000000002e-06,0.034288739999999998
rlc_r20_a0.001_t9.9999999999999995e-07_b0,0,1,1,1,6432,6447,16,58023,6447,1.0380869599796623e-09,1.3817409304120958e-08,7.0000000000000007e-06,5.0200000000000002e-06,0.034321232
rlc_r20_a0.001_t9.9999999999999995e-07_b0,0,1,2,1,6432,6447,16,58023,6447,1.0380869599796623e-09,1.3817409304120958e-08,7.0000000000000007e-06,5.0200000000000002e-06,0.034426261
rlc_r20_a0.001_t9.9999999999999995e-07_b0,0,1,3,1,6432,6447,16,58023,6447,1.0380869599796623e-09,1.3817409304120958e-08,7.0000000000000007e-06,5.0200000000000002e-06,0.034297084999999998
rlc_r20_a0.001_t9.9999999999999995e-07_b0,0,1,4,1,6432,6447,16,58023,6447,1.0380869599796623e-09,1.3817409304120958e-08,7.0000000000000007e-06,5.0200000000000002e-06,0.034189271
rlc_r20_a0.001_t9.9999999999999995e-07_b0,0,1,5,1,6432,6447,16,58023,6447,1.0380869599796623e-09,1.3817409304120958e-08,7.0000000000000007e-06,5.0200000000000002e-06,0.034018507000000003
rlc_r20_a0.001_t9.9999999999999995e-07_b0,0,1,6,1,6432,6447,16,58023,6447,1.0380869599796623e-09,1.3817409304120958e-08,7.0000000000000007e-06,5.0200000000000002e-06,0.033438527000000003
rlc_r20_a0.001_t9.9999999999999995e-07_b0,0,1,7,1,6432,6447,16,58023,6447,1.0380869599796623e-09,1.3817409304120958e-08,7.0000000000000007e-06,5.0200000000000002e-06,0.033295864000000001
rlc_r20_a0.001_t9.9999999999999995e-07_b0,0,1,8,1,6432,6447,16,58023,6447,1.0380869599796623e-09,1.3817409304120958e-08,7.0000000000000007e-06,5.0200000000000002e-06,0.033339077000000002
rlc_r20_a0.001_t9.9999999999999995e-07_b0,0,1,9,1,6432,6447,16,58023,6447,1.0380869599796623e-09,1.3817409304120958e-08,7.0000000000000007e-06,5.0200000000000002e-06,0.033100313999999999
rlc_r20_a0.001_t9.9999999999999995e-07_b0,0,1,10,1,6432,6447,16,58023,6447,1.0380869599796623e-09,1.3817409304120958e-08,7.0000000000000007e-06,5.0200000000000002e-06,0.033421524000000001
rlc_r20_a0.001_t9.9999999999999995e-07_b0,1,0,0,1,356,380,25,1554,69,1.3519737172991951e-08,1.839899384460848e-08,7.0000000000000007e-06,5.0200000000000002e-06,0.001074029
rlc_r20_a0.001_t9.9999999999999995e-07_b0,1,0,1,1,356,380,25,1554,69,1.3519737172991951e-08,1.839899384460848e-08,7.0000000000000007e-06,5.0200000000000002e-06,0.001041878
rlc_r20_a0.001_t9.9999999999999995e-07_b0,1,0,2,1,356,380,25,1554,69,1.3519737172991951e-08,1.839899384460848e-08,7.0000000000000007e-06,5.0200000000000002e-06,0.0010483199999999999
rlc_r20_a0.001_t9.9999999999999995e-07_b0,1,0,3,1,356,380,25,1554,69,1.3519737172991951e-08,1.839899384460848e-08,7.0000000000000007e-06,5.0200000000000002e-06,0.001073137
rlc_r20_a0.001_t9.9999999999999995e-07_b0,1,0,4,1,356,380,25,1554,69,1.3519737172991951e-08,1.839899384460848e-08,7.0000000000000007e-06,5.0200000000000002e-06,0.00105364
rlc_r20_a0.001_t9.9999999999999995e-07_b0,1,0,5,1,356,380,25,1554,69,1.3519737172991951e-08,1.839899384460848e-08,7.0000000000000007e-06,5.0200000000000002e-06,0.0010318580000000001
rlc_r20_a0.001_t9.9999999999999995e-07_b0,1,0,6,1,356,380,25,1554,69,1.3519737172991951e-08,1.839899384460848e-08,7.0000000000000007e-06,5.0200000000000002e-06,0.001045605
rlc_r20_a0.001_t9.9999999999999995e-07_b0,1,0,7,1,356,380,25,1554,69,1.3519737172991951e-08,1.839899384460848e-08,7.0000000000000007e-06,5.0200000000000002e-06,0.001064972
rlc_r20_a0.001_t9.9999999999999995e-07_b0,1,0,8,1,356,380,25,1554,69,1.3519737172991951e-08,1.839899384460848e-08,7.0000000000000007e-06,5.0200000000000002e-06,0.0010697110000000001
rlc_r20_a0.001_t9.9999999999999995e-07_b0,1,0,9,1,356,380,25,1554,69,1.3519737172991951e-08,1.839899384460848e-08,7.0000000000000007e-06,5.0200000000000002e-06,0.0010677670000000001
rlc_r20_a0.001_t9.9999999999999995e-07_b0,1,0,10,1,356,380,25,1554,69,1.3519737172991951e-08,1.839899384460848e-08,7.0000000000000007e-06,5.0200000000000002e-06,0.001066815
rlc_r20_a0.001_t9.9999999999999995e-07_b0,1,1,0,1,6434,6452,19,20892,256,1.7107013182871174e-09,1.3732024449853786e-08,7.0000000000000007e-06,5.0200000000000002e-06,0.014279988
rlc_r20_a0.001_t9.9999999999999995e-07_b0,1,1,1,1,6434,6452,19,20892,256,1.7107013182871174e-09,1.3732024449853786e-08,7.0000000000000007e-06,5.0200000000000002e-06,0.014291118
rlc_r20_a0.001_t9.9999999999999995e-07_b0,1,1,2,1,6434,6452,19,20892,256,1.7107013182871174e-09,1.3732024449853786e-08,7.0000000000000007e-06,5.0200000000000002e-06,0.014241414000000001
rlc_r20_a0.001_t9.9999999999999995e-07_b0,1,1,3,1,6434,6452,19,20892,256,1.7107013182871174e-09,1.3732024449853786e-08,7.0000000000000007e-06,5.0200000000000002e-06,0.014212199
rlc_r20_a0.001_t9.9999999999999995e-07_b0,1,1,4,1,6434,6452,19,20892,256,1.7107013182871174e-09,1.3732024449853786e-08,7.0000000000000007e-06,5.0200000000000002e-06,0.014151973999999999
rlc_r20_a0.001_t9.9999999999999995e-07_b0,1,1,5,1,6434,6452,19,20892,256,1.7107013182871174e-09,1.3732024449853786e-08,7.0000000000000007e-06,5.0200000000000002e-06,0.01408088
rlc_r20_a0.001_t9.9999999999999995e-07_b0,1,1,6,1,6434,6452,19,20892,256,1.7107013182871174e-09,1.3732024449853786e-08,7.0000000000000007e-06,5.0200000000000002e-06,0.014126446000000001
rlc_r20_a0.001_t9.9999999999999995e-07_b0,1,1,7,1,6434,6452,19,20892,256,1.7107013182871174e-09,1.3732024449853786e-08,7.0000000000000007e-06,5.0200000000000002e-06,0.014317809000000001
rlc_r20_a0.001_t9.9999999999999995e-07_b0,1,1,8,1,6434,6452,19,20892,256,1.7107013182871174e-09,1.3732024449853786e-08,7.0000000000000007e-06,5.0200000000000002e-06,0.014182762
rlc_r20_a0.001_t9.9999999999999995e-07_b0,1,1,9,1,6434,6452,19,20892,256,1.7107013182871174e-09,1.3732024449853786e-08,7.0000000000000007e-06,5.0200000000000002e-06,0.014083043999999999
rlc_r20_a0.001_t9.9999999999999995e-07_b0,1,1,10,1,6434,6452,19,20892,256,1.7107013182871174e-09,1.3732024449853786e-08,7.0000000000000007e-06,5.0200000000000002e-06,0.014117599
rlc_r20_a1_t9.9999999999999995e-07_b0,0,0,0,1,396,439,44,3951,439,4.1781825185216448e-06,1.9377624636982005e-05,0.0050020000000000004,0.00500002,0.002323851
rlc_r20_a1_t9.9999999999999995e-07_b0,0,0,1,1,396,439,44,3951,439,4.1781825185216448e-06,1.9377624636982005e-05,0.0050020000000000004,0.00500002,0.0022844660000000002
rlc_r20_a1_t9.9999999999999995e-07_b0,0,0,2,1,396,439,44,3951,439,4.1781825185216448e-06,1.9377624636982005e-05,0.0050020000000000004,0.00500002,0.002340553
rlc_r20_a1_t9.9999999999999995e-07_b0,0,0,3,1,396,439,44,3951,439,4.1781825185216448e-06,1.9377624636982005e-05,0.0050020000000000004,0.00500002,0.002276391
rlc_r20_a1_t9.9999999999999995e-07_b0,0,0,4,1,396,439,44,3951,439,4.1781825185216448e-06,1.9377624636982005e-05,0.0050020000000000004,0.00500002,0.0023198839999999999
rlc_r20_a1_t9.9999999999999995e-07_b0,0,0,5,1,396,439,44,3951,439,4.1781825185216448e-06,1.9377624636982005e-05,0.0050020000000000004,0.00500002,0.0022765620000000002
rlc_r20_a1_t9.9999999999999995e-07_b0,0,0,6,1,396,439,44,3951,439,4.1781825185216448e-06,1.9377624636982005e-05,0.0050020000000000004,0.00500002,0.002313191
rlc_r20_a1_t9.9999999999999995e-07_b0,0,0,7,1,396,439,44,3951,439,4.1781825185216448e-06,1.9377624636982005e-05,0.0050020000000000004,0.00500002,0.0022952379999999998
rlc_r20_a1_t9.9999999999999995e-07_b0,0,0,8,1,396,439,44,3951,439,4.1781825185216448e-06,1.9377624636982005e-05,0.0050020000000000004,0.00500002,0.0023101749999999998
rlc_r20_a1_t9.9999999999999995e-07_b0,0,0,9,1,396,439,44,3951,439,4.1781825185216448e-06,1.9377624636982005e-05,0.0050020000000000004,0.00500002,0.0023509329999999999
rlc_r20_a1_t9.9999999999999995e-07_b0,0,0,10,1,396,439,44,3951,439,4.1781825185216448e-06,1.9377624636982005e-05,0.0050020000000000004,0.00500002,0.002306729
rlc_r20_a1_t9.9999999999999995e-07_b0,0,1,0,1,6471,6498,28,58482,6498,1.5237812179824672e-06,1.4049855212125428e-05,0.0050020000000000004,0.00500002,0.033674303000000003
rlc_r20_a1_t9.9999999999999995e-07_b0,0,1,1,1,6471,6498,28,58482,6498,1.5237812179824672e-06,1.4049855212125428e-05,0.0050020000000000004,0.00500002,0.033850127000000001
rlc_r20_a1_t9.9999999999999995e-07_b0,0,1,2,1,6471,6498,28,58482,6498,1.5237812179824672e-06,1.4049855212125428e-05,0.0050020000000000004,0.00500002,0.033464334999999998
rlc_r20_a1_t9.9999999999999995e-07_b0,0,1,3,1,6471,6498,28,58482,6498,1.5237812179824672e-06,1.4049855212125428e-05,0.0050020000000000004,0.00500002,0.033694092000000002
rlc_r20_a1_t9.9999999999999995e-07_b0,0,1,4,1,6471,6498,28,58482,6498,1.5237812179824672e-06,1.4049855212125428e-05,0.0050020000000000004,0.00500002,0.034337200999999998
rlc_r20_a1_t9.9999999999999995e-07_b0,0,1,5,1,6471,6498,28,58482,6498,1.5237812179824672e-06,1.4049855212125428e-05,0.0050020000000000004,0.00500002,0.034475455000000002
rlc_r20_a1_t9.9999999999999995e-07_b0,0,1,6,1,6471,6498,28,58482,6498,1.5237812179824672e-06,1.4049855212125428e-05,0.0050020000000000004,0.00500002,0.034503968000000003
rlc_r20_a1_t9.9999999999999995e-07_b0,0,1,7,1,6471,6498,28,58482,6498,1.5237812179824672e-06,1.4049855212125428e-05,0.0050020000000000004,0.00500002,0.034461507000000002
rlc_r20_a1_t9.9999999999999995e-07_b0,0,1,8,1,6471,6498,28,58482,6498,1.5237812179824672e-06,1.4049855212125428e-05,0.0050020000000000004,0.00500002,0.034596733999999997
rlc_r20_a1_t9.9999999999999995e-07_b0,0,1,9,1,6471,6498,28,58482,6498,1.5237812179824672e-06,1.4049855212125428e-05,0.0050020000000000004,0.00500002,0.034495221999999999
rlc_r20_a1_t9.9999999999999995e-07_b0,0,1,10,1,6471,6498,28,58482,6498,1.5237812179824672e-06,1.4049855212125428e-05,0.0050020000000000004,0.00500002,0.034340336999999999
rlc_r20_a1_t9.9999999999999995e-07_b0,1,0,0,1,404,448,45,1854,85,9.3410699921192553e-06,1.7609918121358481e-05,0.0050020000000000004,0.00500002,0.0012835570000000001
rlc_r20_a1_t9.9999999999999995e-07_b0,1,0,1,1,404,448,45,1854,85,9.3410699921192553e-06,1.7609918121358481e-05,0.0050020000000000004,0.00500002,0.0012962609999999999
rlc_r20_a1_t9.9999999999999995e-07_b0,1,0,2,1,404,448,45,1854,85,9.3410699921192553e-06,1.7609918121358481e-05,0.0050020000000000004,0.00500002,0.00129582
rlc_r20_a1_t9.9999999999999995e-07_b0,1,0,3,1,404,448,45,1854,85,9.3410699921192553e-06,1.7609918121358481e-05,0.0050020000000000004,0.00500002,0.001271344
rlc_r20_a1_t9.9999999999999995e-07_b0,1,0,4,1,404,448,45,1854,85,9.3410699921192553e-06,1.7609918121358481e-05,0.0050020000000000004,0.00500002,0.001288415
rlc_r20_a1_t9.9999999999999995e-07_b0,1,0,5,1,404,448,45,1854,85,9.3410699921192553e-06,1.7609918121358481e-05,0.0050020000000000004,0.00500002,0.001286583
rlc_r20_a1_t9.9999999999999995e-07_b0,1,0,6,1,404,448,45,1854,85,9.3410699921192553e-06,1.7609918121358481e-05,0.0050020000000000004,0.00500002,0.001292163
rlc_r20_a1_t9.9999999999999995e-07_b0,1,0,7,1,404,448,45,1854,85,9.3410699921192553e-06,1.7609918121358481e-05,0.0050020000000000004,0.00500002,0.0012984450000000001
rlc_r20_a1_t9.9999999999999995e-07_b0,1,0,8,1,404,448,45,1854,85,9.3410699921192553e-06,1.7609918121358481e-05,0.0050020000000000004,0.00500002,0.0012636189999999999
rlc_r20_a1_t9.9999999999999995e-07_b0,1,0,9,1,404,448,45,1854,85,9.3410699921192553e-06,1.7609918121358481e-05,0.0050020000000000004,0.00500002,0.0013116200000000001
rlc_r20_a1_t9.9999999999999995e-07_b0,1,0,10,1,404,448,45,1854,85,9.3410699921192553e-06,1.7609918121358481e-05,0.0050020000000000004,0.00500002,0.001271503
rlc_r20_a1_t9.9999999999999995e-07_b0,1,1,0,1,6475,6510,36,21144,269,1.0920944396586307e-06,1.3965977378897765e-05,0.0050020000000000004,0.00500002,0.014878634
rlc_r20_a1_t9.9999999999999995e-07_b0,1,1,1,1,6475,6510,36,21144,269,1.0920944396586307e-06,1.3965977378897765e-05,0.0050020000000000004,0.00500002,0.014849388
rlc_r20_a1_t9.9999999999999995e-07_b0,1,1,2,1,6475,6510,36,21144,269,1.0920944396586307e-06,1.3965977378897765e-05,0.0050020000000000004,0.00500002,0.014721596
rlc_r20_a1_t9.9999999999999995e-07_b0,1,1,3,1,6475,6510,36,21144,269,1.0920944396586307e-06,1.3965977378897765e-05,0.0050020000000000004,0.00500002,0.014836444000000001
rlc_r20_a1_t9.9999999999999995e-07_b0,1,1,4,1,6475,6510,36,21144,269,1.0920944396586307e-06,1.3965977378897765e-05,0.0050020000000000004,0.00500002,0.014853646999999999
rlc_r20_a1_t9.9999999999999995e-07_b0,1,1,5,1,6475,6510,36,21144,269,1.0920944396586307e-06,1.3965977378897765e-05,0.0050020000000000004,0.00500002,0.014809111
rlc_r20_a1_t9.9999999999999995e-07_b0,1,1,6,1,6475,6510,36,21144,269,1.0920944396586307e-06,1.3965977378897765e-05,0.0050020000000000004,0.00500002,0.014833568
rlc_r20_a1_t9.9999999999999995e-07_b0,1,1,7,1,6475,6510,36,21144,269,1.0920944396586307e-06,1.3965977378897765e-05,0.0050020000000000004,0.00500002,0.014921185
rlc_r20_a1_t9.9999999999999995e-07_b0,1,1,8,1,6475,6510,36,21144,269,1.0920944396586307e-06,1.3965977378897765e-05,0.0050020000000000004,0.00500002,0.014785648
rlc_r20_a1_t9.9999999999999995e-07_b0,1,1,9,1,6475,6510,36,21144,269,1.0920944396586307e-06,1.3965977378897765e-05,0.0050020000000000004,0.00500002,0.014849298
rlc_r20_a1_t9.9999999999999995e-07_b0,1,1,10,1,6475,6510,36,21144,269,1.0920944396586307e-06,1.3965977378897765e-05,0.0050020000000000004,0.00500002,0.014805696
rlc_r20_a1_t0.001_b400,0,0,0,1,396,439,44,3951,439,4.195185198341278e-06,1.9377089477454201e-05,0.0050020000000000004,0.00500002,0.0024308939999999999
rlc_r20_a1_t0.001_b400,0,0,1,1,396,439,44,3951,439,4.195185198341278e-06,1.9377089477454201e-05,0.0050020000000000004,0.00500002,0.002360291
rlc_r20_a1_t0.001_b400,0,0,2,1,396,439,44,3951,439,4.195185198341278e-06,1.9377089477454201e-05,0.0050020000000000004,0.00500002,0.0023975020000000001
rlc_r20_a1_t0.001_b400,0,0,3,1,396,439,44,3951,439,4.195185198341278e-06,1.9377089477454201e-05,0.0050020000000000004,0.00500002,0.0023192820000000002
rlc_r20_a1_t0.001_b400,0,0,4,1,396,439,44,3951,439,4.195185198341278e-06,1.9377089477454201e-05,0.0050020000000000004,0.00500002,0.002368476
rlc_r20_a1_t0.001_b400,0,0,5,1,396,439,44,3951,439,4.195185198341278e-06,1.9377089477454201e-05,0.0050020000000000004,0.00500002,0.0023466950000000002
rlc_r20_a1_t0.001_b400,0,0,6,1,396,439,44,3951,439,4.195185198341278e-06,1.9377089477454201e-05,0.0050020000000000004,0.00500002,0.002413461
rlc_r20_a1_t0.001_b400,0,0,7,1,396,439,44,3951,439,4.195185198341278e-06,1.9377089477454201e-05,0.0050020000000000004,0.00500002,0.002326196
rlc_r20_a1_t0.001_b400,0,0,8,1,396,439,44,3951,439,4.195185198341278e-06,1.9377089477454201e-05,0.0050020000000000004,0.00500002,0.0023564240000000002
rlc_r20_a1_t0.001_b400,0,0,9,1,396,439,44,3951,439,4.195185198341278e-06,1.9377089477454201e-05,0.0050020000000000004,0.00500002,0.002396048
rlc_r20_a1_t0.001_b400,0,0,10,1,396,439,44,3951,439,4.195185198341278e-06,1.9377089477454201e-05,0.0050020000000000004,0.00500002,0.0023464139999999998
rlc_r20_a1_t0.001_b400,0,1,0,1,6471,6498,28,58482,6498,1.5399297704221659e-06,1.4049447336086929e-05,0.0050020000000000004,0.00500002,0.034258152
rlc_r20_a1_t0.001_b400,0,1,1,1,6471,6498,28,58482,6498,1.5399297704221659e-06,1.4049447336086929e-05,0.0050020000000000004,0.00500002,0.034370303999999997
rlc_r20_a1_t0.001_b400,0,1,2,1,6471,6498,28,58482,6498,1.5399297704221659e-06,1.4049447336086929e-05,0.0050020000000000004,0.00500002,0.034216573
rlc_r20_a1_t0.001_b400,0,1,3,1,6471,6498,28,58482,6498,1.5399297704221659e-06,1.4049447336086929e-05,0.0050020000000000004,0.00500002,0.034317413999999997
rlc_r20_a1_t0.001_b400,0,1,4,1,6471,6498,28,58482,6498,1.5399297704221659e-06,1.4049447336086929e-05,0.0050020000000000004,0.00500002,0.034171836999999997
rlc_r20_a1_t0.001_b400,0,1,5,1,6471,6498,28,58482,6498,1.5399297704221659e-06,1.4049447336086929e-05,0.0050020000000000004,0.00500002,0.033935470000000002
rlc_r20_a1_t0.001_b400,0,1,6,1,6471,6498,28,58482,6498,1.5399297704221659e-06,1.4049447336086929e-05,0.0050020000000000004,0.00500002,0.034534136
rlc_r20_a1_t0.001_b400,0,1,7,1,6471,6498,28,58482,6498,1.5399297704221659e-06,1.4049447336086929e-05,0.0050020000000000004,0.00500002,0.034307514999999997
rlc_r20_a1_t0.001_b400,0,1,8,1,6471,6498,28,58482,6498,1.5399297704221659e-06,1.4049447336086929e-05,0.0050020000000000004,0.00500002,0.034030829999999998
rlc_r20_a1_t0.001_b400,0,1,9,1,6471,6498,28,58482,6498,1.5399297704221659e-06,1.4049447336086929e-05,0.0050020000000000004,0.00500002,0.034191485000000001
rlc_r20_a1_t0.001_b400,0,1,10,1,6471,6498,28,58482,6498,1.5399297704221659e-06,1.4049447336086929e-05,0.0050020000000000004,0.00500002,0.034447551
rlc_r20_a1_t0.001_b400,1,0,0,1,404,448,45,1854,85,9.3570839041490217e-06,1.7609513634497809e-05,0.0050020000000000004,0.00500002,0.0012817130000000001
rlc_r20_a1_t0.001_b400,1,0,1,1,404,448,45,1854,85,9.3570839041490217e-06,1.7609513634497809e-05,0.0050020000000000004,0.00500002,0.001262616
rlc_r20_a1_t0.001_b400,1,0,2,1,404,448,45,1854,85,9.3570839041490217e-06,1.7609513634497809e-05,0.0050020000000000004,0.00500002,0.0012972929999999999
rlc_r20_a1_t0.001_b400,1,0,3,1,404,448,45,1854,85,9.3570839041490217e-06,1.7609513634497809e-05,0.0050020000000000004,0.00500002,0.0012619860000000001
rlc_r20_a1_t0.001_b400,1,0,4,1,404,448,45,1854,85,9.3570839041490217e-06,1.7609513634497809e-05,0.0050020000000000004,0.00500002,0.0012659730000000001
rlc_r20_a1_t0.001_b400,1,0,5,1,404,448,45,1854,85,9.3570839041490217e-06,1.7609513634497809e-05,0.0050020000000000004,0.00500002,0.0012999070000000001
rlc_r20_a1_t0.001_b400,1,0,6,1,404,448,45,1854,85,9.3570839041490217e-06,1.7609513634497809e-05,0.0050020000000000004,0.00500002,0.001260904
rlc_r20_a1_t0.001_b400,1,0,7,1,404,448,45,1854,85,9.3570839041490217e-06,1.7609513634497809e-05,0.0050020000000000004,0.00500002,0.001281112
rlc_r20_a1_t0.001_b400,1,0,8,1,404,448,45,1854,85,9.3570839041490217e-06,1.7609513634497809e-05,0.0050020000000000004,0.00500002,0.0012757020000000001
rlc_r20_a1_t0.001_b400,1,0,9,1,404,448,45,1854,85,9.3570839041490217e-06,1.7609513634497809e-05,0.0050020000000000004,0.00500002,0.001326598
rlc_r20_a1_t0.001_b400,1,0,10,1,404,448,45,1854,85,9.3570839041490217e-06,1.7609513634497809e-05,0.0050020000000000004,0.00500002,0.0012634580000000001
rlc_r20_a1_t0.001_b400,1,1,0,1,6475,6510,36,21144,269,1.1082422981534279e-06,1.3965570706070407e-05,0.0050020000000000004,0.00500002,0.014847755000000001
rlc_r20_a1_t0.001_b400,1,1,1,1,6475,6510,36,21144,269,1.1082422981534279e-06,1.3965570706070407e-05,0.0050020000000000004,0.00500002,0.014880779
rlc_r20_a1_t0.001_b400,1,1,2,1,6475,6510,36,21144,269,1.1082422981534279e-06,1.3965570706070407e-05,0.0050020000000000004,0.00500002,0.014586981000000001
rlc_r20_a1_t0.001_b400,1,1,3,1,6475,6510,36,21144,269,1.1082422981534279e-06,1.3965570706070407e-05,0.0050020000000000004,0.00500002,0.014875497
rlc_r20_a1_t0.001_b400,1,1,4,1,6475,6510,36,21144,269,1.1082422981534279e-06,1.3965570706070407e-05,0.0050020000000000004,0.00500002,0.014817057
rlc_r20_a1_t0.001_b400,1,1,5,1,6475,6510,36,21144,269,1.1082422981534279e-06,1.3965570706070407e-05,0.0050020000000000004,0.00500002,0.014628861
rlc_r20_a1_t0.001_b400,1,1,6,1,6475,6510,36,21144,269,1.1082422981534279e-06,1.3965570706070407e-05,0.0050020000000000004,0.00500002,0.014952073
rlc_r20_a1_t0.001_b400,1,1,7,1,6475,6510,36,21144,269,1.1082422981534279e-06,1.3965570706070407e-05,0.0050020000000000004,0.00500002,0.014792469000000001
rlc_r20_a1_t0.001_b400,1,1,8,1,6475,6510,36,21144,269,1.1082422981534279e-06,1.3965570706070407e-05,0.0050020000000000004,0.00500002,0.014848167000000001
rlc_r20_a1_t0.001_b400,1,1,9,1,6475,6510,36,21144,269,1.1082422981534279e-06,1.3965570706070407e-05,0.0050020000000000004,0.00500002,0.014885788
rlc_r20_a1_t0.001_b400,1,1,10,1,6475,6510,36,21144,269,1.1082422981534279e-06,1.3965570706070407e-05,0.0050020000000000004,0.00500002,0.014764596
rlc_r20_a100_t0.001_b0,0,0,0,1,413,461,49,4149,461,0.00060431306024355536,0.0019194391498551511,0.50000199999999995,0.50000001999999999,0.0025197930000000002
rlc_r20_a100_t0.001_b0,0,0,1,1,413,461,49,4149,461,0.00060431306024355536,0.0019194391498551511,0.50000199999999995,0.50000001999999999,0.0024857479999999999
rlc_r20_a100_t0.001_b0,0,0,2,1,413,461,49,4149,461,0.00060431306024355536,0.0019194391498551511,0.50000199999999995,0.50000001999999999,0.0024869010000000001
rlc_r20_a100_t0.001_b0,0,0,3,1,413,461,49,4149,461,0.00060431306024355536,0.0019194391498551511,0.50000199999999995,0.50000001999999999,0.0025051850000000001
rlc_r20_a100_t0.001_b0,0,0,4,1,413,461,49,4149,461,0.00060431306024355536,0.0019194391498551511,0.50000199999999995,0.50000001999999999,0.0024561129999999998
rlc_r20_a100_t0.001_b0,0,0,5,1,413,461,49,4149,461,0.00060431306024355536,0.0019194391498551511,0.50000199999999995,0.50000001999999999,0.0025202139999999998
rlc_r20_a100_t0.001_b0,0,0,6,1,413,461,49,4149,461,0.00060431306024355536,0.0019194391498551511,0.50000199999999995,0.50000001999999999,0.0024927019999999999
rlc_r20_a100_t0.001_b0,0,0,7,1,413,461,49,4149,461,0.00060431306024355536,0.0019194391498551511,0.50000199999999995,0.50000001999999999,0.0024932729999999998
rlc_r20_a100_t0.001_b0,0,0,8,1,413,461,49,4149,461,0.00060431306024355536,0.0019194391498551511,0.50000199999999995,0.50000001999999999,0.0024991449999999999
rlc_r20_a100_t0.001_b0,0,0,9,1,413,461,49,4149,461,0.00060431306024355536,0.0019194391498551511,0.50000199999999995,0.50000001999999999,0.0025362840000000002
rlc_r20_a100_t0.001_b0,0,0,10,1,413,461,49,4149,461,0.00060431306024355536,0.0019194391498551511,0.50000199999999995,0.50000001999999999,0.0024644789999999999
rlc_r20_a100_t0.001_b0,0,1,0,1,6487,6512,26,58608,6512,0.0001160779137450163,0.0014301156139318039,0.50000199999999995,0.50000001999999999,0.034424277000000003
rlc_r20_a100_t0.001_b0,0,1,1,1,6487,6512,26,58608,6512,0.0001160779137450163,0.0014301156139318039,0.50000199999999995,0.50000001999999999,0.034228374999999998
rlc_r20_a100_t0.001_b0,0,1,2,1,6487,6512,26,58608,6512,0.0001160779137450163,0.0014301156139318039,0.50000199999999995,0.50000001999999999,0.034272469
rlc_r20_a100_t0.001_b0,0,1,3,1,6487,6512,26,58608,6512,0.0001160779137450163,0.0014301156139318039,0.50000199999999995,0.50000001999999999,0.034495932999999999
rlc_r20_a100_t0.001_b0,0,1,4,1,6487,6512,26,58608,6512,0.0001160779137450163,0.0014301156139318039,0.50000199999999995,0.50000001999999999,0.034144705999999997
rlc_r20_a100_t0.001_b0,0,1,5,1,6487,6512,26,58608,6512,0.0001160779137450163,0.0014301156139318039,0.50000199999999995,0.50000001999999999,0.034515520000000001
rlc_r20_a100_t0.001_b0,0,1,6,1,6487,6512,26,58608,6512,0.0001160779137450163,0.0014301156139318039,0.50000199999999995,0.50000001999999999,0.034462699999999999
rlc_r20_a100_t0.001_b0,0,1,7,1,6487,6512,26,58608,6512,0.0001160779137450163,0.0014301156139318039,0.50000199999999995,0.50000001999999999,0.034379361999999997
rlc_r20_a100_t0.001_b0,0,1,8,1,6487,6512,26,58608,6512,0.0001160779137450163,0.0014301156139318039,0.50000199999999995,0.50000001999999999,0.034339636999999999
rlc_r20_a100_t0.001_b0,0,1,9,1,6487,6512,26,58608,6512,0.0001160779137450163,0.0014301156139318039,0.50000199999999995,0.50000001999999999,0.034288480000000003
rlc_r20_a100_t0.001_b0,0,1,10,1,6487,6512,26,58608,6512,0.0001160779137450163,0.0014301156139318039,0.50000199999999995,0.50000001999999999,0.034431710999999997
rlc_r20_a100_t0.001_b0,1,0,0,1,424,469,46,1953,91,0.00043172909376920643,0.0017499868037109678,0.50000199999999995,0.50000001999999999,0.001356676
rlc_r20_a100_t0.001_b0,1,0,1,1,424,469,46,1953,91,0.00043172909376920643,0.0017499868037109678,0.50000199999999995,0.50000001999999999,0.001341276
rlc_r20_a100_t0.001_b0,1,0,2,1,424,469,46,1953,91,0.00043172909376920643,0.0017499868037109678,0.50000199999999995,0.50000001999999999,0.001343871
rlc_r20_a100_t0.001_b0,1,0,3,1,424,469,46,1953,91,0.00043172909376920643,0.0017499868037109678,0.50000199999999995,0.50000001999999999,0.001365261
rlc_r20_a100_t0.001_b0,1,0,4,1,424,469,46,1953,91,0.00043172909376920643,0.0017499868037109678,0.50000199999999995,0.50000001999999999,0.001358118
rlc_r20_a100_t0.001_b0,1,0,5,1,424,469,46,1953,91,0.00043172909376920643,0.0017499868037109678,0.50000199999999995,0.50000001999999999,0.001344853
rlc_r20_a100_t0.001_b0,1,0,6,1,424,469,46,1953,91,0.00043172909376920643,0.0017499868037109678,0.50000199999999995,0.50000001999999999,0.001357247
rlc_r20_a100_t0.001_b0,1,0,7,1,424,469,46,1953,91,0.00043172909376920643,0.0017499868037109678,0.50000199999999995,0.50000001999999999,0.0013354350000000001
rlc_r20_a100_t0.001_b0,1,0,8,1,424,469,46,1953,91,0.00043172909376920643,0.0017499868037109678,0.50000199999999995,0.50000001999999999,0.001347127
rlc_r20_a100_t0.001_b0,1,0,9,1,424,469,46,1953,91,0.00043172909376920643,0.0017499868037109678,0.50000199999999995,0.50000001999999999,0.001377655
rlc_r20_a100_t0.001_b0,1,0,10,1,424,469,46,1953,91,0.00043172909376920643,0.0017499868037109678,0.50000199999999995,0.50000001999999999,0.0013428190000000001
rlc_r20_a100_t0.001_b0,1,1,0,1,6492,6527,36,21219,273,0.00011585889741638766,0.0013456258869739557,0.50000199999999995,0.50000001999999999,0.014835563
rlc_r20_a100_t0.001_b0,1,1,1,1,6492,6527,36,21219,273,0.00011585889741638766,0.0013456258869739557,0.50000199999999995,0.50000001999999999,0.014834379999999999
rlc_r20_a100_t0.001_b0,1,1,2,1,6492,6527,36,21219,273,0.00011585889741638766,0.0013456258869739557,0.50000199999999995,0.50000001999999999,0.014906437
rlc_r20_a100_t0.001_b0,1,1,3,1,6492,6527,36,21219,273,0.00011585889741638766,0.0013456258869739557,0.50000199999999995,0.50000001999999999,0.014768956
rlc_r20_a100_t0.001_b0,1,1,4,1,6492,6527,36,21219,273,0.00011585889741638766,0.0013456258869739557,0.50000199999999995,0.50000001999999999,0.014822366999999999
rlc_r20_a100_t0.001_b0,1,1,5,1,6492,6527,36,21219,273,0.00011585889741638766,0.0013456258869739557,0.50000199999999995,0.50000001999999999,0.014958285
rlc_r20_a100_t0.001_b0,1,1,6,1,6492,6527,36,21219,273,0.00011585889741638766,0.0013456258869739557,0.50000199999999995,0.50000001999999999,0.015117362000000001
rlc_r20_a100_t0.001_b0,1,1,7,1,6492,6527,36,21219,273,0.00011585889741638766,0.0013456258869739557,0.50000199999999995,0.50000001999999999,0.01452878
rlc_r20_a100_t0.001_b0,1,1,8,1,6492,6527,36,21219,273,0.00011585889741638766,0.0013456258869739557,0.50000199999999995,0.50000001999999999,0.014526957
rlc_r20_a100_t0.001_b0,1,1,9,1,6492,6527,36,21219,273,0.00011585889741638766,0.0013456258869739557,0.50000199999999995,0.50000001999999999,0.01453951
rlc_r20_a100_t0.001_b0,1,1,10,1,6492,6527,36,21219,273,0.00011585889741638766,0.0013456258869739557,0.50000199999999995,0.50000001999999999,0.014515635000000001
nonlinear_charge_a0.001,0,0,0,0,144,169,26,1863,169,1.1255450172999662e-05,0,2.2000000000000001e-06,0,0.001034323
nonlinear_charge_a0.001,0,0,1,0,144,169,26,1863,169,1.1255450172999662e-05,0,2.2000000000000001e-06,0,0.001017743
nonlinear_charge_a0.001,0,0,2,0,144,169,26,1863,169,1.1255450172999662e-05,0,2.2000000000000001e-06,0,0.00096865899999999997
nonlinear_charge_a0.001,0,0,3,0,144,169,26,1863,169,1.1255450172999662e-05,0,2.2000000000000001e-06,0,0.00095719800000000003
nonlinear_charge_a0.001,0,0,4,0,144,169,26,1863,169,1.1255450172999662e-05,0,2.2000000000000001e-06,0,0.00096474199999999999
nonlinear_charge_a0.001,0,0,5,0,144,169,26,1863,169,1.1255450172999662e-05,0,2.2000000000000001e-06,0,0.00095764799999999996
nonlinear_charge_a0.001,0,0,6,0,144,169,26,1863,169,1.1255450172999662e-05,0,2.2000000000000001e-06,0,0.000981944
nonlinear_charge_a0.001,0,0,7,0,144,169,26,1863,169,1.1255450172999662e-05,0,2.2000000000000001e-06,0,0.00097526199999999996
nonlinear_charge_a0.001,0,0,8,0,144,169,26,1863,169,1.1255450172999662e-05,0,2.2000000000000001e-06,0,0.000970513
nonlinear_charge_a0.001,0,0,9,0,144,169,26,1863,169,1.1255450172999662e-05,0,2.2000000000000001e-06,0,0.00095365000000000001
nonlinear_charge_a0.001,0,0,10,0,144,169,26,1863,169,1.1255450172999662e-05,0,2.2000000000000001e-06,0,0.000957568
nonlinear_charge_a0.001,0,1,0,1,2568,2571,4,22216,2571,1.1550452727719408e-06,0,2.2000000000000001e-06,0,0.011404177999999999
nonlinear_charge_a0.001,0,1,1,1,2568,2571,4,22216,2571,1.1550452727719408e-06,0,2.2000000000000001e-06,0,0.011349603999999999
nonlinear_charge_a0.001,0,1,2,1,2568,2571,4,22216,2571,1.1550452727719408e-06,0,2.2000000000000001e-06,0,0.011350185
nonlinear_charge_a0.001,0,1,3,1,2568,2571,4,22216,2571,1.1550452727719408e-06,0,2.2000000000000001e-06,0,0.011365326
nonlinear_charge_a0.001,0,1,4,1,2568,2571,4,22216,2571,1.1550452727719408e-06,0,2.2000000000000001e-06,0,0.011361616999999999
nonlinear_charge_a0.001,0,1,5,1,2568,2571,4,22216,2571,1.1550452727719408e-06,0,2.2000000000000001e-06,0,0.011429105
nonlinear_charge_a0.001,0,1,6,1,2568,2571,4,22216,2571,1.1550452727719408e-06,0,2.2000000000000001e-06,0,0.011357299
nonlinear_charge_a0.001,0,1,7,1,2568,2571,4,22216,2571,1.1550452727719408e-06,0,2.2000000000000001e-06,0,0.011379232
nonlinear_charge_a0.001,0,1,8,1,2568,2571,4,22216,2571,1.1550452727719408e-06,0,2.2000000000000001e-06,0,0.011508637
nonlinear_charge_a0.001,0,1,9,1,2568,2571,4,22216,2571,1.1550452727719408e-06,0,2.2000000000000001e-06,0,0.011458751999999999
nonlinear_charge_a0.001,0,1,10,1,2568,2571,4,22216,2571,1.1550452727719408e-06,0,2.2000000000000001e-06,0,0.011448382
nonlinear_charge_a0.001,1,0,0,0,145,170,26,901,39,1.2470167178369575e-05,0,2.2000000000000001e-06,0,0.00052169
nonlinear_charge_a0.001,1,0,1,0,145,170,26,901,39,1.2470167178369575e-05,0,2.2000000000000001e-06,0,0.00049432800000000004
nonlinear_charge_a0.001,1,0,2,0,145,170,26,901,39,1.2470167178369575e-05,0,2.2000000000000001e-06,0,0.00050887600000000001
nonlinear_charge_a0.001,1,0,3,0,145,170,26,901,39,1.2470167178369575e-05,0,2.2000000000000001e-06,0,0.00053735999999999996
nonlinear_charge_a0.001,1,0,4,0,145,170,26,901,39,1.2470167178369575e-05,0,2.2000000000000001e-06,0,0.000523494
nonlinear_charge_a0.001,1,0,5,0,145,170,26,901,39,1.2470167178369575e-05,0,2.2000000000000001e-06,0,0.00049490999999999999
nonlinear_charge_a0.001,1,0,6,0,145,170,26,901,39,1.2470167178369575e-05,0,2.2000000000000001e-06,0,0.00051492699999999998
nonlinear_charge_a0.001,1,0,7,0,145,170,26,901,39,1.2470167178369575e-05,0,2.2000000000000001e-06,0,0.00053415400000000001
nonlinear_charge_a0.001,1,0,8,0,145,170,26,901,39,1.2470167178369575e-05,0,2.2000000000000001e-06,0,0.00050031000000000001
nonlinear_charge_a0.001,1,0,9,0,145,170,26,901,39,1.2470167178369575e-05,0,2.2000000000000001e-06,0,0.00050221300000000005
nonlinear_charge_a0.001,1,0,10,0,145,170,26,901,39,1.2470167178369575e-05,0,2.2000000000000001e-06,0,0.00050976799999999996
nonlinear_charge_a0.001,1,1,0,1,2568,2571,4,8239,110,1.1550452723200928e-06,0,2.2000000000000001e-06,0,0.0047585129999999998
nonlinear_charge_a0.001,1,1,1,1,2568,2571,4,8239,110,1.1550452723200928e-06,0,2.2000000000000001e-06,0,0.0048160820000000002
nonlinear_charge_a0.001,1,1,2,1,2568,2571,4,8239,110,1.1550452723200928e-06,0,2.2000000000000001e-06,0,0.0047728099999999997
nonlinear_charge_a0.001,1,1,3,1,2568,2571,4,8239,110,1.1550452723200928e-06,0,2.2000000000000001e-06,0,0.0047503470000000002
nonlinear_charge_a0.001,1,1,4,1,2568,2571,4,8239,110,1.1550452723200928e-06,0,2.2000000000000001e-06,0,0.0048385349999999997
nonlinear_charge_a0.001,1,1,5,1,2568,2571,4,8239,110,1.1550452723200928e-06,0,2.2000000000000001e-06,0,0.0047520619999999996
nonlinear_charge_a0.001,1,1,6,1,2568,2571,4,8239,110,1.1550452723200928e-06,0,2.2000000000000001e-06,0,0.0047615490000000003
nonlinear_charge_a0.001,1,1,7,1,2568,2571,4,8239,110,1.1550452723200928e-06,0,2.2000000000000001e-06,0,0.0047706149999999998
nonlinear_charge_a0.001,1,1,8,1,2568,2571,4,8239,110,1.1550452723200928e-06,0,2.2000000000000001e-06,0,0.0048079469999999999
nonlinear_charge_a0.001,1,1,9,1,2568,2571,4,8239,110,1.1550452723200928e-06,0,2.2000000000000001e-06,0,0.0047363609999999997
nonlinear_charge_a0.001,1,1,10,1,2568,2571,4,8239,110,1.1550452723200928e-06,0,2.2000000000000001e-06,0,0.0047556769999999998
nonlinear_charge_a1,0,0,0,0,195,246,52,2717,246,0.0043881161179644404,0,0.0020002000000000002,0,0.001456946
nonlinear_charge_a1,0,0,1,0,195,246,52,2717,246,0.0043881161179644404,0,0.0020002000000000002,0,0.001378036
nonlinear_charge_a1,0,0,2,0,195,246,52,2717,246,0.0043881161179644404,0,0.0020002000000000002,0,0.0014187729999999999
nonlinear_charge_a1,0,0,3,0,195,246,52,2717,246,0.0043881161179644404,0,0.0020002000000000002,0,0.0014309660000000001
nonlinear_charge_a1,0,0,4,0,195,246,52,2717,246,0.0043881161179644404,0,0.0020002000000000002,0,0.0014042460000000001
nonlinear_charge_a1,0,0,5,0,195,246,52,2717,246,0.0043881161179644404,0,0.0020002000000000002,0,0.001379599
nonlinear_charge_a1,0,0,6,0,195,246,52,2717,246,0.0043881161179644404,0,0.0020002000000000002,0,0.001383226
nonlinear_charge_a1,0,0,7,0,195,246,52,2717,246,0.0043881161179644404,0,0.0020002000000000002,0,0.0014133920000000001
nonlinear_charge_a1,0,0,8,0,195,246,52,2717,246,0.0043881161179644404,0,0.0020002000000000002,0,0.0013910109999999999
nonlinear_charge_a1,0,0,9,0,195,246,52,2717,246,0.0043881161179644404,0,0.0020002000000000002,0,0.001398404
nonlinear_charge_a1,0,0,10,0,195,246,52,2717,246,0.0043881161179644404,0,0.0020002000000000002,0,0.001439683
nonlinear_charge_a1,0,1,0,1,2587,2603,17,22726,2603,0.0012175812545471491,0,0.0020002000000000002,0,0.011794951
nonlinear_charge_a1,0,1,1,1,2587,2603,17,22726,2603,0.0012175812545471491,0,0.0020002000000000002,0,0.011667458
nonlinear_charge_a1,0,1,2,1,2587,2603,17,22726,2603,0.0012175812545471491,0,0.0020002000000000002,0,0.011682977000000001
nonlinear_charge_a1,0,1,3,1,2587,2603,17,22726,2603,0.0012175812545471491,0,0.0020002000000000002,0,0.011654622999999999
nonlinear_charge_a1,0,1,4,1,2587,2603,17,22726,2603,0.0012175812545471491,0,0.0020002000000000002,0,0.011619325999999999
nonlinear_charge_a1,0,1,5,1,2587,2603,17,22726,2603,0.0012175812545471491,0,0.0020002000000000002,0,0.011665616
nonlinear_charge_a1,0,1,6,1,2587,2603,17,22726,2603,0.0012175812545471491,0,0.0020002000000000002,0,0.011655304999999999
nonlinear_charge_a1,0,1,7,1,2587,2603,17,22726,2603,0.0012175812545471491,0,0.0020002000000000002,0,0.011577176999999999
nonlinear_charge_a1,0,1,8,1,2587,2603,17,22726,2603,0.0012175812545471491,0,0.0020002000000000002,0,0.011713536
nonlinear_charge_a1,0,1,9,1,2587,2603,17,22726,2603,0.0012175812545471491,0,0.0020002000000000002,0,0.01169487
nonlinear_charge_a1,0,1,10,1,2587,2603,17,22726,2603,0.0012175812545471491,0,0.0020002000000000002,0,0.011616562
nonlinear_charge_a1,1,0,0,0,193,238,46,1267,58,0.0051675459275939521,0,0.0020002000000000002,0,0.00072353399999999996
nonlinear_charge_a1,1,0,1,0,193,238,46,1267,58,0.0051675459275939521,0,0.0020002000000000002,0,0.00072449600000000004
nonlinear_charge_a1,1,0,2,0,193,238,46,1267,58,0.0051675459275939521,0,0.0020002000000000002,0,0.00072420399999999999
nonlinear_charge_a1,1,0,3,0,193,238,46,1267,58,0.0051675459275939521,0,0.0020002000000000002,0,0.00071356399999999997
nonlinear_charge_a1,1,0,4,0,193,238,46,1267,58,0.0051675459275939521,0,0.0020002000000000002,0,0.00070750299999999995
nonlinear_charge_a1,1,0,5,0,193,238,46,1267,58,0.0051675459275939521,0,0.0020002000000000002,0,0.00071041799999999999
nonlinear_charge_a1,1,0,6,0,193,238,46,1267,58,0.0051675459275939521,0,0.0020002000000000002,0,0.00068196399999999996
nonlinear_charge_a1,1,0,7,0,193,238,46,1267,58,0.0051675459275939521,0,0.0020002000000000002,0,0.00074211899999999996
nonlinear_charge_a1,1,0,8,0,193,238,46,1267,58,0.0051675459275939521,0,0.0020002000000000002,0,0.00075517399999999995
nonlinear_charge_a1,1,0,9,0,193,238,46,1267,58,0.0051675459275939521,0,0.0020002000000000002,0,0.00074496399999999998
nonlinear_charge_a1,1,0,10,0,193,238,46,1267,58,0.0051675459275939521,0,0.0020002000000000002,0,0.00070695199999999995
nonlinear_charge_a1,1,1,0,1,2587,2603,17,8553,128,0.0012175764287995724,0,0.0020002000000000002,0,0.0048780100000000003
nonlinear_charge_a1,1,1,1,1,2587,2603,17,8553,128,0.0012175764287995724,0,0.0020002000000000002,0,0.0053098390000000002
nonlinear_charge_a1,1,1,2,1,2587,2603,17,8553,128,0.0012175764287995724,0,0.0020002000000000002,0,0.0049513689999999997
nonlinear_charge_a1,1,1,3,1,2587,2603,17,8553,128,0.0012175764287995724,0,0.0020002000000000002,0,0.0049355689999999999
nonlinear_charge_a1,1,1,4,1,2587,2603,17,8553,128,0.0012175764287995724,0,0.0020002000000000002,0,0.004913616
nonlinear_charge_a1,1,1,5,1,2587,2603,17,8553,128,0.0012175764287995724,0,0.0020002000000000002,0,0.0049767580000000004
nonlinear_charge_a1,1,1,6,1,2587,2603,17,8553,128,0.0012175764287995724,0,0.0020002000000000002,0,0.0049155320000000002
nonlinear_charge_a1,1,1,7,1,2587,2603,17,8553,128,0.0012175764287995724,0,0.0020002000000000002,0,0.0049265610000000003
nonlinear_charge_a1,1,1,8,1,2587,2603,17,8553,128,0.0012175764287995724,0,0.0020002000000000002,0,0.0049417510000000003
nonlinear_charge_a1,1,1,9,1,2587,2603,17,8553,128,0.0012175764287995724,0,0.0020002000000000002,0,0.0049505579999999999
nonlinear_charge_a1,1,1,10,1,2587,2603,17,8553,128,0.0012175764287995724,0,0.0020002000000000002,0,0.0049402780000000002
nonlinear_charge_a100,0,0,0,0,195,248,54,2734,248,0.65169252807812905,0,0.20000020000000002,0,0.001450553
nonlinear_charge_a100,0,0,1,0,195,248,54,2734,248,0.65169252807812905,0,0.20000020000000002,0,0.0014257059999999999
nonlinear_charge_a100,0,0,2,0,195,248,54,2734,248,0.65169252807812905,0,0.20000020000000002,0,0.001440644
nonlinear_charge_a100,0,0,3,0,195,248,54,2734,248,0.65169252807812905,0,0.20000020000000002,0,0.0014090839999999999
nonlinear_charge_a100,0,0,4,0,195,248,54,2734,248,0.65169252807812905,0,0.20000020000000002,0,0.001412892
nonlinear_charge_a100,0,0,5,0,195,248,54,2734,248,0.65169252807812905,0,0.20000020000000002,0,0.001414495
nonlinear_charge_a100,0,0,6,0,195,248,54,2734,248,0.65169252807812905,0,0.20000020000000002,0,0.001386272
nonlinear_charge_a100,0,0,7,0,195,248,54,2734,248,0.65169252807812905,0,0.20000020000000002,0,0.0013830649999999999
nonlinear_charge_a100,0,0,8,0,195,248,54,2734,248,0.65169252807812905,0,0.20000020000000002,0,0.0014311059999999999
nonlinear_charge_a100,0,0,9,0,195,248,54,2734,248,0.65169252807812905,0,0.20000020000000002,0,0.0014103169999999999
nonlinear_charge_a100,0,0,10,0,195,248,54,2734,248,0.65169252807812905,0,0.20000020000000002,0,0.001413243
nonlinear_charge_a100,0,1,0,1,2584,2599,16,22678,2599,0.12003338595854718,0,0.20000020000000002,0,0.011624938
nonlinear_charge_a100,0,1,1,1,2584,2599,16,22678,2599,0.12003338595854718,0,0.20000020000000002,0,0.011670774
nonlinear_charge_a100,0,1,2,1,2584,2599,16,22678,2599,0.12003338595854718,0,0.20000020000000002,0,0.011619206
nonlinear_charge_a100,0,1,3,1,2584,2599,16,22678,2599,0.12003338595854718,0,0.20000020000000002,0,0.011618745999999999
nonlinear_charge_a100,0,1,4,1,2584,2599,16,22678,2599,0.12003338595854718,0,0.20000020000000002,0,0.011611141
nonlinear_charge_a100,0,1,5,1,2584,2599,16,22678,2599,0.12003338595854718,0,0.20000020000000002,0,0.011878069
nonlinear_charge_a100,0,1,6,1,2584,2599,16,22678,2599,0.12003338595854718,0,0.20000020000000002,0,0.011553931999999999
nonlinear_charge_a100,0,1,7,1,2584,2599,16,22678,2599,0.12003338595854718,0,0.20000020000000002,0,0.011536408999999999
nonlinear_charge_a100,0,1,8,1,2584,2599,16,22678,2599,0.12003338595854718,0,0.20000020000000002,0,0.011498296999999999
nonlinear_charge_a100,0,1,9,1,2584,2599,16,22678,2599,0.12003338595854718,0,0.20000020000000002,0,0.011526872000000001
nonlinear_charge_a100,0,1,10,1,2584,2599,16,22678,2599,0.12003338595854718,0,0.20000020000000002,0,0.011490863
nonlinear_charge_a100,1,0,0,0,193,242,50,1290,60,0.52349729354772134,0,0.20000020000000002,0,0.00076102500000000003
nonlinear_charge_a100,1,0,1,0,193,242,50,1290,60,0.52349729354772134,0,0.20000020000000002,0,0.00071750199999999996
nonlinear_charge_a100,1,0,2,0,193,242,50,1290,60,0.52349729354772134,0,0.20000020000000002,0,0.00071323399999999998
nonlinear_charge_a100,1,0,3,0,193,242,50,1290,60,0.52349729354772134,0,0.20000020000000002,0,0.00074686800000000003
nonlinear_charge_a100,1,0,4,0,193,242,50,1290,60,0.52349729354772134,0,0.20000020000000002,0,0.00071559800000000002
nonlinear_charge_a100,1,0,5,0,193,242,50,1290,60,0.52349729354772134,0,0.20000020000000002,0,0.00071792299999999998
nonlinear_charge_a100,1,0,6,0,193,242,50,1290,60,0.52349729354772134,0,0.20000020000000002,0,0.00072580699999999997
nonlinear_charge_a100,1,0,7,0,193,242,50,1290,60,0.52349729354772134,0,0.20000020000000002,0,0.00071954500000000004
nonlinear_charge_a100,1,0,8,0,193,242,50,1290,60,0.52349729354772134,0,0.20000020000000002,0,0.00074532500000000002
nonlinear_charge_a100,1,0,9,0,193,242,50,1290,60,0.52349729354772134,0,0.20000020000000002,0,0.000736117
nonlinear_charge_a100,1,0,10,0,193,242,50,1290,60,0.52349729354772134,0,0.20000020000000002,0,0.00070003899999999996
nonlinear_charge_a100,1,1,0,1,2584,2599,16,8523,126,0.12003266868387155,0,0.20000020000000002,0,0.0048959839999999999
nonlinear_charge_a100,1,1,1,1,2584,2599,16,8523,126,0.12003266868387155,0,0.20000020000000002,0,0.0048476719999999999
nonlinear_charge_a100,1,1,2,1,2584,2599,16,8523,126,0.12003266868387155,0,0.20000020000000002,0,0.0048946909999999996
nonlinear_charge_a100,1,1,3,1,2584,2599,16,8523,126,0.12003266868387155,0,0.20000020000000002,0,0.0048650059999999998
nonlinear_charge_a100,1,1,4,1,2584,2599,16,8523,126,0.12003266868387155,0,0.20000020000000002,0,0.0049079470000000002
nonlinear_charge_a100,1,1,5,1,2584,2599,16,8523,126,0.12003266868387155,0,0.20000020000000002,0,0.0048617590000000002
nonlinear_charge_a100,1,1,6,1,2584,2599,16,8523,126,0.12003266868387155,0,0.20000020000000002,0,0.0049090389999999996
nonlinear_charge_a100,1,1,7,1,2584,2599,16,8523,126,0.12003266868387155,0,0.20000020000000002,0,0.0048821079999999996
nonlinear_charge_a100,1,1,8,1,2584,2599,16,8523,126,0.12003266868387155,0,0.20000020000000002,0,0.0048731299999999998
nonlinear_charge_a100,1,1,9,1,2584,2599,16,8523,126,0.12003266868387155,0,0.20000020000000002,0,0.0049139989999999996
nonlinear_charge_a100,1,1,10,1,2584,2599,16,8523,126,0.12003266868387155,0,0.20000020000000002,0,0.0049308709999999999
