========= COMPUTE-SANITIZER
Note: Google Test filter = Emi03Resident.ConcurrentJobsKeepStateAndFailureOwnershipPrivate:Emi03Resident.WideOutputRowsCrossChunkBoundariesWithoutCorruption:Emi03Resident.DynamicGpuPivotsDoNotHideBehindZeroResponse
[==========] Running 3 tests from 1 test suite.
[----------] Global test environment set-up.
[----------] 3 tests from Emi03Resident
[ RUN      ] Emi03Resident.WideOutputRowsCrossChunkBoundariesWithoutCorruption
========= Use-after-free on allocation of size 4632 bytes at 0x1ff40cde00
=========     Address 0x1ff40cde00 is potentially accessed after it is free'd
=========     
=========     Saved host backtrace up to driver entry point at kernel launch time
=========         Host Frame: ohmnivore::RunEmi03ResidentTransient(ohmnivore::MnaSystem const&, ohmnivore::TranAnalysis const&, ohmnivore::TransientExecutionLimits const&) [0x7b5c8f] in emi03_resident_test
=========         Host Frame: ohmnivore::(anonymous namespace)::Emi03Resident_WideOutputRowsCrossChunkBoundariesWithoutCorruption_Test::TestBody() [0x78cacf] in emi03_resident_test
=========         Host Frame: void testing::internal::HandleExceptionsInMethodIfSupported<testing::Test, void>(testing::Test*, void (testing::Test::*)(), char const*) [0xf7016] in libexternal_Sgoogletest+_Slibgtest.so
=========         Host Frame: testing::Test::Run() [0xf7275] in libexternal_Sgoogletest+_Slibgtest.so
=========         Host Frame: testing::TestInfo::Run() [0xf7604] in libexternal_Sgoogletest+_Slibgtest.so
=========         Host Frame: testing::TestSuite::Run() [0xfaaf6] in libexternal_Sgoogletest+_Slibgtest.so
=========         Host Frame: testing::internal::UnitTestImpl::RunAllTests() [0x1014bb] in libexternal_Sgoogletest+_Slibgtest.so
=========         Host Frame: bool testing::internal::HandleExceptionsInMethodIfSupported<testing::internal::UnitTestImpl, bool>(testing::internal::UnitTestImpl*, bool (testing::internal::UnitTestImpl::*)(), char const*) [0xf788e] in libexternal_Sgoogletest+_Slibgtest.so
=========         Host Frame: testing::UnitTest::Run() [0xf7a8d] in libexternal_Sgoogletest+_Slibgtest.so
=========         Host Frame: main [0x76f920] in emi03_resident_test
=========     
=========     Saved host backtrace up to driver entry point at cudaFreeAsync time
=========         Host Frame: cudaFreeAsync [0x6940fcf] in emi03_resident_test
=========         Host Frame: ohmnivore::(anonymous namespace)::Free(ohmnivore::(anonymous namespace)::JobState&, void*, unsigned long, bool) [0x7a0a4a] in emi03_resident_test
=========         Host Frame: ohmnivore::emi03_cuda_internal::FreeDevice(void*, unsigned long) [0x7a0df2] in emi03_resident_test
=========         Host Frame: ohmnivore::RunEmi03ResidentTransient(ohmnivore::MnaSystem const&, ohmnivore::TranAnalysis const&, ohmnivore::TransientExecutionLimits const&) [0x7b5800] in emi03_resident_test
=========         Host Frame: ohmnivore::(anonymous namespace)::Emi03Resident_WideOutputRowsCrossChunkBoundariesWithoutCorruption_Test::TestBody() [0x78cacf] in emi03_resident_test
=========         Host Frame: void testing::internal::HandleExceptionsInMethodIfSupported<testing::Test, void>(testing::Test*, void (testing::Test::*)(), char const*) [0xf7016] in libexternal_Sgoogletest+_Slibgtest.so
=========         Host Frame: testing::Test::Run() [0xf7275] in libexternal_Sgoogletest+_Slibgtest.so
=========         Host Frame: testing::TestInfo::Run() [0xf7604] in libexternal_Sgoogletest+_Slibgtest.so
=========         Host Frame: testing::TestSuite::Run() [0xfaaf6] in libexternal_Sgoogletest+_Slibgtest.so
=========         Host Frame: testing::internal::UnitTestImpl::RunAllTests() [0x1014bb] in libexternal_Sgoogletest+_Slibgtest.so
=========         Host Frame: bool testing::internal::HandleExceptionsInMethodIfSupported<testing::internal::UnitTestImpl, bool>(testing::internal::UnitTestImpl*, bool (testing::internal::UnitTestImpl::*)(), char const*) [0xf788e] in libexternal_Sgoogletest+_Slibgtest.so
=========         Host Frame: testing::UnitTest::Run() [0xf7a8d] in libexternal_Sgoogletest+_Slibgtest.so
=========         Host Frame: main [0x76f920] in emi03_resident_test
========= 
========= Use-after-free on allocation of size 2316 bytes at 0x1ff40cf400
=========     Address 0x1ff40cf400 is potentially accessed after it is free'd
=========     
=========     Saved host backtrace up to driver entry point at kernel launch time
=========         Host Frame: ohmnivore::RunEmi03ResidentTransient(ohmnivore::MnaSystem const&, ohmnivore::TranAnalysis const&, ohmnivore::TransientExecutionLimits const&) [0x7b5c8f] in emi03_resident_test
=========         Host Frame: ohmnivore::(anonymous namespace)::Emi03Resident_WideOutputRowsCrossChunkBoundariesWithoutCorruption_Test::TestBody() [0x78cacf] in emi03_resident_test
=========         Host Frame: void testing::internal::HandleExceptionsInMethodIfSupported<testing::Test, void>(testing::Test*, void (testing::Test::*)(), char const*) [0xf7016] in libexternal_Sgoogletest+_Slibgtest.so
=========         Host Frame: testing::Test::Run() [0xf7275] in libexternal_Sgoogletest+_Slibgtest.so
=========         Host Frame: testing::TestInfo::Run() [0xf7604] in libexternal_Sgoogletest+_Slibgtest.so
=========         Host Frame: testing::TestSuite::Run() [0xfaaf6] in libexternal_Sgoogletest+_Slibgtest.so
=========         Host Frame: testing::internal::UnitTestImpl::RunAllTests() [0x1014bb] in libexternal_Sgoogletest+_Slibgtest.so
=========         Host Frame: bool testing::internal::HandleExceptionsInMethodIfSupported<testing::internal::UnitTestImpl, bool>(testing::internal::UnitTestImpl*, bool (testing::internal::UnitTestImpl::*)(), char const*) [0xf788e] in libexternal_Sgoogletest+_Slibgtest.so
=========         Host Frame: testing::UnitTest::Run() [0xf7a8d] in libexternal_Sgoogletest+_Slibgtest.so
=========         Host Frame: main [0x76f920] in emi03_resident_test
=========     
=========     Saved host backtrace up to driver entry point at cudaFreeAsync time
=========         Host Frame: cudaFreeAsync [0x6940fcf] in emi03_resident_test
=========         Host Frame: ohmnivore::(anonymous namespace)::Free(ohmnivore::(anonymous namespace)::JobState&, void*, unsigned long, bool) [0x7a0a4a] in emi03_resident_test
=========         Host Frame: ohmnivore::emi03_cuda_internal::FreeDevice(void*, unsigned long) [0x7a0df2] in emi03_resident_test
=========         Host Frame: ohmnivore::RunEmi03ResidentTransient(ohmnivore::MnaSystem const&, ohmnivore::TranAnalysis const&, ohmnivore::TransientExecutionLimits const&) [0x7b5800] in emi03_resident_test
=========         Host Frame: ohmnivore::(anonymous namespace)::Emi03Resident_WideOutputRowsCrossChunkBoundariesWithoutCorruption_Test::TestBody() [0x78cacf] in emi03_resident_test
=========         Host Frame: void testing::internal::HandleExceptionsInMethodIfSupported<testing::Test, void>(testing::Test*, void (testing::Test::*)(), char const*) [0xf7016] in libexternal_Sgoogletest+_Slibgtest.so
=========         Host Frame: testing::Test::Run() [0xf7275] in libexternal_Sgoogletest+_Slibgtest.so
=========         Host Frame: testing::TestInfo::Run() [0xf7604] in libexternal_Sgoogletest+_Slibgtest.so
=========         Host Frame: testing::TestSuite::Run() [0xfaaf6] in libexternal_Sgoogletest+_Slibgtest.so
=========         Host Frame: testing::internal::UnitTestImpl::RunAllTests() [0x1014bb] in libexternal_Sgoogletest+_Slibgtest.so
=========         Host Frame: bool testing::internal::HandleExceptionsInMethodIfSupported<testing::internal::UnitTestImpl, bool>(testing::internal::UnitTestImpl*, bool (testing::internal::UnitTestImpl::*)(), char const*) [0xf788e] in libexternal_Sgoogletest+_Slibgtest.so
=========         Host Frame: testing::UnitTest::Run() [0xf7a8d] in libexternal_Sgoogletest+_Slibgtest.so
=========         Host Frame: main [0x76f920] in emi03_resident_test
========= 
========= Use-after-free on allocation of size 8 bytes at 0x1ff40cfe00
=========     Address 0x1ff40cfe00 is potentially accessed after it is free'd
=========     
=========     Saved host backtrace up to driver entry point at kernel launch time
=========         Host Frame: ohmnivore::RunEmi03ResidentTransient(ohmnivore::MnaSystem const&, ohmnivore::TranAnalysis const&, ohmnivore::TransientExecutionLimits const&) [0x7b5c8f] in emi03_resident_test
=========         Host Frame: ohmnivore::(anonymous namespace)::Emi03Resident_WideOutputRowsCrossChunkBoundariesWithoutCorruption_Test::TestBody() [0x78cacf] in emi03_resident_test
=========         Host Frame: void testing::internal::HandleExceptionsInMethodIfSupported<testing::Test, void>(testing::Test*, void (testing::Test::*)(), char const*) [0xf7016] in libexternal_Sgoogletest+_Slibgtest.so
=========         Host Frame: testing::Test::Run() [0xf7275] in libexternal_Sgoogletest+_Slibgtest.so
=========         Host Frame: testing::TestInfo::Run() [0xf7604] in libexternal_Sgoogletest+_Slibgtest.so
=========         Host Frame: testing::TestSuite::Run() [0xfaaf6] in libexternal_Sgoogletest+_Slibgtest.so
=========         Host Frame: testing::internal::UnitTestImpl::RunAllTests() [0x1014bb] in libexternal_Sgoogletest+_Slibgtest.so
=========         Host Frame: bool testing::internal::HandleExceptionsInMethodIfSupported<testing::internal::UnitTestImpl, bool>(testing::internal::UnitTestImpl*, bool (testing::internal::UnitTestImpl::*)(), char const*) [0xf788e] in libexternal_Sgoogletest+_Slibgtest.so
=========         Host Frame: testing::UnitTest::Run() [0xf7a8d] in libexternal_Sgoogletest+_Slibgtest.so
=========         Host Frame: main [0x76f920] in emi03_resident_test
=========     
=========     Saved host backtrace up to driver entry point at cudaFreeAsync time
=========         Host Frame: cudaFreeAsync [0x6940fcf] in emi03_resident_test
=========         Host Frame: ohmnivore::(anonymous namespace)::Free(ohmnivore::(anonymous namespace)::JobState&, void*, unsigned long, bool) [0x7a0a4a] in emi03_resident_test
=========         Host Frame: ohmnivore::emi03_cuda_internal::FreeDevice(void*, unsigned long) [0x7a0df2] in emi03_resident_test
=========         Host Frame: ohmnivore::RunEmi03ResidentTransient(ohmnivore::MnaSystem const&, ohmnivore::TranAnalysis const&, ohmnivore::TransientExecutionLimits const&) [0x7b5800] in emi03_resident_test
=========         Host Frame: ohmnivore::(anonymous namespace)::Emi03Resident_WideOutputRowsCrossChunkBoundariesWithoutCorruption_Test::TestBody() [0x78cacf] in emi03_resident_test
=========         Host Frame: void testing::internal::HandleExceptionsInMethodIfSupported<testing::Test, void>(testing::Test*, void (testing::Test::*)(), char const*) [0xf7016] in libexternal_Sgoogletest+_Slibgtest.so
=========         Host Frame: testing::Test::Run() [0xf7275] in libexternal_Sgoogletest+_Slibgtest.so
=========         Host Frame: testing::TestInfo::Run() [0xf7604] in libexternal_Sgoogletest+_Slibgtest.so
=========         Host Frame: testing::TestSuite::Run() [0xfaaf6] in libexternal_Sgoogletest+_Slibgtest.so
=========         Host Frame: testing::internal::UnitTestImpl::RunAllTests() [0x1014bb] in libexternal_Sgoogletest+_Slibgtest.so
=========         Host Frame: bool testing::internal::HandleExceptionsInMethodIfSupported<testing::internal::UnitTestImpl, bool>(testing::internal::UnitTestImpl*, bool (testing::internal::UnitTestImpl::*)(), char const*) [0xf788e] in libexternal_Sgoogletest+_Slibgtest.so
=========         Host Frame: testing::UnitTest::Run() [0xf7a8d] in libexternal_Sgoogletest+_Slibgtest.so
=========         Host Frame: main [0x76f920] in emi03_resident_test
========= 
========= Use-after-free on allocation of size 776 bytes at 0x1ff40d0000
=========     Address 0x1ff40d0000 is potentially accessed after it is free'd
=========     
=========     Saved host backtrace up to driver entry point at kernel launch time
=========         Host Frame: ohmnivore::RunEmi03ResidentTransient(ohmnivore::MnaSystem const&, ohmnivore::TranAnalysis const&, ohmnivore::TransientExecutionLimits const&) [0x7b5c8f] in emi03_resident_test
=========         Host Frame: ohmnivore::(anonymous namespace)::Emi03Resident_WideOutputRowsCrossChunkBoundariesWithoutCorruption_Test::TestBody() [0x78cacf] in emi03_resident_test
=========         Host Frame: void testing::internal::HandleExceptionsInMethodIfSupported<testing::Test, void>(testing::Test*, void (testing::Test::*)(), char const*) [0xf7016] in libexternal_Sgoogletest+_Slibgtest.so
=========         Host Frame: testing::Test::Run() [0xf7275] in libexternal_Sgoogletest+_Slibgtest.so
=========         Host Frame: testing::TestInfo::Run() [0xf7604] in libexternal_Sgoogletest+_Slibgtest.so
=========         Host Frame: testing::TestSuite::Run() [0xfaaf6] in libexternal_Sgoogletest+_Slibgtest.so
=========         Host Frame: testing::internal::UnitTestImpl::RunAllTests() [0x1014bb] in libexternal_Sgoogletest+_Slibgtest.so
=========         Host Frame: bool testing::internal::HandleExceptionsInMethodIfSupported<testing::internal::UnitTestImpl, bool>(testing::internal::UnitTestImpl*, bool (testing::internal::UnitTestImpl::*)(), char const*) [0xf788e] in libexternal_Sgoogletest+_Slibgtest.so
=========         Host Frame: testing::UnitTest::Run() [0xf7a8d] in libexternal_Sgoogletest+_Slibgtest.so
=========         Host Frame: main [0x76f920] in emi03_resident_test
=========     
=========     Saved host backtrace up to driver entry point at cudaFreeAsync time
=========         Host Frame: cudaFreeAsync [0x6940fcf] in emi03_resident_test
=========         Host Frame: ohmnivore::(anonymous namespace)::Free(ohmnivore::(anonymous namespace)::JobState&, void*, unsigned long, bool) [0x7a0a4a] in emi03_resident_test
=========         Host Frame: ohmnivore::emi03_cuda_internal::FreeDevice(void*, unsigned long) [0x7a0df2] in emi03_resident_test
=========         Host Frame: ohmnivore::RunEmi03ResidentTransient(ohmnivore::MnaSystem const&, ohmnivore::TranAnalysis const&, ohmnivore::TransientExecutionLimits const&) [0x7b5800] in emi03_resident_test
=========         Host Frame: ohmnivore::(anonymous namespace)::Emi03Resident_WideOutputRowsCrossChunkBoundariesWithoutCorruption_Test::TestBody() [0x78cacf] in emi03_resident_test
=========         Host Frame: void testing::internal::HandleExceptionsInMethodIfSupported<testing::Test, void>(testing::Test*, void (testing::Test::*)(), char const*) [0xf7016] in libexternal_Sgoogletest+_Slibgtest.so
=========         Host Frame: testing::Test::Run() [0xf7275] in libexternal_Sgoogletest+_Slibgtest.so
=========         Host Frame: testing::TestInfo::Run() [0xf7604] in libexternal_Sgoogletest+_Slibgtest.so
=========         Host Frame: testing::TestSuite::Run() [0xfaaf6] in libexternal_Sgoogletest+_Slibgtest.so
=========         Host Frame: testing::internal::UnitTestImpl::RunAllTests() [0x1014bb] in libexternal_Sgoogletest+_Slibgtest.so
=========         Host Frame: bool testing::internal::HandleExceptionsInMethodIfSupported<testing::internal::UnitTestImpl, bool>(testing::internal::UnitTestImpl*, bool (testing::internal::UnitTestImpl::*)(), char const*) [0xf788e] in libexternal_Sgoogletest+_Slibgtest.so
=========         Host Frame: testing::UnitTest::Run() [0xf7a8d] in libexternal_Sgoogletest+_Slibgtest.so
=========         Host Frame: main [0x76f920] in emi03_resident_test
========= 
========= Use-after-free on allocation of size 8 bytes at 0x1ff40d0400
=========     Address 0x1ff40d0400 is potentially accessed after it is free'd
=========     
=========     Saved host backtrace up to driver entry point at kernel launch time
=========         Host Frame: ohmnivore::RunEmi03ResidentTransient(ohmnivore::MnaSystem const&, ohmnivore::TranAnalysis const&, ohmnivore::TransientExecutionLimits const&) [0x7b5c8f] in emi03_resident_test
=========         Host Frame: ohmnivore::(anonymous namespace)::Emi03Resident_WideOutputRowsCrossChunkBoundariesWithoutCorruption_Test::TestBody() [0x78cacf] in emi03_resident_test
=========         Host Frame: void testing::internal::HandleExceptionsInMethodIfSupported<testing::Test, void>(testing::Test*, void (testing::Test::*)(), char const*) [0xf7016] in libexternal_Sgoogletest+_Slibgtest.so
=========         Host Frame: testing::Test::Run() [0xf7275] in libexternal_Sgoogletest+_Slibgtest.so
=========         Host Frame: testing::TestInfo::Run() [0xf7604] in libexternal_Sgoogletest+_Slibgtest.so
=========         Host Frame: testing::TestSuite::Run() [0xfaaf6] in libexternal_Sgoogletest+_Slibgtest.so
=========         Host Frame: testing::internal::UnitTestImpl::RunAllTests() [0x1014bb] in libexternal_Sgoogletest+_Slibgtest.so
=========         Host Frame: bool testing::internal::HandleExceptionsInMethodIfSupported<testing::internal::UnitTestImpl, bool>(testing::internal::UnitTestImpl*, bool (testing::internal::UnitTestImpl::*)(), char const*) [0xf788e] in libexternal_Sgoogletest+_Slibgtest.so
=========         Host Frame: testing::UnitTest::Run() [0xf7a8d] in libexternal_Sgoogletest+_Slibgtest.so
=========         Host Frame: main [0x76f920] in emi03_resident_test
=========     
=========     Saved host backtrace up to driver entry point at cudaFreeAsync time
=========         Host Frame: cudaFreeAsync [0x6940fcf] in emi03_resident_test
=========         Host Frame: ohmnivore::(anonymous namespace)::Free(ohmnivore::(anonymous namespace)::JobState&, void*, unsigned long, bool) [0x7a0a4a] in emi03_resident_test
=========         Host Frame: ohmnivore::emi03_cuda_internal::FreeDevice(void*, unsigned long) [0x7a0df2] in emi03_resident_test
=========         Host Frame: ohmnivore::RunEmi03ResidentTransient(ohmnivore::MnaSystem const&, ohmnivore::TranAnalysis const&, ohmnivore::TransientExecutionLimits const&) [0x7b5800] in emi03_resident_test
=========         Host Frame: ohmnivore::(anonymous namespace)::Emi03Resident_WideOutputRowsCrossChunkBoundariesWithoutCorruption_Test::TestBody() [0x78cacf] in emi03_resident_test
=========         Host Frame: void testing::internal::HandleExceptionsInMethodIfSupported<testing::Test, void>(testing::Test*, void (testing::Test::*)(), char const*) [0xf7016] in libexternal_Sgoogletest+_Slibgtest.so
=========         Host Frame: testing::Test::Run() [0xf7275] in libexternal_Sgoogletest+_Slibgtest.so
=========         Host Frame: testing::TestInfo::Run() [0xf7604] in libexternal_Sgoogletest+_Slibgtest.so
=========         Host Frame: testing::TestSuite::Run() [0xfaaf6] in libexternal_Sgoogletest+_Slibgtest.so
=========         Host Frame: testing::internal::UnitTestImpl::RunAllTests() [0x1014bb] in libexternal_Sgoogletest+_Slibgtest.so
=========         Host Frame: bool testing::internal::HandleExceptionsInMethodIfSupported<testing::internal::UnitTestImpl, bool>(testing::internal::UnitTestImpl*, bool (testing::internal::UnitTestImpl::*)(), char const*) [0xf788e] in libexternal_Sgoogletest+_Slibgtest.so
=========         Host Frame: testing::UnitTest::Run() [0xf7a8d] in libexternal_Sgoogletest+_Slibgtest.so
=========         Host Frame: main [0x76f920] in emi03_resident_test
========= 
========= Use-after-free on allocation of size 776 bytes at 0x1ff40d0600
=========     Address 0x1ff40d0600 is potentially accessed after it is free'd
=========     
=========     Saved host backtrace up to driver entry point at kernel launch time
=========         Host Frame: ohmnivore::RunEmi03ResidentTransient(ohmnivore::MnaSystem const&, ohmnivore::TranAnalysis const&, ohmnivore::TransientExecutionLimits const&) [0x7b5c8f] in emi03_resident_test
=========         Host Frame: ohmnivore::(anonymous namespace)::Emi03Resident_WideOutputRowsCrossChunkBoundariesWithoutCorruption_Test::TestBody() [0x78cacf] in emi03_resident_test
=========         Host Frame: void testing::internal::HandleExceptionsInMethodIfSupported<testing::Test, void>(testing::Test*, void (testing::Test::*)(), char const*) [0xf7016] in libexternal_Sgoogletest+_Slibgtest.so
=========         Host Frame: testing::Test::Run() [0xf7275] in libexternal_Sgoogletest+_Slibgtest.so
=========         Host Frame: testing::TestInfo::Run() [0xf7604] in libexternal_Sgoogletest+_Slibgtest.so
=========         Host Frame: testing::TestSuite::Run() [0xfaaf6] in libexternal_Sgoogletest+_Slibgtest.so
=========         Host Frame: testing::internal::UnitTestImpl::RunAllTests() [0x1014bb] in libexternal_Sgoogletest+_Slibgtest.so
=========         Host Frame: bool testing::internal::HandleExceptionsInMethodIfSupported<testing::internal::UnitTestImpl, bool>(testing::internal::UnitTestImpl*, bool (testing::internal::UnitTestImpl::*)(), char const*) [0xf788e] in libexternal_Sgoogletest+_Slibgtest.so
=========         Host Frame: testing::UnitTest::Run() [0xf7a8d] in libexternal_Sgoogletest+_Slibgtest.so
=========         Host Frame: main [0x76f920] in emi03_resident_test
=========     
=========     Saved host backtrace up to driver entry point at cudaFreeAsync time
=========         Host Frame: cudaFreeAsync [0x6940fcf] in emi03_resident_test
=========         Host Frame: ohmnivore::(anonymous namespace)::Free(ohmnivore::(anonymous namespace)::JobState&, void*, unsigned long, bool) [0x7a0a4a] in emi03_resident_test
=========         Host Frame: ohmnivore::emi03_cuda_internal::FreeDevice(void*, unsigned long) [0x7a0df2] in emi03_resident_test
=========         Host Frame: ohmnivore::RunEmi03ResidentTransient(ohmnivore::MnaSystem const&, ohmnivore::TranAnalysis const&, ohmnivore::TransientExecutionLimits const&) [0x7b5800] in emi03_resident_test
=========         Host Frame: ohmnivore::(anonymous namespace)::Emi03Resident_WideOutputRowsCrossChunkBoundariesWithoutCorruption_Test::TestBody() [0x78cacf] in emi03_resident_test
=========         Host Frame: void testing::internal::HandleExceptionsInMethodIfSupported<testing::Test, void>(testing::Test*, void (testing::Test::*)(), char const*) [0xf7016] in libexternal_Sgoogletest+_Slibgtest.so
=========         Host Frame: testing::Test::Run() [0xf7275] in libexternal_Sgoogletest+_Slibgtest.so
=========         Host Frame: testing::TestInfo::Run() [0xf7604] in libexternal_Sgoogletest+_Slibgtest.so
=========         Host Frame: testing::TestSuite::Run() [0xfaaf6] in libexternal_Sgoogletest+_Slibgtest.so
=========         Host Frame: testing::internal::UnitTestImpl::RunAllTests() [0x1014bb] in libexternal_Sgoogletest+_Slibgtest.so
=========         Host Frame: bool testing::internal::HandleExceptionsInMethodIfSupported<testing::internal::UnitTestImpl, bool>(testing::internal::UnitTestImpl*, bool (testing::internal::UnitTestImpl::*)(), char const*) [0xf788e] in libexternal_Sgoogletest+_Slibgtest.so
=========         Host Frame: testing::UnitTest::Run() [0xf7a8d] in libexternal_Sgoogletest+_Slibgtest.so
=========         Host Frame: main [0x76f920] in emi03_resident_test
========= 
========= Use-after-free on allocation of size 16 bytes at 0x1ff40d0a00
=========     Address 0x1ff40d0a00 is potentially accessed after it is free'd
=========     
=========     Saved host backtrace up to driver entry point at kernel launch time
=========         Host Frame: ohmnivore::RunEmi03ResidentTransient(ohmnivore::MnaSystem const&, ohmnivore::TranAnalysis const&, ohmnivore::TransientExecutionLimits const&) [0x7b5c8f] in emi03_resident_test
=========         Host Frame: ohmnivore::(anonymous namespace)::Emi03Resident_WideOutputRowsCrossChunkBoundariesWithoutCorruption_Test::TestBody() [0x78cacf] in emi03_resident_test
=========         Host Frame: void testing::internal::HandleExceptionsInMethodIfSupported<testing::Test, void>(testing::Test*, void (testing::Test::*)(), char const*) [0xf7016] in libexternal_Sgoogletest+_Slibgtest.so
=========         Host Frame: testing::Test::Run() [0xf7275] in libexternal_Sgoogletest+_Slibgtest.so
=========         Host Frame: testing::TestInfo::Run() [0xf7604] in libexternal_Sgoogletest+_Slibgtest.so
=========         Host Frame: testing::TestSuite::Run() [0xfaaf6] in libexternal_Sgoogletest+_Slibgtest.so
=========         Host Frame: testing::internal::UnitTestImpl::RunAllTests() [0x1014bb] in libexternal_Sgoogletest+_Slibgtest.so
=========         Host Frame: bool testing::internal::HandleExceptionsInMethodIfSupported<testing::internal::UnitTestImpl, bool>(testing::internal::UnitTestImpl*, bool (testing::internal::UnitTestImpl::*)(), char const*) [0xf788e] in libexternal_Sgoogletest+_Slibgtest.so
=========         Host Frame: testing::UnitTest::Run() [0xf7a8d] in libexternal_Sgoogletest+_Slibgtest.so
=========         Host Frame: main [0x76f920] in emi03_resident_test
=========     
=========     Saved host backtrace up to driver entry point at cudaFreeAsync time
=========         Host Frame: cudaFreeAsync [0x6940fcf] in emi03_resident_test
=========         Host Frame: ohmnivore::(anonymous namespace)::Free(ohmnivore::(anonymous namespace)::JobState&, void*, unsigned long, bool) [0x7a0a4a] in emi03_resident_test
=========         Host Frame: ohmnivore::emi03_cuda_internal::FreeDevice(void*, unsigned long) [0x7a0df2] in emi03_resident_test
=========         Host Frame: ohmnivore::RunEmi03ResidentTransient(ohmnivore::MnaSystem const&, ohmnivore::TranAnalysis const&, ohmnivore::TransientExecutionLimits const&) [0x7b5800] in emi03_resident_test
=========         Host Frame: ohmnivore::(anonymous namespace)::Emi03Resident_WideOutputRowsCrossChunkBoundariesWithoutCorruption_Test::TestBody() [0x78cacf] in emi03_resident_test
=========         Host Frame: void testing::internal::HandleExceptionsInMethodIfSupported<testing::Test, void>(testing::Test*, void (testing::Test::*)(), char const*) [0xf7016] in libexternal_Sgoogletest+_Slibgtest.so
=========         Host Frame: testing::Test::Run() [0xf7275] in libexternal_Sgoogletest+_Slibgtest.so
=========         Host Frame: testing::TestInfo::Run() [0xf7604] in libexternal_Sgoogletest+_Slibgtest.so
=========         Host Frame: testing::TestSuite::Run() [0xfaaf6] in libexternal_Sgoogletest+_Slibgtest.so
=========         Host Frame: testing::internal::UnitTestImpl::RunAllTests() [0x1014bb] in libexternal_Sgoogletest+_Slibgtest.so
=========         Host Frame: bool testing::internal::HandleExceptionsInMethodIfSupported<testing::internal::UnitTestImpl, bool>(testing::internal::UnitTestImpl*, bool (testing::internal::UnitTestImpl::*)(), char const*) [0xf788e] in libexternal_Sgoogletest+_Slibgtest.so
=========         Host Frame: testing::UnitTest::Run() [0xf7a8d] in libexternal_Sgoogletest+_Slibgtest.so
=========         Host Frame: main [0x76f920] in emi03_resident_test
========= 
========= Use-after-free on allocation of size 780 bytes at 0x1ff40d0c00
=========     Address 0x1ff40d0c00 is potentially accessed after it is free'd
=========     
=========     Saved host backtrace up to driver entry point at kernel launch time
=========         Host Frame: ohmnivore::RunEmi03ResidentTransient(ohmnivore::MnaSystem const&, ohmnivore::TranAnalysis const&, ohmnivore::TransientExecutionLimits const&) [0x7b5c8f] in emi03_resident_test
=========         Host Frame: ohmnivore::(anonymous namespace)::Emi03Resident_WideOutputRowsCrossChunkBoundariesWithoutCorruption_Test::TestBody() [0x78cacf] in emi03_resident_test
=========         Host Frame: void testing::internal::HandleExceptionsInMethodIfSupported<testing::Test, void>(testing::Test*, void (testing::Test::*)(), char const*) [0xf7016] in libexternal_Sgoogletest+_Slibgtest.so
=========         Host Frame: testing::Test::Run() [0xf7275] in libexternal_Sgoogletest+_Slibgtest.so
=========         Host Frame: testing::TestInfo::Run() [0xf7604] in libexternal_Sgoogletest+_Slibgtest.so
=========         Host Frame: testing::TestSuite::Run() [0xfaaf6] in libexternal_Sgoogletest+_Slibgtest.so
=========         Host Frame: testing::internal::UnitTestImpl::RunAllTests() [0x1014bb] in libexternal_Sgoogletest+_Slibgtest.so
=========         Host Frame: bool testing::internal::HandleExceptionsInMethodIfSupported<testing::internal::UnitTestImpl, bool>(testing::internal::UnitTestImpl*, bool (testing::internal::UnitTestImpl::*)(), char const*) [0xf788e] in libexternal_Sgoogletest+_Slibgtest.so
=========         Host Frame: testing::UnitTest::Run() [0xf7a8d] in libexternal_Sgoogletest+_Slibgtest.so
=========         Host Frame: main [0x76f920] in emi03_resident_test
=========     
=========     Saved host backtrace up to driver entry point at cudaFreeAsync time
=========         Host Frame: cudaFreeAsync [0x6940fcf] in emi03_resident_test
=========         Host Frame: ohmnivore::(anonymous namespace)::Free(ohmnivore::(anonymous namespace)::JobState&, void*, unsigned long, bool) [0x7a0a4a] in emi03_resident_test
=========         Host Frame: ohmnivore::emi03_cuda_internal::FreeDevice(void*, unsigned long) [0x7a0df2] in emi03_resident_test
=========         Host Frame: ohmnivore::RunEmi03ResidentTransient(ohmnivore::MnaSystem const&, ohmnivore::TranAnalysis const&, ohmnivore::TransientExecutionLimits const&) [0x7b5800] in emi03_resident_test
=========         Host Frame: ohmnivore::(anonymous namespace)::Emi03Resident_WideOutputRowsCrossChunkBoundariesWithoutCorruption_Test::TestBody() [0x78cacf] in emi03_resident_test
=========         Host Frame: void testing::internal::HandleExceptionsInMethodIfSupported<testing::Test, void>(testing::Test*, void (testing::Test::*)(), char const*) [0xf7016] in libexternal_Sgoogletest+_Slibgtest.so
=========         Host Frame: testing::Test::Run() [0xf7275] in libexternal_Sgoogletest+_Slibgtest.so
=========         Host Frame: testing::TestInfo::Run() [0xf7604] in libexternal_Sgoogletest+_Slibgtest.so
=========         Host Frame: testing::TestSuite::Run() [0xfaaf6] in libexternal_Sgoogletest+_Slibgtest.so
=========         Host Frame: testing::internal::UnitTestImpl::RunAllTests() [0x1014bb] in libexternal_Sgoogletest+_Slibgtest.so
=========         Host Frame: bool testing::internal::HandleExceptionsInMethodIfSupported<testing::internal::UnitTestImpl, bool>(testing::internal::UnitTestImpl*, bool (testing::internal::UnitTestImpl::*)(), char const*) [0xf788e] in libexternal_Sgoogletest+_Slibgtest.so
=========         Host Frame: testing::UnitTest::Run() [0xf7a8d] in libexternal_Sgoogletest+_Slibgtest.so
=========         Host Frame: main [0x76f920] in emi03_resident_test
========= 
========= Use-after-free on allocation of size 2316 bytes at 0x1ff40d1000
=========     Address 0x1ff40d1000 is potentially accessed after it is free'd
=========     
=========     Saved host backtrace up to driver entry point at kernel launch time
=========         Host Frame: ohmnivore::RunEmi03ResidentTransient(ohmnivore::MnaSystem const&, ohmnivore::TranAnalysis const&, ohmnivore::TransientExecutionLimits const&) [0x7b5c8f] in emi03_resident_test
=========         Host Frame: ohmnivore::(anonymous namespace)::Emi03Resident_WideOutputRowsCrossChunkBoundariesWithoutCorruption_Test::TestBody() [0x78cacf] in emi03_resident_test
=========         Host Frame: void testing::internal::HandleExceptionsInMethodIfSupported<testing::Test, void>(testing::Test*, void (testing::Test::*)(), char const*) [0xf7016] in libexternal_Sgoogletest+_Slibgtest.so
=========         Host Frame: testing::Test::Run() [0xf7275] in libexternal_Sgoogletest+_Slibgtest.so
=========         Host Frame: testing::TestInfo::Run() [0xf7604] in libexternal_Sgoogletest+_Slibgtest.so
=========         Host Frame: testing::TestSuite::Run() [0xfaaf6] in libexternal_Sgoogletest+_Slibgtest.so
=========         Host Frame: testing::internal::UnitTestImpl::RunAllTests() [0x1014bb] in libexternal_Sgoogletest+_Slibgtest.so
=========         Host Frame: bool testing::internal::HandleExceptionsInMethodIfSupported<testing::internal::UnitTestImpl, bool>(testing::internal::UnitTestImpl*, bool (testing::internal::UnitTestImpl::*)(), char const*) [0xf788e] in libexternal_Sgoogletest+_Slibgtest.so
=========         Host Frame: testing::UnitTest::Run() [0xf7a8d] in libexternal_Sgoogletest+_Slibgtest.so
=========         Host Frame: main [0x76f920] in emi03_resident_test
=========     
=========     Saved host backtrace up to driver entry point at cudaFreeAsync time
=========         Host Frame: cudaFreeAsync [0x6940fcf] in emi03_resident_test
=========         Host Frame: ohmnivore::(anonymous namespace)::Free(ohmnivore::(anonymous namespace)::JobState&, void*, unsigned long, bool) [0x7a0a4a] in emi03_resident_test
=========         Host Frame: ohmnivore::emi03_cuda_internal::FreeDevice(void*, unsigned long) [0x7a0df2] in emi03_resident_test
=========         Host Frame: ohmnivore::RunEmi03ResidentTransient(ohmnivore::MnaSystem const&, ohmnivore::TranAnalysis const&, ohmnivore::TransientExecutionLimits const&) [0x7b5800] in emi03_resident_test
=========         Host Frame: ohmnivore::(anonymous namespace)::Emi03Resident_WideOutputRowsCrossChunkBoundariesWithoutCorruption_Test::TestBody() [0x78cacf] in emi03_resident_test
=========         Host Frame: void testing::internal::HandleExceptionsInMethodIfSupported<testing::Test, void>(testing::Test*, void (testing::Test::*)(), char const*) [0xf7016] in libexternal_Sgoogletest+_Slibgtest.so
=========         Host Frame: testing::Test::Run() [0xf7275] in libexternal_Sgoogletest+_Slibgtest.so
=========         Host Frame: testing::TestInfo::Run() [0xf7604] in libexternal_Sgoogletest+_Slibgtest.so
=========         Host Frame: testing::TestSuite::Run() [0xfaaf6] in libexternal_Sgoogletest+_Slibgtest.so
=========         Host Frame: testing::internal::UnitTestImpl::RunAllTests() [0x1014bb] in libexternal_Sgoogletest+_Slibgtest.so
=========         Host Frame: bool testing::internal::HandleExceptionsInMethodIfSupported<testing::internal::UnitTestImpl, bool>(testing::internal::UnitTestImpl*, bool (testing::internal::UnitTestImpl::*)(), char const*) [0xf788e] in libexternal_Sgoogletest+_Slibgtest.so
=========         Host Frame: testing::UnitTest::Run() [0xf7a8d] in libexternal_Sgoogletest+_Slibgtest.so
=========         Host Frame: main [0x76f920] in emi03_resident_test
========= 
========= Use-after-free on allocation of size 776 bytes at 0x1ff40d1a00
=========     Address 0x1ff40d1a00 is potentially accessed after it is free'd
=========     
=========     Saved host backtrace up to driver entry point at kernel launch time
=========         Host Frame: ohmnivore::RunEmi03ResidentTransient(ohmnivore::MnaSystem const&, ohmnivore::TranAnalysis const&, ohmnivore::TransientExecutionLimits const&) [0x7b5c8f] in emi03_resident_test
=========         Host Frame: ohmnivore::(anonymous namespace)::Emi03Resident_WideOutputRowsCrossChunkBoundariesWithoutCorruption_Test::TestBody() [0x78cacf] in emi03_resident_test
=========         Host Frame: void testing::internal::HandleExceptionsInMethodIfSupported<testing::Test, void>(testing::Test*, void (testing::Test::*)(), char const*) [0xf7016] in libexternal_Sgoogletest+_Slibgtest.so
=========         Host Frame: testing::Test::Run() [0xf7275] in libexternal_Sgoogletest+_Slibgtest.so
=========         Host Frame: testing::TestInfo::Run() [0xf7604] in libexternal_Sgoogletest+_Slibgtest.so
=========         Host Frame: testing::TestSuite::Run() [0xfaaf6] in libexternal_Sgoogletest+_Slibgtest.so
=========         Host Frame: testing::internal::UnitTestImpl::RunAllTests() [0x1014bb] in libexternal_Sgoogletest+_Slibgtest.so
=========         Host Frame: bool testing::internal::HandleExceptionsInMethodIfSupported<testing::internal::UnitTestImpl, bool>(testing::internal::UnitTestImpl*, bool (testing::internal::UnitTestImpl::*)(), char const*) [0xf788e] in libexternal_Sgoogletest+_Slibgtest.so
=========         Host Frame: testing::UnitTest::Run() [0xf7a8d] in libexternal_Sgoogletest+_Slibgtest.so
=========         Host Frame: main [0x76f920] in emi03_resident_test
=========     
=========     Saved host backtrace up to driver entry point at cudaFreeAsync time
=========         Host Frame: cudaFreeAsync [0x6940fcf] in emi03_resident_test
=========         Host Frame: ohmnivore::(anonymous namespace)::Free(ohmnivore::(anonymous namespace)::JobState&, void*, unsigned long, bool) [0x7a0a4a] in emi03_resident_test
=========         Host Frame: ohmnivore::emi03_cuda_internal::FreeDevice(void*, unsigned long) [0x7a0df2] in emi03_resident_test
=========         Host Frame: ohmnivore::RunEmi03ResidentTransient(ohmnivore::MnaSystem const&, ohmnivore::TranAnalysis const&, ohmnivore::TransientExecutionLimits const&) [0x7b5800] in emi03_resident_test
=========         Host Frame: ohmnivore::(anonymous namespace)::Emi03Resident_WideOutputRowsCrossChunkBoundariesWithoutCorruption_Test::TestBody() [0x78cacf] in emi03_resident_test
=========         Host Frame: void testing::internal::HandleExceptionsInMethodIfSupported<testing::Test, void>(testing::Test*, void (testing::Test::*)(), char const*) [0xf7016] in libexternal_Sgoogletest+_Slibgtest.so
=========         Host Frame: testing::Test::Run() [0xf7275] in libexternal_Sgoogletest+_Slibgtest.so
=========         Host Frame: testing::TestInfo::Run() [0xf7604] in libexternal_Sgoogletest+_Slibgtest.so
=========         Host Frame: testing::TestSuite::Run() [0xfaaf6] in libexternal_Sgoogletest+_Slibgtest.so
=========         Host Frame: testing::internal::UnitTestImpl::RunAllTests() [0x1014bb] in libexternal_Sgoogletest+_Slibgtest.so
=========         Host Frame: bool testing::internal::HandleExceptionsInMethodIfSupported<testing::internal::UnitTestImpl, bool>(testing::internal::UnitTestImpl*, bool (testing::internal::UnitTestImpl::*)(), char const*) [0xf788e] in libexternal_Sgoogletest+_Slibgtest.so
=========         Host Frame: testing::UnitTest::Run() [0xf7a8d] in libexternal_Sgoogletest+_Slibgtest.so
=========         Host Frame: main [0x76f920] in emi03_resident_test
========= 
========= Use-after-free on allocation of size 2316 bytes at 0x1ff40d1e00
=========     Address 0x1ff40d1e00 is potentially accessed after it is free'd
=========     
=========     Saved host backtrace up to driver entry point at kernel launch time
=========         Host Frame: ohmnivore::RunEmi03ResidentTransient(ohmnivore::MnaSystem const&, ohmnivore::TranAnalysis const&, ohmnivore::TransientExecutionLimits const&) [0x7b5c8f] in emi03_resident_test
=========         Host Frame: ohmnivore::(anonymous namespace)::Emi03Resident_WideOutputRowsCrossChunkBoundariesWithoutCorruption_Test::TestBody() [0x78cacf] in emi03_resident_test
=========         Host Frame: void testing::internal::HandleExceptionsInMethodIfSupported<testing::Test, void>(testing::Test*, void (testing::Test::*)(), char const*) [0xf7016] in libexternal_Sgoogletest+_Slibgtest.so
=========         Host Frame: testing::Test::Run() [0xf7275] in libexternal_Sgoogletest+_Slibgtest.so
=========         Host Frame: testing::TestInfo::Run() [0xf7604] in libexternal_Sgoogletest+_Slibgtest.so
=========         Host Frame: testing::TestSuite::Run() [0xfaaf6] in libexternal_Sgoogletest+_Slibgtest.so
=========         Host Frame: testing::internal::UnitTestImpl::RunAllTests() [0x1014bb] in libexternal_Sgoogletest+_Slibgtest.so
=========         Host Frame: bool testing::internal::HandleExceptionsInMethodIfSupported<testing::internal::UnitTestImpl, bool>(testing::internal::UnitTestImpl*, bool (testing::internal::UnitTestImpl::*)(), char const*) [0xf788e] in libexternal_Sgoogletest+_Slibgtest.so
=========         Host Frame: testing::UnitTest::Run() [0xf7a8d] in libexternal_Sgoogletest+_Slibgtest.so
=========         Host Frame: main [0x76f920] in emi03_resident_test
=========     
=========     Saved host backtrace up to driver entry point at cudaFreeAsync time
=========         Host Frame: cudaFreeAsync [0x6940fcf] in emi03_resident_test
=========         Host Frame: ohmnivore::(anonymous namespace)::Free(ohmnivore::(anonymous namespace)::JobState&, void*, unsigned long, bool) [0x7a0a4a] in emi03_resident_test
=========         Host Frame: ohmnivore::emi03_cuda_internal::FreeDevice(void*, unsigned long) [0x7a0df2] in emi03_resident_test
=========         Host Frame: ohmnivore::RunEmi03ResidentTransient(ohmnivore::MnaSystem const&, ohmnivore::TranAnalysis const&, ohmnivore::TransientExecutionLimits const&) [0x7b5800] in emi03_resident_test
=========         Host Frame: ohmnivore::(anonymous namespace)::Emi03Resident_WideOutputRowsCrossChunkBoundariesWithoutCorruption_Test::TestBody() [0x78cacf] in emi03_resident_test
=========         Host Frame: void testing::internal::HandleExceptionsInMethodIfSupported<testing::Test, void>(testing::Test*, void (testing::Test::*)(), char const*) [0xf7016] in libexternal_Sgoogletest+_Slibgtest.so
=========         Host Frame: testing::Test::Run() [0xf7275] in libexternal_Sgoogletest+_Slibgtest.so
=========         Host Frame: testing::TestInfo::Run() [0xf7604] in libexternal_Sgoogletest+_Slibgtest.so
=========         Host Frame: testing::TestSuite::Run() [0xfaaf6] in libexternal_Sgoogletest+_Slibgtest.so
=========         Host Frame: testing::internal::UnitTestImpl::RunAllTests() [0x1014bb] in libexternal_Sgoogletest+_Slibgtest.so
=========         Host Frame: bool testing::internal::HandleExceptionsInMethodIfSupported<testing::internal::UnitTestImpl, bool>(testing::internal::UnitTestImpl*, bool (testing::internal::UnitTestImpl::*)(), char const*) [0xf788e] in libexternal_Sgoogletest+_Slibgtest.so
=========         Host Frame: testing::UnitTest::Run() [0xf7a8d] in libexternal_Sgoogletest+_Slibgtest.so
=========         Host Frame: main [0x76f920] in emi03_resident_test
========= 
========= Use-after-free on allocation of size 776 bytes at 0x1ff40d2800
=========     Address 0x1ff40d2800 is potentially accessed after it is free'd
=========     
=========     Saved host backtrace up to driver entry point at kernel launch time
=========         Host Frame: ohmnivore::RunEmi03ResidentTransient(ohmnivore::MnaSystem const&, ohmnivore::TranAnalysis const&, ohmnivore::TransientExecutionLimits const&) [0x7b5c8f] in emi03_resident_test
=========         Host Frame: ohmnivore::(anonymous namespace)::Emi03Resident_WideOutputRowsCrossChunkBoundariesWithoutCorruption_Test::TestBody() [0x78cacf] in emi03_resident_test
=========         Host Frame: void testing::internal::HandleExceptionsInMethodIfSupported<testing::Test, void>(testing::Test*, void (testing::Test::*)(), char const*) [0xf7016] in libexternal_Sgoogletest+_Slibgtest.so
=========         Host Frame: testing::Test::Run() [0xf7275] in libexternal_Sgoogletest+_Slibgtest.so
=========         Host Frame: testing::TestInfo::Run() [0xf7604] in libexternal_Sgoogletest+_Slibgtest.so
=========         Host Frame: testing::TestSuite::Run() [0xfaaf6] in libexternal_Sgoogletest+_Slibgtest.so
=========         Host Frame: testing::internal::UnitTestImpl::RunAllTests() [0x1014bb] in libexternal_Sgoogletest+_Slibgtest.so
=========         Host Frame: bool testing::internal::HandleExceptionsInMethodIfSupported<testing::internal::UnitTestImpl, bool>(testing::internal::UnitTestImpl*, bool (testing::internal::UnitTestImpl::*)(), char const*) [0xf788e] in libexternal_Sgoogletest+_Slibgtest.so
=========         Host Frame: testing::UnitTest::Run() [0xf7a8d] in libexternal_Sgoogletest+_Slibgtest.so
=========         Host Frame: main [0x76f920] in emi03_resident_test
=========     
=========     Saved host backtrace up to driver entry point at cudaFreeAsync time
=========         Host Frame: cudaFreeAsync [0x6940fcf] in emi03_resident_test
=========         Host Frame: ohmnivore::(anonymous namespace)::Free(ohmnivore::(anonymous namespace)::JobState&, void*, unsigned long, bool) [0x7a0a4a] in emi03_resident_test
=========         Host Frame: ohmnivore::emi03_cuda_internal::FreeDevice(void*, unsigned long) [0x7a0df2] in emi03_resident_test
=========         Host Frame: ohmnivore::RunEmi03ResidentTransient(ohmnivore::MnaSystem const&, ohmnivore::TranAnalysis const&, ohmnivore::TransientExecutionLimits const&) [0x7b5800] in emi03_resident_test
=========         Host Frame: ohmnivore::(anonymous namespace)::Emi03Resident_WideOutputRowsCrossChunkBoundariesWithoutCorruption_Test::TestBody() [0x78cacf] in emi03_resident_test
=========         Host Frame: void testing::internal::HandleExceptionsInMethodIfSupported<testing::Test, void>(testing::Test*, void (testing::Test::*)(), char const*) [0xf7016] in libexternal_Sgoogletest+_Slibgtest.so
=========         Host Frame: testing::Test::Run() [0xf7275] in libexternal_Sgoogletest+_Slibgtest.so
=========         Host Frame: testing::TestInfo::Run() [0xf7604] in libexternal_Sgoogletest+_Slibgtest.so
=========         Host Frame: testing::TestSuite::Run() [0xfaaf6] in libexternal_Sgoogletest+_Slibgtest.so
=========         Host Frame: testing::internal::UnitTestImpl::RunAllTests() [0x1014bb] in libexternal_Sgoogletest+_Slibgtest.so
=========         Host Frame: bool testing::internal::HandleExceptionsInMethodIfSupported<testing::internal::UnitTestImpl, bool>(testing::internal::UnitTestImpl*, bool (testing::internal::UnitTestImpl::*)(), char const*) [0xf788e] in libexternal_Sgoogletest+_Slibgtest.so
=========         Host Frame: testing::UnitTest::Run() [0xf7a8d] in libexternal_Sgoogletest+_Slibgtest.so
=========         Host Frame: main [0x76f920] in emi03_resident_test
========= 
========= Use-after-free on allocation of size 776 bytes at 0x1ff40d2c00
=========     Address 0x1ff40d2c00 is potentially accessed after it is free'd
=========     
=========     Saved host backtrace up to driver entry point at kernel launch time
=========         Host Frame: ohmnivore::RunEmi03ResidentTransient(ohmnivore::MnaSystem const&, ohmnivore::TranAnalysis const&, ohmnivore::TransientExecutionLimits const&) [0x7b5c8f] in emi03_resident_test
=========         Host Frame: ohmnivore::(anonymous namespace)::Emi03Resident_WideOutputRowsCrossChunkBoundariesWithoutCorruption_Test::TestBody() [0x78cacf] in emi03_resident_test
=========         Host Frame: void testing::internal::HandleExceptionsInMethodIfSupported<testing::Test, void>(testing::Test*, void (testing::Test::*)(), char const*) [0xf7016] in libexternal_Sgoogletest+_Slibgtest.so
=========         Host Frame: testing::Test::Run() [0xf7275] in libexternal_Sgoogletest+_Slibgtest.so
=========         Host Frame: testing::TestInfo::Run() [0xf7604] in libexternal_Sgoogletest+_Slibgtest.so
=========         Host Frame: testing::TestSuite::Run() [0xfaaf6] in libexternal_Sgoogletest+_Slibgtest.so
=========         Host Frame: testing::internal::UnitTestImpl::RunAllTests() [0x1014bb] in libexternal_Sgoogletest+_Slibgtest.so
=========         Host Frame: bool testing::internal::HandleExceptionsInMethodIfSupported<testing::internal::UnitTestImpl, bool>(testing::internal::UnitTestImpl*, bool (testing::internal::UnitTestImpl::*)(), char const*) [0xf788e] in libexternal_Sgoogletest+_Slibgtest.so
=========         Host Frame: testing::UnitTest::Run() [0xf7a8d] in libexternal_Sgoogletest+_Slibgtest.so
=========         Host Frame: main [0x76f920] in emi03_resident_test
=========     
=========     Saved host backtrace up to driver entry point at cudaFreeAsync time
=========         Host Frame: cudaFreeAsync [0x6940fcf] in emi03_resident_test
=========         Host Frame: ohmnivore::(anonymous namespace)::Free(ohmnivore::(anonymous namespace)::JobState&, void*, unsigned long, bool) [0x7a0a4a] in emi03_resident_test
=========         Host Frame: ohmnivore::emi03_cuda_internal::FreeDevice(void*, unsigned long) [0x7a0df2] in emi03_resident_test
=========         Host Frame: ohmnivore::RunEmi03ResidentTransient(ohmnivore::MnaSystem const&, ohmnivore::TranAnalysis const&, ohmnivore::TransientExecutionLimits const&) [0x7b5800] in emi03_resident_test
=========         Host Frame: ohmnivore::(anonymous namespace)::Emi03Resident_WideOutputRowsCrossChunkBoundariesWithoutCorruption_Test::TestBody() [0x78cacf] in emi03_resident_test
=========         Host Frame: void testing::internal::HandleExceptionsInMethodIfSupported<testing::Test, void>(testing::Test*, void (testing::Test::*)(), char const*) [0xf7016] in libexternal_Sgoogletest+_Slibgtest.so
=========         Host Frame: testing::Test::Run() [0xf7275] in libexternal_Sgoogletest+_Slibgtest.so
=========         Host Frame: testing::TestInfo::Run() [0xf7604] in libexternal_Sgoogletest+_Slibgtest.so
=========         Host Frame: testing::TestSuite::Run() [0xfaaf6] in libexternal_Sgoogletest+_Slibgtest.so
=========         Host Frame: testing::internal::UnitTestImpl::RunAllTests() [0x1014bb] in libexternal_Sgoogletest+_Slibgtest.so
=========         Host Frame: bool testing::internal::HandleExceptionsInMethodIfSupported<testing::internal::UnitTestImpl, bool>(testing::internal::UnitTestImpl*, bool (testing::internal::UnitTestImpl::*)(), char const*) [0xf788e] in libexternal_Sgoogletest+_Slibgtest.so
=========         Host Frame: testing::UnitTest::Run() [0xf7a8d] in libexternal_Sgoogletest+_Slibgtest.so
=========         Host Frame: main [0x76f920] in emi03_resident_test
========= 
========= Use-after-free on allocation of size 4632 bytes at 0x1ff40cde00
=========     Address 0x1ff40cde00 is potentially accessed after it is free'd
=========     
=========     Saved host backtrace up to driver entry point at kernel launch time
=========         Host Frame: ohmnivore::RunEmi03ResidentTransient(ohmnivore::MnaSystem const&, ohmnivore::TranAnalysis const&, ohmnivore::TransientExecutionLimits const&) [0x7b5c8f] in emi03_resident_test
=========         Host Frame: ohmnivore::(anonymous namespace)::Emi03Resident_WideOutputRowsCrossChunkBoundariesWithoutCorruption_Test::TestBody() [0x78cacf] in emi03_resident_test
=========         Host Frame: void testing::internal::HandleExceptionsInMethodIfSupported<testing::Test, void>(testing::Test*, void (testing::Test::*)(), char const*) [0xf7016] in libexternal_Sgoogletest+_Slibgtest.so
=========         Host Frame: testing::Test::Run() [0xf7275] in libexternal_Sgoogletest+_Slibgtest.so
=========         Host Frame: testing::TestInfo::Run() [0xf7604] in libexternal_Sgoogletest+_Slibgtest.so
=========         Host Frame: testing::TestSuite::Run() [0xfaaf6] in libexternal_Sgoogletest+_Slibgtest.so
=========         Host Frame: testing::internal::UnitTestImpl::RunAllTests() [0x1014bb] in libexternal_Sgoogletest+_Slibgtest.so
=========         Host Frame: bool testing::internal::HandleExceptionsInMethodIfSupported<testing::internal::UnitTestImpl, bool>(testing::internal::UnitTestImpl*, bool (testing::internal::UnitTestImpl::*)(), char const*) [0xf788e] in libexternal_Sgoogletest+_Slibgtest.so
=========         Host Frame: testing::UnitTest::Run() [0xf7a8d] in libexternal_Sgoogletest+_Slibgtest.so
=========         Host Frame: main [0x76f920] in emi03_resident_test
=========     
=========     Saved host backtrace up to driver entry point at cudaFreeAsync time
=========         Host Frame: cudaFreeAsync [0x6940fcf] in emi03_resident_test
=========         Host Frame: ohmnivore::(anonymous namespace)::Free(ohmnivore::(anonymous namespace)::JobState&, void*, unsigned long, bool) [0x7a0a4a] in emi03_resident_test
=========         Host Frame: ohmnivore::emi03_cuda_internal::FreeDevice(void*, unsigned long) [0x7a0df2] in emi03_resident_test
=========         Host Frame: ohmnivore::RunEmi03ResidentTransient(ohmnivore::MnaSystem const&, ohmnivore::TranAnalysis const&, ohmnivore::TransientExecutionLimits const&) [0x7b5800] in emi03_resident_test
=========         Host Frame: ohmnivore::(anonymous namespace)::Emi03Resident_WideOutputRowsCrossChunkBoundariesWithoutCorruption_Test::TestBody() [0x78cacf] in emi03_resident_test
=========         Host Frame: void testing::internal::HandleExceptionsInMethodIfSupported<testing::Test, void>(testing::Test*, void (testing::Test::*)(), char const*) [0xf7016] in libexternal_Sgoogletest+_Slibgtest.so
=========         Host Frame: testing::Test::Run() [0xf7275] in libexternal_Sgoogletest+_Slibgtest.so
=========         Host Frame: testing::TestInfo::Run() [0xf7604] in libexternal_Sgoogletest+_Slibgtest.so
=========         Host Frame: testing::TestSuite::Run() [0xfaaf6] in libexternal_Sgoogletest+_Slibgtest.so
=========         Host Frame: testing::internal::UnitTestImpl::RunAllTests() [0x1014bb] in libexternal_Sgoogletest+_Slibgtest.so
=========         Host Frame: bool testing::internal::HandleExceptionsInMethodIfSupported<testing::internal::UnitTestImpl, bool>(testing::internal::UnitTestImpl*, bool (testing::internal::UnitTestImpl::*)(), char const*) [0xf788e] in libexternal_Sgoogletest+_Slibgtest.so
=========         Host Frame: testing::UnitTest::Run() [0xf7a8d] in libexternal_Sgoogletest+_Slibgtest.so
=========         Host Frame: main [0x76f920] in emi03_resident_test
========= 
========= Use-after-free on allocation of size 2316 bytes at 0x1ff40cf400
=========     Address 0x1ff40cf400 is potentially accessed after it is free'd
=========     
=========     Saved host backtrace up to driver entry point at kernel launch time
=========         Host Frame: ohmnivore::RunEmi03ResidentTransient(ohmnivore::MnaSystem const&, ohmnivore::TranAnalysis const&, ohmnivore::TransientExecutionLimits const&) [0x7b5c8f] in emi03_resident_test
=========         Host Frame: ohmnivore::(anonymous namespace)::Emi03Resident_WideOutputRowsCrossChunkBoundariesWithoutCorruption_Test::TestBody() [0x78cacf] in emi03_resident_test
=========         Host Frame: void testing::internal::HandleExceptionsInMethodIfSupported<testing::Test, void>(testing::Test*, void (testing::Test::*)(), char const*) [0xf7016] in libexternal_Sgoogletest+_Slibgtest.so
=========         Host Frame: testing::Test::Run() [0xf7275] in libexternal_Sgoogletest+_Slibgtest.so
=========         Host Frame: testing::TestInfo::Run() [0xf7604] in libexternal_Sgoogletest+_Slibgtest.so
=========         Host Frame: testing::TestSuite::Run() [0xfaaf6] in libexternal_Sgoogletest+_Slibgtest.so
=========         Host Frame: testing::internal::UnitTestImpl::RunAllTests() [0x1014bb] in libexternal_Sgoogletest+_Slibgtest.so
=========         Host Frame: bool testing::internal::HandleExceptionsInMethodIfSupported<testing::internal::UnitTestImpl, bool>(testing::internal::UnitTestImpl*, bool (testing::internal::UnitTestImpl::*)(), char const*) [0xf788e] in libexternal_Sgoogletest+_Slibgtest.so
=========         Host Frame: testing::UnitTest::Run() [0xf7a8d] in libexternal_Sgoogletest+_Slibgtest.so
=========         Host Frame: main [0x76f920] in emi03_resident_test
=========     
=========     Saved host backtrace up to driver entry point at cudaFreeAsync time
=========         Host Frame: cudaFreeAsync [0x6940fcf] in emi03_resident_test
=========         Host Frame: ohmnivore::(anonymous namespace)::Free(ohmnivore::(anonymous namespace)::JobState&, void*, unsigned long, bool) [0x7a0a4a] in emi03_resident_test
=========         Host Frame: ohmnivore::emi03_cuda_internal::FreeDevice(void*, unsigned long) [0x7a0df2] in emi03_resident_test
=========         Host Frame: ohmnivore::RunEmi03ResidentTransient(ohmnivore::MnaSystem const&, ohmnivore::TranAnalysis const&, ohmnivore::TransientExecutionLimits const&) [0x7b5800] in emi03_resident_test
=========         Host Frame: ohmnivore::(anonymous namespace)::Emi03Resident_WideOutputRowsCrossChunkBoundariesWithoutCorruption_Test::TestBody() [0x78cacf] in emi03_resident_test
=========         Host Frame: void testing::internal::HandleExceptionsInMethodIfSupported<testing::Test, void>(testing::Test*, void (testing::Test::*)(), char const*) [0xf7016] in libexternal_Sgoogletest+_Slibgtest.so
=========         Host Frame: testing::Test::Run() [0xf7275] in libexternal_Sgoogletest+_Slibgtest.so
=========         Host Frame: testing::TestInfo::Run() [0xf7604] in libexternal_Sgoogletest+_Slibgtest.so
=========         Host Frame: testing::TestSuite::Run() [0xfaaf6] in libexternal_Sgoogletest+_Slibgtest.so
=========         Host Frame: testing::internal::UnitTestImpl::RunAllTests() [0x1014bb] in libexternal_Sgoogletest+_Slibgtest.so
=========         Host Frame: bool testing::internal::HandleExceptionsInMethodIfSupported<testing::internal::UnitTestImpl, bool>(testing::internal::UnitTestImpl*, bool (testing::internal::UnitTestImpl::*)(), char const*) [0xf788e] in libexternal_Sgoogletest+_Slibgtest.so
=========         Host Frame: testing::UnitTest::Run() [0xf7a8d] in libexternal_Sgoogletest+_Slibgtest.so
=========         Host Frame: main [0x76f920] in emi03_resident_test
========= 
========= Use-after-free on allocation of size 8 bytes at 0x1ff40cfe00
=========     Address 0x1ff40cfe00 is potentially accessed after it is free'd
=========     
=========     Saved host backtrace up to driver entry point at kernel launch time
=========         Host Frame: ohmnivore::RunEmi03ResidentTransient(ohmnivore::MnaSystem const&, ohmnivore::TranAnalysis const&, ohmnivore::TransientExecutionLimits const&) [0x7b5c8f] in emi03_resident_test
=========         Host Frame: ohmnivore::(anonymous namespace)::Emi03Resident_WideOutputRowsCrossChunkBoundariesWithoutCorruption_Test::TestBody() [0x78cacf] in emi03_resident_test
=========         Host Frame: void testing::internal::HandleExceptionsInMethodIfSupported<testing::Test, void>(testing::Test*, void (testing::Test::*)(), char const*) [0xf7016] in libexternal_Sgoogletest+_Slibgtest.so
=========         Host Frame: testing::Test::Run() [0xf7275] in libexternal_Sgoogletest+_Slibgtest.so
=========         Host Frame: testing::TestInfo::Run() [0xf7604] in libexternal_Sgoogletest+_Slibgtest.so
=========         Host Frame: testing::TestSuite::Run() [0xfaaf6] in libexternal_Sgoogletest+_Slibgtest.so
=========         Host Frame: testing::internal::UnitTestImpl::RunAllTests() [0x1014bb] in libexternal_Sgoogletest+_Slibgtest.so
=========         Host Frame: bool testing::internal::HandleExceptionsInMethodIfSupported<testing::internal::UnitTestImpl, bool>(testing::internal::UnitTestImpl*, bool (testing::internal::UnitTestImpl::*)(), char const*) [0xf788e] in libexternal_Sgoogletest+_Slibgtest.so
=========         Host Frame: testing::UnitTest::Run() [0xf7a8d] in libexternal_Sgoogletest+_Slibgtest.so
=========         Host Frame: main [0x76f920] in emi03_resident_test
=========     
=========     Saved host backtrace up to driver entry point at cudaFreeAsync time
=========         Host Frame: cudaFreeAsync [0x6940fcf] in emi03_resident_test
=========         Host Frame: ohmnivore::(anonymous namespace)::Free(ohmnivore::(anonymous namespace)::JobState&, void*, unsigned long, bool) [0x7a0a4a] in emi03_resident_test
=========         Host Frame: ohmnivore::emi03_cuda_internal::FreeDevice(void*, unsigned long) [0x7a0df2] in emi03_resident_test
=========         Host Frame: ohmnivore::RunEmi03ResidentTransient(ohmnivore::MnaSystem const&, ohmnivore::TranAnalysis const&, ohmnivore::TransientExecutionLimits const&) [0x7b5800] in emi03_resident_test
=========         Host Frame: ohmnivore::(anonymous namespace)::Emi03Resident_WideOutputRowsCrossChunkBoundariesWithoutCorruption_Test::TestBody() [0x78cacf] in emi03_resident_test
=========         Host Frame: void testing::internal::HandleExceptionsInMethodIfSupported<testing::Test, void>(testing::Test*, void (testing::Test::*)(), char const*) [0xf7016] in libexternal_Sgoogletest+_Slibgtest.so
=========         Host Frame: testing::Test::Run() [0xf7275] in libexternal_Sgoogletest+_Slibgtest.so
=========         Host Frame: testing::TestInfo::Run() [0xf7604] in libexternal_Sgoogletest+_Slibgtest.so
=========         Host Frame: testing::TestSuite::Run() [0xfaaf6] in libexternal_Sgoogletest+_Slibgtest.so
=========         Host Frame: testing::internal::UnitTestImpl::RunAllTests() [0x1014bb] in libexternal_Sgoogletest+_Slibgtest.so
=========         Host Frame: bool testing::internal::HandleExceptionsInMethodIfSupported<testing::internal::UnitTestImpl, bool>(testing::internal::UnitTestImpl*, bool (testing::internal::UnitTestImpl::*)(), char const*) [0xf788e] in libexternal_Sgoogletest+_Slibgtest.so
=========         Host Frame: testing::UnitTest::Run() [0xf7a8d] in libexternal_Sgoogletest+_Slibgtest.so
=========         Host Frame: main [0x76f920] in emi03_resident_test
========= 
========= Use-after-free on allocation of size 776 bytes at 0x1ff40d0000
=========     Address 0x1ff40d0000 is potentially accessed after it is free'd
=========     
=========     Saved host backtrace up to driver entry point at kernel launch time
=========         Host Frame: ohmnivore::RunEmi03ResidentTransient(ohmnivore::MnaSystem const&, ohmnivore::TranAnalysis const&, ohmnivore::TransientExecutionLimits const&) [0x7b5c8f] in emi03_resident_test
=========         Host Frame: ohmnivore::(anonymous namespace)::Emi03Resident_WideOutputRowsCrossChunkBoundariesWithoutCorruption_Test::TestBody() [0x78cacf] in emi03_resident_test
=========         Host Frame: void testing::internal::HandleExceptionsInMethodIfSupported<testing::Test, void>(testing::Test*, void (testing::Test::*)(), char const*) [0xf7016] in libexternal_Sgoogletest+_Slibgtest.so
=========         Host Frame: testing::Test::Run() [0xf7275] in libexternal_Sgoogletest+_Slibgtest.so
=========         Host Frame: testing::TestInfo::Run() [0xf7604] in libexternal_Sgoogletest+_Slibgtest.so
=========         Host Frame: testing::TestSuite::Run() [0xfaaf6] in libexternal_Sgoogletest+_Slibgtest.so
=========         Host Frame: testing::internal::UnitTestImpl::RunAllTests() [0x1014bb] in libexternal_Sgoogletest+_Slibgtest.so
=========         Host Frame: bool testing::internal::HandleExceptionsInMethodIfSupported<testing::internal::UnitTestImpl, bool>(testing::internal::UnitTestImpl*, bool (testing::internal::UnitTestImpl::*)(), char const*) [0xf788e] in libexternal_Sgoogletest+_Slibgtest.so
=========         Host Frame: testing::UnitTest::Run() [0xf7a8d] in libexternal_Sgoogletest+_Slibgtest.so
=========         Host Frame: main [0x76f920] in emi03_resident_test
=========     
=========     Saved host backtrace up to driver entry point at cudaFreeAsync time
=========         Host Frame: cudaFreeAsync [0x6940fcf] in emi03_resident_test
=========         Host Frame: ohmnivore::(anonymous namespace)::Free(ohmnivore::(anonymous namespace)::JobState&, void*, unsigned long, bool) [0x7a0a4a] in emi03_resident_test
=========         Host Frame: ohmnivore::emi03_cuda_internal::FreeDevice(void*, unsigned long) [0x7a0df2] in emi03_resident_test
=========         Host Frame: ohmnivore::RunEmi03ResidentTransient(ohmnivore::MnaSystem const&, ohmnivore::TranAnalysis const&, ohmnivore::TransientExecutionLimits const&) [0x7b5800] in emi03_resident_test
=========         Host Frame: ohmnivore::(anonymous namespace)::Emi03Resident_WideOutputRowsCrossChunkBoundariesWithoutCorruption_Test::TestBody() [0x78cacf] in emi03_resident_test
=========         Host Frame: void testing::internal::HandleExceptionsInMethodIfSupported<testing::Test, void>(testing::Test*, void (testing::Test::*)(), char const*) [0xf7016] in libexternal_Sgoogletest+_Slibgtest.so
=========         Host Frame: testing::Test::Run() [0xf7275] in libexternal_Sgoogletest+_Slibgtest.so
=========         Host Frame: testing::TestInfo::Run() [0xf7604] in libexternal_Sgoogletest+_Slibgtest.so
=========         Host Frame: testing::TestSuite::Run() [0xfaaf6] in libexternal_Sgoogletest+_Slibgtest.so
=========         Host Frame: testing::internal::UnitTestImpl::RunAllTests() [0x1014bb] in libexternal_Sgoogletest+_Slibgtest.so
=========         Host Frame: bool testing::internal::HandleExceptionsInMethodIfSupported<testing::internal::UnitTestImpl, bool>(testing::internal::UnitTestImpl*, bool (testing::internal::UnitTestImpl::*)(), char const*) [0xf788e] in libexternal_Sgoogletest+_Slibgtest.so
=========         Host Frame: testing::UnitTest::Run() [0xf7a8d] in libexternal_Sgoogletest+_Slibgtest.so
=========         Host Frame: main [0x76f920] in emi03_resident_test
========= 
========= Use-after-free on allocation of size 8 bytes at 0x1ff40d0400
=========     Address 0x1ff40d0400 is potentially accessed after it is free'd
=========     
=========     Saved host backtrace up to driver entry point at kernel launch time
=========         Host Frame: ohmnivore::RunEmi03ResidentTransient(ohmnivore::MnaSystem const&, ohmnivore::TranAnalysis const&, ohmnivore::TransientExecutionLimits const&) [0x7b5c8f] in emi03_resident_test
=========         Host Frame: ohmnivore::(anonymous namespace)::Emi03Resident_WideOutputRowsCrossChunkBoundariesWithoutCorruption_Test::TestBody() [0x78cacf] in emi03_resident_test
=========         Host Frame: void testing::internal::HandleExceptionsInMethodIfSupported<testing::Test, void>(testing::Test*, void (testing::Test::*)(), char const*) [0xf7016] in libexternal_Sgoogletest+_Slibgtest.so
=========         Host Frame: testing::Test::Run() [0xf7275] in libexternal_Sgoogletest+_Slibgtest.so
=========         Host Frame: testing::TestInfo::Run() [0xf7604] in libexternal_Sgoogletest+_Slibgtest.so
=========         Host Frame: testing::TestSuite::Run() [0xfaaf6] in libexternal_Sgoogletest+_Slibgtest.so
=========         Host Frame: testing::internal::UnitTestImpl::RunAllTests() [0x1014bb] in libexternal_Sgoogletest+_Slibgtest.so
=========         Host Frame: bool testing::internal::HandleExceptionsInMethodIfSupported<testing::internal::UnitTestImpl, bool>(testing::internal::UnitTestImpl*, bool (testing::internal::UnitTestImpl::*)(), char const*) [0xf788e] in libexternal_Sgoogletest+_Slibgtest.so
=========         Host Frame: testing::UnitTest::Run() [0xf7a8d] in libexternal_Sgoogletest+_Slibgtest.so
=========         Host Frame: main [0x76f920] in emi03_resident_test
=========     
=========     Saved host backtrace up to driver entry point at cudaFreeAsync time
=========         Host Frame: cudaFreeAsync [0x6940fcf] in emi03_resident_test
=========         Host Frame: ohmnivore::(anonymous namespace)::Free(ohmnivore::(anonymous namespace)::JobState&, void*, unsigned long, bool) [0x7a0a4a] in emi03_resident_test
=========         Host Frame: ohmnivore::emi03_cuda_internal::FreeDevice(void*, unsigned long) [0x7a0df2] in emi03_resident_test
=========         Host Frame: ohmnivore::RunEmi03ResidentTransient(ohmnivore::MnaSystem const&, ohmnivore::TranAnalysis const&, ohmnivore::TransientExecutionLimits const&) [0x7b5800] in emi03_resident_test
=========         Host Frame: ohmnivore::(anonymous namespace)::Emi03Resident_WideOutputRowsCrossChunkBoundariesWithoutCorruption_Test::TestBody() [0x78cacf] in emi03_resident_test
=========         Host Frame: void testing::internal::HandleExceptionsInMethodIfSupported<testing::Test, void>(testing::Test*, void (testing::Test::*)(), char const*) [0xf7016] in libexternal_Sgoogletest+_Slibgtest.so
=========         Host Frame: testing::Test::Run() [0xf7275] in libexternal_Sgoogletest+_Slibgtest.so
=========         Host Frame: testing::TestInfo::Run() [0xf7604] in libexternal_Sgoogletest+_Slibgtest.so
=========         Host Frame: testing::TestSuite::Run() [0xfaaf6] in libexternal_Sgoogletest+_Slibgtest.so
=========         Host Frame: testing::internal::UnitTestImpl::RunAllTests() [0x1014bb] in libexternal_Sgoogletest+_Slibgtest.so
=========         Host Frame: bool testing::internal::HandleExceptionsInMethodIfSupported<testing::internal::UnitTestImpl, bool>(testing::internal::UnitTestImpl*, bool (testing::internal::UnitTestImpl::*)(), char const*) [0xf788e] in libexternal_Sgoogletest+_Slibgtest.so
=========         Host Frame: testing::UnitTest::Run() [0xf7a8d] in libexternal_Sgoogletest+_Slibgtest.so
=========         Host Frame: main [0x76f920] in emi03_resident_test
========= 
========= Use-after-free on allocation of size 776 bytes at 0x1ff40d0600
=========     Address 0x1ff40d0600 is potentially accessed after it is free'd
=========     
=========     Saved host backtrace up to driver entry point at kernel launch time
=========         Host Frame: ohmnivore::RunEmi03ResidentTransient(ohmnivore::MnaSystem const&, ohmnivore::TranAnalysis const&, ohmnivore::TransientExecutionLimits const&) [0x7b5c8f] in emi03_resident_test
=========         Host Frame: ohmnivore::(anonymous namespace)::Emi03Resident_WideOutputRowsCrossChunkBoundariesWithoutCorruption_Test::TestBody() [0x78cacf] in emi03_resident_test
=========         Host Frame: void testing::internal::HandleExceptionsInMethodIfSupported<testing::Test, void>(testing::Test*, void (testing::Test::*)(), char const*) [0xf7016] in libexternal_Sgoogletest+_Slibgtest.so
=========         Host Frame: testing::Test::Run() [0xf7275] in libexternal_Sgoogletest+_Slibgtest.so
=========         Host Frame: testing::TestInfo::Run() [0xf7604] in libexternal_Sgoogletest+_Slibgtest.so
=========         Host Frame: testing::TestSuite::Run() [0xfaaf6] in libexternal_Sgoogletest+_Slibgtest.so
=========         Host Frame: testing::internal::UnitTestImpl::RunAllTests() [0x1014bb] in libexternal_Sgoogletest+_Slibgtest.so
=========         Host Frame: bool testing::internal::HandleExceptionsInMethodIfSupported<testing::internal::UnitTestImpl, bool>(testing::internal::UnitTestImpl*, bool (testing::internal::UnitTestImpl::*)(), char const*) [0xf788e] in libexternal_Sgoogletest+_Slibgtest.so
=========         Host Frame: testing::UnitTest::Run() [0xf7a8d] in libexternal_Sgoogletest+_Slibgtest.so
=========         Host Frame: main [0x76f920] in emi03_resident_test
=========     
=========     Saved host backtrace up to driver entry point at cudaFreeAsync time
=========         Host Frame: cudaFreeAsync [0x6940fcf] in emi03_resident_test
=========         Host Frame: ohmnivore::(anonymous namespace)::Free(ohmnivore::(anonymous namespace)::JobState&, void*, unsigned long, bool) [0x7a0a4a] in emi03_resident_test
=========         Host Frame: ohmnivore::emi03_cuda_internal::FreeDevice(void*, unsigned long) [0x7a0df2] in emi03_resident_test
=========         Host Frame: ohmnivore::RunEmi03ResidentTransient(ohmnivore::MnaSystem const&, ohmnivore::TranAnalysis const&, ohmnivore::TransientExecutionLimits const&) [0x7b5800] in emi03_resident_test
=========         Host Frame: ohmnivore::(anonymous namespace)::Emi03Resident_WideOutputRowsCrossChunkBoundariesWithoutCorruption_Test::TestBody() [0x78cacf] in emi03_resident_test
=========         Host Frame: void testing::internal::HandleExceptionsInMethodIfSupported<testing::Test, void>(testing::Test*, void (testing::Test::*)(), char const*) [0xf7016] in libexternal_Sgoogletest+_Slibgtest.so
=========         Host Frame: testing::Test::Run() [0xf7275] in libexternal_Sgoogletest+_Slibgtest.so
=========         Host Frame: testing::TestInfo::Run() [0xf7604] in libexternal_Sgoogletest+_Slibgtest.so
=========         Host Frame: testing::TestSuite::Run() [0xfaaf6] in libexternal_Sgoogletest+_Slibgtest.so
=========         Host Frame: testing::internal::UnitTestImpl::RunAllTests() [0x1014bb] in libexternal_Sgoogletest+_Slibgtest.so
=========         Host Frame: bool testing::internal::HandleExceptionsInMethodIfSupported<testing::internal::UnitTestImpl, bool>(testing::internal::UnitTestImpl*, bool (testing::internal::UnitTestImpl::*)(), char const*) [0xf788e] in libexternal_Sgoogletest+_Slibgtest.so
=========         Host Frame: testing::UnitTest::Run() [0xf7a8d] in libexternal_Sgoogletest+_Slibgtest.so
=========         Host Frame: main [0x76f920] in emi03_resident_test
========= 
========= Use-after-free on allocation of size 16 bytes at 0x1ff40d0a00
=========     Address 0x1ff40d0a00 is potentially accessed after it is free'd
=========     
=========     Saved host backtrace up to driver entry point at kernel launch time
=========         Host Frame: ohmnivore::RunEmi03ResidentTransient(ohmnivore::MnaSystem const&, ohmnivore::TranAnalysis const&, ohmnivore::TransientExecutionLimits const&) [0x7b5c8f] in emi03_resident_test
=========         Host Frame: ohmnivore::(anonymous namespace)::Emi03Resident_WideOutputRowsCrossChunkBoundariesWithoutCorruption_Test::TestBody() [0x78cacf] in emi03_resident_test
=========         Host Frame: void testing::internal::HandleExceptionsInMethodIfSupported<testing::Test, void>(testing::Test*, void (testing::Test::*)(), char const*) [0xf7016] in libexternal_Sgoogletest+_Slibgtest.so
=========         Host Frame: testing::Test::Run() [0xf7275] in libexternal_Sgoogletest+_Slibgtest.so
=========         Host Frame: testing::TestInfo::Run() [0xf7604] in libexternal_Sgoogletest+_Slibgtest.so
=========         Host Frame: testing::TestSuite::Run() [0xfaaf6] in libexternal_Sgoogletest+_Slibgtest.so
=========         Host Frame: testing::internal::UnitTestImpl::RunAllTests() [0x1014bb] in libexternal_Sgoogletest+_Slibgtest.so
=========         Host Frame: bool testing::internal::HandleExceptionsInMethodIfSupported<testing::internal::UnitTestImpl, bool>(testing::internal::UnitTestImpl*, bool (testing::internal::UnitTestImpl::*)(), char const*) [0xf788e] in libexternal_Sgoogletest+_Slibgtest.so
=========         Host Frame: testing::UnitTest::Run() [0xf7a8d] in libexternal_Sgoogletest+_Slibgtest.so
=========         Host Frame: main [0x76f920] in emi03_resident_test
=========     
=========     Saved host backtrace up to driver entry point at cudaFreeAsync time
=========         Host Frame: cudaFreeAsync [0x6940fcf] in emi03_resident_test
=========         Host Frame: ohmnivore::(anonymous namespace)::Free(ohmnivore::(anonymous namespace)::JobState&, void*, unsigned long, bool) [0x7a0a4a] in emi03_resident_test
=========         Host Frame: ohmnivore::emi03_cuda_internal::FreeDevice(void*, unsigned long) [0x7a0df2] in emi03_resident_test
=========         Host Frame: ohmnivore::RunEmi03ResidentTransient(ohmnivore::MnaSystem const&, ohmnivore::TranAnalysis const&, ohmnivore::TransientExecutionLimits const&) [0x7b5800] in emi03_resident_test
=========         Host Frame: ohmnivore::(anonymous namespace)::Emi03Resident_WideOutputRowsCrossChunkBoundariesWithoutCorruption_Test::TestBody() [0x78cacf] in emi03_resident_test
=========         Host Frame: void testing::internal::HandleExceptionsInMethodIfSupported<testing::Test, void>(testing::Test*, void (testing::Test::*)(), char const*) [0xf7016] in libexternal_Sgoogletest+_Slibgtest.so
=========         Host Frame: testing::Test::Run() [0xf7275] in libexternal_Sgoogletest+_Slibgtest.so
=========         Host Frame: testing::TestInfo::Run() [0xf7604] in libexternal_Sgoogletest+_Slibgtest.so
=========         Host Frame: testing::TestSuite::Run() [0xfaaf6] in libexternal_Sgoogletest+_Slibgtest.so
=========         Host Frame: testing::internal::UnitTestImpl::RunAllTests() [0x1014bb] in libexternal_Sgoogletest+_Slibgtest.so
=========         Host Frame: bool testing::internal::HandleExceptionsInMethodIfSupported<testing::internal::UnitTestImpl, bool>(testing::internal::UnitTestImpl*, bool (testing::internal::UnitTestImpl::*)(), char const*) [0xf788e] in libexternal_Sgoogletest+_Slibgtest.so
=========         Host Frame: testing::UnitTest::Run() [0xf7a8d] in libexternal_Sgoogletest+_Slibgtest.so
=========         Host Frame: main [0x76f920] in emi03_resident_test
========= 
========= Use-after-free on allocation of size 780 bytes at 0x1ff40d0c00
=========     Address 0x1ff40d0c00 is potentially accessed after it is free'd
=========     
=========     Saved host backtrace up to driver entry point at kernel launch time
=========         Host Frame: ohmnivore::RunEmi03ResidentTransient(ohmnivore::MnaSystem const&, ohmnivore::TranAnalysis const&, ohmnivore::TransientExecutionLimits const&) [0x7b5c8f] in emi03_resident_test
=========         Host Frame: ohmnivore::(anonymous namespace)::Emi03Resident_WideOutputRowsCrossChunkBoundariesWithoutCorruption_Test::TestBody() [0x78cacf] in emi03_resident_test
=========         Host Frame: void testing::internal::HandleExceptionsInMethodIfSupported<testing::Test, void>(testing::Test*, void (testing::Test::*)(), char const*) [0xf7016] in libexternal_Sgoogletest+_Slibgtest.so
=========         Host Frame: testing::Test::Run() [0xf7275] in libexternal_Sgoogletest+_Slibgtest.so
=========         Host Frame: testing::TestInfo::Run() [0xf7604] in libexternal_Sgoogletest+_Slibgtest.so
=========         Host Frame: testing::TestSuite::Run() [0xfaaf6] in libexternal_Sgoogletest+_Slibgtest.so
=========         Host Frame: testing::internal::UnitTestImpl::RunAllTests() [0x1014bb] in libexternal_Sgoogletest+_Slibgtest.so
=========         Host Frame: bool testing::internal::HandleExceptionsInMethodIfSupported<testing::internal::UnitTestImpl, bool>(testing::internal::UnitTestImpl*, bool (testing::internal::UnitTestImpl::*)(), char const*) [0xf788e] in libexternal_Sgoogletest+_Slibgtest.so
=========         Host Frame: testing::UnitTest::Run() [0xf7a8d] in libexternal_Sgoogletest+_Slibgtest.so
=========         Host Frame: main [0x76f920] in emi03_resident_test
=========     
=========     Saved host backtrace up to driver entry point at cudaFreeAsync time
=========         Host Frame: cudaFreeAsync [0x6940fcf] in emi03_resident_test
=========         Host Frame: ohmnivore::(anonymous namespace)::Free(ohmnivore::(anonymous namespace)::JobState&, void*, unsigned long, bool) [0x7a0a4a] in emi03_resident_test
=========         Host Frame: ohmnivore::emi03_cuda_internal::FreeDevice(void*, unsigned long) [0x7a0df2] in emi03_resident_test
=========         Host Frame: ohmnivore::RunEmi03ResidentTransient(ohmnivore::MnaSystem const&, ohmnivore::TranAnalysis const&, ohmnivore::TransientExecutionLimits const&) [0x7b5800] in emi03_resident_test
=========         Host Frame: ohmnivore::(anonymous namespace)::Emi03Resident_WideOutputRowsCrossChunkBoundariesWithoutCorruption_Test::TestBody() [0x78cacf] in emi03_resident_test
=========         Host Frame: void testing::internal::HandleExceptionsInMethodIfSupported<testing::Test, void>(testing::Test*, void (testing::Test::*)(), char const*) [0xf7016] in libexternal_Sgoogletest+_Slibgtest.so
=========         Host Frame: testing::Test::Run() [0xf7275] in libexternal_Sgoogletest+_Slibgtest.so
=========         Host Frame: testing::TestInfo::Run() [0xf7604] in libexternal_Sgoogletest+_Slibgtest.so
=========         Host Frame: testing::TestSuite::Run() [0xfaaf6] in libexternal_Sgoogletest+_Slibgtest.so
=========         Host Frame: testing::internal::UnitTestImpl::RunAllTests() [0x1014bb] in libexternal_Sgoogletest+_Slibgtest.so
=========         Host Frame: bool testing::internal::HandleExceptionsInMethodIfSupported<testing::internal::UnitTestImpl, bool>(testing::internal::UnitTestImpl*, bool (testing::internal::UnitTestImpl::*)(), char const*) [0xf788e] in libexternal_Sgoogletest+_Slibgtest.so
=========         Host Frame: testing::UnitTest::Run() [0xf7a8d] in libexternal_Sgoogletest+_Slibgtest.so
=========         Host Frame: main [0x76f920] in emi03_resident_test
========= 
========= Use-after-free on allocation of size 2316 bytes at 0x1ff40d1000
=========     Address 0x1ff40d1000 is potentially accessed after it is free'd
=========     
=========     Saved host backtrace up to driver entry point at kernel launch time
=========         Host Frame: ohmnivore::RunEmi03ResidentTransient(ohmnivore::MnaSystem const&, ohmnivore::TranAnalysis const&, ohmnivore::TransientExecutionLimits const&) [0x7b5c8f] in emi03_resident_test
=========         Host Frame: ohmnivore::(anonymous namespace)::Emi03Resident_WideOutputRowsCrossChunkBoundariesWithoutCorruption_Test::TestBody() [0x78cacf] in emi03_resident_test
=========         Host Frame: void testing::internal::HandleExceptionsInMethodIfSupported<testing::Test, void>(testing::Test*, void (testing::Test::*)(), char const*) [0xf7016] in libexternal_Sgoogletest+_Slibgtest.so
=========         Host Frame: testing::Test::Run() [0xf7275] in libexternal_Sgoogletest+_Slibgtest.so
=========         Host Frame: testing::TestInfo::Run() [0xf7604] in libexternal_Sgoogletest+_Slibgtest.so
=========         Host Frame: testing::TestSuite::Run() [0xfaaf6] in libexternal_Sgoogletest+_Slibgtest.so
=========         Host Frame: testing::internal::UnitTestImpl::RunAllTests() [0x1014bb] in libexternal_Sgoogletest+_Slibgtest.so
=========         Host Frame: bool testing::internal::HandleExceptionsInMethodIfSupported<testing::internal::UnitTestImpl, bool>(testing::internal::UnitTestImpl*, bool (testing::internal::UnitTestImpl::*)(), char const*) [0xf788e] in libexternal_Sgoogletest+_Slibgtest.so
=========         Host Frame: testing::UnitTest::Run() [0xf7a8d] in libexternal_Sgoogletest+_Slibgtest.so
=========         Host Frame: main [0x76f920] in emi03_resident_test
=========     
=========     Saved host backtrace up to driver entry point at cudaFreeAsync time
=========         Host Frame: cudaFreeAsync [0x6940fcf] in emi03_resident_test
=========         Host Frame: ohmnivore::(anonymous namespace)::Free(ohmnivore::(anonymous namespace)::JobState&, void*, unsigned long, bool) [0x7a0a4a] in emi03_resident_test
=========         Host Frame: ohmnivore::emi03_cuda_internal::FreeDevice(void*, unsigned long) [0x7a0df2] in emi03_resident_test
=========         Host Frame: ohmnivore::RunEmi03ResidentTransient(ohmnivore::MnaSystem const&, ohmnivore::TranAnalysis const&, ohmnivore::TransientExecutionLimits const&) [0x7b5800] in emi03_resident_test
=========         Host Frame: ohmnivore::(anonymous namespace)::Emi03Resident_WideOutputRowsCrossChunkBoundariesWithoutCorruption_Test::TestBody() [0x78cacf] in emi03_resident_test
=========         Host Frame: void testing::internal::HandleExceptionsInMethodIfSupported<testing::Test, void>(testing::Test*, void (testing::Test::*)(), char const*) [0xf7016] in libexternal_Sgoogletest+_Slibgtest.so
=========         Host Frame: testing::Test::Run() [0xf7275] in libexternal_Sgoogletest+_Slibgtest.so
=========         Host Frame: testing::TestInfo::Run() [0xf7604] in libexternal_Sgoogletest+_Slibgtest.so
=========         Host Frame: testing::TestSuite::Run() [0xfaaf6] in libexternal_Sgoogletest+_Slibgtest.so
=========         Host Frame: testing::internal::UnitTestImpl::RunAllTests() [0x1014bb] in libexternal_Sgoogletest+_Slibgtest.so
=========         Host Frame: bool testing::internal::HandleExceptionsInMethodIfSupported<testing::internal::UnitTestImpl, bool>(testing::internal::UnitTestImpl*, bool (testing::internal::UnitTestImpl::*)(), char const*) [0xf788e] in libexternal_Sgoogletest+_Slibgtest.so
=========         Host Frame: testing::UnitTest::Run() [0xf7a8d] in libexternal_Sgoogletest+_Slibgtest.so
=========         Host Frame: main [0x76f920] in emi03_resident_test
========= 
========= Use-after-free on allocation of size 776 bytes at 0x1ff40d1a00
=========     Address 0x1ff40d1a00 is potentially accessed after it is free'd
=========     
=========     Saved host backtrace up to driver entry point at kernel launch time
=========         Host Frame: ohmnivore::RunEmi03ResidentTransient(ohmnivore::MnaSystem const&, ohmnivore::TranAnalysis const&, ohmnivore::TransientExecutionLimits const&) [0x7b5c8f] in emi03_resident_test
=========         Host Frame: ohmnivore::(anonymous namespace)::Emi03Resident_WideOutputRowsCrossChunkBoundariesWithoutCorruption_Test::TestBody() [0x78cacf] in emi03_resident_test
=========         Host Frame: void testing::internal::HandleExceptionsInMethodIfSupported<testing::Test, void>(testing::Test*, void (testing::Test::*)(), char const*) [0xf7016] in libexternal_Sgoogletest+_Slibgtest.so
=========         Host Frame: testing::Test::Run() [0xf7275] in libexternal_Sgoogletest+_Slibgtest.so
=========         Host Frame: testing::TestInfo::Run() [0xf7604] in libexternal_Sgoogletest+_Slibgtest.so
=========         Host Frame: testing::TestSuite::Run() [0xfaaf6] in libexternal_Sgoogletest+_Slibgtest.so
=========         Host Frame: testing::internal::UnitTestImpl::RunAllTests() [0x1014bb] in libexternal_Sgoogletest+_Slibgtest.so
=========         Host Frame: bool testing::internal::HandleExceptionsInMethodIfSupported<testing::internal::UnitTestImpl, bool>(testing::internal::UnitTestImpl*, bool (testing::internal::UnitTestImpl::*)(), char const*) [0xf788e] in libexternal_Sgoogletest+_Slibgtest.so
=========         Host Frame: testing::UnitTest::Run() [0xf7a8d] in libexternal_Sgoogletest+_Slibgtest.so
=========         Host Frame: main [0x76f920] in emi03_resident_test
=========     
=========     Saved host backtrace up to driver entry point at cudaFreeAsync time
=========         Host Frame: cudaFreeAsync [0x6940fcf] in emi03_resident_test
=========         Host Frame: ohmnivore::(anonymous namespace)::Free(ohmnivore::(anonymous namespace)::JobState&, void*, unsigned long, bool) [0x7a0a4a] in emi03_resident_test
=========         Host Frame: ohmnivore::emi03_cuda_internal::FreeDevice(void*, unsigned long) [0x7a0df2] in emi03_resident_test
=========         Host Frame: ohmnivore::RunEmi03ResidentTransient(ohmnivore::MnaSystem const&, ohmnivore::TranAnalysis const&, ohmnivore::TransientExecutionLimits const&) [0x7b5800] in emi03_resident_test
=========         Host Frame: ohmnivore::(anonymous namespace)::Emi03Resident_WideOutputRowsCrossChunkBoundariesWithoutCorruption_Test::TestBody() [0x78cacf] in emi03_resident_test
=========         Host Frame: void testing::internal::HandleExceptionsInMethodIfSupported<testing::Test, void>(testing::Test*, void (testing::Test::*)(), char const*) [0xf7016] in libexternal_Sgoogletest+_Slibgtest.so
=========         Host Frame: testing::Test::Run() [0xf7275] in libexternal_Sgoogletest+_Slibgtest.so
=========         Host Frame: testing::TestInfo::Run() [0xf7604] in libexternal_Sgoogletest+_Slibgtest.so
=========         Host Frame: testing::TestSuite::Run() [0xfaaf6] in libexternal_Sgoogletest+_Slibgtest.so
=========         Host Frame: testing::internal::UnitTestImpl::RunAllTests() [0x1014bb] in libexternal_Sgoogletest+_Slibgtest.so
=========         Host Frame: bool testing::internal::HandleExceptionsInMethodIfSupported<testing::internal::UnitTestImpl, bool>(testing::internal::UnitTestImpl*, bool (testing::internal::UnitTestImpl::*)(), char const*) [0xf788e] in libexternal_Sgoogletest+_Slibgtest.so
=========         Host Frame: testing::UnitTest::Run() [0xf7a8d] in libexternal_Sgoogletest+_Slibgtest.so
=========         Host Frame: main [0x76f920] in emi03_resident_test
========= 
========= Use-after-free on allocation of size 2316 bytes at 0x1ff40d1e00
=========     Address 0x1ff40d1e00 is potentially accessed after it is free'd
=========     
=========     Saved host backtrace up to driver entry point at kernel launch time
=========         Host Frame: ohmnivore::RunEmi03ResidentTransient(ohmnivore::MnaSystem const&, ohmnivore::TranAnalysis const&, ohmnivore::TransientExecutionLimits const&) [0x7b5c8f] in emi03_resident_test
=========         Host Frame: ohmnivore::(anonymous namespace)::Emi03Resident_WideOutputRowsCrossChunkBoundariesWithoutCorruption_Test::TestBody() [0x78cacf] in emi03_resident_test
=========         Host Frame: void testing::internal::HandleExceptionsInMethodIfSupported<testing::Test, void>(testing::Test*, void (testing::Test::*)(), char const*) [0xf7016] in libexternal_Sgoogletest+_Slibgtest.so
=========         Host Frame: testing::Test::Run() [0xf7275] in libexternal_Sgoogletest+_Slibgtest.so
=========         Host Frame: testing::TestInfo::Run() [0xf7604] in libexternal_Sgoogletest+_Slibgtest.so
=========         Host Frame: testing::TestSuite::Run() [0xfaaf6] in libexternal_Sgoogletest+_Slibgtest.so
=========         Host Frame: testing::internal::UnitTestImpl::RunAllTests() [0x1014bb] in libexternal_Sgoogletest+_Slibgtest.so
=========         Host Frame: bool testing::internal::HandleExceptionsInMethodIfSupported<testing::internal::UnitTestImpl, bool>(testing::internal::UnitTestImpl*, bool (testing::internal::UnitTestImpl::*)(), char const*) [0xf788e] in libexternal_Sgoogletest+_Slibgtest.so
=========         Host Frame: testing::UnitTest::Run() [0xf7a8d] in libexternal_Sgoogletest+_Slibgtest.so
=========         Host Frame: main [0x76f920] in emi03_resident_test
=========     
=========     Saved host backtrace up to driver entry point at cudaFreeAsync time
=========         Host Frame: cudaFreeAsync [0x6940fcf] in emi03_resident_test
=========         Host Frame: ohmnivore::(anonymous namespace)::Free(ohmnivore::(anonymous namespace)::JobState&, void*, unsigned long, bool) [0x7a0a4a] in emi03_resident_test
=========         Host Frame: ohmnivore::emi03_cuda_internal::FreeDevice(void*, unsigned long) [0x7a0df2] in emi03_resident_test
=========         Host Frame: ohmnivore::RunEmi03ResidentTransient(ohmnivore::MnaSystem const&, ohmnivore::TranAnalysis const&, ohmnivore::TransientExecutionLimits const&) [0x7b5800] in emi03_resident_test
=========         Host Frame: ohmnivore::(anonymous namespace)::Emi03Resident_WideOutputRowsCrossChunkBoundariesWithoutCorruption_Test::TestBody() [0x78cacf] in emi03_resident_test
=========         Host Frame: void testing::internal::HandleExceptionsInMethodIfSupported<testing::Test, void>(testing::Test*, void (testing::Test::*)(), char const*) [0xf7016] in libexternal_Sgoogletest+_Slibgtest.so
=========         Host Frame: testing::Test::Run() [0xf7275] in libexternal_Sgoogletest+_Slibgtest.so
=========         Host Frame: testing::TestInfo::Run() [0xf7604] in libexternal_Sgoogletest+_Slibgtest.so
=========         Host Frame: testing::TestSuite::Run() [0xfaaf6] in libexternal_Sgoogletest+_Slibgtest.so
=========         Host Frame: testing::internal::UnitTestImpl::RunAllTests() [0x1014bb] in libexternal_Sgoogletest+_Slibgtest.so
=========         Host Frame: bool testing::internal::HandleExceptionsInMethodIfSupported<testing::internal::UnitTestImpl, bool>(testing::internal::UnitTestImpl*, bool (testing::internal::UnitTestImpl::*)(), char const*) [0xf788e] in libexternal_Sgoogletest+_Slibgtest.so
=========         Host Frame: testing::UnitTest::Run() [0xf7a8d] in libexternal_Sgoogletest+_Slibgtest.so
=========         Host Frame: main [0x76f920] in emi03_resident_test
========= 
========= Use-after-free on allocation of size 776 bytes at 0x1ff40d2800
=========     Address 0x1ff40d2800 is potentially accessed after it is free'd
=========     
=========     Saved host backtrace up to driver entry point at kernel launch time
=========         Host Frame: ohmnivore::RunEmi03ResidentTransient(ohmnivore::MnaSystem const&, ohmnivore::TranAnalysis const&, ohmnivore::TransientExecutionLimits const&) [0x7b5c8f] in emi03_resident_test
=========         Host Frame: ohmnivore::(anonymous namespace)::Emi03Resident_WideOutputRowsCrossChunkBoundariesWithoutCorruption_Test::TestBody() [0x78cacf] in emi03_resident_test
=========         Host Frame: void testing::internal::HandleExceptionsInMethodIfSupported<testing::Test, void>(testing::Test*, void (testing::Test::*)(), char const*) [0xf7016] in libexternal_Sgoogletest+_Slibgtest.so
=========         Host Frame: testing::Test::Run() [0xf7275] in libexternal_Sgoogletest+_Slibgtest.so
=========         Host Frame: testing::TestInfo::Run() [0xf7604] in libexternal_Sgoogletest+_Slibgtest.so
=========         Host Frame: testing::TestSuite::Run() [0xfaaf6] in libexternal_Sgoogletest+_Slibgtest.so
=========         Host Frame: testing::internal::UnitTestImpl::RunAllTests() [0x1014bb] in libexternal_Sgoogletest+_Slibgtest.so
=========         Host Frame: bool testing::internal::HandleExceptionsInMethodIfSupported<testing::internal::UnitTestImpl, bool>(testing::internal::UnitTestImpl*, bool (testing::internal::UnitTestImpl::*)(), char const*) [0xf788e] in libexternal_Sgoogletest+_Slibgtest.so
=========         Host Frame: testing::UnitTest::Run() [0xf7a8d] in libexternal_Sgoogletest+_Slibgtest.so
=========         Host Frame: main [0x76f920] in emi03_resident_test
=========     
=========     Saved host backtrace up to driver entry point at cudaFreeAsync time
=========         Host Frame: cudaFreeAsync [0x6940fcf] in emi03_resident_test
=========         Host Frame: ohmnivore::(anonymous namespace)::Free(ohmnivore::(anonymous namespace)::JobState&, void*, unsigned long, bool) [0x7a0a4a] in emi03_resident_test
=========         Host Frame: ohmnivore::emi03_cuda_internal::FreeDevice(void*, unsigned long) [0x7a0df2] in emi03_resident_test
=========         Host Frame: ohmnivore::RunEmi03ResidentTransient(ohmnivore::MnaSystem const&, ohmnivore::TranAnalysis const&, ohmnivore::TransientExecutionLimits const&) [0x7b5800] in emi03_resident_test
=========         Host Frame: ohmnivore::(anonymous namespace)::Emi03Resident_WideOutputRowsCrossChunkBoundariesWithoutCorruption_Test::TestBody() [0x78cacf] in emi03_resident_test
=========         Host Frame: void testing::internal::HandleExceptionsInMethodIfSupported<testing::Test, void>(testing::Test*, void (testing::Test::*)(), char const*) [0xf7016] in libexternal_Sgoogletest+_Slibgtest.so
=========         Host Frame: testing::Test::Run() [0xf7275] in libexternal_Sgoogletest+_Slibgtest.so
=========         Host Frame: testing::TestInfo::Run() [0xf7604] in libexternal_Sgoogletest+_Slibgtest.so
=========         Host Frame: testing::TestSuite::Run() [0xfaaf6] in libexternal_Sgoogletest+_Slibgtest.so
=========         Host Frame: testing::internal::UnitTestImpl::RunAllTests() [0x1014bb] in libexternal_Sgoogletest+_Slibgtest.so
=========         Host Frame: bool testing::internal::HandleExceptionsInMethodIfSupported<testing::internal::UnitTestImpl, bool>(testing::internal::UnitTestImpl*, bool (testing::internal::UnitTestImpl::*)(), char const*) [0xf788e] in libexternal_Sgoogletest+_Slibgtest.so
=========         Host Frame: testing::UnitTest::Run() [0xf7a8d] in libexternal_Sgoogletest+_Slibgtest.so
=========         Host Frame: main [0x76f920] in emi03_resident_test
========= 
========= Use-after-free on allocation of size 776 bytes at 0x1ff40d2c00
=========     Address 0x1ff40d2c00 is potentially accessed after it is free'd
=========     
=========     Saved host backtrace up to driver entry point at kernel launch time
=========         Host Frame: ohmnivore::RunEmi03ResidentTransient(ohmnivore::MnaSystem const&, ohmnivore::TranAnalysis const&, ohmnivore::TransientExecutionLimits const&) [0x7b5c8f] in emi03_resident_test
=========         Host Frame: ohmnivore::(anonymous namespace)::Emi03Resident_WideOutputRowsCrossChunkBoundariesWithoutCorruption_Test::TestBody() [0x78cacf] in emi03_resident_test
=========         Host Frame: void testing::internal::HandleExceptionsInMethodIfSupported<testing::Test, void>(testing::Test*, void (testing::Test::*)(), char const*) [0xf7016] in libexternal_Sgoogletest+_Slibgtest.so
=========         Host Frame: testing::Test::Run() [0xf7275] in libexternal_Sgoogletest+_Slibgtest.so
=========         Host Frame: testing::TestInfo::Run() [0xf7604] in libexternal_Sgoogletest+_Slibgtest.so
=========         Host Frame: testing::TestSuite::Run() [0xfaaf6] in libexternal_Sgoogletest+_Slibgtest.so
=========         Host Frame: testing::internal::UnitTestImpl::RunAllTests() [0x1014bb] in libexternal_Sgoogletest+_Slibgtest.so
=========         Host Frame: bool testing::internal::HandleExceptionsInMethodIfSupported<testing::internal::UnitTestImpl, bool>(testing::internal::UnitTestImpl*, bool (testing::internal::UnitTestImpl::*)(), char const*) [0xf788e] in libexternal_Sgoogletest+_Slibgtest.so
=========         Host Frame: testing::UnitTest::Run() [0xf7a8d] in libexternal_Sgoogletest+_Slibgtest.so
=========         Host Frame: main [0x76f920] in emi03_resident_test
=========     
=========     Saved host backtrace up to driver entry point at cudaFreeAsync time
=========         Host Frame: cudaFreeAsync [0x6940fcf] in emi03_resident_test
=========         Host Frame: ohmnivore::(anonymous namespace)::Free(ohmnivore::(anonymous namespace)::JobState&, void*, unsigned long, bool) [0x7a0a4a] in emi03_resident_test
=========         Host Frame: ohmnivore::emi03_cuda_internal::FreeDevice(void*, unsigned long) [0x7a0df2] in emi03_resident_test
=========         Host Frame: ohmnivore::RunEmi03ResidentTransient(ohmnivore::MnaSystem const&, ohmnivore::TranAnalysis const&, ohmnivore::TransientExecutionLimits const&) [0x7b5800] in emi03_resident_test
=========         Host Frame: ohmnivore::(anonymous namespace)::Emi03Resident_WideOutputRowsCrossChunkBoundariesWithoutCorruption_Test::TestBody() [0x78cacf] in emi03_resident_test
=========         Host Frame: void testing::internal::HandleExceptionsInMethodIfSupported<testing::Test, void>(testing::Test*, void (testing::Test::*)(), char const*) [0xf7016] in libexternal_Sgoogletest+_Slibgtest.so
=========         Host Frame: testing::Test::Run() [0xf7275] in libexternal_Sgoogletest+_Slibgtest.so
=========         Host Frame: testing::TestInfo::Run() [0xf7604] in libexternal_Sgoogletest+_Slibgtest.so
=========         Host Frame: testing::TestSuite::Run() [0xfaaf6] in libexternal_Sgoogletest+_Slibgtest.so
=========         Host Frame: testing::internal::UnitTestImpl::RunAllTests() [0x1014bb] in libexternal_Sgoogletest+_Slibgtest.so
=========         Host Frame: bool testing::internal::HandleExceptionsInMethodIfSupported<testing::internal::UnitTestImpl, bool>(testing::internal::UnitTestImpl*, bool (testing::internal::UnitTestImpl::*)(), char const*) [0xf788e] in libexternal_Sgoogletest+_Slibgtest.so
=========         Host Frame: testing::UnitTest::Run() [0xf7a8d] in libexternal_Sgoogletest+_Slibgtest.so
=========         Host Frame: main [0x76f920] in emi03_resident_test
========= 
========= Use-after-free on allocation of size 4632 bytes at 0x1ff40cde00
=========     Address 0x1ff40cde00 is potentially accessed after it is free'd
=========     
=========     Saved host backtrace up to driver entry point at kernel launch time
=========         Host Frame: ohmnivore::RunEmi03ResidentTransient(ohmnivore::MnaSystem const&, ohmnivore::TranAnalysis const&, ohmnivore::TransientExecutionLimits const&) [0x7b5c8f] in emi03_resident_test
=========         Host Frame: ohmnivore::(anonymous namespace)::Emi03Resident_WideOutputRowsCrossChunkBoundariesWithoutCorruption_Test::TestBody() [0x78cacf] in emi03_resident_test
=========         Host Frame: void testing::internal::HandleExceptionsInMethodIfSupported<testing::Test, void>(testing::Test*, void (testing::Test::*)(), char const*) [0xf7016] in libexternal_Sgoogletest+_Slibgtest.so
=========         Host Frame: testing::Test::Run() [0xf7275] in libexternal_Sgoogletest+_Slibgtest.so
=========         Host Frame: testing::TestInfo::Run() [0xf7604] in libexternal_Sgoogletest+_Slibgtest.so
=========         Host Frame: testing::TestSuite::Run() [0xfaaf6] in libexternal_Sgoogletest+_Slibgtest.so
=========         Host Frame: testing::internal::UnitTestImpl::RunAllTests() [0x1014bb] in libexternal_Sgoogletest+_Slibgtest.so
=========         Host Frame: bool testing::internal::HandleExceptionsInMethodIfSupported<testing::internal::UnitTestImpl, bool>(testing::internal::UnitTestImpl*, bool (testing::internal::UnitTestImpl::*)(), char const*) [0xf788e] in libexternal_Sgoogletest+_Slibgtest.so
=========         Host Frame: testing::UnitTest::Run() [0xf7a8d] in libexternal_Sgoogletest+_Slibgtest.so
=========         Host Frame: main [0x76f920] in emi03_resident_test
=========     
=========     Saved host backtrace up to driver entry point at cudaFreeAsync time
=========         Host Frame: cudaFreeAsync [0x6940fcf] in emi03_resident_test
=========         Host Frame: ohmnivore::(anonymous namespace)::Free(ohmnivore::(anonymous namespace)::JobState&, void*, unsigned long, bool) [0x7a0a4a] in emi03_resident_test
=========         Host Frame: ohmnivore::emi03_cuda_internal::FreeDevice(void*, unsigned long) [0x7a0df2] in emi03_resident_test
=========         Host Frame: ohmnivore::RunEmi03ResidentTransient(ohmnivore::MnaSystem const&, ohmnivore::TranAnalysis const&, ohmnivore::TransientExecutionLimits const&) [0x7b5800] in emi03_resident_test
=========         Host Frame: ohmnivore::(anonymous namespace)::Emi03Resident_WideOutputRowsCrossChunkBoundariesWithoutCorruption_Test::TestBody() [0x78cacf] in emi03_resident_test
=========         Host Frame: void testing::internal::HandleExceptionsInMethodIfSupported<testing::Test, void>(testing::Test*, void (testing::Test::*)(), char const*) [0xf7016] in libexternal_Sgoogletest+_Slibgtest.so
=========         Host Frame: testing::Test::Run() [0xf7275] in libexternal_Sgoogletest+_Slibgtest.so
=========         Host Frame: testing::TestInfo::Run() [0xf7604] in libexternal_Sgoogletest+_Slibgtest.so
=========         Host Frame: testing::TestSuite::Run() [0xfaaf6] in libexternal_Sgoogletest+_Slibgtest.so
=========         Host Frame: testing::internal::UnitTestImpl::RunAllTests() [0x1014bb] in libexternal_Sgoogletest+_Slibgtest.so
=========         Host Frame: bool testing::internal::HandleExceptionsInMethodIfSupported<testing::internal::UnitTestImpl, bool>(testing::internal::UnitTestImpl*, bool (testing::internal::UnitTestImpl::*)(), char const*) [0xf788e] in libexternal_Sgoogletest+_Slibgtest.so
=========         Host Frame: testing::UnitTest::Run() [0xf7a8d] in libexternal_Sgoogletest+_Slibgtest.so
=========         Host Frame: main [0x76f920] in emi03_resident_test
========= 
========= Use-after-free on allocation of size 2316 bytes at 0x1ff40cf400
=========     Address 0x1ff40cf400 is potentially accessed after it is free'd
=========     
=========     Saved host backtrace up to driver entry point at kernel launch time
=========         Host Frame: ohmnivore::RunEmi03ResidentTransient(ohmnivore::MnaSystem const&, ohmnivore::TranAnalysis const&, ohmnivore::TransientExecutionLimits const&) [0x7b5c8f] in emi03_resident_test
=========         Host Frame: ohmnivore::(anonymous namespace)::Emi03Resident_WideOutputRowsCrossChunkBoundariesWithoutCorruption_Test::TestBody() [0x78cacf] in emi03_resident_test
=========         Host Frame: void testing::internal::HandleExceptionsInMethodIfSupported<testing::Test, void>(testing::Test*, void (testing::Test::*)(), char const*) [0xf7016] in libexternal_Sgoogletest+_Slibgtest.so
=========         Host Frame: testing::Test::Run() [0xf7275] in libexternal_Sgoogletest+_Slibgtest.so
=========         Host Frame: testing::TestInfo::Run() [0xf7604] in libexternal_Sgoogletest+_Slibgtest.so
=========         Host Frame: testing::TestSuite::Run() [0xfaaf6] in libexternal_Sgoogletest+_Slibgtest.so
=========         Host Frame: testing::internal::UnitTestImpl::RunAllTests() [0x1014bb] in libexternal_Sgoogletest+_Slibgtest.so
=========         Host Frame: bool testing::internal::HandleExceptionsInMethodIfSupported<testing::internal::UnitTestImpl, bool>(testing::internal::UnitTestImpl*, bool (testing::internal::UnitTestImpl::*)(), char const*) [0xf788e] in libexternal_Sgoogletest+_Slibgtest.so
=========         Host Frame: testing::UnitTest::Run() [0xf7a8d] in libexternal_Sgoogletest+_Slibgtest.so
=========         Host Frame: main [0x76f920] in emi03_resident_test
=========     
=========     Saved host backtrace up to driver entry point at cudaFreeAsync time
=========         Host Frame: cudaFreeAsync [0x6940fcf] in emi03_resident_test
=========         Host Frame: ohmnivore::(anonymous namespace)::Free(ohmnivore::(anonymous namespace)::JobState&, void*, unsigned long, bool) [0x7a0a4a] in emi03_resident_test
=========         Host Frame: ohmnivore::emi03_cuda_internal::FreeDevice(void*, unsigned long) [0x7a0df2] in emi03_resident_test
=========         Host Frame: ohmnivore::RunEmi03ResidentTransient(ohmnivore::MnaSystem const&, ohmnivore::TranAnalysis const&, ohmnivore::TransientExecutionLimits const&) [0x7b5800] in emi03_resident_test
=========         Host Frame: ohmnivore::(anonymous namespace)::Emi03Resident_WideOutputRowsCrossChunkBoundariesWithoutCorruption_Test::TestBody() [0x78cacf] in emi03_resident_test
=========         Host Frame: void testing::internal::HandleExceptionsInMethodIfSupported<testing::Test, void>(testing::Test*, void (testing::Test::*)(), char const*) [0xf7016] in libexternal_Sgoogletest+_Slibgtest.so
=========         Host Frame: testing::Test::Run() [0xf7275] in libexternal_Sgoogletest+_Slibgtest.so
=========         Host Frame: testing::TestInfo::Run() [0xf7604] in libexternal_Sgoogletest+_Slibgtest.so
=========         Host Frame: testing::TestSuite::Run() [0xfaaf6] in libexternal_Sgoogletest+_Slibgtest.so
=========         Host Frame: testing::internal::UnitTestImpl::RunAllTests() [0x1014bb] in libexternal_Sgoogletest+_Slibgtest.so
=========         Host Frame: bool testing::internal::HandleExceptionsInMethodIfSupported<testing::internal::UnitTestImpl, bool>(testing::internal::UnitTestImpl*, bool (testing::internal::UnitTestImpl::*)(), char const*) [0xf788e] in libexternal_Sgoogletest+_Slibgtest.so
=========         Host Frame: testing::UnitTest::Run() [0xf7a8d] in libexternal_Sgoogletest+_Slibgtest.so
=========         Host Frame: main [0x76f920] in emi03_resident_test
========= 
========= Use-after-free on allocation of size 8 bytes at 0x1ff40cfe00
=========     Address 0x1ff40cfe00 is potentially accessed after it is free'd
=========     
=========     Saved host backtrace up to driver entry point at kernel launch time
=========         Host Frame: ohmnivore::RunEmi03ResidentTransient(ohmnivore::MnaSystem const&, ohmnivore::TranAnalysis const&, ohmnivore::TransientExecutionLimits const&) [0x7b5c8f] in emi03_resident_test
=========         Host Frame: ohmnivore::(anonymous namespace)::Emi03Resident_WideOutputRowsCrossChunkBoundariesWithoutCorruption_Test::TestBody() [0x78cacf] in emi03_resident_test
=========         Host Frame: void testing::internal::HandleExceptionsInMethodIfSupported<testing::Test, void>(testing::Test*, void (testing::Test::*)(), char const*) [0xf7016] in libexternal_Sgoogletest+_Slibgtest.so
=========         Host Frame: testing::Test::Run() [0xf7275] in libexternal_Sgoogletest+_Slibgtest.so
=========         Host Frame: testing::TestInfo::Run() [0xf7604] in libexternal_Sgoogletest+_Slibgtest.so
=========         Host Frame: testing::TestSuite::Run() [0xfaaf6] in libexternal_Sgoogletest+_Slibgtest.so
=========         Host Frame: testing::internal::UnitTestImpl::RunAllTests() [0x1014bb] in libexternal_Sgoogletest+_Slibgtest.so
=========         Host Frame: bool testing::internal::HandleExceptionsInMethodIfSupported<testing::internal::UnitTestImpl, bool>(testing::internal::UnitTestImpl*, bool (testing::internal::UnitTestImpl::*)(), char const*) [0xf788e] in libexternal_Sgoogletest+_Slibgtest.so
=========         Host Frame: testing::UnitTest::Run() [0xf7a8d] in libexternal_Sgoogletest+_Slibgtest.so
=========         Host Frame: main [0x76f920] in emi03_resident_test
=========     
=========     Saved host backtrace up to driver entry point at cudaFreeAsync time
=========         Host Frame: cudaFreeAsync [0x6940fcf] in emi03_resident_test
=========         Host Frame: ohmnivore::(anonymous namespace)::Free(ohmnivore::(anonymous namespace)::JobState&, void*, unsigned long, bool) [0x7a0a4a] in emi03_resident_test
=========         Host Frame: ohmnivore::emi03_cuda_internal::FreeDevice(void*, unsigned long) [0x7a0df2] in emi03_resident_test
=========         Host Frame: ohmnivore::RunEmi03ResidentTransient(ohmnivore::MnaSystem const&, ohmnivore::TranAnalysis const&, ohmnivore::TransientExecutionLimits const&) [0x7b5800] in emi03_resident_test
=========         Host Frame: ohmnivore::(anonymous namespace)::Emi03Resident_WideOutputRowsCrossChunkBoundariesWithoutCorruption_Test::TestBody() [0x78cacf] in emi03_resident_test
=========         Host Frame: void testing::internal::HandleExceptionsInMethodIfSupported<testing::Test, void>(testing::Test*, void (testing::Test::*)(), char const*) [0xf7016] in libexternal_Sgoogletest+_Slibgtest.so
=========         Host Frame: testing::Test::Run() [0xf7275] in libexternal_Sgoogletest+_Slibgtest.so
=========         Host Frame: testing::TestInfo::Run() [0xf7604] in libexternal_Sgoogletest+_Slibgtest.so
=========         Host Frame: testing::TestSuite::Run() [0xfaaf6] in libexternal_Sgoogletest+_Slibgtest.so
=========         Host Frame: testing::internal::UnitTestImpl::RunAllTests() [0x1014bb] in libexternal_Sgoogletest+_Slibgtest.so
=========         Host Frame: bool testing::internal::HandleExceptionsInMethodIfSupported<testing::internal::UnitTestImpl, bool>(testing::internal::UnitTestImpl*, bool (testing::internal::UnitTestImpl::*)(), char const*) [0xf788e] in libexternal_Sgoogletest+_Slibgtest.so
=========         Host Frame: testing::UnitTest::Run() [0xf7a8d] in libexternal_Sgoogletest+_Slibgtest.so
=========         Host Frame: main [0x76f920] in emi03_resident_test
========= 
========= Use-after-free on allocation of size 776 bytes at 0x1ff40d0000
=========     Address 0x1ff40d0000 is potentially accessed after it is free'd
=========     
=========     Saved host backtrace up to driver entry point at kernel launch time
=========         Host Frame: ohmnivore::RunEmi03ResidentTransient(ohmnivore::MnaSystem const&, ohmnivore::TranAnalysis const&, ohmnivore::TransientExecutionLimits const&) [0x7b5c8f] in emi03_resident_test
=========         Host Frame: ohmnivore::(anonymous namespace)::Emi03Resident_WideOutputRowsCrossChunkBoundariesWithoutCorruption_Test::TestBody() [0x78cacf] in emi03_resident_test
=========         Host Frame: void testing::internal::HandleExceptionsInMethodIfSupported<testing::Test, void>(testing::Test*, void (testing::Test::*)(), char const*) [0xf7016] in libexternal_Sgoogletest+_Slibgtest.so
=========         Host Frame: testing::Test::Run() [0xf7275] in libexternal_Sgoogletest+_Slibgtest.so
=========         Host Frame: testing::TestInfo::Run() [0xf7604] in libexternal_Sgoogletest+_Slibgtest.so
=========         Host Frame: testing::TestSuite::Run() [0xfaaf6] in libexternal_Sgoogletest+_Slibgtest.so
=========         Host Frame: testing::internal::UnitTestImpl::RunAllTests() [0x1014bb] in libexternal_Sgoogletest+_Slibgtest.so
=========         Host Frame: bool testing::internal::HandleExceptionsInMethodIfSupported<testing::internal::UnitTestImpl, bool>(testing::internal::UnitTestImpl*, bool (testing::internal::UnitTestImpl::*)(), char const*) [0xf788e] in libexternal_Sgoogletest+_Slibgtest.so
=========         Host Frame: testing::UnitTest::Run() [0xf7a8d] in libexternal_Sgoogletest+_Slibgtest.so
=========         Host Frame: main [0x76f920] in emi03_resident_test
=========     
=========     Saved host backtrace up to driver entry point at cudaFreeAsync time
=========         Host Frame: cudaFreeAsync [0x6940fcf] in emi03_resident_test
=========         Host Frame: ohmnivore::(anonymous namespace)::Free(ohmnivore::(anonymous namespace)::JobState&, void*, unsigned long, bool) [0x7a0a4a] in emi03_resident_test
=========         Host Frame: ohmnivore::emi03_cuda_internal::FreeDevice(void*, unsigned long) [0x7a0df2] in emi03_resident_test
=========         Host Frame: ohmnivore::RunEmi03ResidentTransient(ohmnivore::MnaSystem const&, ohmnivore::TranAnalysis const&, ohmnivore::TransientExecutionLimits const&) [0x7b5800] in emi03_resident_test
=========         Host Frame: ohmnivore::(anonymous namespace)::Emi03Resident_WideOutputRowsCrossChunkBoundariesWithoutCorruption_Test::TestBody() [0x78cacf] in emi03_resident_test
=========         Host Frame: void testing::internal::HandleExceptionsInMethodIfSupported<testing::Test, void>(testing::Test*, void (testing::Test::*)(), char const*) [0xf7016] in libexternal_Sgoogletest+_Slibgtest.so
=========         Host Frame: testing::Test::Run() [0xf7275] in libexternal_Sgoogletest+_Slibgtest.so
=========         Host Frame: testing::TestInfo::Run() [0xf7604] in libexternal_Sgoogletest+_Slibgtest.so
=========         Host Frame: testing::TestSuite::Run() [0xfaaf6] in libexternal_Sgoogletest+_Slibgtest.so
=========         Host Frame: testing::internal::UnitTestImpl::RunAllTests() [0x1014bb] in libexternal_Sgoogletest+_Slibgtest.so
=========         Host Frame: bool testing::internal::HandleExceptionsInMethodIfSupported<testing::internal::UnitTestImpl, bool>(testing::internal::UnitTestImpl*, bool (testing::internal::UnitTestImpl::*)(), char const*) [0xf788e] in libexternal_Sgoogletest+_Slibgtest.so
=========         Host Frame: testing::UnitTest::Run() [0xf7a8d] in libexternal_Sgoogletest+_Slibgtest.so
=========         Host Frame: main [0x76f920] in emi03_resident_test
========= 
========= Use-after-free on allocation of size 8 bytes at 0x1ff40d0400
=========     Address 0x1ff40d0400 is potentially accessed after it is free'd
=========     
=========     Saved host backtrace up to driver entry point at kernel launch time
=========         Host Frame: ohmnivore::RunEmi03ResidentTransient(ohmnivore::MnaSystem const&, ohmnivore::TranAnalysis const&, ohmnivore::TransientExecutionLimits const&) [0x7b5c8f] in emi03_resident_test
=========         Host Frame: ohmnivore::(anonymous namespace)::Emi03Resident_WideOutputRowsCrossChunkBoundariesWithoutCorruption_Test::TestBody() [0x78cacf] in emi03_resident_test
=========         Host Frame: void testing::internal::HandleExceptionsInMethodIfSupported<testing::Test, void>(testing::Test*, void (testing::Test::*)(), char const*) [0xf7016] in libexternal_Sgoogletest+_Slibgtest.so
=========         Host Frame: testing::Test::Run() [0xf7275] in libexternal_Sgoogletest+_Slibgtest.so
=========         Host Frame: testing::TestInfo::Run() [0xf7604] in libexternal_Sgoogletest+_Slibgtest.so
=========         Host Frame: testing::TestSuite::Run() [0xfaaf6] in libexternal_Sgoogletest+_Slibgtest.so
=========         Host Frame: testing::internal::UnitTestImpl::RunAllTests() [0x1014bb] in libexternal_Sgoogletest+_Slibgtest.so
=========         Host Frame: bool testing::internal::HandleExceptionsInMethodIfSupported<testing::internal::UnitTestImpl, bool>(testing::internal::UnitTestImpl*, bool (testing::internal::UnitTestImpl::*)(), char const*) [0xf788e] in libexternal_Sgoogletest+_Slibgtest.so
=========         Host Frame: testing::UnitTest::Run() [0xf7a8d] in libexternal_Sgoogletest+_Slibgtest.so
=========         Host Frame: main [0x76f920] in emi03_resident_test
=========     
=========     Saved host backtrace up to driver entry point at cudaFreeAsync time
=========         Host Frame: cudaFreeAsync [0x6940fcf] in emi03_resident_test
=========         Host Frame: ohmnivore::(anonymous namespace)::Free(ohmnivore::(anonymous namespace)::JobState&, void*, unsigned long, bool) [0x7a0a4a] in emi03_resident_test
=========         Host Frame: ohmnivore::emi03_cuda_internal::FreeDevice(void*, unsigned long) [0x7a0df2] in emi03_resident_test
=========         Host Frame: ohmnivore::RunEmi03ResidentTransient(ohmnivore::MnaSystem const&, ohmnivore::TranAnalysis const&, ohmnivore::TransientExecutionLimits const&) [0x7b5800] in emi03_resident_test
=========         Host Frame: ohmnivore::(anonymous namespace)::Emi03Resident_WideOutputRowsCrossChunkBoundariesWithoutCorruption_Test::TestBody() [0x78cacf] in emi03_resident_test
=========         Host Frame: void testing::internal::HandleExceptionsInMethodIfSupported<testing::Test, void>(testing::Test*, void (testing::Test::*)(), char const*) [0xf7016] in libexternal_Sgoogletest+_Slibgtest.so
=========         Host Frame: testing::Test::Run() [0xf7275] in libexternal_Sgoogletest+_Slibgtest.so
=========         Host Frame: testing::TestInfo::Run() [0xf7604] in libexternal_Sgoogletest+_Slibgtest.so
=========         Host Frame: testing::TestSuite::Run() [0xfaaf6] in libexternal_Sgoogletest+_Slibgtest.so
=========         Host Frame: testing::internal::UnitTestImpl::RunAllTests() [0x1014bb] in libexternal_Sgoogletest+_Slibgtest.so
=========         Host Frame: bool testing::internal::HandleExceptionsInMethodIfSupported<testing::internal::UnitTestImpl, bool>(testing::internal::UnitTestImpl*, bool (testing::internal::UnitTestImpl::*)(), char const*) [0xf788e] in libexternal_Sgoogletest+_Slibgtest.so
=========         Host Frame: testing::UnitTest::Run() [0xf7a8d] in libexternal_Sgoogletest+_Slibgtest.so
=========         Host Frame: main [0x76f920] in emi03_resident_test
========= 
========= Use-after-free on allocation of size 776 bytes at 0x1ff40d0600
=========     Address 0x1ff40d0600 is potentially accessed after it is free'd
=========     
=========     Saved host backtrace up to driver entry point at kernel launch time
=========         Host Frame: ohmnivore::RunEmi03ResidentTransient(ohmnivore::MnaSystem const&, ohmnivore::TranAnalysis const&, ohmnivore::TransientExecutionLimits const&) [0x7b5c8f] in emi03_resident_test
=========         Host Frame: ohmnivore::(anonymous namespace)::Emi03Resident_WideOutputRowsCrossChunkBoundariesWithoutCorruption_Test::TestBody() [0x78cacf] in emi03_resident_test
=========         Host Frame: void testing::internal::HandleExceptionsInMethodIfSupported<testing::Test, void>(testing::Test*, void (testing::Test::*)(), char const*) [0xf7016] in libexternal_Sgoogletest+_Slibgtest.so
=========         Host Frame: testing::Test::Run() [0xf7275] in libexternal_Sgoogletest+_Slibgtest.so
=========         Host Frame: testing::TestInfo::Run() [0xf7604] in libexternal_Sgoogletest+_Slibgtest.so
=========         Host Frame: testing::TestSuite::Run() [0xfaaf6] in libexternal_Sgoogletest+_Slibgtest.so
=========         Host Frame: testing::internal::UnitTestImpl::RunAllTests() [0x1014bb] in libexternal_Sgoogletest+_Slibgtest.so
=========         Host Frame: bool testing::internal::HandleExceptionsInMethodIfSupported<testing::internal::UnitTestImpl, bool>(testing::internal::UnitTestImpl*, bool (testing::internal::UnitTestImpl::*)(), char const*) [0xf788e] in libexternal_Sgoogletest+_Slibgtest.so
=========         Host Frame: testing::UnitTest::Run() [0xf7a8d] in libexternal_Sgoogletest+_Slibgtest.so
=========         Host Frame: main [0x76f920] in emi03_resident_test
=========     
=========     Saved host backtrace up to driver entry point at cudaFreeAsync time
=========         Host Frame: cudaFreeAsync [0x6940fcf] in emi03_resident_test
=========         Host Frame: ohmnivore::(anonymous namespace)::Free(ohmnivore::(anonymous namespace)::JobState&, void*, unsigned long, bool) [0x7a0a4a] in emi03_resident_test
=========         Host Frame: ohmnivore::emi03_cuda_internal::FreeDevice(void*, unsigned long) [0x7a0df2] in emi03_resident_test
=========         Host Frame: ohmnivore::RunEmi03ResidentTransient(ohmnivore::MnaSystem const&, ohmnivore::TranAnalysis const&, ohmnivore::TransientExecutionLimits const&) [0x7b5800] in emi03_resident_test
=========         Host Frame: ohmnivore::(anonymous namespace)::Emi03Resident_WideOutputRowsCrossChunkBoundariesWithoutCorruption_Test::TestBody() [0x78cacf] in emi03_resident_test
=========         Host Frame: void testing::internal::HandleExceptionsInMethodIfSupported<testing::Test, void>(testing::Test*, void (testing::Test::*)(), char const*) [0xf7016] in libexternal_Sgoogletest+_Slibgtest.so
=========         Host Frame: testing::Test::Run() [0xf7275] in libexternal_Sgoogletest+_Slibgtest.so
=========         Host Frame: testing::TestInfo::Run() [0xf7604] in libexternal_Sgoogletest+_Slibgtest.so
=========         Host Frame: testing::TestSuite::Run() [0xfaaf6] in libexternal_Sgoogletest+_Slibgtest.so
=========         Host Frame: testing::internal::UnitTestImpl::RunAllTests() [0x1014bb] in libexternal_Sgoogletest+_Slibgtest.so
=========         Host Frame: bool testing::internal::HandleExceptionsInMethodIfSupported<testing::internal::UnitTestImpl, bool>(testing::internal::UnitTestImpl*, bool (testing::internal::UnitTestImpl::*)(), char const*) [0xf788e] in libexternal_Sgoogletest+_Slibgtest.so
=========         Host Frame: testing::UnitTest::Run() [0xf7a8d] in libexternal_Sgoogletest+_Slibgtest.so
=========         Host Frame: main [0x76f920] in emi03_resident_test
========= 
========= Use-after-free on allocation of size 16 bytes at 0x1ff40d0a00
=========     Address 0x1ff40d0a00 is potentially accessed after it is free'd
=========     
=========     Saved host backtrace up to driver entry point at kernel launch time
=========         Host Frame: ohmnivore::RunEmi03ResidentTransient(ohmnivore::MnaSystem const&, ohmnivore::TranAnalysis const&, ohmnivore::TransientExecutionLimits const&) [0x7b5c8f] in emi03_resident_test
=========         Host Frame: ohmnivore::(anonymous namespace)::Emi03Resident_WideOutputRowsCrossChunkBoundariesWithoutCorruption_Test::TestBody() [0x78cacf] in emi03_resident_test
=========         Host Frame: void testing::internal::HandleExceptionsInMethodIfSupported<testing::Test, void>(testing::Test*, void (testing::Test::*)(), char const*) [0xf7016] in libexternal_Sgoogletest+_Slibgtest.so
=========         Host Frame: testing::Test::Run() [0xf7275] in libexternal_Sgoogletest+_Slibgtest.so
=========         Host Frame: testing::TestInfo::Run() [0xf7604] in libexternal_Sgoogletest+_Slibgtest.so
=========         Host Frame: testing::TestSuite::Run() [0xfaaf6] in libexternal_Sgoogletest+_Slibgtest.so
=========         Host Frame: testing::internal::UnitTestImpl::RunAllTests() [0x1014bb] in libexternal_Sgoogletest+_Slibgtest.so
=========         Host Frame: bool testing::internal::HandleExceptionsInMethodIfSupported<testing::internal::UnitTestImpl, bool>(testing::internal::UnitTestImpl*, bool (testing::internal::UnitTestImpl::*)(), char const*) [0xf788e] in libexternal_Sgoogletest+_Slibgtest.so
=========         Host Frame: testing::UnitTest::Run() [0xf7a8d] in libexternal_Sgoogletest+_Slibgtest.so
=========         Host Frame: main [0x76f920] in emi03_resident_test
=========     
=========     Saved host backtrace up to driver entry point at cudaFreeAsync time
=========         Host Frame: cudaFreeAsync [0x6940fcf] in emi03_resident_test
=========         Host Frame: ohmnivore::(anonymous namespace)::Free(ohmnivore::(anonymous namespace)::JobState&, void*, unsigned long, bool) [0x7a0a4a] in emi03_resident_test
=========         Host Frame: ohmnivore::emi03_cuda_internal::FreeDevice(void*, unsigned long) [0x7a0df2] in emi03_resident_test
=========         Host Frame: ohmnivore::RunEmi03ResidentTransient(ohmnivore::MnaSystem const&, ohmnivore::TranAnalysis const&, ohmnivore::TransientExecutionLimits const&) [0x7b5800] in emi03_resident_test
=========         Host Frame: ohmnivore::(anonymous namespace)::Emi03Resident_WideOutputRowsCrossChunkBoundariesWithoutCorruption_Test::TestBody() [0x78cacf] in emi03_resident_test
=========         Host Frame: void testing::internal::HandleExceptionsInMethodIfSupported<testing::Test, void>(testing::Test*, void (testing::Test::*)(), char const*) [0xf7016] in libexternal_Sgoogletest+_Slibgtest.so
=========         Host Frame: testing::Test::Run() [0xf7275] in libexternal_Sgoogletest+_Slibgtest.so
=========         Host Frame: testing::TestInfo::Run() [0xf7604] in libexternal_Sgoogletest+_Slibgtest.so
=========         Host Frame: testing::TestSuite::Run() [0xfaaf6] in libexternal_Sgoogletest+_Slibgtest.so
=========         Host Frame: testing::internal::UnitTestImpl::RunAllTests() [0x1014bb] in libexternal_Sgoogletest+_Slibgtest.so
=========         Host Frame: bool testing::internal::HandleExceptionsInMethodIfSupported<testing::internal::UnitTestImpl, bool>(testing::internal::UnitTestImpl*, bool (testing::internal::UnitTestImpl::*)(), char const*) [0xf788e] in libexternal_Sgoogletest+_Slibgtest.so
=========         Host Frame: testing::UnitTest::Run() [0xf7a8d] in libexternal_Sgoogletest+_Slibgtest.so
=========         Host Frame: main [0x76f920] in emi03_resident_test
========= 
========= Use-after-free on allocation of size 780 bytes at 0x1ff40d0c00
=========     Address 0x1ff40d0c00 is potentially accessed after it is free'd
=========     
=========     Saved host backtrace up to driver entry point at kernel launch time
=========         Host Frame: ohmnivore::RunEmi03ResidentTransient(ohmnivore::MnaSystem const&, ohmnivore::TranAnalysis const&, ohmnivore::TransientExecutionLimits const&) [0x7b5c8f] in emi03_resident_test
=========         Host Frame: ohmnivore::(anonymous namespace)::Emi03Resident_WideOutputRowsCrossChunkBoundariesWithoutCorruption_Test::TestBody() [0x78cacf] in emi03_resident_test
=========         Host Frame: void testing::internal::HandleExceptionsInMethodIfSupported<testing::Test, void>(testing::Test*, void (testing::Test::*)(), char const*) [0xf7016] in libexternal_Sgoogletest+_Slibgtest.so
=========         Host Frame: testing::Test::Run() [0xf7275] in libexternal_Sgoogletest+_Slibgtest.so
=========         Host Frame: testing::TestInfo::Run() [0xf7604] in libexternal_Sgoogletest+_Slibgtest.so
=========         Host Frame: testing::TestSuite::Run() [0xfaaf6] in libexternal_Sgoogletest+_Slibgtest.so
=========         Host Frame: testing::internal::UnitTestImpl::RunAllTests() [0x1014bb] in libexternal_Sgoogletest+_Slibgtest.so
=========         Host Frame: bool testing::internal::HandleExceptionsInMethodIfSupported<testing::internal::UnitTestImpl, bool>(testing::internal::UnitTestImpl*, bool (testing::internal::UnitTestImpl::*)(), char const*) [0xf788e] in libexternal_Sgoogletest+_Slibgtest.so
=========         Host Frame: testing::UnitTest::Run() [0xf7a8d] in libexternal_Sgoogletest+_Slibgtest.so
=========         Host Frame: main [0x76f920] in emi03_resident_test
=========     
=========     Saved host backtrace up to driver entry point at cudaFreeAsync time
=========         Host Frame: cudaFreeAsync [0x6940fcf] in emi03_resident_test
=========         Host Frame: ohmnivore::(anonymous namespace)::Free(ohmnivore::(anonymous namespace)::JobState&, void*, unsigned long, bool) [0x7a0a4a] in emi03_resident_test
=========         Host Frame: ohmnivore::emi03_cuda_internal::FreeDevice(void*, unsigned long) [0x7a0df2] in emi03_resident_test
=========         Host Frame: ohmnivore::RunEmi03ResidentTransient(ohmnivore::MnaSystem const&, ohmnivore::TranAnalysis const&, ohmnivore::TransientExecutionLimits const&) [0x7b5800] in emi03_resident_test
=========         Host Frame: ohmnivore::(anonymous namespace)::Emi03Resident_WideOutputRowsCrossChunkBoundariesWithoutCorruption_Test::TestBody() [0x78cacf] in emi03_resident_test
=========         Host Frame: void testing::internal::HandleExceptionsInMethodIfSupported<testing::Test, void>(testing::Test*, void (testing::Test::*)(), char const*) [0xf7016] in libexternal_Sgoogletest+_Slibgtest.so
=========         Host Frame: testing::Test::Run() [0xf7275] in libexternal_Sgoogletest+_Slibgtest.so
=========         Host Frame: testing::TestInfo::Run() [0xf7604] in libexternal_Sgoogletest+_Slibgtest.so
=========         Host Frame: testing::TestSuite::Run() [0xfaaf6] in libexternal_Sgoogletest+_Slibgtest.so
=========         Host Frame: testing::internal::UnitTestImpl::RunAllTests() [0x1014bb] in libexternal_Sgoogletest+_Slibgtest.so
=========         Host Frame: bool testing::internal::HandleExceptionsInMethodIfSupported<testing::internal::UnitTestImpl, bool>(testing::internal::UnitTestImpl*, bool (testing::internal::UnitTestImpl::*)(), char const*) [0xf788e] in libexternal_Sgoogletest+_Slibgtest.so
=========         Host Frame: testing::UnitTest::Run() [0xf7a8d] in libexternal_Sgoogletest+_Slibgtest.so
=========         Host Frame: main [0x76f920] in emi03_resident_test
========= 
========= Use-after-free on allocation of size 2316 bytes at 0x1ff40d1000
=========     Address 0x1ff40d1000 is potentially accessed after it is free'd
=========     
=========     Saved host backtrace up to driver entry point at kernel launch time
=========         Host Frame: ohmnivore::RunEmi03ResidentTransient(ohmnivore::MnaSystem const&, ohmnivore::TranAnalysis const&, ohmnivore::TransientExecutionLimits const&) [0x7b5c8f] in emi03_resident_test
=========         Host Frame: ohmnivore::(anonymous namespace)::Emi03Resident_WideOutputRowsCrossChunkBoundariesWithoutCorruption_Test::TestBody() [0x78cacf] in emi03_resident_test
=========         Host Frame: void testing::internal::HandleExceptionsInMethodIfSupported<testing::Test, void>(testing::Test*, void (testing::Test::*)(), char const*) [0xf7016] in libexternal_Sgoogletest+_Slibgtest.so
=========         Host Frame: testing::Test::Run() [0xf7275] in libexternal_Sgoogletest+_Slibgtest.so
=========         Host Frame: testing::TestInfo::Run() [0xf7604] in libexternal_Sgoogletest+_Slibgtest.so
=========         Host Frame: testing::TestSuite::Run() [0xfaaf6] in libexternal_Sgoogletest+_Slibgtest.so
=========         Host Frame: testing::internal::UnitTestImpl::RunAllTests() [0x1014bb] in libexternal_Sgoogletest+_Slibgtest.so
=========         Host Frame: bool testing::internal::HandleExceptionsInMethodIfSupported<testing::internal::UnitTestImpl, bool>(testing::internal::UnitTestImpl*, bool (testing::internal::UnitTestImpl::*)(), char const*) [0xf788e] in libexternal_Sgoogletest+_Slibgtest.so
=========         Host Frame: testing::UnitTest::Run() [0xf7a8d] in libexternal_Sgoogletest+_Slibgtest.so
=========         Host Frame: main [0x76f920] in emi03_resident_test
=========     
=========     Saved host backtrace up to driver entry point at cudaFreeAsync time
=========         Host Frame: cudaFreeAsync [0x6940fcf] in emi03_resident_test
=========         Host Frame: ohmnivore::(anonymous namespace)::Free(ohmnivore::(anonymous namespace)::JobState&, void*, unsigned long, bool) [0x7a0a4a] in emi03_resident_test
=========         Host Frame: ohmnivore::emi03_cuda_internal::FreeDevice(void*, unsigned long) [0x7a0df2] in emi03_resident_test
=========         Host Frame: ohmnivore::RunEmi03ResidentTransient(ohmnivore::MnaSystem const&, ohmnivore::TranAnalysis const&, ohmnivore::TransientExecutionLimits const&) [0x7b5800] in emi03_resident_test
=========         Host Frame: ohmnivore::(anonymous namespace)::Emi03Resident_WideOutputRowsCrossChunkBoundariesWithoutCorruption_Test::TestBody() [0x78cacf] in emi03_resident_test
=========         Host Frame: void testing::internal::HandleExceptionsInMethodIfSupported<testing::Test, void>(testing::Test*, void (testing::Test::*)(), char const*) [0xf7016] in libexternal_Sgoogletest+_Slibgtest.so
=========         Host Frame: testing::Test::Run() [0xf7275] in libexternal_Sgoogletest+_Slibgtest.so
=========         Host Frame: testing::TestInfo::Run() [0xf7604] in libexternal_Sgoogletest+_Slibgtest.so
=========         Host Frame: testing::TestSuite::Run() [0xfaaf6] in libexternal_Sgoogletest+_Slibgtest.so
=========         Host Frame: testing::internal::UnitTestImpl::RunAllTests() [0x1014bb] in libexternal_Sgoogletest+_Slibgtest.so
=========         Host Frame: bool testing::internal::HandleExceptionsInMethodIfSupported<testing::internal::UnitTestImpl, bool>(testing::internal::UnitTestImpl*, bool (testing::internal::UnitTestImpl::*)(), char const*) [0xf788e] in libexternal_Sgoogletest+_Slibgtest.so
=========         Host Frame: testing::UnitTest::Run() [0xf7a8d] in libexternal_Sgoogletest+_Slibgtest.so
=========         Host Frame: main [0x76f920] in emi03_resident_test
========= 
========= Use-after-free on allocation of size 776 bytes at 0x1ff40d1a00
=========     Address 0x1ff40d1a00 is potentially accessed after it is free'd
=========     
=========     Saved host backtrace up to driver entry point at kernel launch time
=========         Host Frame: ohmnivore::RunEmi03ResidentTransient(ohmnivore::MnaSystem const&, ohmnivore::TranAnalysis const&, ohmnivore::TransientExecutionLimits const&) [0x7b5c8f] in emi03_resident_test
=========         Host Frame: ohmnivore::(anonymous namespace)::Emi03Resident_WideOutputRowsCrossChunkBoundariesWithoutCorruption_Test::TestBody() [0x78cacf] in emi03_resident_test
=========         Host Frame: void testing::internal::HandleExceptionsInMethodIfSupported<testing::Test, void>(testing::Test*, void (testing::Test::*)(), char const*) [0xf7016] in libexternal_Sgoogletest+_Slibgtest.so
=========         Host Frame: testing::Test::Run() [0xf7275] in libexternal_Sgoogletest+_Slibgtest.so
=========         Host Frame: testing::TestInfo::Run() [0xf7604] in libexternal_Sgoogletest+_Slibgtest.so
=========         Host Frame: testing::TestSuite::Run() [0xfaaf6] in libexternal_Sgoogletest+_Slibgtest.so
=========         Host Frame: testing::internal::UnitTestImpl::RunAllTests() [0x1014bb] in libexternal_Sgoogletest+_Slibgtest.so
=========         Host Frame: bool testing::internal::HandleExceptionsInMethodIfSupported<testing::internal::UnitTestImpl, bool>(testing::internal::UnitTestImpl*, bool (testing::internal::UnitTestImpl::*)(), char const*) [0xf788e] in libexternal_Sgoogletest+_Slibgtest.so
=========         Host Frame: testing::UnitTest::Run() [0xf7a8d] in libexternal_Sgoogletest+_Slibgtest.so
=========         Host Frame: main [0x76f920] in emi03_resident_test
=========     
=========     Saved host backtrace up to driver entry point at cudaFreeAsync time
=========         Host Frame: cudaFreeAsync [0x6940fcf] in emi03_resident_test
=========         Host Frame: ohmnivore::(anonymous namespace)::Free(ohmnivore::(anonymous namespace)::JobState&, void*, unsigned long, bool) [0x7a0a4a] in emi03_resident_test
=========         Host Frame: ohmnivore::emi03_cuda_internal::FreeDevice(void*, unsigned long) [0x7a0df2] in emi03_resident_test
=========         Host Frame: ohmnivore::RunEmi03ResidentTransient(ohmnivore::MnaSystem const&, ohmnivore::TranAnalysis const&, ohmnivore::TransientExecutionLimits const&) [0x7b5800] in emi03_resident_test
=========         Host Frame: ohmnivore::(anonymous namespace)::Emi03Resident_WideOutputRowsCrossChunkBoundariesWithoutCorruption_Test::TestBody() [0x78cacf] in emi03_resident_test
=========         Host Frame: void testing::internal::HandleExceptionsInMethodIfSupported<testing::Test, void>(testing::Test*, void (testing::Test::*)(), char const*) [0xf7016] in libexternal_Sgoogletest+_Slibgtest.so
=========         Host Frame: testing::Test::Run() [0xf7275] in libexternal_Sgoogletest+_Slibgtest.so
=========         Host Frame: testing::TestInfo::Run() [0xf7604] in libexternal_Sgoogletest+_Slibgtest.so
=========         Host Frame: testing::TestSuite::Run() [0xfaaf6] in libexternal_Sgoogletest+_Slibgtest.so
=========         Host Frame: testing::internal::UnitTestImpl::RunAllTests() [0x1014bb] in libexternal_Sgoogletest+_Slibgtest.so
=========         Host Frame: bool testing::internal::HandleExceptionsInMethodIfSupported<testing::internal::UnitTestImpl, bool>(testing::internal::UnitTestImpl*, bool (testing::internal::UnitTestImpl::*)(), char const*) [0xf788e] in libexternal_Sgoogletest+_Slibgtest.so
=========         Host Frame: testing::UnitTest::Run() [0xf7a8d] in libexternal_Sgoogletest+_Slibgtest.so
=========         Host Frame: main [0x76f920] in emi03_resident_test
========= 
========= Use-after-free on allocation of size 2316 bytes at 0x1ff40d1e00
=========     Address 0x1ff40d1e00 is potentially accessed after it is free'd
=========     
=========     Saved host backtrace up to driver entry point at kernel launch time
=========         Host Frame: ohmnivore::RunEmi03ResidentTransient(ohmnivore::MnaSystem const&, ohmnivore::TranAnalysis const&, ohmnivore::TransientExecutionLimits const&) [0x7b5c8f] in emi03_resident_test
=========         Host Frame: ohmnivore::(anonymous namespace)::Emi03Resident_WideOutputRowsCrossChunkBoundariesWithoutCorruption_Test::TestBody() [0x78cacf] in emi03_resident_test
=========         Host Frame: void testing::internal::HandleExceptionsInMethodIfSupported<testing::Test, void>(testing::Test*, void (testing::Test::*)(), char const*) [0xf7016] in libexternal_Sgoogletest+_Slibgtest.so
=========         Host Frame: testing::Test::Run() [0xf7275] in libexternal_Sgoogletest+_Slibgtest.so
=========         Host Frame: testing::TestInfo::Run() [0xf7604] in libexternal_Sgoogletest+_Slibgtest.so
=========         Host Frame: testing::TestSuite::Run() [0xfaaf6] in libexternal_Sgoogletest+_Slibgtest.so
=========         Host Frame: testing::internal::UnitTestImpl::RunAllTests() [0x1014bb] in libexternal_Sgoogletest+_Slibgtest.so
=========         Host Frame: bool testing::internal::HandleExceptionsInMethodIfSupported<testing::internal::UnitTestImpl, bool>(testing::internal::UnitTestImpl*, bool (testing::internal::UnitTestImpl::*)(), char const*) [0xf788e] in libexternal_Sgoogletest+_Slibgtest.so
=========         Host Frame: testing::UnitTest::Run() [0xf7a8d] in libexternal_Sgoogletest+_Slibgtest.so
=========         Host Frame: main [0x76f920] in emi03_resident_test
=========     
=========     Saved host backtrace up to driver entry point at cudaFreeAsync time
=========         Host Frame: cudaFreeAsync [0x6940fcf] in emi03_resident_test
=========         Host Frame: ohmnivore::(anonymous namespace)::Free(ohmnivore::(anonymous namespace)::JobState&, void*, unsigned long, bool) [0x7a0a4a] in emi03_resident_test
=========         Host Frame: ohmnivore::emi03_cuda_internal::FreeDevice(void*, unsigned long) [0x7a0df2] in emi03_resident_test
=========         Host Frame: ohmnivore::RunEmi03ResidentTransient(ohmnivore::MnaSystem const&, ohmnivore::TranAnalysis const&, ohmnivore::TransientExecutionLimits const&) [0x7b5800] in emi03_resident_test
=========         Host Frame: ohmnivore::(anonymous namespace)::Emi03Resident_WideOutputRowsCrossChunkBoundariesWithoutCorruption_Test::TestBody() [0x78cacf] in emi03_resident_test
=========         Host Frame: void testing::internal::HandleExceptionsInMethodIfSupported<testing::Test, void>(testing::Test*, void (testing::Test::*)(), char const*) [0xf7016] in libexternal_Sgoogletest+_Slibgtest.so
=========         Host Frame: testing::Test::Run() [0xf7275] in libexternal_Sgoogletest+_Slibgtest.so
=========         Host Frame: testing::TestInfo::Run() [0xf7604] in libexternal_Sgoogletest+_Slibgtest.so
=========         Host Frame: testing::TestSuite::Run() [0xfaaf6] in libexternal_Sgoogletest+_Slibgtest.so
=========         Host Frame: testing::internal::UnitTestImpl::RunAllTests() [0x1014bb] in libexternal_Sgoogletest+_Slibgtest.so
=========         Host Frame: bool testing::internal::HandleExceptionsInMethodIfSupported<testing::internal::UnitTestImpl, bool>(testing::internal::UnitTestImpl*, bool (testing::internal::UnitTestImpl::*)(), char const*) [0xf788e] in libexternal_Sgoogletest+_Slibgtest.so
=========         Host Frame: testing::UnitTest::Run() [0xf7a8d] in libexternal_Sgoogletest+_Slibgtest.so
=========         Host Frame: main [0x76f920] in emi03_resident_test
========= 
========= Use-after-free on allocation of size 776 bytes at 0x1ff40d2800
=========     Address 0x1ff40d2800 is potentially accessed after it is free'd
=========     
=========     Saved host backtrace up to driver entry point at kernel launch time
=========         Host Frame: ohmnivore::RunEmi03ResidentTransient(ohmnivore::MnaSystem const&, ohmnivore::TranAnalysis const&, ohmnivore::TransientExecutionLimits const&) [0x7b5c8f] in emi03_resident_test
=========         Host Frame: ohmnivore::(anonymous namespace)::Emi03Resident_WideOutputRowsCrossChunkBoundariesWithoutCorruption_Test::TestBody() [0x78cacf] in emi03_resident_test
=========         Host Frame: void testing::internal::HandleExceptionsInMethodIfSupported<testing::Test, void>(testing::Test*, void (testing::Test::*)(), char const*) [0xf7016] in libexternal_Sgoogletest+_Slibgtest.so
=========         Host Frame: testing::Test::Run() [0xf7275] in libexternal_Sgoogletest+_Slibgtest.so
=========         Host Frame: testing::TestInfo::Run() [0xf7604] in libexternal_Sgoogletest+_Slibgtest.so
=========         Host Frame: testing::TestSuite::Run() [0xfaaf6] in libexternal_Sgoogletest+_Slibgtest.so
=========         Host Frame: testing::internal::UnitTestImpl::RunAllTests() [0x1014bb] in libexternal_Sgoogletest+_Slibgtest.so
=========         Host Frame: bool testing::internal::HandleExceptionsInMethodIfSupported<testing::internal::UnitTestImpl, bool>(testing::internal::UnitTestImpl*, bool (testing::internal::UnitTestImpl::*)(), char const*) [0xf788e] in libexternal_Sgoogletest+_Slibgtest.so
=========         Host Frame: testing::UnitTest::Run() [0xf7a8d] in libexternal_Sgoogletest+_Slibgtest.so
=========         Host Frame: main [0x76f920] in emi03_resident_test
=========     
=========     Saved host backtrace up to driver entry point at cudaFreeAsync time
=========         Host Frame: cudaFreeAsync [0x6940fcf] in emi03_resident_test
=========         Host Frame: ohmnivore::(anonymous namespace)::Free(ohmnivore::(anonymous namespace)::JobState&, void*, unsigned long, bool) [0x7a0a4a] in emi03_resident_test
=========         Host Frame: ohmnivore::emi03_cuda_internal::FreeDevice(void*, unsigned long) [0x7a0df2] in emi03_resident_test
=========         Host Frame: ohmnivore::RunEmi03ResidentTransient(ohmnivore::MnaSystem const&, ohmnivore::TranAnalysis const&, ohmnivore::TransientExecutionLimits const&) [0x7b5800] in emi03_resident_test
=========         Host Frame: ohmnivore::(anonymous namespace)::Emi03Resident_WideOutputRowsCrossChunkBoundariesWithoutCorruption_Test::TestBody() [0x78cacf] in emi03_resident_test
=========         Host Frame: void testing::internal::HandleExceptionsInMethodIfSupported<testing::Test, void>(testing::Test*, void (testing::Test::*)(), char const*) [0xf7016] in libexternal_Sgoogletest+_Slibgtest.so
=========         Host Frame: testing::Test::Run() [0xf7275] in libexternal_Sgoogletest+_Slibgtest.so
=========         Host Frame: testing::TestInfo::Run() [0xf7604] in libexternal_Sgoogletest+_Slibgtest.so
=========         Host Frame: testing::TestSuite::Run() [0xfaaf6] in libexternal_Sgoogletest+_Slibgtest.so
=========         Host Frame: testing::internal::UnitTestImpl::RunAllTests() [0x1014bb] in libexternal_Sgoogletest+_Slibgtest.so
=========         Host Frame: bool testing::internal::HandleExceptionsInMethodIfSupported<testing::internal::UnitTestImpl, bool>(testing::internal::UnitTestImpl*, bool (testing::internal::UnitTestImpl::*)(), char const*) [0xf788e] in libexternal_Sgoogletest+_Slibgtest.so
=========         Host Frame: testing::UnitTest::Run() [0xf7a8d] in libexternal_Sgoogletest+_Slibgtest.so
=========         Host Frame: main [0x76f920] in emi03_resident_test
========= 
========= Use-after-free on allocation of size 776 bytes at 0x1ff40d2c00
=========     Address 0x1ff40d2c00 is potentially accessed after it is free'd
=========     
=========     Saved host backtrace up to driver entry point at kernel launch time
=========         Host Frame: ohmnivore::RunEmi03ResidentTransient(ohmnivore::MnaSystem const&, ohmnivore::TranAnalysis const&, ohmnivore::TransientExecutionLimits const&) [0x7b5c8f] in emi03_resident_test
=========         Host Frame: ohmnivore::(anonymous namespace)::Emi03Resident_WideOutputRowsCrossChunkBoundariesWithoutCorruption_Test::TestBody() [0x78cacf] in emi03_resident_test
=========         Host Frame: void testing::internal::HandleExceptionsInMethodIfSupported<testing::Test, void>(testing::Test*, void (testing::Test::*)(), char const*) [0xf7016] in libexternal_Sgoogletest+_Slibgtest.so
=========         Host Frame: testing::Test::Run() [0xf7275] in libexternal_Sgoogletest+_Slibgtest.so
=========         Host Frame: testing::TestInfo::Run() [0xf7604] in libexternal_Sgoogletest+_Slibgtest.so
=========         Host Frame: testing::TestSuite::Run() [0xfaaf6] in libexternal_Sgoogletest+_Slibgtest.so
=========         Host Frame: testing::internal::UnitTestImpl::RunAllTests() [0x1014bb] in libexternal_Sgoogletest+_Slibgtest.so
=========         Host Frame: bool testing::internal::HandleExceptionsInMethodIfSupported<testing::internal::UnitTestImpl, bool>(testing::internal::UnitTestImpl*, bool (testing::internal::UnitTestImpl::*)(), char const*) [0xf788e] in libexternal_Sgoogletest+_Slibgtest.so
=========         Host Frame: testing::UnitTest::Run() [0xf7a8d] in libexternal_Sgoogletest+_Slibgtest.so
=========         Host Frame: main [0x76f920] in emi03_resident_test
=========     
=========     Saved host backtrace up to driver entry point at cudaFreeAsync time
=========         Host Frame: cudaFreeAsync [0x6940fcf] in emi03_resident_test
=========         Host Frame: ohmnivore::(anonymous namespace)::Free(ohmnivore::(anonymous namespace)::JobState&, void*, unsigned long, bool) [0x7a0a4a] in emi03_resident_test
=========         Host Frame: ohmnivore::emi03_cuda_internal::FreeDevice(void*, unsigned long) [0x7a0df2] in emi03_resident_test
=========         Host Frame: ohmnivore::RunEmi03ResidentTransient(ohmnivore::MnaSystem const&, ohmnivore::TranAnalysis const&, ohmnivore::TransientExecutionLimits const&) [0x7b5800] in emi03_resident_test
=========         Host Frame: ohmnivore::(anonymous namespace)::Emi03Resident_WideOutputRowsCrossChunkBoundariesWithoutCorruption_Test::TestBody() [0x78cacf] in emi03_resident_test
=========         Host Frame: void testing::internal::HandleExceptionsInMethodIfSupported<testing::Test, void>(testing::Test*, void (testing::Test::*)(), char const*) [0xf7016] in libexternal_Sgoogletest+_Slibgtest.so
=========         Host Frame: testing::Test::Run() [0xf7275] in libexternal_Sgoogletest+_Slibgtest.so
=========         Host Frame: testing::TestInfo::Run() [0xf7604] in libexternal_Sgoogletest+_Slibgtest.so
=========         Host Frame: testing::TestSuite::Run() [0xfaaf6] in libexternal_Sgoogletest+_Slibgtest.so
=========         Host Frame: testing::internal::UnitTestImpl::RunAllTests() [0x1014bb] in libexternal_Sgoogletest+_Slibgtest.so
=========         Host Frame: bool testing::internal::HandleExceptionsInMethodIfSupported<testing::internal::UnitTestImpl, bool>(testing::internal::UnitTestImpl*, bool (testing::internal::UnitTestImpl::*)(), char const*) [0xf788e] in libexternal_Sgoogletest+_Slibgtest.so
=========         Host Frame: testing::UnitTest::Run() [0xf7a8d] in libexternal_Sgoogletest+_Slibgtest.so
=========         Host Frame: main [0x76f920] in emi03_resident_test
========= 
[       OK ] Emi03Resident.WideOutputRowsCrossChunkBoundariesWithoutCorruption (6097 ms)
[ RUN      ] Emi03Resident.DynamicGpuPivotsDoNotHideBehindZeroResponse
========= Use-after-free on allocation of size 72 bytes at 0x1ff4008200
=========     Address 0x1ff4008200 is potentially accessed after it is free'd
=========     
=========     Saved host backtrace up to driver entry point at kernel launch time
=========         Host Frame: ohmnivore::RunEmi03ResidentTransient(ohmnivore::MnaSystem const&, ohmnivore::TranAnalysis const&, ohmnivore::TransientExecutionLimits const&) [0x7b5c8f] in emi03_resident_test
=========         Host Frame: ohmnivore::(anonymous namespace)::Emi03Resident_DynamicGpuPivotsDoNotHideBehindZeroResponse_Test::TestBody() [0x78f59f] in emi03_resident_test
=========         Host Frame: void testing::internal::HandleExceptionsInMethodIfSupported<testing::Test, void>(testing::Test*, void (testing::Test::*)(), char const*) [0xf7016] in libexternal_Sgoogletest+_Slibgtest.so
=========         Host Frame: testing::Test::Run() [0xf7275] in libexternal_Sgoogletest+_Slibgtest.so
=========         Host Frame: testing::TestInfo::Run() [0xf7604] in libexternal_Sgoogletest+_Slibgtest.so
=========         Host Frame: testing::TestSuite::Run() [0xfaaf6] in libexternal_Sgoogletest+_Slibgtest.so
=========         Host Frame: testing::internal::UnitTestImpl::RunAllTests() [0x1014bb] in libexternal_Sgoogletest+_Slibgtest.so
=========         Host Frame: bool testing::internal::HandleExceptionsInMethodIfSupported<testing::internal::UnitTestImpl, bool>(testing::internal::UnitTestImpl*, bool (testing::internal::UnitTestImpl::*)(), char const*) [0xf788e] in libexternal_Sgoogletest+_Slibgtest.so
=========         Host Frame: testing::UnitTest::Run() [0xf7a8d] in libexternal_Sgoogletest+_Slibgtest.so
=========         Host Frame: main [0x76f920] in emi03_resident_test
=========     
=========     Saved host backtrace up to driver entry point at cudaFreeAsync time
=========         Host Frame: cudaFreeAsync [0x6940fcf] in emi03_resident_test
=========         Host Frame: ohmnivore::(anonymous namespace)::Free(ohmnivore::(anonymous namespace)::JobState&, void*, unsigned long, bool) [0x7a0a4a] in emi03_resident_test
=========         Host Frame: ohmnivore::emi03_cuda_internal::FreeDevice(void*, unsigned long) [0x7a0df2] in emi03_resident_test
=========         Host Frame: ohmnivore::RunEmi03ResidentTransient(ohmnivore::MnaSystem const&, ohmnivore::TranAnalysis const&, ohmnivore::TransientExecutionLimits const&) [0x7b62f2] in emi03_resident_test
=========         Host Frame: ohmnivore::(anonymous namespace)::Emi03Resident_DynamicGpuPivotsDoNotHideBehindZeroResponse_Test::TestBody() [0x78f59f] in emi03_resident_test
=========         Host Frame: void testing::internal::HandleExceptionsInMethodIfSupported<testing::Test, void>(testing::Test*, void (testing::Test::*)(), char const*) [0xf7016] in libexternal_Sgoogletest+_Slibgtest.so
=========         Host Frame: testing::Test::Run() [0xf7275] in libexternal_Sgoogletest+_Slibgtest.so
=========         Host Frame: testing::TestInfo::Run() [0xf7604] in libexternal_Sgoogletest+_Slibgtest.so
=========         Host Frame: testing::TestSuite::Run() [0xfaaf6] in libexternal_Sgoogletest+_Slibgtest.so
=========         Host Frame: testing::internal::UnitTestImpl::RunAllTests() [0x1014bb] in libexternal_Sgoogletest+_Slibgtest.so
=========         Host Frame: bool testing::internal::HandleExceptionsInMethodIfSupported<testing::internal::UnitTestImpl, bool>(testing::internal::UnitTestImpl*, bool (testing::internal::UnitTestImpl::*)(), char const*) [0xf788e] in libexternal_Sgoogletest+_Slibgtest.so
=========         Host Frame: testing::UnitTest::Run() [0xf7a8d] in libexternal_Sgoogletest+_Slibgtest.so
=========         Host Frame: main [0x76f920] in emi03_resident_test
========= 
========= Use-after-free on allocation of size 8 bytes at 0x1ff4008400
=========     Address 0x1ff4008400 is potentially accessed after it is free'd
=========     
=========     Saved host backtrace up to driver entry point at kernel launch time
=========         Host Frame: ohmnivore::RunEmi03ResidentTransient(ohmnivore::MnaSystem const&, ohmnivore::TranAnalysis const&, ohmnivore::TransientExecutionLimits const&) [0x7b5c8f] in emi03_resident_test
=========         Host Frame: ohmnivore::(anonymous namespace)::Emi03Resident_DynamicGpuPivotsDoNotHideBehindZeroResponse_Test::TestBody() [0x78f59f] in emi03_resident_test
=========         Host Frame: void testing::internal::HandleExceptionsInMethodIfSupported<testing::Test, void>(testing::Test*, void (testing::Test::*)(), char const*) [0xf7016] in libexternal_Sgoogletest+_Slibgtest.so
=========         Host Frame: testing::Test::Run() [0xf7275] in libexternal_Sgoogletest+_Slibgtest.so
=========         Host Frame: testing::TestInfo::Run() [0xf7604] in libexternal_Sgoogletest+_Slibgtest.so
=========         Host Frame: testing::TestSuite::Run() [0xfaaf6] in libexternal_Sgoogletest+_Slibgtest.so
=========         Host Frame: testing::internal::UnitTestImpl::RunAllTests() [0x1014bb] in libexternal_Sgoogletest+_Slibgtest.so
=========         Host Frame: bool testing::internal::HandleExceptionsInMethodIfSupported<testing::internal::UnitTestImpl, bool>(testing::internal::UnitTestImpl*, bool (testing::internal::UnitTestImpl::*)(), char const*) [0xf788e] in libexternal_Sgoogletest+_Slibgtest.so
=========         Host Frame: testing::UnitTest::Run() [0xf7a8d] in libexternal_Sgoogletest+_Slibgtest.so
=========         Host Frame: main [0x76f920] in emi03_resident_test
=========     
=========     Saved host backtrace up to driver entry point at cudaFreeAsync time
=========         Host Frame: cudaFreeAsync [0x6940fcf] in emi03_resident_test
=========         Host Frame: ohmnivore::(anonymous namespace)::Free(ohmnivore::(anonymous namespace)::JobState&, void*, unsigned long, bool) [0x7a0a4a] in emi03_resident_test
=========         Host Frame: ohmnivore::emi03_cuda_internal::FreeDevice(void*, unsigned long) [0x7a0df2] in emi03_resident_test
=========         Host Frame: ohmnivore::RunEmi03ResidentTransient(ohmnivore::MnaSystem const&, ohmnivore::TranAnalysis const&, ohmnivore::TransientExecutionLimits const&) [0x7b62f2] in emi03_resident_test
=========         Host Frame: ohmnivore::(anonymous namespace)::Emi03Resident_DynamicGpuPivotsDoNotHideBehindZeroResponse_Test::TestBody() [0x78f59f] in emi03_resident_test
=========         Host Frame: void testing::internal::HandleExceptionsInMethodIfSupported<testing::Test, void>(testing::Test*, void (testing::Test::*)(), char const*) [0xf7016] in libexternal_Sgoogletest+_Slibgtest.so
=========         Host Frame: testing::Test::Run() [0xf7275] in libexternal_Sgoogletest+_Slibgtest.so
=========         Host Frame: testing::TestInfo::Run() [0xf7604] in libexternal_Sgoogletest+_Slibgtest.so
=========         Host Frame: testing::TestSuite::Run() [0xfaaf6] in libexternal_Sgoogletest+_Slibgtest.so
=========         Host Frame: testing::internal::UnitTestImpl::RunAllTests() [0x1014bb] in libexternal_Sgoogletest+_Slibgtest.so
=========         Host Frame: bool testing::internal::HandleExceptionsInMethodIfSupported<testing::internal::UnitTestImpl, bool>(testing::internal::UnitTestImpl*, bool (testing::internal::UnitTestImpl::*)(), char const*) [0xf788e] in libexternal_Sgoogletest+_Slibgtest.so
=========         Host Frame: testing::UnitTest::Run() [0xf7a8d] in libexternal_Sgoogletest+_Slibgtest.so
=========         Host Frame: main [0x76f920] in emi03_resident_test
========= 
========= Use-after-free on allocation of size 36 bytes at 0x1ff4008600
=========     Address 0x1ff4008600 is potentially accessed after it is free'd
=========     
=========     Saved host backtrace up to driver entry point at kernel launch time
=========         Host Frame: ohmnivore::RunEmi03ResidentTransient(ohmnivore::MnaSystem const&, ohmnivore::TranAnalysis const&, ohmnivore::TransientExecutionLimits const&) [0x7b5c8f] in emi03_resident_test
=========         Host Frame: ohmnivore::(anonymous namespace)::Emi03Resident_DynamicGpuPivotsDoNotHideBehindZeroResponse_Test::TestBody() [0x78f59f] in emi03_resident_test
=========         Host Frame: void testing::internal::HandleExceptionsInMethodIfSupported<testing::Test, void>(testing::Test*, void (testing::Test::*)(), char const*) [0xf7016] in libexternal_Sgoogletest+_Slibgtest.so
=========         Host Frame: testing::Test::Run() [0xf7275] in libexternal_Sgoogletest+_Slibgtest.so
=========         Host Frame: testing::TestInfo::Run() [0xf7604] in libexternal_Sgoogletest+_Slibgtest.so
=========         Host Frame: testing::TestSuite::Run() [0xfaaf6] in libexternal_Sgoogletest+_Slibgtest.so
=========         Host Frame: testing::internal::UnitTestImpl::RunAllTests() [0x1014bb] in libexternal_Sgoogletest+_Slibgtest.so
=========         Host Frame: bool testing::internal::HandleExceptionsInMethodIfSupported<testing::internal::UnitTestImpl, bool>(testing::internal::UnitTestImpl*, bool (testing::internal::UnitTestImpl::*)(), char const*) [0xf788e] in libexternal_Sgoogletest+_Slibgtest.so
=========         Host Frame: testing::UnitTest::Run() [0xf7a8d] in libexternal_Sgoogletest+_Slibgtest.so
=========         Host Frame: main [0x76f920] in emi03_resident_test
=========     
=========     Saved host backtrace up to driver entry point at cudaFreeAsync time
=========         Host Frame: cudaFreeAsync [0x6940fcf] in emi03_resident_test
=========         Host Frame: ohmnivore::(anonymous namespace)::Free(ohmnivore::(anonymous namespace)::JobState&, void*, unsigned long, bool) [0x7a0a4a] in emi03_resident_test
=========         Host Frame: ohmnivore::emi03_cuda_internal::FreeDevice(void*, unsigned long) [0x7a0df2] in emi03_resident_test
=========         Host Frame: ohmnivore::RunEmi03ResidentTransient(ohmnivore::MnaSystem const&, ohmnivore::TranAnalysis const&, ohmnivore::TransientExecutionLimits const&) [0x7b62f2] in emi03_resident_test
=========         Host Frame: ohmnivore::(anonymous namespace)::Emi03Resident_DynamicGpuPivotsDoNotHideBehindZeroResponse_Test::TestBody() [0x78f59f] in emi03_resident_test
=========         Host Frame: void testing::internal::HandleExceptionsInMethodIfSupported<testing::Test, void>(testing::Test*, void (testing::Test::*)(), char const*) [0xf7016] in libexternal_Sgoogletest+_Slibgtest.so
=========         Host Frame: testing::Test::Run() [0xf7275] in libexternal_Sgoogletest+_Slibgtest.so
=========         Host Frame: testing::TestInfo::Run() [0xf7604] in libexternal_Sgoogletest+_Slibgtest.so
=========         Host Frame: testing::TestSuite::Run() [0xfaaf6] in libexternal_Sgoogletest+_Slibgtest.so
=========         Host Frame: testing::internal::UnitTestImpl::RunAllTests() [0x1014bb] in libexternal_Sgoogletest+_Slibgtest.so
=========         Host Frame: bool testing::internal::HandleExceptionsInMethodIfSupported<testing::internal::UnitTestImpl, bool>(testing::internal::UnitTestImpl*, bool (testing::internal::UnitTestImpl::*)(), char const*) [0xf788e] in libexternal_Sgoogletest+_Slibgtest.so
=========         Host Frame: testing::UnitTest::Run() [0xf7a8d] in libexternal_Sgoogletest+_Slibgtest.so
=========         Host Frame: main [0x76f920] in emi03_resident_test
========= 
========= Use-after-free on allocation of size 16 bytes at 0x1ff4008800
=========     Address 0x1ff4008800 is potentially accessed after it is free'd
=========     
=========     Saved host backtrace up to driver entry point at kernel launch time
=========         Host Frame: ohmnivore::RunEmi03ResidentTransient(ohmnivore::MnaSystem const&, ohmnivore::TranAnalysis const&, ohmnivore::TransientExecutionLimits const&) [0x7b5c8f] in emi03_resident_test
=========         Host Frame: ohmnivore::(anonymous namespace)::Emi03Resident_DynamicGpuPivotsDoNotHideBehindZeroResponse_Test::TestBody() [0x78f59f] in emi03_resident_test
=========         Host Frame: void testing::internal::HandleExceptionsInMethodIfSupported<testing::Test, void>(testing::Test*, void (testing::Test::*)(), char const*) [0xf7016] in libexternal_Sgoogletest+_Slibgtest.so
=========         Host Frame: testing::Test::Run() [0xf7275] in libexternal_Sgoogletest+_Slibgtest.so
=========         Host Frame: testing::TestInfo::Run() [0xf7604] in libexternal_Sgoogletest+_Slibgtest.so
=========         Host Frame: testing::TestSuite::Run() [0xfaaf6] in libexternal_Sgoogletest+_Slibgtest.so
=========         Host Frame: testing::internal::UnitTestImpl::RunAllTests() [0x1014bb] in libexternal_Sgoogletest+_Slibgtest.so
=========         Host Frame: bool testing::internal::HandleExceptionsInMethodIfSupported<testing::internal::UnitTestImpl, bool>(testing::internal::UnitTestImpl*, bool (testing::internal::UnitTestImpl::*)(), char const*) [0xf788e] in libexternal_Sgoogletest+_Slibgtest.so
=========         Host Frame: testing::UnitTest::Run() [0xf7a8d] in libexternal_Sgoogletest+_Slibgtest.so
=========         Host Frame: main [0x76f920] in emi03_resident_test
=========     
=========     Saved host backtrace up to driver entry point at cudaFreeAsync time
=========         Host Frame: cudaFreeAsync [0x6940fcf] in emi03_resident_test
=========         Host Frame: ohmnivore::(anonymous namespace)::Free(ohmnivore::(anonymous namespace)::JobState&, void*, unsigned long, bool) [0x7a0a4a] in emi03_resident_test
=========         Host Frame: ohmnivore::emi03_cuda_internal::FreeDevice(void*, unsigned long) [0x7a0df2] in emi03_resident_test
=========         Host Frame: ohmnivore::RunEmi03ResidentTransient(ohmnivore::MnaSystem const&, ohmnivore::TranAnalysis const&, ohmnivore::TransientExecutionLimits const&) [0x7b62f2] in emi03_resident_test
=========         Host Frame: ohmnivore::(anonymous namespace)::Emi03Resident_DynamicGpuPivotsDoNotHideBehindZeroResponse_Test::TestBody() [0x78f59f] in emi03_resident_test
=========         Host Frame: void testing::internal::HandleExceptionsInMethodIfSupported<testing::Test, void>(testing::Test*, void (testing::Test::*)(), char const*) [0xf7016] in libexternal_Sgoogletest+_Slibgtest.so
=========         Host Frame: testing::Test::Run() [0xf7275] in libexternal_Sgoogletest+_Slibgtest.so
=========         Host Frame: testing::TestInfo::Run() [0xf7604] in libexternal_Sgoogletest+_Slibgtest.so
=========         Host Frame: testing::TestSuite::Run() [0xfaaf6] in libexternal_Sgoogletest+_Slibgtest.so
=========         Host Frame: testing::internal::UnitTestImpl::RunAllTests() [0x1014bb] in libexternal_Sgoogletest+_Slibgtest.so
=========         Host Frame: bool testing::internal::HandleExceptionsInMethodIfSupported<testing::internal::UnitTestImpl, bool>(testing::internal::UnitTestImpl*, bool (testing::internal::UnitTestImpl::*)(), char const*) [0xf788e] in libexternal_Sgoogletest+_Slibgtest.so
=========         Host Frame: testing::UnitTest::Run() [0xf7a8d] in libexternal_Sgoogletest+_Slibgtest.so
=========         Host Frame: main [0x76f920] in emi03_resident_test
========= 
========= Use-after-free on allocation of size 16 bytes at 0x1ff4008a00
=========     Address 0x1ff4008a00 is potentially accessed after it is free'd
=========     
=========     Saved host backtrace up to driver entry point at kernel launch time
=========         Host Frame: ohmnivore::RunEmi03ResidentTransient(ohmnivore::MnaSystem const&, ohmnivore::TranAnalysis const&, ohmnivore::TransientExecutionLimits const&) [0x7b5c8f] in emi03_resident_test
=========         Host Frame: ohmnivore::(anonymous namespace)::Emi03Resident_DynamicGpuPivotsDoNotHideBehindZeroResponse_Test::TestBody() [0x78f59f] in emi03_resident_test
=========         Host Frame: void testing::internal::HandleExceptionsInMethodIfSupported<testing::Test, void>(testing::Test*, void (testing::Test::*)(), char const*) [0xf7016] in libexternal_Sgoogletest+_Slibgtest.so
=========         Host Frame: testing::Test::Run() [0xf7275] in libexternal_Sgoogletest+_Slibgtest.so
=========         Host Frame: testing::TestInfo::Run() [0xf7604] in libexternal_Sgoogletest+_Slibgtest.so
=========         Host Frame: testing::TestSuite::Run() [0xfaaf6] in libexternal_Sgoogletest+_Slibgtest.so
=========         Host Frame: testing::internal::UnitTestImpl::RunAllTests() [0x1014bb] in libexternal_Sgoogletest+_Slibgtest.so
=========         Host Frame: bool testing::internal::HandleExceptionsInMethodIfSupported<testing::internal::UnitTestImpl, bool>(testing::internal::UnitTestImpl*, bool (testing::internal::UnitTestImpl::*)(), char const*) [0xf788e] in libexternal_Sgoogletest+_Slibgtest.so
=========         Host Frame: testing::UnitTest::Run() [0xf7a8d] in libexternal_Sgoogletest+_Slibgtest.so
=========         Host Frame: main [0x76f920] in emi03_resident_test
=========     
=========     Saved host backtrace up to driver entry point at cudaFreeAsync time
=========         Host Frame: cudaFreeAsync [0x6940fcf] in emi03_resident_test
=========         Host Frame: ohmnivore::(anonymous namespace)::Free(ohmnivore::(anonymous namespace)::JobState&, void*, unsigned long, bool) [0x7a0a4a] in emi03_resident_test
=========         Host Frame: ohmnivore::emi03_cuda_internal::FreeDevice(void*, unsigned long) [0x7a0df2] in emi03_resident_test
=========         Host Frame: ohmnivore::RunEmi03ResidentTransient(ohmnivore::MnaSystem const&, ohmnivore::TranAnalysis const&, ohmnivore::TransientExecutionLimits const&) [0x7b62f2] in emi03_resident_test
=========         Host Frame: ohmnivore::(anonymous namespace)::Emi03Resident_DynamicGpuPivotsDoNotHideBehindZeroResponse_Test::TestBody() [0x78f59f] in emi03_resident_test
=========         Host Frame: void testing::internal::HandleExceptionsInMethodIfSupported<testing::Test, void>(testing::Test*, void (testing::Test::*)(), char const*) [0xf7016] in libexternal_Sgoogletest+_Slibgtest.so
=========         Host Frame: testing::Test::Run() [0xf7275] in libexternal_Sgoogletest+_Slibgtest.so
=========         Host Frame: testing::TestInfo::Run() [0xf7604] in libexternal_Sgoogletest+_Slibgtest.so
=========         Host Frame: testing::TestSuite::Run() [0xfaaf6] in libexternal_Sgoogletest+_Slibgtest.so
=========         Host Frame: testing::internal::UnitTestImpl::RunAllTests() [0x1014bb] in libexternal_Sgoogletest+_Slibgtest.so
=========         Host Frame: bool testing::internal::HandleExceptionsInMethodIfSupported<testing::internal::UnitTestImpl, bool>(testing::internal::UnitTestImpl*, bool (testing::internal::UnitTestImpl::*)(), char const*) [0xf788e] in libexternal_Sgoogletest+_Slibgtest.so
=========         Host Frame: testing::UnitTest::Run() [0xf7a8d] in libexternal_Sgoogletest+_Slibgtest.so
=========         Host Frame: main [0x76f920] in emi03_resident_test
========= 
========= Use-after-free on allocation of size 12 bytes at 0x1ff4008c00
=========     Address 0x1ff4008c00 is potentially accessed after it is free'd
=========     
=========     Saved host backtrace up to driver entry point at kernel launch time
=========         Host Frame: ohmnivore::RunEmi03ResidentTransient(ohmnivore::MnaSystem const&, ohmnivore::TranAnalysis const&, ohmnivore::TransientExecutionLimits const&) [0x7b5c8f] in emi03_resident_test
=========         Host Frame: ohmnivore::(anonymous namespace)::Emi03Resident_DynamicGpuPivotsDoNotHideBehindZeroResponse_Test::TestBody() [0x78f59f] in emi03_resident_test
=========         Host Frame: void testing::internal::HandleExceptionsInMethodIfSupported<testing::Test, void>(testing::Test*, void (testing::Test::*)(), char const*) [0xf7016] in libexternal_Sgoogletest+_Slibgtest.so
=========         Host Frame: testing::Test::Run() [0xf7275] in libexternal_Sgoogletest+_Slibgtest.so
=========         Host Frame: testing::TestInfo::Run() [0xf7604] in libexternal_Sgoogletest+_Slibgtest.so
=========         Host Frame: testing::TestSuite::Run() [0xfaaf6] in libexternal_Sgoogletest+_Slibgtest.so
=========         Host Frame: testing::internal::UnitTestImpl::RunAllTests() [0x1014bb] in libexternal_Sgoogletest+_Slibgtest.so
=========         Host Frame: bool testing::internal::HandleExceptionsInMethodIfSupported<testing::internal::UnitTestImpl, bool>(testing::internal::UnitTestImpl*, bool (testing::internal::UnitTestImpl::*)(), char const*) [0xf788e] in libexternal_Sgoogletest+_Slibgtest.so
=========         Host Frame: testing::UnitTest::Run() [0xf7a8d] in libexternal_Sgoogletest+_Slibgtest.so
=========         Host Frame: main [0x76f920] in emi03_resident_test
=========     
=========     Saved host backtrace up to driver entry point at cudaFreeAsync time
=========         Host Frame: cudaFreeAsync [0x6940fcf] in emi03_resident_test
=========         Host Frame: ohmnivore::(anonymous namespace)::Free(ohmnivore::(anonymous namespace)::JobState&, void*, unsigned long, bool) [0x7a0a4a] in emi03_resident_test
=========         Host Frame: ohmnivore::emi03_cuda_internal::FreeDevice(void*, unsigned long) [0x7a0df2] in emi03_resident_test
=========         Host Frame: ohmnivore::RunEmi03ResidentTransient(ohmnivore::MnaSystem const&, ohmnivore::TranAnalysis const&, ohmnivore::TransientExecutionLimits const&) [0x7b62f2] in emi03_resident_test
=========         Host Frame: ohmnivore::(anonymous namespace)::Emi03Resident_DynamicGpuPivotsDoNotHideBehindZeroResponse_Test::TestBody() [0x78f59f] in emi03_resident_test
=========         Host Frame: void testing::internal::HandleExceptionsInMethodIfSupported<testing::Test, void>(testing::Test*, void (testing::Test::*)(), char const*) [0xf7016] in libexternal_Sgoogletest+_Slibgtest.so
=========         Host Frame: testing::Test::Run() [0xf7275] in libexternal_Sgoogletest+_Slibgtest.so
=========         Host Frame: testing::TestInfo::Run() [0xf7604] in libexternal_Sgoogletest+_Slibgtest.so
=========         Host Frame: testing::TestSuite::Run() [0xfaaf6] in libexternal_Sgoogletest+_Slibgtest.so
=========         Host Frame: testing::internal::UnitTestImpl::RunAllTests() [0x1014bb] in libexternal_Sgoogletest+_Slibgtest.so
=========         Host Frame: bool testing::internal::HandleExceptionsInMethodIfSupported<testing::internal::UnitTestImpl, bool>(testing::internal::UnitTestImpl*, bool (testing::internal::UnitTestImpl::*)(), char const*) [0xf788e] in libexternal_Sgoogletest+_Slibgtest.so
=========         Host Frame: testing::UnitTest::Run() [0xf7a8d] in libexternal_Sgoogletest+_Slibgtest.so
=========         Host Frame: main [0x76f920] in emi03_resident_test
========= 
========= Use-after-free on allocation of size 16 bytes at 0x1ff4008e00
=========     Address 0x1ff4008e00 is potentially accessed after it is free'd
=========     
=========     Saved host backtrace up to driver entry point at kernel launch time
=========         Host Frame: ohmnivore::RunEmi03ResidentTransient(ohmnivore::MnaSystem const&, ohmnivore::TranAnalysis const&, ohmnivore::TransientExecutionLimits const&) [0x7b5c8f] in emi03_resident_test
=========         Host Frame: ohmnivore::(anonymous namespace)::Emi03Resident_DynamicGpuPivotsDoNotHideBehindZeroResponse_Test::TestBody() [0x78f59f] in emi03_resident_test
=========         Host Frame: void testing::internal::HandleExceptionsInMethodIfSupported<testing::Test, void>(testing::Test*, void (testing::Test::*)(), char const*) [0xf7016] in libexternal_Sgoogletest+_Slibgtest.so
=========         Host Frame: testing::Test::Run() [0xf7275] in libexternal_Sgoogletest+_Slibgtest.so
=========         Host Frame: testing::TestInfo::Run() [0xf7604] in libexternal_Sgoogletest+_Slibgtest.so
=========         Host Frame: testing::TestSuite::Run() [0xfaaf6] in libexternal_Sgoogletest+_Slibgtest.so
=========         Host Frame: testing::internal::UnitTestImpl::RunAllTests() [0x1014bb] in libexternal_Sgoogletest+_Slibgtest.so
=========         Host Frame: bool testing::internal::HandleExceptionsInMethodIfSupported<testing::internal::UnitTestImpl, bool>(testing::internal::UnitTestImpl*, bool (testing::internal::UnitTestImpl::*)(), char const*) [0xf788e] in libexternal_Sgoogletest+_Slibgtest.so
=========         Host Frame: testing::UnitTest::Run() [0xf7a8d] in libexternal_Sgoogletest+_Slibgtest.so
=========         Host Frame: main [0x76f920] in emi03_resident_test
=========     
=========     Saved host backtrace up to driver entry point at cudaFreeAsync time
=========         Host Frame: cudaFreeAsync [0x6940fcf] in emi03_resident_test
=========         Host Frame: ohmnivore::(anonymous namespace)::Free(ohmnivore::(anonymous namespace)::JobState&, void*, unsigned long, bool) [0x7a0a4a] in emi03_resident_test
=========         Host Frame: ohmnivore::emi03_cuda_internal::FreeDevice(void*, unsigned long) [0x7a0df2] in emi03_resident_test
=========         Host Frame: ohmnivore::RunEmi03ResidentTransient(ohmnivore::MnaSystem const&, ohmnivore::TranAnalysis const&, ohmnivore::TransientExecutionLimits const&) [0x7b62f2] in emi03_resident_test
=========         Host Frame: ohmnivore::(anonymous namespace)::Emi03Resident_DynamicGpuPivotsDoNotHideBehindZeroResponse_Test::TestBody() [0x78f59f] in emi03_resident_test
=========         Host Frame: void testing::internal::HandleExceptionsInMethodIfSupported<testing::Test, void>(testing::Test*, void (testing::Test::*)(), char const*) [0xf7016] in libexternal_Sgoogletest+_Slibgtest.so
=========         Host Frame: testing::Test::Run() [0xf7275] in libexternal_Sgoogletest+_Slibgtest.so
=========         Host Frame: testing::TestInfo::Run() [0xf7604] in libexternal_Sgoogletest+_Slibgtest.so
=========         Host Frame: testing::TestSuite::Run() [0xfaaf6] in libexternal_Sgoogletest+_Slibgtest.so
=========         Host Frame: testing::internal::UnitTestImpl::RunAllTests() [0x1014bb] in libexternal_Sgoogletest+_Slibgtest.so
=========         Host Frame: bool testing::internal::HandleExceptionsInMethodIfSupported<testing::internal::UnitTestImpl, bool>(testing::internal::UnitTestImpl*, bool (testing::internal::UnitTestImpl::*)(), char const*) [0xf788e] in libexternal_Sgoogletest+_Slibgtest.so
=========         Host Frame: testing::UnitTest::Run() [0xf7a8d] in libexternal_Sgoogletest+_Slibgtest.so
=========         Host Frame: main [0x76f920] in emi03_resident_test
========= 
========= Use-after-free on allocation of size 16 bytes at 0x1ff4009000
=========     Address 0x1ff4009000 is potentially accessed after it is free'd
=========     
=========     Saved host backtrace up to driver entry point at kernel launch time
=========         Host Frame: ohmnivore::RunEmi03ResidentTransient(ohmnivore::MnaSystem const&, ohmnivore::TranAnalysis const&, ohmnivore::TransientExecutionLimits const&) [0x7b5c8f] in emi03_resident_test
=========         Host Frame: ohmnivore::(anonymous namespace)::Emi03Resident_DynamicGpuPivotsDoNotHideBehindZeroResponse_Test::TestBody() [0x78f59f] in emi03_resident_test
=========         Host Frame: void testing::internal::HandleExceptionsInMethodIfSupported<testing::Test, void>(testing::Test*, void (testing::Test::*)(), char const*) [0xf7016] in libexternal_Sgoogletest+_Slibgtest.so
=========         Host Frame: testing::Test::Run() [0xf7275] in libexternal_Sgoogletest+_Slibgtest.so
=========         Host Frame: testing::TestInfo::Run() [0xf7604] in libexternal_Sgoogletest+_Slibgtest.so
=========         Host Frame: testing::TestSuite::Run() [0xfaaf6] in libexternal_Sgoogletest+_Slibgtest.so
=========         Host Frame: testing::internal::UnitTestImpl::RunAllTests() [0x1014bb] in libexternal_Sgoogletest+_Slibgtest.so
=========         Host Frame: bool testing::internal::HandleExceptionsInMethodIfSupported<testing::internal::UnitTestImpl, bool>(testing::internal::UnitTestImpl*, bool (testing::internal::UnitTestImpl::*)(), char const*) [0xf788e] in libexternal_Sgoogletest+_Slibgtest.so
=========         Host Frame: testing::UnitTest::Run() [0xf7a8d] in libexternal_Sgoogletest+_Slibgtest.so
=========         Host Frame: main [0x76f920] in emi03_resident_test
=========     
=========     Saved host backtrace up to driver entry point at cudaFreeAsync time
=========         Host Frame: cudaFreeAsync [0x6940fcf] in emi03_resident_test
=========         Host Frame: ohmnivore::(anonymous namespace)::Free(ohmnivore::(anonymous namespace)::JobState&, void*, unsigned long, bool) [0x7a0a4a] in emi03_resident_test
=========         Host Frame: ohmnivore::emi03_cuda_internal::FreeDevice(void*, unsigned long) [0x7a0df2] in emi03_resident_test
=========         Host Frame: ohmnivore::RunEmi03ResidentTransient(ohmnivore::MnaSystem const&, ohmnivore::TranAnalysis const&, ohmnivore::TransientExecutionLimits const&) [0x7b62f2] in emi03_resident_test
=========         Host Frame: ohmnivore::(anonymous namespace)::Emi03Resident_DynamicGpuPivotsDoNotHideBehindZeroResponse_Test::TestBody() [0x78f59f] in emi03_resident_test
=========         Host Frame: void testing::internal::HandleExceptionsInMethodIfSupported<testing::Test, void>(testing::Test*, void (testing::Test::*)(), char const*) [0xf7016] in libexternal_Sgoogletest+_Slibgtest.so
=========         Host Frame: testing::Test::Run() [0xf7275] in libexternal_Sgoogletest+_Slibgtest.so
=========         Host Frame: testing::TestInfo::Run() [0xf7604] in libexternal_Sgoogletest+_Slibgtest.so
=========         Host Frame: testing::TestSuite::Run() [0xfaaf6] in libexternal_Sgoogletest+_Slibgtest.so
=========         Host Frame: testing::internal::UnitTestImpl::RunAllTests() [0x1014bb] in libexternal_Sgoogletest+_Slibgtest.so
=========         Host Frame: bool testing::internal::HandleExceptionsInMethodIfSupported<testing::internal::UnitTestImpl, bool>(testing::internal::UnitTestImpl*, bool (testing::internal::UnitTestImpl::*)(), char const*) [0xf788e] in libexternal_Sgoogletest+_Slibgtest.so
=========         Host Frame: testing::UnitTest::Run() [0xf7a8d] in libexternal_Sgoogletest+_Slibgtest.so
=========         Host Frame: main [0x76f920] in emi03_resident_test
========= 
========= Use-after-free on allocation of size 20 bytes at 0x1ff4009200
=========     Address 0x1ff4009200 is potentially accessed after it is free'd
=========     
=========     Saved host backtrace up to driver entry point at kernel launch time
=========         Host Frame: ohmnivore::RunEmi03ResidentTransient(ohmnivore::MnaSystem const&, ohmnivore::TranAnalysis const&, ohmnivore::TransientExecutionLimits const&) [0x7b5c8f] in emi03_resident_test
=========         Host Frame: ohmnivore::(anonymous namespace)::Emi03Resident_DynamicGpuPivotsDoNotHideBehindZeroResponse_Test::TestBody() [0x78f59f] in emi03_resident_test
=========         Host Frame: void testing::internal::HandleExceptionsInMethodIfSupported<testing::Test, void>(testing::Test*, void (testing::Test::*)(), char const*) [0xf7016] in libexternal_Sgoogletest+_Slibgtest.so
=========         Host Frame: testing::Test::Run() [0xf7275] in libexternal_Sgoogletest+_Slibgtest.so
=========         Host Frame: testing::TestInfo::Run() [0xf7604] in libexternal_Sgoogletest+_Slibgtest.so
=========         Host Frame: testing::TestSuite::Run() [0xfaaf6] in libexternal_Sgoogletest+_Slibgtest.so
=========         Host Frame: testing::internal::UnitTestImpl::RunAllTests() [0x1014bb] in libexternal_Sgoogletest+_Slibgtest.so
=========         Host Frame: bool testing::internal::HandleExceptionsInMethodIfSupported<testing::internal::UnitTestImpl, bool>(testing::internal::UnitTestImpl*, bool (testing::internal::UnitTestImpl::*)(), char const*) [0xf788e] in libexternal_Sgoogletest+_Slibgtest.so
=========         Host Frame: testing::UnitTest::Run() [0xf7a8d] in libexternal_Sgoogletest+_Slibgtest.so
=========         Host Frame: main [0x76f920] in emi03_resident_test
=========     
=========     Saved host backtrace up to driver entry point at cudaFreeAsync time
=========         Host Frame: cudaFreeAsync [0x6940fcf] in emi03_resident_test
=========         Host Frame: ohmnivore::(anonymous namespace)::Free(ohmnivore::(anonymous namespace)::JobState&, void*, unsigned long, bool) [0x7a0a4a] in emi03_resident_test
=========         Host Frame: ohmnivore::emi03_cuda_internal::FreeDevice(void*, unsigned long) [0x7a0df2] in emi03_resident_test
=========         Host Frame: ohmnivore::RunEmi03ResidentTransient(ohmnivore::MnaSystem const&, ohmnivore::TranAnalysis const&, ohmnivore::TransientExecutionLimits const&) [0x7b62f2] in emi03_resident_test
=========         Host Frame: ohmnivore::(anonymous namespace)::Emi03Resident_DynamicGpuPivotsDoNotHideBehindZeroResponse_Test::TestBody() [0x78f59f] in emi03_resident_test
=========         Host Frame: void testing::internal::HandleExceptionsInMethodIfSupported<testing::Test, void>(testing::Test*, void (testing::Test::*)(), char const*) [0xf7016] in libexternal_Sgoogletest+_Slibgtest.so
=========         Host Frame: testing::Test::Run() [0xf7275] in libexternal_Sgoogletest+_Slibgtest.so
=========         Host Frame: testing::TestInfo::Run() [0xf7604] in libexternal_Sgoogletest+_Slibgtest.so
=========         Host Frame: testing::TestSuite::Run() [0xfaaf6] in libexternal_Sgoogletest+_Slibgtest.so
=========         Host Frame: testing::internal::UnitTestImpl::RunAllTests() [0x1014bb] in libexternal_Sgoogletest+_Slibgtest.so
=========         Host Frame: bool testing::internal::HandleExceptionsInMethodIfSupported<testing::internal::UnitTestImpl, bool>(testing::internal::UnitTestImpl*, bool (testing::internal::UnitTestImpl::*)(), char const*) [0xf788e] in libexternal_Sgoogletest+_Slibgtest.so
=========         Host Frame: testing::UnitTest::Run() [0xf7a8d] in libexternal_Sgoogletest+_Slibgtest.so
=========         Host Frame: main [0x76f920] in emi03_resident_test
========= 
========= Use-after-free on allocation of size 36 bytes at 0x1ff4009400
=========     Address 0x1ff4009400 is potentially accessed after it is free'd
=========     
=========     Saved host backtrace up to driver entry point at kernel launch time
=========         Host Frame: ohmnivore::RunEmi03ResidentTransient(ohmnivore::MnaSystem const&, ohmnivore::TranAnalysis const&, ohmnivore::TransientExecutionLimits const&) [0x7b5c8f] in emi03_resident_test
=========         Host Frame: ohmnivore::(anonymous namespace)::Emi03Resident_DynamicGpuPivotsDoNotHideBehindZeroResponse_Test::TestBody() [0x78f59f] in emi03_resident_test
=========         Host Frame: void testing::internal::HandleExceptionsInMethodIfSupported<testing::Test, void>(testing::Test*, void (testing::Test::*)(), char const*) [0xf7016] in libexternal_Sgoogletest+_Slibgtest.so
=========         Host Frame: testing::Test::Run() [0xf7275] in libexternal_Sgoogletest+_Slibgtest.so
=========         Host Frame: testing::TestInfo::Run() [0xf7604] in libexternal_Sgoogletest+_Slibgtest.so
=========         Host Frame: testing::TestSuite::Run() [0xfaaf6] in libexternal_Sgoogletest+_Slibgtest.so
=========         Host Frame: testing::internal::UnitTestImpl::RunAllTests() [0x1014bb] in libexternal_Sgoogletest+_Slibgtest.so
=========         Host Frame: bool testing::internal::HandleExceptionsInMethodIfSupported<testing::internal::UnitTestImpl, bool>(testing::internal::UnitTestImpl*, bool (testing::internal::UnitTestImpl::*)(), char const*) [0xf788e] in libexternal_Sgoogletest+_Slibgtest.so
=========         Host Frame: testing::UnitTest::Run() [0xf7a8d] in libexternal_Sgoogletest+_Slibgtest.so
=========         Host Frame: main [0x76f920] in emi03_resident_test
=========     
=========     Saved host backtrace up to driver entry point at cudaFreeAsync time
=========         Host Frame: cudaFreeAsync [0x6940fcf] in emi03_resident_test
=========         Host Frame: ohmnivore::(anonymous namespace)::Free(ohmnivore::(anonymous namespace)::JobState&, void*, unsigned long, bool) [0x7a0a4a] in emi03_resident_test
=========         Host Frame: ohmnivore::emi03_cuda_internal::FreeDevice(void*, unsigned long) [0x7a0df2] in emi03_resident_test
=========         Host Frame: ohmnivore::RunEmi03ResidentTransient(ohmnivore::MnaSystem const&, ohmnivore::TranAnalysis const&, ohmnivore::TransientExecutionLimits const&) [0x7b62f2] in emi03_resident_test
=========         Host Frame: ohmnivore::(anonymous namespace)::Emi03Resident_DynamicGpuPivotsDoNotHideBehindZeroResponse_Test::TestBody() [0x78f59f] in emi03_resident_test
=========         Host Frame: void testing::internal::HandleExceptionsInMethodIfSupported<testing::Test, void>(testing::Test*, void (testing::Test::*)(), char const*) [0xf7016] in libexternal_Sgoogletest+_Slibgtest.so
=========         Host Frame: testing::Test::Run() [0xf7275] in libexternal_Sgoogletest+_Slibgtest.so
=========         Host Frame: testing::TestInfo::Run() [0xf7604] in libexternal_Sgoogletest+_Slibgtest.so
=========         Host Frame: testing::TestSuite::Run() [0xfaaf6] in libexternal_Sgoogletest+_Slibgtest.so
=========         Host Frame: testing::internal::UnitTestImpl::RunAllTests() [0x1014bb] in libexternal_Sgoogletest+_Slibgtest.so
=========         Host Frame: bool testing::internal::HandleExceptionsInMethodIfSupported<testing::internal::UnitTestImpl, bool>(testing::internal::UnitTestImpl*, bool (testing::internal::UnitTestImpl::*)(), char const*) [0xf788e] in libexternal_Sgoogletest+_Slibgtest.so
=========         Host Frame: testing::UnitTest::Run() [0xf7a8d] in libexternal_Sgoogletest+_Slibgtest.so
=========         Host Frame: main [0x76f920] in emi03_resident_test
========= 
========= Use-after-free on allocation of size 16 bytes at 0x1ff4009600
=========     Address 0x1ff4009600 is potentially accessed after it is free'd
=========     
=========     Saved host backtrace up to driver entry point at kernel launch time
=========         Host Frame: ohmnivore::RunEmi03ResidentTransient(ohmnivore::MnaSystem const&, ohmnivore::TranAnalysis const&, ohmnivore::TransientExecutionLimits const&) [0x7b5c8f] in emi03_resident_test
=========         Host Frame: ohmnivore::(anonymous namespace)::Emi03Resident_DynamicGpuPivotsDoNotHideBehindZeroResponse_Test::TestBody() [0x78f59f] in emi03_resident_test
=========         Host Frame: void testing::internal::HandleExceptionsInMethodIfSupported<testing::Test, void>(testing::Test*, void (testing::Test::*)(), char const*) [0xf7016] in libexternal_Sgoogletest+_Slibgtest.so
=========         Host Frame: testing::Test::Run() [0xf7275] in libexternal_Sgoogletest+_Slibgtest.so
=========         Host Frame: testing::TestInfo::Run() [0xf7604] in libexternal_Sgoogletest+_Slibgtest.so
=========         Host Frame: testing::TestSuite::Run() [0xfaaf6] in libexternal_Sgoogletest+_Slibgtest.so
=========         Host Frame: testing::internal::UnitTestImpl::RunAllTests() [0x1014bb] in libexternal_Sgoogletest+_Slibgtest.so
=========         Host Frame: bool testing::internal::HandleExceptionsInMethodIfSupported<testing::internal::UnitTestImpl, bool>(testing::internal::UnitTestImpl*, bool (testing::internal::UnitTestImpl::*)(), char const*) [0xf788e] in libexternal_Sgoogletest+_Slibgtest.so
=========         Host Frame: testing::UnitTest::Run() [0xf7a8d] in libexternal_Sgoogletest+_Slibgtest.so
=========         Host Frame: main [0x76f920] in emi03_resident_test
=========     
=========     Saved host backtrace up to driver entry point at cudaFreeAsync time
=========         Host Frame: cudaFreeAsync [0x6940fcf] in emi03_resident_test
=========         Host Frame: ohmnivore::(anonymous namespace)::Free(ohmnivore::(anonymous namespace)::JobState&, void*, unsigned long, bool) [0x7a0a4a] in emi03_resident_test
=========         Host Frame: ohmnivore::emi03_cuda_internal::FreeDevice(void*, unsigned long) [0x7a0df2] in emi03_resident_test
=========         Host Frame: ohmnivore::RunEmi03ResidentTransient(ohmnivore::MnaSystem const&, ohmnivore::TranAnalysis const&, ohmnivore::TransientExecutionLimits const&) [0x7b62f2] in emi03_resident_test
=========         Host Frame: ohmnivore::(anonymous namespace)::Emi03Resident_DynamicGpuPivotsDoNotHideBehindZeroResponse_Test::TestBody() [0x78f59f] in emi03_resident_test
=========         Host Frame: void testing::internal::HandleExceptionsInMethodIfSupported<testing::Test, void>(testing::Test*, void (testing::Test::*)(), char const*) [0xf7016] in libexternal_Sgoogletest+_Slibgtest.so
=========         Host Frame: testing::Test::Run() [0xf7275] in libexternal_Sgoogletest+_Slibgtest.so
=========         Host Frame: testing::TestInfo::Run() [0xf7604] in libexternal_Sgoogletest+_Slibgtest.so
=========         Host Frame: testing::TestSuite::Run() [0xfaaf6] in libexternal_Sgoogletest+_Slibgtest.so
=========         Host Frame: testing::internal::UnitTestImpl::RunAllTests() [0x1014bb] in libexternal_Sgoogletest+_Slibgtest.so
=========         Host Frame: bool testing::internal::HandleExceptionsInMethodIfSupported<testing::internal::UnitTestImpl, bool>(testing::internal::UnitTestImpl*, bool (testing::internal::UnitTestImpl::*)(), char const*) [0xf788e] in libexternal_Sgoogletest+_Slibgtest.so
=========         Host Frame: testing::UnitTest::Run() [0xf7a8d] in libexternal_Sgoogletest+_Slibgtest.so
=========         Host Frame: main [0x76f920] in emi03_resident_test
========= 
========= Use-after-free on allocation of size 36 bytes at 0x1ff4009800
=========     Address 0x1ff4009800 is potentially accessed after it is free'd
=========     
=========     Saved host backtrace up to driver entry point at kernel launch time
=========         Host Frame: ohmnivore::RunEmi03ResidentTransient(ohmnivore::MnaSystem const&, ohmnivore::TranAnalysis const&, ohmnivore::TransientExecutionLimits const&) [0x7b5c8f] in emi03_resident_test
=========         Host Frame: ohmnivore::(anonymous namespace)::Emi03Resident_DynamicGpuPivotsDoNotHideBehindZeroResponse_Test::TestBody() [0x78f59f] in emi03_resident_test
=========         Host Frame: void testing::internal::HandleExceptionsInMethodIfSupported<testing::Test, void>(testing::Test*, void (testing::Test::*)(), char const*) [0xf7016] in libexternal_Sgoogletest+_Slibgtest.so
=========         Host Frame: testing::Test::Run() [0xf7275] in libexternal_Sgoogletest+_Slibgtest.so
=========         Host Frame: testing::TestInfo::Run() [0xf7604] in libexternal_Sgoogletest+_Slibgtest.so
=========         Host Frame: testing::TestSuite::Run() [0xfaaf6] in libexternal_Sgoogletest+_Slibgtest.so
=========         Host Frame: testing::internal::UnitTestImpl::RunAllTests() [0x1014bb] in libexternal_Sgoogletest+_Slibgtest.so
=========         Host Frame: bool testing::internal::HandleExceptionsInMethodIfSupported<testing::internal::UnitTestImpl, bool>(testing::internal::UnitTestImpl*, bool (testing::internal::UnitTestImpl::*)(), char const*) [0xf788e] in libexternal_Sgoogletest+_Slibgtest.so
=========         Host Frame: testing::UnitTest::Run() [0xf7a8d] in libexternal_Sgoogletest+_Slibgtest.so
=========         Host Frame: main [0x76f920] in emi03_resident_test
=========     
=========     Saved host backtrace up to driver entry point at cudaFreeAsync time
=========         Host Frame: cudaFreeAsync [0x6940fcf] in emi03_resident_test
=========         Host Frame: ohmnivore::(anonymous namespace)::Free(ohmnivore::(anonymous namespace)::JobState&, void*, unsigned long, bool) [0x7a0a4a] in emi03_resident_test
=========         Host Frame: ohmnivore::emi03_cuda_internal::FreeDevice(void*, unsigned long) [0x7a0df2] in emi03_resident_test
=========         Host Frame: ohmnivore::RunEmi03ResidentTransient(ohmnivore::MnaSystem const&, ohmnivore::TranAnalysis const&, ohmnivore::TransientExecutionLimits const&) [0x7b62f2] in emi03_resident_test
=========         Host Frame: ohmnivore::(anonymous namespace)::Emi03Resident_DynamicGpuPivotsDoNotHideBehindZeroResponse_Test::TestBody() [0x78f59f] in emi03_resident_test
=========         Host Frame: void testing::internal::HandleExceptionsInMethodIfSupported<testing::Test, void>(testing::Test*, void (testing::Test::*)(), char const*) [0xf7016] in libexternal_Sgoogletest+_Slibgtest.so
=========         Host Frame: testing::Test::Run() [0xf7275] in libexternal_Sgoogletest+_Slibgtest.so
=========         Host Frame: testing::TestInfo::Run() [0xf7604] in libexternal_Sgoogletest+_Slibgtest.so
=========         Host Frame: testing::TestSuite::Run() [0xfaaf6] in libexternal_Sgoogletest+_Slibgtest.so
=========         Host Frame: testing::internal::UnitTestImpl::RunAllTests() [0x1014bb] in libexternal_Sgoogletest+_Slibgtest.so
=========         Host Frame: bool testing::internal::HandleExceptionsInMethodIfSupported<testing::internal::UnitTestImpl, bool>(testing::internal::UnitTestImpl*, bool (testing::internal::UnitTestImpl::*)(), char const*) [0xf788e] in libexternal_Sgoogletest+_Slibgtest.so
=========         Host Frame: testing::UnitTest::Run() [0xf7a8d] in libexternal_Sgoogletest+_Slibgtest.so
=========         Host Frame: main [0x76f920] in emi03_resident_test
========= 
========= Use-after-free on allocation of size 16 bytes at 0x1ff4009a00
=========     Address 0x1ff4009a00 is potentially accessed after it is free'd
=========     
=========     Saved host backtrace up to driver entry point at kernel launch time
=========         Host Frame: ohmnivore::RunEmi03ResidentTransient(ohmnivore::MnaSystem const&, ohmnivore::TranAnalysis const&, ohmnivore::TransientExecutionLimits const&) [0x7b5c8f] in emi03_resident_test
=========         Host Frame: ohmnivore::(anonymous namespace)::Emi03Resident_DynamicGpuPivotsDoNotHideBehindZeroResponse_Test::TestBody() [0x78f59f] in emi03_resident_test
=========         Host Frame: void testing::internal::HandleExceptionsInMethodIfSupported<testing::Test, void>(testing::Test*, void (testing::Test::*)(), char const*) [0xf7016] in libexternal_Sgoogletest+_Slibgtest.so
=========         Host Frame: testing::Test::Run() [0xf7275] in libexternal_Sgoogletest+_Slibgtest.so
=========         Host Frame: testing::TestInfo::Run() [0xf7604] in libexternal_Sgoogletest+_Slibgtest.so
=========         Host Frame: testing::TestSuite::Run() [0xfaaf6] in libexternal_Sgoogletest+_Slibgtest.so
=========         Host Frame: testing::internal::UnitTestImpl::RunAllTests() [0x1014bb] in libexternal_Sgoogletest+_Slibgtest.so
=========         Host Frame: bool testing::internal::HandleExceptionsInMethodIfSupported<testing::internal::UnitTestImpl, bool>(testing::internal::UnitTestImpl*, bool (testing::internal::UnitTestImpl::*)(), char const*) [0xf788e] in libexternal_Sgoogletest+_Slibgtest.so
=========         Host Frame: testing::UnitTest::Run() [0xf7a8d] in libexternal_Sgoogletest+_Slibgtest.so
=========         Host Frame: main [0x76f920] in emi03_resident_test
=========     
=========     Saved host backtrace up to driver entry point at cudaFreeAsync time
=========         Host Frame: cudaFreeAsync [0x6940fcf] in emi03_resident_test
=========         Host Frame: ohmnivore::(anonymous namespace)::Free(ohmnivore::(anonymous namespace)::JobState&, void*, unsigned long, bool) [0x7a0a4a] in emi03_resident_test
=========         Host Frame: ohmnivore::emi03_cuda_internal::FreeDevice(void*, unsigned long) [0x7a0df2] in emi03_resident_test
=========         Host Frame: ohmnivore::RunEmi03ResidentTransient(ohmnivore::MnaSystem const&, ohmnivore::TranAnalysis const&, ohmnivore::TransientExecutionLimits const&) [0x7b62f2] in emi03_resident_test
=========         Host Frame: ohmnivore::(anonymous namespace)::Emi03Resident_DynamicGpuPivotsDoNotHideBehindZeroResponse_Test::TestBody() [0x78f59f] in emi03_resident_test
=========         Host Frame: void testing::internal::HandleExceptionsInMethodIfSupported<testing::Test, void>(testing::Test*, void (testing::Test::*)(), char const*) [0xf7016] in libexternal_Sgoogletest+_Slibgtest.so
=========         Host Frame: testing::Test::Run() [0xf7275] in libexternal_Sgoogletest+_Slibgtest.so
=========         Host Frame: testing::TestInfo::Run() [0xf7604] in libexternal_Sgoogletest+_Slibgtest.so
=========         Host Frame: testing::TestSuite::Run() [0xfaaf6] in libexternal_Sgoogletest+_Slibgtest.so
=========         Host Frame: testing::internal::UnitTestImpl::RunAllTests() [0x1014bb] in libexternal_Sgoogletest+_Slibgtest.so
=========         Host Frame: bool testing::internal::HandleExceptionsInMethodIfSupported<testing::internal::UnitTestImpl, bool>(testing::internal::UnitTestImpl*, bool (testing::internal::UnitTestImpl::*)(), char const*) [0xf788e] in libexternal_Sgoogletest+_Slibgtest.so
=========         Host Frame: testing::UnitTest::Run() [0xf7a8d] in libexternal_Sgoogletest+_Slibgtest.so
=========         Host Frame: main [0x76f920] in emi03_resident_test
========= 
========= Use-after-free on allocation of size 16 bytes at 0x1ff4009c00
=========     Address 0x1ff4009c00 is potentially accessed after it is free'd
=========     
=========     Saved host backtrace up to driver entry point at kernel launch time
=========         Host Frame: ohmnivore::RunEmi03ResidentTransient(ohmnivore::MnaSystem const&, ohmnivore::TranAnalysis const&, ohmnivore::TransientExecutionLimits const&) [0x7b5c8f] in emi03_resident_test
=========         Host Frame: ohmnivore::(anonymous namespace)::Emi03Resident_DynamicGpuPivotsDoNotHideBehindZeroResponse_Test::TestBody() [0x78f59f] in emi03_resident_test
=========         Host Frame: void testing::internal::HandleExceptionsInMethodIfSupported<testing::Test, void>(testing::Test*, void (testing::Test::*)(), char const*) [0xf7016] in libexternal_Sgoogletest+_Slibgtest.so
=========         Host Frame: testing::Test::Run() [0xf7275] in libexternal_Sgoogletest+_Slibgtest.so
=========         Host Frame: testing::TestInfo::Run() [0xf7604] in libexternal_Sgoogletest+_Slibgtest.so
=========         Host Frame: testing::TestSuite::Run() [0xfaaf6] in libexternal_Sgoogletest+_Slibgtest.so
=========         Host Frame: testing::internal::UnitTestImpl::RunAllTests() [0x1014bb] in libexternal_Sgoogletest+_Slibgtest.so
=========         Host Frame: bool testing::internal::HandleExceptionsInMethodIfSupported<testing::internal::UnitTestImpl, bool>(testing::internal::UnitTestImpl*, bool (testing::internal::UnitTestImpl::*)(), char const*) [0xf788e] in libexternal_Sgoogletest+_Slibgtest.so
=========         Host Frame: testing::UnitTest::Run() [0xf7a8d] in libexternal_Sgoogletest+_Slibgtest.so
=========         Host Frame: main [0x76f920] in emi03_resident_test
=========     
=========     Saved host backtrace up to driver entry point at cudaFreeAsync time
=========         Host Frame: cudaFreeAsync [0x6940fcf] in emi03_resident_test
=========         Host Frame: ohmnivore::(anonymous namespace)::Free(ohmnivore::(anonymous namespace)::JobState&, void*, unsigned long, bool) [0x7a0a4a] in emi03_resident_test
=========         Host Frame: ohmnivore::emi03_cuda_internal::FreeDevice(void*, unsigned long) [0x7a0df2] in emi03_resident_test
=========         Host Frame: ohmnivore::RunEmi03ResidentTransient(ohmnivore::MnaSystem const&, ohmnivore::TranAnalysis const&, ohmnivore::TransientExecutionLimits const&) [0x7b62f2] in emi03_resident_test
=========         Host Frame: ohmnivore::(anonymous namespace)::Emi03Resident_DynamicGpuPivotsDoNotHideBehindZeroResponse_Test::TestBody() [0x78f59f] in emi03_resident_test
=========         Host Frame: void testing::internal::HandleExceptionsInMethodIfSupported<testing::Test, void>(testing::Test*, void (testing::Test::*)(), char const*) [0xf7016] in libexternal_Sgoogletest+_Slibgtest.so
=========         Host Frame: testing::Test::Run() [0xf7275] in libexternal_Sgoogletest+_Slibgtest.so
=========         Host Frame: testing::TestInfo::Run() [0xf7604] in libexternal_Sgoogletest+_Slibgtest.so
=========         Host Frame: testing::TestSuite::Run() [0xfaaf6] in libexternal_Sgoogletest+_Slibgtest.so
=========         Host Frame: testing::internal::UnitTestImpl::RunAllTests() [0x1014bb] in libexternal_Sgoogletest+_Slibgtest.so
=========         Host Frame: bool testing::internal::HandleExceptionsInMethodIfSupported<testing::internal::UnitTestImpl, bool>(testing::internal::UnitTestImpl*, bool (testing::internal::UnitTestImpl::*)(), char const*) [0xf788e] in libexternal_Sgoogletest+_Slibgtest.so
=========         Host Frame: testing::UnitTest::Run() [0xf7a8d] in libexternal_Sgoogletest+_Slibgtest.so
=========         Host Frame: main [0x76f920] in emi03_resident_test
========= 
========= Use-after-free on allocation of size 72 bytes at 0x1ff400a200
=========     Address 0x1ff400a200 is potentially accessed after it is free'd
=========     
=========     Saved host backtrace up to driver entry point at kernel launch time
=========         Host Frame: ohmnivore::RunEmi03ResidentTransient(ohmnivore::MnaSystem const&, ohmnivore::TranAnalysis const&, ohmnivore::TransientExecutionLimits const&) [0x7b5c8f] in emi03_resident_test
=========         Host Frame: ohmnivore::(anonymous namespace)::Emi03Resident_DynamicGpuPivotsDoNotHideBehindZeroResponse_Test::TestBody() [0x78f59f] in emi03_resident_test
=========         Host Frame: void testing::internal::HandleExceptionsInMethodIfSupported<testing::Test, void>(testing::Test*, void (testing::Test::*)(), char const*) [0xf7016] in libexternal_Sgoogletest+_Slibgtest.so
=========         Host Frame: testing::Test::Run() [0xf7275] in libexternal_Sgoogletest+_Slibgtest.so
=========         Host Frame: testing::TestInfo::Run() [0xf7604] in libexternal_Sgoogletest+_Slibgtest.so
=========         Host Frame: testing::TestSuite::Run() [0xfaaf6] in libexternal_Sgoogletest+_Slibgtest.so
=========         Host Frame: testing::internal::UnitTestImpl::RunAllTests() [0x1014bb] in libexternal_Sgoogletest+_Slibgtest.so
=========         Host Frame: bool testing::internal::HandleExceptionsInMethodIfSupported<testing::internal::UnitTestImpl, bool>(testing::internal::UnitTestImpl*, bool (testing::internal::UnitTestImpl::*)(), char const*) [0xf788e] in libexternal_Sgoogletest+_Slibgtest.so
=========         Host Frame: testing::UnitTest::Run() [0xf7a8d] in libexternal_Sgoogletest+_Slibgtest.so
=========         Host Frame: main [0x76f920] in emi03_resident_test
=========     
=========     Saved host backtrace up to driver entry point at cudaFreeAsync time
=========         Host Frame: cudaFreeAsync [0x6940fcf] in emi03_resident_test
=========         Host Frame: ohmnivore::(anonymous namespace)::Free(ohmnivore::(anonymous namespace)::JobState&, void*, unsigned long, bool) [0x7a0a4a] in emi03_resident_test
=========         Host Frame: ohmnivore::emi03_cuda_internal::FreeDevice(void*, unsigned long) [0x7a0df2] in emi03_resident_test
=========         Host Frame: ohmnivore::RunEmi03ResidentTransient(ohmnivore::MnaSystem const&, ohmnivore::TranAnalysis const&, ohmnivore::TransientExecutionLimits const&) [0x7b5800] in emi03_resident_test
=========         Host Frame: ohmnivore::(anonymous namespace)::Emi03Resident_DynamicGpuPivotsDoNotHideBehindZeroResponse_Test::TestBody() [0x78f59f] in emi03_resident_test
=========         Host Frame: void testing::internal::HandleExceptionsInMethodIfSupported<testing::Test, void>(testing::Test*, void (testing::Test::*)(), char const*) [0xf7016] in libexternal_Sgoogletest+_Slibgtest.so
=========         Host Frame: testing::Test::Run() [0xf7275] in libexternal_Sgoogletest+_Slibgtest.so
=========         Host Frame: testing::TestInfo::Run() [0xf7604] in libexternal_Sgoogletest+_Slibgtest.so
=========         Host Frame: testing::TestSuite::Run() [0xfaaf6] in libexternal_Sgoogletest+_Slibgtest.so
=========         Host Frame: testing::internal::UnitTestImpl::RunAllTests() [0x1014bb] in libexternal_Sgoogletest+_Slibgtest.so
=========         Host Frame: bool testing::internal::HandleExceptionsInMethodIfSupported<testing::internal::UnitTestImpl, bool>(testing::internal::UnitTestImpl*, bool (testing::internal::UnitTestImpl::*)(), char const*) [0xf788e] in libexternal_Sgoogletest+_Slibgtest.so
=========         Host Frame: testing::UnitTest::Run() [0xf7a8d] in libexternal_Sgoogletest+_Slibgtest.so
=========         Host Frame: main [0x76f920] in emi03_resident_test
========= 
========= Use-after-free on allocation of size 8 bytes at 0x1ff400a400
=========     Address 0x1ff400a400 is potentially accessed after it is free'd
=========     
=========     Saved host backtrace up to driver entry point at kernel launch time
=========         Host Frame: ohmnivore::RunEmi03ResidentTransient(ohmnivore::MnaSystem const&, ohmnivore::TranAnalysis const&, ohmnivore::TransientExecutionLimits const&) [0x7b5c8f] in emi03_resident_test
=========         Host Frame: ohmnivore::(anonymous namespace)::Emi03Resident_DynamicGpuPivotsDoNotHideBehindZeroResponse_Test::TestBody() [0x78f59f] in emi03_resident_test
=========         Host Frame: void testing::internal::HandleExceptionsInMethodIfSupported<testing::Test, void>(testing::Test*, void (testing::Test::*)(), char const*) [0xf7016] in libexternal_Sgoogletest+_Slibgtest.so
=========         Host Frame: testing::Test::Run() [0xf7275] in libexternal_Sgoogletest+_Slibgtest.so
=========         Host Frame: testing::TestInfo::Run() [0xf7604] in libexternal_Sgoogletest+_Slibgtest.so
=========         Host Frame: testing::TestSuite::Run() [0xfaaf6] in libexternal_Sgoogletest+_Slibgtest.so
=========         Host Frame: testing::internal::UnitTestImpl::RunAllTests() [0x1014bb] in libexternal_Sgoogletest+_Slibgtest.so
=========         Host Frame: bool testing::internal::HandleExceptionsInMethodIfSupported<testing::internal::UnitTestImpl, bool>(testing::internal::UnitTestImpl*, bool (testing::internal::UnitTestImpl::*)(), char const*) [0xf788e] in libexternal_Sgoogletest+_Slibgtest.so
=========         Host Frame: testing::UnitTest::Run() [0xf7a8d] in libexternal_Sgoogletest+_Slibgtest.so
=========         Host Frame: main [0x76f920] in emi03_resident_test
=========     
=========     Saved host backtrace up to driver entry point at cudaFreeAsync time
=========         Host Frame: cudaFreeAsync [0x6940fcf] in emi03_resident_test
=========         Host Frame: ohmnivore::(anonymous namespace)::Free(ohmnivore::(anonymous namespace)::JobState&, void*, unsigned long, bool) [0x7a0a4a] in emi03_resident_test
=========         Host Frame: ohmnivore::emi03_cuda_internal::FreeDevice(void*, unsigned long) [0x7a0df2] in emi03_resident_test
=========         Host Frame: ohmnivore::RunEmi03ResidentTransient(ohmnivore::MnaSystem const&, ohmnivore::TranAnalysis const&, ohmnivore::TransientExecutionLimits const&) [0x7b5800] in emi03_resident_test
=========         Host Frame: ohmnivore::(anonymous namespace)::Emi03Resident_DynamicGpuPivotsDoNotHideBehindZeroResponse_Test::TestBody() [0x78f59f] in emi03_resident_test
=========         Host Frame: void testing::internal::HandleExceptionsInMethodIfSupported<testing::Test, void>(testing::Test*, void (testing::Test::*)(), char const*) [0xf7016] in libexternal_Sgoogletest+_Slibgtest.so
=========         Host Frame: testing::Test::Run() [0xf7275] in libexternal_Sgoogletest+_Slibgtest.so
=========         Host Frame: testing::TestInfo::Run() [0xf7604] in libexternal_Sgoogletest+_Slibgtest.so
=========         Host Frame: testing::TestSuite::Run() [0xfaaf6] in libexternal_Sgoogletest+_Slibgtest.so
=========         Host Frame: testing::internal::UnitTestImpl::RunAllTests() [0x1014bb] in libexternal_Sgoogletest+_Slibgtest.so
=========         Host Frame: bool testing::internal::HandleExceptionsInMethodIfSupported<testing::internal::UnitTestImpl, bool>(testing::internal::UnitTestImpl*, bool (testing::internal::UnitTestImpl::*)(), char const*) [0xf788e] in libexternal_Sgoogletest+_Slibgtest.so
=========         Host Frame: testing::UnitTest::Run() [0xf7a8d] in libexternal_Sgoogletest+_Slibgtest.so
=========         Host Frame: main [0x76f920] in emi03_resident_test
========= 
========= Use-after-free on allocation of size 36 bytes at 0x1ff400a600
=========     Address 0x1ff400a600 is potentially accessed after it is free'd
=========     
=========     Saved host backtrace up to driver entry point at kernel launch time
=========         Host Frame: ohmnivore::RunEmi03ResidentTransient(ohmnivore::MnaSystem const&, ohmnivore::TranAnalysis const&, ohmnivore::TransientExecutionLimits const&) [0x7b5c8f] in emi03_resident_test
=========         Host Frame: ohmnivore::(anonymous namespace)::Emi03Resident_DynamicGpuPivotsDoNotHideBehindZeroResponse_Test::TestBody() [0x78f59f] in emi03_resident_test
=========         Host Frame: void testing::internal::HandleExceptionsInMethodIfSupported<testing::Test, void>(testing::Test*, void (testing::Test::*)(), char const*) [0xf7016] in libexternal_Sgoogletest+_Slibgtest.so
=========         Host Frame: testing::Test::Run() [0xf7275] in libexternal_Sgoogletest+_Slibgtest.so
=========         Host Frame: testing::TestInfo::Run() [0xf7604] in libexternal_Sgoogletest+_Slibgtest.so
=========         Host Frame: testing::TestSuite::Run() [0xfaaf6] in libexternal_Sgoogletest+_Slibgtest.so
=========         Host Frame: testing::internal::UnitTestImpl::RunAllTests() [0x1014bb] in libexternal_Sgoogletest+_Slibgtest.so
=========         Host Frame: bool testing::internal::HandleExceptionsInMethodIfSupported<testing::internal::UnitTestImpl, bool>(testing::internal::UnitTestImpl*, bool (testing::internal::UnitTestImpl::*)(), char const*) [0xf788e] in libexternal_Sgoogletest+_Slibgtest.so
=========         Host Frame: testing::UnitTest::Run() [0xf7a8d] in libexternal_Sgoogletest+_Slibgtest.so
=========         Host Frame: main [0x76f920] in emi03_resident_test
=========     
=========     Saved host backtrace up to driver entry point at cudaFreeAsync time
=========         Host Frame: cudaFreeAsync [0x6940fcf] in emi03_resident_test
=========         Host Frame: ohmnivore::(anonymous namespace)::Free(ohmnivore::(anonymous namespace)::JobState&, void*, unsigned long, bool) [0x7a0a4a] in emi03_resident_test
=========         Host Frame: ohmnivore::emi03_cuda_internal::FreeDevice(void*, unsigned long) [0x7a0df2] in emi03_resident_test
=========         Host Frame: ohmnivore::RunEmi03ResidentTransient(ohmnivore::MnaSystem const&, ohmnivore::TranAnalysis const&, ohmnivore::TransientExecutionLimits const&) [0x7b5800] in emi03_resident_test
=========         Host Frame: ohmnivore::(anonymous namespace)::Emi03Resident_DynamicGpuPivotsDoNotHideBehindZeroResponse_Test::TestBody() [0x78f59f] in emi03_resident_test
=========         Host Frame: void testing::internal::HandleExceptionsInMethodIfSupported<testing::Test, void>(testing::Test*, void (testing::Test::*)(), char const*) [0xf7016] in libexternal_Sgoogletest+_Slibgtest.so
=========         Host Frame: testing::Test::Run() [0xf7275] in libexternal_Sgoogletest+_Slibgtest.so
=========         Host Frame: testing::TestInfo::Run() [0xf7604] in libexternal_Sgoogletest+_Slibgtest.so
=========         Host Frame: testing::TestSuite::Run() [0xfaaf6] in libexternal_Sgoogletest+_Slibgtest.so
=========         Host Frame: testing::internal::UnitTestImpl::RunAllTests() [0x1014bb] in libexternal_Sgoogletest+_Slibgtest.so
=========         Host Frame: bool testing::internal::HandleExceptionsInMethodIfSupported<testing::internal::UnitTestImpl, bool>(testing::internal::UnitTestImpl*, bool (testing::internal::UnitTestImpl::*)(), char const*) [0xf788e] in libexternal_Sgoogletest+_Slibgtest.so
=========         Host Frame: testing::UnitTest::Run() [0xf7a8d] in libexternal_Sgoogletest+_Slibgtest.so
=========         Host Frame: main [0x76f920] in emi03_resident_test
========= 
========= Use-after-free on allocation of size 16 bytes at 0x1ff400a800
=========     Address 0x1ff400a800 is potentially accessed after it is free'd
=========     
=========     Saved host backtrace up to driver entry point at kernel launch time
=========         Host Frame: ohmnivore::RunEmi03ResidentTransient(ohmnivore::MnaSystem const&, ohmnivore::TranAnalysis const&, ohmnivore::TransientExecutionLimits const&) [0x7b5c8f] in emi03_resident_test
=========         Host Frame: ohmnivore::(anonymous namespace)::Emi03Resident_DynamicGpuPivotsDoNotHideBehindZeroResponse_Test::TestBody() [0x78f59f] in emi03_resident_test
=========         Host Frame: void testing::internal::HandleExceptionsInMethodIfSupported<testing::Test, void>(testing::Test*, void (testing::Test::*)(), char const*) [0xf7016] in libexternal_Sgoogletest+_Slibgtest.so
=========         Host Frame: testing::Test::Run() [0xf7275] in libexternal_Sgoogletest+_Slibgtest.so
=========         Host Frame: testing::TestInfo::Run() [0xf7604] in libexternal_Sgoogletest+_Slibgtest.so
=========         Host Frame: testing::TestSuite::Run() [0xfaaf6] in libexternal_Sgoogletest+_Slibgtest.so
=========         Host Frame: testing::internal::UnitTestImpl::RunAllTests() [0x1014bb] in libexternal_Sgoogletest+_Slibgtest.so
=========         Host Frame: bool testing::internal::HandleExceptionsInMethodIfSupported<testing::internal::UnitTestImpl, bool>(testing::internal::UnitTestImpl*, bool (testing::internal::UnitTestImpl::*)(), char const*) [0xf788e] in libexternal_Sgoogletest+_Slibgtest.so
=========         Host Frame: testing::UnitTest::Run() [0xf7a8d] in libexternal_Sgoogletest+_Slibgtest.so
=========         Host Frame: main [0x76f920] in emi03_resident_test
=========     
=========     Saved host backtrace up to driver entry point at cudaFreeAsync time
=========         Host Frame: cudaFreeAsync [0x6940fcf] in emi03_resident_test
=========         Host Frame: ohmnivore::(anonymous namespace)::Free(ohmnivore::(anonymous namespace)::JobState&, void*, unsigned long, bool) [0x7a0a4a] in emi03_resident_test
=========         Host Frame: ohmnivore::emi03_cuda_internal::FreeDevice(void*, unsigned long) [0x7a0df2] in emi03_resident_test
=========         Host Frame: ohmnivore::RunEmi03ResidentTransient(ohmnivore::MnaSystem const&, ohmnivore::TranAnalysis const&, ohmnivore::TransientExecutionLimits const&) [0x7b5800] in emi03_resident_test
=========         Host Frame: ohmnivore::(anonymous namespace)::Emi03Resident_DynamicGpuPivotsDoNotHideBehindZeroResponse_Test::TestBody() [0x78f59f] in emi03_resident_test
=========         Host Frame: void testing::internal::HandleExceptionsInMethodIfSupported<testing::Test, void>(testing::Test*, void (testing::Test::*)(), char const*) [0xf7016] in libexternal_Sgoogletest+_Slibgtest.so
=========         Host Frame: testing::Test::Run() [0xf7275] in libexternal_Sgoogletest+_Slibgtest.so
=========         Host Frame: testing::TestInfo::Run() [0xf7604] in libexternal_Sgoogletest+_Slibgtest.so
=========         Host Frame: testing::TestSuite::Run() [0xfaaf6] in libexternal_Sgoogletest+_Slibgtest.so
=========         Host Frame: testing::internal::UnitTestImpl::RunAllTests() [0x1014bb] in libexternal_Sgoogletest+_Slibgtest.so
=========         Host Frame: bool testing::internal::HandleExceptionsInMethodIfSupported<testing::internal::UnitTestImpl, bool>(testing::internal::UnitTestImpl*, bool (testing::internal::UnitTestImpl::*)(), char const*) [0xf788e] in libexternal_Sgoogletest+_Slibgtest.so
=========         Host Frame: testing::UnitTest::Run() [0xf7a8d] in libexternal_Sgoogletest+_Slibgtest.so
=========         Host Frame: main [0x76f920] in emi03_resident_test
========= 
========= Use-after-free on allocation of size 16 bytes at 0x1ff400aa00
=========     Address 0x1ff400aa00 is potentially accessed after it is free'd
=========     
=========     Saved host backtrace up to driver entry point at kernel launch time
=========         Host Frame: ohmnivore::RunEmi03ResidentTransient(ohmnivore::MnaSystem const&, ohmnivore::TranAnalysis const&, ohmnivore::TransientExecutionLimits const&) [0x7b5c8f] in emi03_resident_test
=========         Host Frame: ohmnivore::(anonymous namespace)::Emi03Resident_DynamicGpuPivotsDoNotHideBehindZeroResponse_Test::TestBody() [0x78f59f] in emi03_resident_test
=========         Host Frame: void testing::internal::HandleExceptionsInMethodIfSupported<testing::Test, void>(testing::Test*, void (testing::Test::*)(), char const*) [0xf7016] in libexternal_Sgoogletest+_Slibgtest.so
=========         Host Frame: testing::Test::Run() [0xf7275] in libexternal_Sgoogletest+_Slibgtest.so
=========         Host Frame: testing::TestInfo::Run() [0xf7604] in libexternal_Sgoogletest+_Slibgtest.so
=========         Host Frame: testing::TestSuite::Run() [0xfaaf6] in libexternal_Sgoogletest+_Slibgtest.so
=========         Host Frame: testing::internal::UnitTestImpl::RunAllTests() [0x1014bb] in libexternal_Sgoogletest+_Slibgtest.so
=========         Host Frame: bool testing::internal::HandleExceptionsInMethodIfSupported<testing::internal::UnitTestImpl, bool>(testing::internal::UnitTestImpl*, bool (testing::internal::UnitTestImpl::*)(), char const*) [0xf788e] in libexternal_Sgoogletest+_Slibgtest.so
=========         Host Frame: testing::UnitTest::Run() [0xf7a8d] in libexternal_Sgoogletest+_Slibgtest.so
=========         Host Frame: main [0x76f920] in emi03_resident_test
=========     
=========     Saved host backtrace up to driver entry point at cudaFreeAsync time
=========         Host Frame: cudaFreeAsync [0x6940fcf] in emi03_resident_test
=========         Host Frame: ohmnivore::(anonymous namespace)::Free(ohmnivore::(anonymous namespace)::JobState&, void*, unsigned long, bool) [0x7a0a4a] in emi03_resident_test
=========         Host Frame: ohmnivore::emi03_cuda_internal::FreeDevice(void*, unsigned long) [0x7a0df2] in emi03_resident_test
=========         Host Frame: ohmnivore::RunEmi03ResidentTransient(ohmnivore::MnaSystem const&, ohmnivore::TranAnalysis const&, ohmnivore::TransientExecutionLimits const&) [0x7b5800] in emi03_resident_test
=========         Host Frame: ohmnivore::(anonymous namespace)::Emi03Resident_DynamicGpuPivotsDoNotHideBehindZeroResponse_Test::TestBody() [0x78f59f] in emi03_resident_test
=========         Host Frame: void testing::internal::HandleExceptionsInMethodIfSupported<testing::Test, void>(testing::Test*, void (testing::Test::*)(), char const*) [0xf7016] in libexternal_Sgoogletest+_Slibgtest.so
=========         Host Frame: testing::Test::Run() [0xf7275] in libexternal_Sgoogletest+_Slibgtest.so
=========         Host Frame: testing::TestInfo::Run() [0xf7604] in libexternal_Sgoogletest+_Slibgtest.so
=========         Host Frame: testing::TestSuite::Run() [0xfaaf6] in libexternal_Sgoogletest+_Slibgtest.so
=========         Host Frame: testing::internal::UnitTestImpl::RunAllTests() [0x1014bb] in libexternal_Sgoogletest+_Slibgtest.so
=========         Host Frame: bool testing::internal::HandleExceptionsInMethodIfSupported<testing::internal::UnitTestImpl, bool>(testing::internal::UnitTestImpl*, bool (testing::internal::UnitTestImpl::*)(), char const*) [0xf788e] in libexternal_Sgoogletest+_Slibgtest.so
=========         Host Frame: testing::UnitTest::Run() [0xf7a8d] in libexternal_Sgoogletest+_Slibgtest.so
=========         Host Frame: main [0x76f920] in emi03_resident_test
========= 
========= Use-after-free on allocation of size 12 bytes at 0x1ff400ac00
=========     Address 0x1ff400ac00 is potentially accessed after it is free'd
=========     
=========     Saved host backtrace up to driver entry point at kernel launch time
=========         Host Frame: ohmnivore::RunEmi03ResidentTransient(ohmnivore::MnaSystem const&, ohmnivore::TranAnalysis const&, ohmnivore::TransientExecutionLimits const&) [0x7b5c8f] in emi03_resident_test
=========         Host Frame: ohmnivore::(anonymous namespace)::Emi03Resident_DynamicGpuPivotsDoNotHideBehindZeroResponse_Test::TestBody() [0x78f59f] in emi03_resident_test
=========         Host Frame: void testing::internal::HandleExceptionsInMethodIfSupported<testing::Test, void>(testing::Test*, void (testing::Test::*)(), char const*) [0xf7016] in libexternal_Sgoogletest+_Slibgtest.so
=========         Host Frame: testing::Test::Run() [0xf7275] in libexternal_Sgoogletest+_Slibgtest.so
=========         Host Frame: testing::TestInfo::Run() [0xf7604] in libexternal_Sgoogletest+_Slibgtest.so
=========         Host Frame: testing::TestSuite::Run() [0xfaaf6] in libexternal_Sgoogletest+_Slibgtest.so
=========         Host Frame: testing::internal::UnitTestImpl::RunAllTests() [0x1014bb] in libexternal_Sgoogletest+_Slibgtest.so
=========         Host Frame: bool testing::internal::HandleExceptionsInMethodIfSupported<testing::internal::UnitTestImpl, bool>(testing::internal::UnitTestImpl*, bool (testing::internal::UnitTestImpl::*)(), char const*) [0xf788e] in libexternal_Sgoogletest+_Slibgtest.so
=========         Host Frame: testing::UnitTest::Run() [0xf7a8d] in libexternal_Sgoogletest+_Slibgtest.so
=========         Host Frame: main [0x76f920] in emi03_resident_test
=========     
=========     Saved host backtrace up to driver entry point at cudaFreeAsync time
=========         Host Frame: cudaFreeAsync [0x6940fcf] in emi03_resident_test
=========         Host Frame: ohmnivore::(anonymous namespace)::Free(ohmnivore::(anonymous namespace)::JobState&, void*, unsigned long, bool) [0x7a0a4a] in emi03_resident_test
=========         Host Frame: ohmnivore::emi03_cuda_internal::FreeDevice(void*, unsigned long) [0x7a0df2] in emi03_resident_test
=========         Host Frame: ohmnivore::RunEmi03ResidentTransient(ohmnivore::MnaSystem const&, ohmnivore::TranAnalysis const&, ohmnivore::TransientExecutionLimits const&) [0x7b5800] in emi03_resident_test
=========         Host Frame: ohmnivore::(anonymous namespace)::Emi03Resident_DynamicGpuPivotsDoNotHideBehindZeroResponse_Test::TestBody() [0x78f59f] in emi03_resident_test
=========         Host Frame: void testing::internal::HandleExceptionsInMethodIfSupported<testing::Test, void>(testing::Test*, void (testing::Test::*)(), char const*) [0xf7016] in libexternal_Sgoogletest+_Slibgtest.so
=========         Host Frame: testing::Test::Run() [0xf7275] in libexternal_Sgoogletest+_Slibgtest.so
=========         Host Frame: testing::TestInfo::Run() [0xf7604] in libexternal_Sgoogletest+_Slibgtest.so
=========         Host Frame: testing::TestSuite::Run() [0xfaaf6] in libexternal_Sgoogletest+_Slibgtest.so
=========         Host Frame: testing::internal::UnitTestImpl::RunAllTests() [0x1014bb] in libexternal_Sgoogletest+_Slibgtest.so
=========         Host Frame: bool testing::internal::HandleExceptionsInMethodIfSupported<testing::internal::UnitTestImpl, bool>(testing::internal::UnitTestImpl*, bool (testing::internal::UnitTestImpl::*)(), char const*) [0xf788e] in libexternal_Sgoogletest+_Slibgtest.so
=========         Host Frame: testing::UnitTest::Run() [0xf7a8d] in libexternal_Sgoogletest+_Slibgtest.so
=========         Host Frame: main [0x76f920] in emi03_resident_test
========= 
========= Use-after-free on allocation of size 16 bytes at 0x1ff400c800
=========     Address 0x1ff400c800 is potentially accessed after it is free'd
=========     
=========     Saved host backtrace up to driver entry point at kernel launch time
=========         Host Frame: ohmnivore::RunEmi03ResidentTransient(ohmnivore::MnaSystem const&, ohmnivore::TranAnalysis const&, ohmnivore::TransientExecutionLimits const&) [0x7b5c8f] in emi03_resident_test
=========         Host Frame: ohmnivore::(anonymous namespace)::Emi03Resident_DynamicGpuPivotsDoNotHideBehindZeroResponse_Test::TestBody() [0x78f59f] in emi03_resident_test
=========         Host Frame: void testing::internal::HandleExceptionsInMethodIfSupported<testing::Test, void>(testing::Test*, void (testing::Test::*)(), char const*) [0xf7016] in libexternal_Sgoogletest+_Slibgtest.so
=========         Host Frame: testing::Test::Run() [0xf7275] in libexternal_Sgoogletest+_Slibgtest.so
=========         Host Frame: testing::TestInfo::Run() [0xf7604] in libexternal_Sgoogletest+_Slibgtest.so
=========         Host Frame: testing::TestSuite::Run() [0xfaaf6] in libexternal_Sgoogletest+_Slibgtest.so
=========         Host Frame: testing::internal::UnitTestImpl::RunAllTests() [0x1014bb] in libexternal_Sgoogletest+_Slibgtest.so
=========         Host Frame: bool testing::internal::HandleExceptionsInMethodIfSupported<testing::internal::UnitTestImpl, bool>(testing::internal::UnitTestImpl*, bool (testing::internal::UnitTestImpl::*)(), char const*) [0xf788e] in libexternal_Sgoogletest+_Slibgtest.so
=========         Host Frame: testing::UnitTest::Run() [0xf7a8d] in libexternal_Sgoogletest+_Slibgtest.so
=========         Host Frame: main [0x76f920] in emi03_resident_test
=========     
=========     Saved host backtrace up to driver entry point at cudaFreeAsync time
=========         Host Frame: cudaFreeAsync [0x6940fcf] in emi03_resident_test
=========         Host Frame: ohmnivore::(anonymous namespace)::Free(ohmnivore::(anonymous namespace)::JobState&, void*, unsigned long, bool) [0x7a0a4a] in emi03_resident_test
=========         Host Frame: ohmnivore::emi03_cuda_internal::FreeDevice(void*, unsigned long) [0x7a0df2] in emi03_resident_test
=========         Host Frame: ohmnivore::RunEmi03ResidentTransient(ohmnivore::MnaSystem const&, ohmnivore::TranAnalysis const&, ohmnivore::TransientExecutionLimits const&) [0x7b5800] in emi03_resident_test
=========         Host Frame: ohmnivore::(anonymous namespace)::Emi03Resident_DynamicGpuPivotsDoNotHideBehindZeroResponse_Test::TestBody() [0x78f59f] in emi03_resident_test
=========         Host Frame: void testing::internal::HandleExceptionsInMethodIfSupported<testing::Test, void>(testing::Test*, void (testing::Test::*)(), char const*) [0xf7016] in libexternal_Sgoogletest+_Slibgtest.so
=========         Host Frame: testing::Test::Run() [0xf7275] in libexternal_Sgoogletest+_Slibgtest.so
=========         Host Frame: testing::TestInfo::Run() [0xf7604] in libexternal_Sgoogletest+_Slibgtest.so
=========         Host Frame: testing::TestSuite::Run() [0xfaaf6] in libexternal_Sgoogletest+_Slibgtest.so
=========         Host Frame: testing::internal::UnitTestImpl::RunAllTests() [0x1014bb] in libexternal_Sgoogletest+_Slibgtest.so
=========         Host Frame: bool testing::internal::HandleExceptionsInMethodIfSupported<testing::internal::UnitTestImpl, bool>(testing::internal::UnitTestImpl*, bool (testing::internal::UnitTestImpl::*)(), char const*) [0xf788e] in libexternal_Sgoogletest+_Slibgtest.so
=========         Host Frame: testing::UnitTest::Run() [0xf7a8d] in libexternal_Sgoogletest+_Slibgtest.so
=========         Host Frame: main [0x76f920] in emi03_resident_test
========= 
========= Use-after-free on allocation of size 16 bytes at 0x1ff400ca00
=========     Address 0x1ff400ca00 is potentially accessed after it is free'd
=========     
=========     Saved host backtrace up to driver entry point at kernel launch time
=========         Host Frame: ohmnivore::RunEmi03ResidentTransient(ohmnivore::MnaSystem const&, ohmnivore::TranAnalysis const&, ohmnivore::TransientExecutionLimits const&) [0x7b5c8f] in emi03_resident_test
=========         Host Frame: ohmnivore::(anonymous namespace)::Emi03Resident_DynamicGpuPivotsDoNotHideBehindZeroResponse_Test::TestBody() [0x78f59f] in emi03_resident_test
=========         Host Frame: void testing::internal::HandleExceptionsInMethodIfSupported<testing::Test, void>(testing::Test*, void (testing::Test::*)(), char const*) [0xf7016] in libexternal_Sgoogletest+_Slibgtest.so
=========         Host Frame: testing::Test::Run() [0xf7275] in libexternal_Sgoogletest+_Slibgtest.so
=========         Host Frame: testing::TestInfo::Run() [0xf7604] in libexternal_Sgoogletest+_Slibgtest.so
=========         Host Frame: testing::TestSuite::Run() [0xfaaf6] in libexternal_Sgoogletest+_Slibgtest.so
=========         Host Frame: testing::internal::UnitTestImpl::RunAllTests() [0x1014bb] in libexternal_Sgoogletest+_Slibgtest.so
=========         Host Frame: bool testing::internal::HandleExceptionsInMethodIfSupported<testing::internal::UnitTestImpl, bool>(testing::internal::UnitTestImpl*, bool (testing::internal::UnitTestImpl::*)(), char const*) [0xf788e] in libexternal_Sgoogletest+_Slibgtest.so
=========         Host Frame: testing::UnitTest::Run() [0xf7a8d] in libexternal_Sgoogletest+_Slibgtest.so
=========         Host Frame: main [0x76f920] in emi03_resident_test
=========     
=========     Saved host backtrace up to driver entry point at cudaFreeAsync time
=========         Host Frame: cudaFreeAsync [0x6940fcf] in emi03_resident_test
=========         Host Frame: ohmnivore::(anonymous namespace)::Free(ohmnivore::(anonymous namespace)::JobState&, void*, unsigned long, bool) [0x7a0a4a] in emi03_resident_test
=========         Host Frame: ohmnivore::emi03_cuda_internal::FreeDevice(void*, unsigned long) [0x7a0df2] in emi03_resident_test
=========         Host Frame: ohmnivore::RunEmi03ResidentTransient(ohmnivore::MnaSystem const&, ohmnivore::TranAnalysis const&, ohmnivore::TransientExecutionLimits const&) [0x7b5800] in emi03_resident_test
=========         Host Frame: ohmnivore::(anonymous namespace)::Emi03Resident_DynamicGpuPivotsDoNotHideBehindZeroResponse_Test::TestBody() [0x78f59f] in emi03_resident_test
=========         Host Frame: void testing::internal::HandleExceptionsInMethodIfSupported<testing::Test, void>(testing::Test*, void (testing::Test::*)(), char const*) [0xf7016] in libexternal_Sgoogletest+_Slibgtest.so
=========         Host Frame: testing::Test::Run() [0xf7275] in libexternal_Sgoogletest+_Slibgtest.so
=========         Host Frame: testing::TestInfo::Run() [0xf7604] in libexternal_Sgoogletest+_Slibgtest.so
=========         Host Frame: testing::TestSuite::Run() [0xfaaf6] in libexternal_Sgoogletest+_Slibgtest.so
=========         Host Frame: testing::internal::UnitTestImpl::RunAllTests() [0x1014bb] in libexternal_Sgoogletest+_Slibgtest.so
=========         Host Frame: bool testing::internal::HandleExceptionsInMethodIfSupported<testing::internal::UnitTestImpl, bool>(testing::internal::UnitTestImpl*, bool (testing::internal::UnitTestImpl::*)(), char const*) [0xf788e] in libexternal_Sgoogletest+_Slibgtest.so
=========         Host Frame: testing::UnitTest::Run() [0xf7a8d] in libexternal_Sgoogletest+_Slibgtest.so
=========         Host Frame: main [0x76f920] in emi03_resident_test
========= 
========= Use-after-free on allocation of size 20 bytes at 0x1ff400cc00
=========     Address 0x1ff400cc00 is potentially accessed after it is free'd
=========     
=========     Saved host backtrace up to driver entry point at kernel launch time
=========         Host Frame: ohmnivore::RunEmi03ResidentTransient(ohmnivore::MnaSystem const&, ohmnivore::TranAnalysis const&, ohmnivore::TransientExecutionLimits const&) [0x7b5c8f] in emi03_resident_test
=========         Host Frame: ohmnivore::(anonymous namespace)::Emi03Resident_DynamicGpuPivotsDoNotHideBehindZeroResponse_Test::TestBody() [0x78f59f] in emi03_resident_test
=========         Host Frame: void testing::internal::HandleExceptionsInMethodIfSupported<testing::Test, void>(testing::Test*, void (testing::Test::*)(), char const*) [0xf7016] in libexternal_Sgoogletest+_Slibgtest.so
=========         Host Frame: testing::Test::Run() [0xf7275] in libexternal_Sgoogletest+_Slibgtest.so
=========         Host Frame: testing::TestInfo::Run() [0xf7604] in libexternal_Sgoogletest+_Slibgtest.so
=========         Host Frame: testing::TestSuite::Run() [0xfaaf6] in libexternal_Sgoogletest+_Slibgtest.so
=========         Host Frame: testing::internal::UnitTestImpl::RunAllTests() [0x1014bb] in libexternal_Sgoogletest+_Slibgtest.so
=========         Host Frame: bool testing::internal::HandleExceptionsInMethodIfSupported<testing::internal::UnitTestImpl, bool>(testing::internal::UnitTestImpl*, bool (testing::internal::UnitTestImpl::*)(), char const*) [0xf788e] in libexternal_Sgoogletest+_Slibgtest.so
=========         Host Frame: testing::UnitTest::Run() [0xf7a8d] in libexternal_Sgoogletest+_Slibgtest.so
=========         Host Frame: main [0x76f920] in emi03_resident_test
=========     
=========     Saved host backtrace up to driver entry point at cudaFreeAsync time
=========         Host Frame: cudaFreeAsync [0x6940fcf] in emi03_resident_test
=========         Host Frame: ohmnivore::(anonymous namespace)::Free(ohmnivore::(anonymous namespace)::JobState&, void*, unsigned long, bool) [0x7a0a4a] in emi03_resident_test
=========         Host Frame: ohmnivore::emi03_cuda_internal::FreeDevice(void*, unsigned long) [0x7a0df2] in emi03_resident_test
=========         Host Frame: ohmnivore::RunEmi03ResidentTransient(ohmnivore::MnaSystem const&, ohmnivore::TranAnalysis const&, ohmnivore::TransientExecutionLimits const&) [0x7b5800] in emi03_resident_test
=========         Host Frame: ohmnivore::(anonymous namespace)::Emi03Resident_DynamicGpuPivotsDoNotHideBehindZeroResponse_Test::TestBody() [0x78f59f] in emi03_resident_test
=========         Host Frame: void testing::internal::HandleExceptionsInMethodIfSupported<testing::Test, void>(testing::Test*, void (testing::Test::*)(), char const*) [0xf7016] in libexternal_Sgoogletest+_Slibgtest.so
=========         Host Frame: testing::Test::Run() [0xf7275] in libexternal_Sgoogletest+_Slibgtest.so
=========         Host Frame: testing::TestInfo::Run() [0xf7604] in libexternal_Sgoogletest+_Slibgtest.so
=========         Host Frame: testing::TestSuite::Run() [0xfaaf6] in libexternal_Sgoogletest+_Slibgtest.so
=========         Host Frame: testing::internal::UnitTestImpl::RunAllTests() [0x1014bb] in libexternal_Sgoogletest+_Slibgtest.so
=========         Host Frame: bool testing::internal::HandleExceptionsInMethodIfSupported<testing::internal::UnitTestImpl, bool>(testing::internal::UnitTestImpl*, bool (testing::internal::UnitTestImpl::*)(), char const*) [0xf788e] in libexternal_Sgoogletest+_Slibgtest.so
=========         Host Frame: testing::UnitTest::Run() [0xf7a8d] in libexternal_Sgoogletest+_Slibgtest.so
=========         Host Frame: main [0x76f920] in emi03_resident_test
========= 
========= Use-after-free on allocation of size 36 bytes at 0x1ff400ce00
=========     Address 0x1ff400ce00 is potentially accessed after it is free'd
=========     
=========     Saved host backtrace up to driver entry point at kernel launch time
=========         Host Frame: ohmnivore::RunEmi03ResidentTransient(ohmnivore::MnaSystem const&, ohmnivore::TranAnalysis const&, ohmnivore::TransientExecutionLimits const&) [0x7b5c8f] in emi03_resident_test
=========         Host Frame: ohmnivore::(anonymous namespace)::Emi03Resident_DynamicGpuPivotsDoNotHideBehindZeroResponse_Test::TestBody() [0x78f59f] in emi03_resident_test
=========         Host Frame: void testing::internal::HandleExceptionsInMethodIfSupported<testing::Test, void>(testing::Test*, void (testing::Test::*)(), char const*) [0xf7016] in libexternal_Sgoogletest+_Slibgtest.so
=========         Host Frame: testing::Test::Run() [0xf7275] in libexternal_Sgoogletest+_Slibgtest.so
=========         Host Frame: testing::TestInfo::Run() [0xf7604] in libexternal_Sgoogletest+_Slibgtest.so
=========         Host Frame: testing::TestSuite::Run() [0xfaaf6] in libexternal_Sgoogletest+_Slibgtest.so
=========         Host Frame: testing::internal::UnitTestImpl::RunAllTests() [0x1014bb] in libexternal_Sgoogletest+_Slibgtest.so
=========         Host Frame: bool testing::internal::HandleExceptionsInMethodIfSupported<testing::internal::UnitTestImpl, bool>(testing::internal::UnitTestImpl*, bool (testing::internal::UnitTestImpl::*)(), char const*) [0xf788e] in libexternal_Sgoogletest+_Slibgtest.so
=========         Host Frame: testing::UnitTest::Run() [0xf7a8d] in libexternal_Sgoogletest+_Slibgtest.so
=========         Host Frame: main [0x76f920] in emi03_resident_test
=========     
=========     Saved host backtrace up to driver entry point at cudaFreeAsync time
=========         Host Frame: cudaFreeAsync [0x6940fcf] in emi03_resident_test
=========         Host Frame: ohmnivore::(anonymous namespace)::Free(ohmnivore::(anonymous namespace)::JobState&, void*, unsigned long, bool) [0x7a0a4a] in emi03_resident_test
=========         Host Frame: ohmnivore::emi03_cuda_internal::FreeDevice(void*, unsigned long) [0x7a0df2] in emi03_resident_test
=========         Host Frame: ohmnivore::RunEmi03ResidentTransient(ohmnivore::MnaSystem const&, ohmnivore::TranAnalysis const&, ohmnivore::TransientExecutionLimits const&) [0x7b5800] in emi03_resident_test
=========         Host Frame: ohmnivore::(anonymous namespace)::Emi03Resident_DynamicGpuPivotsDoNotHideBehindZeroResponse_Test::TestBody() [0x78f59f] in emi03_resident_test
=========         Host Frame: void testing::internal::HandleExceptionsInMethodIfSupported<testing::Test, void>(testing::Test*, void (testing::Test::*)(), char const*) [0xf7016] in libexternal_Sgoogletest+_Slibgtest.so
=========         Host Frame: testing::Test::Run() [0xf7275] in libexternal_Sgoogletest+_Slibgtest.so
=========         Host Frame: testing::TestInfo::Run() [0xf7604] in libexternal_Sgoogletest+_Slibgtest.so
=========         Host Frame: testing::TestSuite::Run() [0xfaaf6] in libexternal_Sgoogletest+_Slibgtest.so
=========         Host Frame: testing::internal::UnitTestImpl::RunAllTests() [0x1014bb] in libexternal_Sgoogletest+_Slibgtest.so
=========         Host Frame: bool testing::internal::HandleExceptionsInMethodIfSupported<testing::internal::UnitTestImpl, bool>(testing::internal::UnitTestImpl*, bool (testing::internal::UnitTestImpl::*)(), char const*) [0xf788e] in libexternal_Sgoogletest+_Slibgtest.so
=========         Host Frame: testing::UnitTest::Run() [0xf7a8d] in libexternal_Sgoogletest+_Slibgtest.so
=========         Host Frame: main [0x76f920] in emi03_resident_test
========= 
========= Use-after-free on allocation of size 16 bytes at 0x1ff400d000
=========     Address 0x1ff400d000 is potentially accessed after it is free'd
=========     
=========     Saved host backtrace up to driver entry point at kernel launch time
=========         Host Frame: ohmnivore::RunEmi03ResidentTransient(ohmnivore::MnaSystem const&, ohmnivore::TranAnalysis const&, ohmnivore::TransientExecutionLimits const&) [0x7b5c8f] in emi03_resident_test
=========         Host Frame: ohmnivore::(anonymous namespace)::Emi03Resident_DynamicGpuPivotsDoNotHideBehindZeroResponse_Test::TestBody() [0x78f59f] in emi03_resident_test
=========         Host Frame: void testing::internal::HandleExceptionsInMethodIfSupported<testing::Test, void>(testing::Test*, void (testing::Test::*)(), char const*) [0xf7016] in libexternal_Sgoogletest+_Slibgtest.so
=========         Host Frame: testing::Test::Run() [0xf7275] in libexternal_Sgoogletest+_Slibgtest.so
=========         Host Frame: testing::TestInfo::Run() [0xf7604] in libexternal_Sgoogletest+_Slibgtest.so
=========         Host Frame: testing::TestSuite::Run() [0xfaaf6] in libexternal_Sgoogletest+_Slibgtest.so
=========         Host Frame: testing::internal::UnitTestImpl::RunAllTests() [0x1014bb] in libexternal_Sgoogletest+_Slibgtest.so
=========         Host Frame: bool testing::internal::HandleExceptionsInMethodIfSupported<testing::internal::UnitTestImpl, bool>(testing::internal::UnitTestImpl*, bool (testing::internal::UnitTestImpl::*)(), char const*) [0xf788e] in libexternal_Sgoogletest+_Slibgtest.so
=========         Host Frame: testing::UnitTest::Run() [0xf7a8d] in libexternal_Sgoogletest+_Slibgtest.so
=========         Host Frame: main [0x76f920] in emi03_resident_test
=========     
=========     Saved host backtrace up to driver entry point at cudaFreeAsync time
=========         Host Frame: cudaFreeAsync [0x6940fcf] in emi03_resident_test
=========         Host Frame: ohmnivore::(anonymous namespace)::Free(ohmnivore::(anonymous namespace)::JobState&, void*, unsigned long, bool) [0x7a0a4a] in emi03_resident_test
=========         Host Frame: ohmnivore::emi03_cuda_internal::FreeDevice(void*, unsigned long) [0x7a0df2] in emi03_resident_test
=========         Host Frame: ohmnivore::RunEmi03ResidentTransient(ohmnivore::MnaSystem const&, ohmnivore::TranAnalysis const&, ohmnivore::TransientExecutionLimits const&) [0x7b5800] in emi03_resident_test
=========         Host Frame: ohmnivore::(anonymous namespace)::Emi03Resident_DynamicGpuPivotsDoNotHideBehindZeroResponse_Test::TestBody() [0x78f59f] in emi03_resident_test
=========         Host Frame: void testing::internal::HandleExceptionsInMethodIfSupported<testing::Test, void>(testing::Test*, void (testing::Test::*)(), char const*) [0xf7016] in libexternal_Sgoogletest+_Slibgtest.so
=========         Host Frame: testing::Test::Run() [0xf7275] in libexternal_Sgoogletest+_Slibgtest.so
=========         Host Frame: testing::TestInfo::Run() [0xf7604] in libexternal_Sgoogletest+_Slibgtest.so
=========         Host Frame: testing::TestSuite::Run() [0xfaaf6] in libexternal_Sgoogletest+_Slibgtest.so
=========         Host Frame: testing::internal::UnitTestImpl::RunAllTests() [0x1014bb] in libexternal_Sgoogletest+_Slibgtest.so
=========         Host Frame: bool testing::internal::HandleExceptionsInMethodIfSupported<testing::internal::UnitTestImpl, bool>(testing::internal::UnitTestImpl*, bool (testing::internal::UnitTestImpl::*)(), char const*) [0xf788e] in libexternal_Sgoogletest+_Slibgtest.so
=========         Host Frame: testing::UnitTest::Run() [0xf7a8d] in libexternal_Sgoogletest+_Slibgtest.so
=========         Host Frame: main [0x76f920] in emi03_resident_test
========= 
========= Use-after-free on allocation of size 36 bytes at 0x1ff400d200
=========     Address 0x1ff400d200 is potentially accessed after it is free'd
=========     
=========     Saved host backtrace up to driver entry point at kernel launch time
=========         Host Frame: ohmnivore::RunEmi03ResidentTransient(ohmnivore::MnaSystem const&, ohmnivore::TranAnalysis const&, ohmnivore::TransientExecutionLimits const&) [0x7b5c8f] in emi03_resident_test
=========         Host Frame: ohmnivore::(anonymous namespace)::Emi03Resident_DynamicGpuPivotsDoNotHideBehindZeroResponse_Test::TestBody() [0x78f59f] in emi03_resident_test
=========         Host Frame: void testing::internal::HandleExceptionsInMethodIfSupported<testing::Test, void>(testing::Test*, void (testing::Test::*)(), char const*) [0xf7016] in libexternal_Sgoogletest+_Slibgtest.so
=========         Host Frame: testing::Test::Run() [0xf7275] in libexternal_Sgoogletest+_Slibgtest.so
=========         Host Frame: testing::TestInfo::Run() [0xf7604] in libexternal_Sgoogletest+_Slibgtest.so
=========         Host Frame: testing::TestSuite::Run() [0xfaaf6] in libexternal_Sgoogletest+_Slibgtest.so
=========         Host Frame: testing::internal::UnitTestImpl::RunAllTests() [0x1014bb] in libexternal_Sgoogletest+_Slibgtest.so
=========         Host Frame: bool testing::internal::HandleExceptionsInMethodIfSupported<testing::internal::UnitTestImpl, bool>(testing::internal::UnitTestImpl*, bool (testing::internal::UnitTestImpl::*)(), char const*) [0xf788e] in libexternal_Sgoogletest+_Slibgtest.so
=========         Host Frame: testing::UnitTest::Run() [0xf7a8d] in libexternal_Sgoogletest+_Slibgtest.so
=========         Host Frame: main [0x76f920] in emi03_resident_test
=========     
=========     Saved host backtrace up to driver entry point at cudaFreeAsync time
=========         Host Frame: cudaFreeAsync [0x6940fcf] in emi03_resident_test
=========         Host Frame: ohmnivore::(anonymous namespace)::Free(ohmnivore::(anonymous namespace)::JobState&, void*, unsigned long, bool) [0x7a0a4a] in emi03_resident_test
=========         Host Frame: ohmnivore::emi03_cuda_internal::FreeDevice(void*, unsigned long) [0x7a0df2] in emi03_resident_test
=========         Host Frame: ohmnivore::RunEmi03ResidentTransient(ohmnivore::MnaSystem const&, ohmnivore::TranAnalysis const&, ohmnivore::TransientExecutionLimits const&) [0x7b5800] in emi03_resident_test
=========         Host Frame: ohmnivore::(anonymous namespace)::Emi03Resident_DynamicGpuPivotsDoNotHideBehindZeroResponse_Test::TestBody() [0x78f59f] in emi03_resident_test
=========         Host Frame: void testing::internal::HandleExceptionsInMethodIfSupported<testing::Test, void>(testing::Test*, void (testing::Test::*)(), char const*) [0xf7016] in libexternal_Sgoogletest+_Slibgtest.so
=========         Host Frame: testing::Test::Run() [0xf7275] in libexternal_Sgoogletest+_Slibgtest.so
=========         Host Frame: testing::TestInfo::Run() [0xf7604] in libexternal_Sgoogletest+_Slibgtest.so
=========         Host Frame: testing::TestSuite::Run() [0xfaaf6] in libexternal_Sgoogletest+_Slibgtest.so
=========         Host Frame: testing::internal::UnitTestImpl::RunAllTests() [0x1014bb] in libexternal_Sgoogletest+_Slibgtest.so
=========         Host Frame: bool testing::internal::HandleExceptionsInMethodIfSupported<testing::internal::UnitTestImpl, bool>(testing::internal::UnitTestImpl*, bool (testing::internal::UnitTestImpl::*)(), char const*) [0xf788e] in libexternal_Sgoogletest+_Slibgtest.so
=========         Host Frame: testing::UnitTest::Run() [0xf7a8d] in libexternal_Sgoogletest+_Slibgtest.so
=========         Host Frame: main [0x76f920] in emi03_resident_test
========= 
========= Use-after-free on allocation of size 16 bytes at 0x1ff400d400
=========     Address 0x1ff400d400 is potentially accessed after it is free'd
=========     
=========     Saved host backtrace up to driver entry point at kernel launch time
=========         Host Frame: ohmnivore::RunEmi03ResidentTransient(ohmnivore::MnaSystem const&, ohmnivore::TranAnalysis const&, ohmnivore::TransientExecutionLimits const&) [0x7b5c8f] in emi03_resident_test
=========         Host Frame: ohmnivore::(anonymous namespace)::Emi03Resident_DynamicGpuPivotsDoNotHideBehindZeroResponse_Test::TestBody() [0x78f59f] in emi03_resident_test
=========         Host Frame: void testing::internal::HandleExceptionsInMethodIfSupported<testing::Test, void>(testing::Test*, void (testing::Test::*)(), char const*) [0xf7016] in libexternal_Sgoogletest+_Slibgtest.so
=========         Host Frame: testing::Test::Run() [0xf7275] in libexternal_Sgoogletest+_Slibgtest.so
=========         Host Frame: testing::TestInfo::Run() [0xf7604] in libexternal_Sgoogletest+_Slibgtest.so
=========         Host Frame: testing::TestSuite::Run() [0xfaaf6] in libexternal_Sgoogletest+_Slibgtest.so
=========         Host Frame: testing::internal::UnitTestImpl::RunAllTests() [0x1014bb] in libexternal_Sgoogletest+_Slibgtest.so
=========         Host Frame: bool testing::internal::HandleExceptionsInMethodIfSupported<testing::internal::UnitTestImpl, bool>(testing::internal::UnitTestImpl*, bool (testing::internal::UnitTestImpl::*)(), char const*) [0xf788e] in libexternal_Sgoogletest+_Slibgtest.so
=========         Host Frame: testing::UnitTest::Run() [0xf7a8d] in libexternal_Sgoogletest+_Slibgtest.so
=========         Host Frame: main [0x76f920] in emi03_resident_test
=========     
=========     Saved host backtrace up to driver entry point at cudaFreeAsync time
=========         Host Frame: cudaFreeAsync [0x6940fcf] in emi03_resident_test
=========         Host Frame: ohmnivore::(anonymous namespace)::Free(ohmnivore::(anonymous namespace)::JobState&, void*, unsigned long, bool) [0x7a0a4a] in emi03_resident_test
=========         Host Frame: ohmnivore::emi03_cuda_internal::FreeDevice(void*, unsigned long) [0x7a0df2] in emi03_resident_test
=========         Host Frame: ohmnivore::RunEmi03ResidentTransient(ohmnivore::MnaSystem const&, ohmnivore::TranAnalysis const&, ohmnivore::TransientExecutionLimits const&) [0x7b5800] in emi03_resident_test
=========         Host Frame: ohmnivore::(anonymous namespace)::Emi03Resident_DynamicGpuPivotsDoNotHideBehindZeroResponse_Test::TestBody() [0x78f59f] in emi03_resident_test
=========         Host Frame: void testing::internal::HandleExceptionsInMethodIfSupported<testing::Test, void>(testing::Test*, void (testing::Test::*)(), char const*) [0xf7016] in libexternal_Sgoogletest+_Slibgtest.so
=========         Host Frame: testing::Test::Run() [0xf7275] in libexternal_Sgoogletest+_Slibgtest.so
=========         Host Frame: testing::TestInfo::Run() [0xf7604] in libexternal_Sgoogletest+_Slibgtest.so
=========         Host Frame: testing::TestSuite::Run() [0xfaaf6] in libexternal_Sgoogletest+_Slibgtest.so
=========         Host Frame: testing::internal::UnitTestImpl::RunAllTests() [0x1014bb] in libexternal_Sgoogletest+_Slibgtest.so
=========         Host Frame: bool testing::internal::HandleExceptionsInMethodIfSupported<testing::internal::UnitTestImpl, bool>(testing::internal::UnitTestImpl*, bool (testing::internal::UnitTestImpl::*)(), char const*) [0xf788e] in libexternal_Sgoogletest+_Slibgtest.so
=========         Host Frame: testing::UnitTest::Run() [0xf7a8d] in libexternal_Sgoogletest+_Slibgtest.so
=========         Host Frame: main [0x76f920] in emi03_resident_test
========= 
========= Use-after-free on allocation of size 16 bytes at 0x1ff400d600
=========     Address 0x1ff400d600 is potentially accessed after it is free'd
=========     
=========     Saved host backtrace up to driver entry point at kernel launch time
=========         Host Frame: ohmnivore::RunEmi03ResidentTransient(ohmnivore::MnaSystem const&, ohmnivore::TranAnalysis const&, ohmnivore::TransientExecutionLimits const&) [0x7b5c8f] in emi03_resident_test
=========         Host Frame: ohmnivore::(anonymous namespace)::Emi03Resident_DynamicGpuPivotsDoNotHideBehindZeroResponse_Test::TestBody() [0x78f59f] in emi03_resident_test
=========         Host Frame: void testing::internal::HandleExceptionsInMethodIfSupported<testing::Test, void>(testing::Test*, void (testing::Test::*)(), char const*) [0xf7016] in libexternal_Sgoogletest+_Slibgtest.so
=========         Host Frame: testing::Test::Run() [0xf7275] in libexternal_Sgoogletest+_Slibgtest.so
=========         Host Frame: testing::TestInfo::Run() [0xf7604] in libexternal_Sgoogletest+_Slibgtest.so
=========         Host Frame: testing::TestSuite::Run() [0xfaaf6] in libexternal_Sgoogletest+_Slibgtest.so
=========         Host Frame: testing::internal::UnitTestImpl::RunAllTests() [0x1014bb] in libexternal_Sgoogletest+_Slibgtest.so
=========         Host Frame: bool testing::internal::HandleExceptionsInMethodIfSupported<testing::internal::UnitTestImpl, bool>(testing::internal::UnitTestImpl*, bool (testing::internal::UnitTestImpl::*)(), char const*) [0xf788e] in libexternal_Sgoogletest+_Slibgtest.so
=========         Host Frame: testing::UnitTest::Run() [0xf7a8d] in libexternal_Sgoogletest+_Slibgtest.so
=========         Host Frame: main [0x76f920] in emi03_resident_test
=========     
=========     Saved host backtrace up to driver entry point at cudaFreeAsync time
=========         Host Frame: cudaFreeAsync [0x6940fcf] in emi03_resident_test
=========         Host Frame: ohmnivore::(anonymous namespace)::Free(ohmnivore::(anonymous namespace)::JobState&, void*, unsigned long, bool) [0x7a0a4a] in emi03_resident_test
=========         Host Frame: ohmnivore::emi03_cuda_internal::FreeDevice(void*, unsigned long) [0x7a0df2] in emi03_resident_test
=========         Host Frame: ohmnivore::RunEmi03ResidentTransient(ohmnivore::MnaSystem const&, ohmnivore::TranAnalysis const&, ohmnivore::TransientExecutionLimits const&) [0x7b5800] in emi03_resident_test
=========         Host Frame: ohmnivore::(anonymous namespace)::Emi03Resident_DynamicGpuPivotsDoNotHideBehindZeroResponse_Test::TestBody() [0x78f59f] in emi03_resident_test
=========         Host Frame: void testing::internal::HandleExceptionsInMethodIfSupported<testing::Test, void>(testing::Test*, void (testing::Test::*)(), char const*) [0xf7016] in libexternal_Sgoogletest+_Slibgtest.so
=========         Host Frame: testing::Test::Run() [0xf7275] in libexternal_Sgoogletest+_Slibgtest.so
=========         Host Frame: testing::TestInfo::Run() [0xf7604] in libexternal_Sgoogletest+_Slibgtest.so
=========         Host Frame: testing::TestSuite::Run() [0xfaaf6] in libexternal_Sgoogletest+_Slibgtest.so
=========         Host Frame: testing::internal::UnitTestImpl::RunAllTests() [0x1014bb] in libexternal_Sgoogletest+_Slibgtest.so
=========         Host Frame: bool testing::internal::HandleExceptionsInMethodIfSupported<testing::internal::UnitTestImpl, bool>(testing::internal::UnitTestImpl*, bool (testing::internal::UnitTestImpl::*)(), char const*) [0xf788e] in libexternal_Sgoogletest+_Slibgtest.so
=========         Host Frame: testing::UnitTest::Run() [0xf7a8d] in libexternal_Sgoogletest+_Slibgtest.so
=========         Host Frame: main [0x76f920] in emi03_resident_test
========= 
[       OK ] Emi03Resident.DynamicGpuPivotsDoNotHideBehindZeroResponse (127 ms)
[ RUN      ] Emi03Resident.ConcurrentJobsKeepStateAndFailureOwnershipPrivate
========= Use-after-free on allocation of size 20 bytes at 0x1ff4023e00
=========     Address 0x1ff4023e00 is potentially accessed after it is free'd
=========     
=========     Saved host backtrace up to driver entry point at kernel launch time
=========         Host Frame: ohmnivore::RunEmi03ResidentTransient(ohmnivore::MnaSystem const&, ohmnivore::TranAnalysis const&, ohmnivore::TransientExecutionLimits const&) [0x7b5c8f] in emi03_resident_test
=========         Host Frame: ohmnivore::(anonymous namespace)::Emi03Resident_ConcurrentJobsKeepStateAndFailureOwnershipPrivate_Test::TestBody()::{lambda()#1}::operator()() const [0x796f26] in emi03_resident_test
=========         Host Frame: std::_Function_handler<std::unique_ptr<std::__future_base::_Result_base, std::__future_base::_Result_base::_Deleter> (), std::__future_base::_Task_setter<std::unique_ptr<std::__future_base::_Result<void>, std::__future_base::_Result_base::_Deleter>, std::thread::_Invoker<std::tuple<ohmnivore::(anonymous namespace)::Emi03Resident_ConcurrentJobsKeepStateAndFailureOwnershipPrivate_Test::TestBody()::{lambda()#1}> >, void> >::_M_invoke(std::_Any_data const&) [0x797eeb] in emi03_resident_test
=========         Host Frame: std::__future_base::_State_baseV2::_M_do_set(std::function<std::unique_ptr<std::__future_base::_Result_base, std::__future_base::_Result_base::_Deleter> ()>*, bool*) [0x7833de] in emi03_resident_test
=========         Host Frame: __pthread_once_slow in pthread_once.c:116 [0xa9513] in libc.so.6
=========         Host Frame: pthread_once in pthread_once.c:143 [0xa9588] in libc.so.6
=========         Host Frame: std::__future_base::_Async_state_impl<std::thread::_Invoker<std::tuple<ohmnivore::(anonymous namespace)::Emi03Resident_ConcurrentJobsKeepStateAndFailureOwnershipPrivate_Test::TestBody()::{lambda()#1}> >, void>::_M_run() [0x784f11] in emi03_resident_test
=========         Host Frame: execute_native_thread_routine in thread.cc:104 [0x694eef3] in emi03_resident_test
=========         Host Frame: start_thread in pthread_create.c:454 [0xa3df9] in libc.so.6
=========         Host Frame: __clone3 in clone3.S:78 [0x1375cb] in libc.so.6
=========     
=========     Saved host backtrace up to driver entry point at cudaFreeAsync time
=========         Host Frame: cudaFreeAsync [0x6940fcf] in emi03_resident_test
=========         Host Frame: ohmnivore::(anonymous namespace)::Free(ohmnivore::(anonymous namespace)::JobState&, void*, unsigned long, bool) [0x7a0a4a] in emi03_resident_test
=========         Host Frame: ohmnivore::emi03_cuda_internal::FreeDevice(void*, unsigned long) [0x7a0df2] in emi03_resident_test
=========         Host Frame: ohmnivore::RunEmi03ResidentTransient(ohmnivore::MnaSystem const&, ohmnivore::TranAnalysis const&, ohmnivore::TransientExecutionLimits const&) [0x7b5800] in emi03_resident_test
=========         Host Frame: ohmnivore::(anonymous namespace)::Emi03Resident_ConcurrentJobsKeepStateAndFailureOwnershipPrivate_Test::TestBody()::{lambda()#1}::operator()() const [0x796f26] in emi03_resident_test
=========         Host Frame: std::_Function_handler<std::unique_ptr<std::__future_base::_Result_base, std::__future_base::_Result_base::_Deleter> (), std::__future_base::_Task_setter<std::unique_ptr<std::__future_base::_Result<void>, std::__future_base::_Result_base::_Deleter>, std::thread::_Invoker<std::tuple<ohmnivore::(anonymous namespace)::Emi03Resident_ConcurrentJobsKeepStateAndFailureOwnershipPrivate_Test::TestBody()::{lambda()#1}> >, void> >::_M_invoke(std::_Any_data const&) [0x797eeb] in emi03_resident_test
=========         Host Frame: std::__future_base::_State_baseV2::_M_do_set(std::function<std::unique_ptr<std::__future_base::_Result_base, std::__future_base::_Result_base::_Deleter> ()>*, bool*) [0x7833de] in emi03_resident_test
=========         Host Frame: __pthread_once_slow in pthread_once.c:116 [0xa9513] in libc.so.6
=========         Host Frame: pthread_once in pthread_once.c:143 [0xa9588] in libc.so.6
=========         Host Frame: std::__future_base::_Async_state_impl<std::thread::_Invoker<std::tuple<ohmnivore::(anonymous namespace)::Emi03Resident_ConcurrentJobsKeepStateAndFailureOwnershipPrivate_Test::TestBody()::{lambda()#1}> >, void>::_M_run() [0x784f11] in emi03_resident_test
=========         Host Frame: execute_native_thread_routine in thread.cc:104 [0x694eef3] in emi03_resident_test
=========         Host Frame: start_thread in pthread_create.c:454 [0xa3df9] in libc.so.6
=========         Host Frame: __clone3 in clone3.S:78 [0x1375cb] in libc.so.6
========= 
========= Use-after-free on allocation of size 20 bytes at 0x1ff4023e00
=========     Address 0x1ff4023e00 is potentially accessed after it is free'd
=========     
=========     Saved host backtrace up to driver entry point at kernel launch time
=========         Host Frame: ohmnivore::RunEmi03ResidentTransient(ohmnivore::MnaSystem const&, ohmnivore::TranAnalysis const&, ohmnivore::TransientExecutionLimits const&) [0x7b5c8f] in emi03_resident_test
=========         Host Frame: ohmnivore::(anonymous namespace)::Emi03Resident_ConcurrentJobsKeepStateAndFailureOwnershipPrivate_Test::TestBody()::{lambda()#1}::operator()() const [0x796f26] in emi03_resident_test
=========         Host Frame: std::_Function_handler<std::unique_ptr<std::__future_base::_Result_base, std::__future_base::_Result_base::_Deleter> (), std::__future_base::_Task_setter<std::unique_ptr<std::__future_base::_Result<void>, std::__future_base::_Result_base::_Deleter>, std::thread::_Invoker<std::tuple<ohmnivore::(anonymous namespace)::Emi03Resident_ConcurrentJobsKeepStateAndFailureOwnershipPrivate_Test::TestBody()::{lambda()#1}> >, void> >::_M_invoke(std::_Any_data const&) [0x797eeb] in emi03_resident_test
=========         Host Frame: std::__future_base::_State_baseV2::_M_do_set(std::function<std::unique_ptr<std::__future_base::_Result_base, std::__future_base::_Result_base::_Deleter> ()>*, bool*) [0x7833de] in emi03_resident_test
=========         Host Frame: __pthread_once_slow in pthread_once.c:116 [0xa9513] in libc.so.6
=========         Host Frame: pthread_once in pthread_once.c:143 [0xa9588] in libc.so.6
=========         Host Frame: std::__future_base::_Async_state_impl<std::thread::_Invoker<std::tuple<ohmnivore::(anonymous namespace)::Emi03Resident_ConcurrentJobsKeepStateAndFailureOwnershipPrivate_Test::TestBody()::{lambda()#1}> >, void>::_M_run() [0x784f11] in emi03_resident_test
=========         Host Frame: execute_native_thread_routine in thread.cc:104 [0x694eef3] in emi03_resident_test
=========         Host Frame: start_thread in pthread_create.c:454 [0xa3df9] in libc.so.6
=========         Host Frame: __clone3 in clone3.S:78 [0x1375cb] in libc.so.6
=========     
=========     Saved host backtrace up to driver entry point at cudaFreeAsync time
=========         Host Frame: cudaFreeAsync [0x6940fcf] in emi03_resident_test
=========         Host Frame: ohmnivore::(anonymous namespace)::Free(ohmnivore::(anonymous namespace)::JobState&, void*, unsigned long, bool) [0x7a0a4a] in emi03_resident_test
=========         Host Frame: ohmnivore::emi03_cuda_internal::FreeDevice(void*, unsigned long) [0x7a0df2] in emi03_resident_test
=========         Host Frame: ohmnivore::RunEmi03ResidentTransient(ohmnivore::MnaSystem const&, ohmnivore::TranAnalysis const&, ohmnivore::TransientExecutionLimits const&) [0x7b5800] in emi03_resident_test
=========         Host Frame: ohmnivore::(anonymous namespace)::Emi03Resident_ConcurrentJobsKeepStateAndFailureOwnershipPrivate_Test::TestBody()::{lambda()#1}::operator()() const [0x796f26] in emi03_resident_test
=========         Host Frame: std::_Function_handler<std::unique_ptr<std::__future_base::_Result_base, std::__future_base::_Result_base::_Deleter> (), std::__future_base::_Task_setter<std::unique_ptr<std::__future_base::_Result<void>, std::__future_base::_Result_base::_Deleter>, std::thread::_Invoker<std::tuple<ohmnivore::(anonymous namespace)::Emi03Resident_ConcurrentJobsKeepStateAndFailureOwnershipPrivate_Test::TestBody()::{lambda()#1}> >, void> >::_M_invoke(std::_Any_data const&) [0x797eeb] in emi03_resident_test
=========         Host Frame: std::__future_base::_State_baseV2::_M_do_set(std::function<std::unique_ptr<std::__future_base::_Result_base, std::__future_base::_Result_base::_Deleter> ()>*, bool*) [0x7833de] in emi03_resident_test
=========         Host Frame: __pthread_once_slow in pthread_once.c:116 [0xa9513] in libc.so.6
=========         Host Frame: pthread_once in pthread_once.c:143 [0xa9588] in libc.so.6
=========         Host Frame: std::__future_base::_Async_state_impl<std::thread::_Invoker<std::tuple<ohmnivore::(anonymous namespace)::Emi03Resident_ConcurrentJobsKeepStateAndFailureOwnershipPrivate_Test::TestBody()::{lambda()#1}> >, void>::_M_run() [0x784f11] in emi03_resident_test
=========         Host Frame: execute_native_thread_routine in thread.cc:104 [0x694eef3] in emi03_resident_test
=========         Host Frame: start_thread in pthread_create.c:454 [0xa3df9] in libc.so.6
=========         Host Frame: __clone3 in clone3.S:78 [0x1375cb] in libc.so.6
========= 
========= Use-after-free on allocation of size 20 bytes at 0x1ff4023c00
=========     Address 0x1ff4023c00 is potentially accessed after it is free'd
=========     
=========     Saved host backtrace up to driver entry point at kernel launch time
=========         Host Frame: ohmnivore::RunEmi03ResidentTransient(ohmnivore::MnaSystem const&, ohmnivore::TranAnalysis const&, ohmnivore::TransientExecutionLimits const&) [0x7b5c8f] in emi03_resident_test
=========         Host Frame: ohmnivore::(anonymous namespace)::Emi03Resident_ConcurrentJobsKeepStateAndFailureOwnershipPrivate_Test::TestBody()::{lambda()#1}::operator()() const [0x796f26] in emi03_resident_test
=========         Host Frame: std::_Function_handler<std::unique_ptr<std::__future_base::_Result_base, std::__future_base::_Result_base::_Deleter> (), std::__future_base::_Task_setter<std::unique_ptr<std::__future_base::_Result<void>, std::__future_base::_Result_base::_Deleter>, std::thread::_Invoker<std::tuple<ohmnivore::(anonymous namespace)::Emi03Resident_ConcurrentJobsKeepStateAndFailureOwnershipPrivate_Test::TestBody()::{lambda()#1}> >, void> >::_M_invoke(std::_Any_data const&) [0x797eeb] in emi03_resident_test
=========         Host Frame: std::__future_base::_State_baseV2::_M_do_set(std::function<std::unique_ptr<std::__future_base::_Result_base, std::__future_base::_Result_base::_Deleter> ()>*, bool*) [0x7833de] in emi03_resident_test
=========         Host Frame: __pthread_once_slow in pthread_once.c:116 [0xa9513] in libc.so.6
=========         Host Frame: pthread_once in pthread_once.c:143 [0xa9588] in libc.so.6
=========         Host Frame: std::__future_base::_Async_state_impl<std::thread::_Invoker<std::tuple<ohmnivore::(anonymous namespace)::Emi03Resident_ConcurrentJobsKeepStateAndFailureOwnershipPrivate_Test::TestBody()::{lambda()#1}> >, void>::_M_run() [0x784f11] in emi03_resident_test
=========         Host Frame: execute_native_thread_routine in thread.cc:104 [0x694eef3] in emi03_resident_test
=========         Host Frame: start_thread in pthread_create.c:454 [0xa3df9] in libc.so.6
=========         Host Frame: __clone3 in clone3.S:78 [0x1375cb] in libc.so.6
=========     
=========     Saved host backtrace up to driver entry point at cudaFreeAsync time
=========         Host Frame: cudaFreeAsync [0x6940fcf] in emi03_resident_test
=========         Host Frame: ohmnivore::(anonymous namespace)::Free(ohmnivore::(anonymous namespace)::JobState&, void*, unsigned long, bool) [0x7a0a4a] in emi03_resident_test
=========         Host Frame: ohmnivore::emi03_cuda_internal::FreeDevice(void*, unsigned long) [0x7a0df2] in emi03_resident_test
=========         Host Frame: ohmnivore::RunEmi03ResidentTransient(ohmnivore::MnaSystem const&, ohmnivore::TranAnalysis const&, ohmnivore::TransientExecutionLimits const&) [0x7b5800] in emi03_resident_test
=========         Host Frame: ohmnivore::(anonymous namespace)::Emi03Resident_ConcurrentJobsKeepStateAndFailureOwnershipPrivate_Test::TestBody()::{lambda()#1}::operator()() const [0x796f26] in emi03_resident_test
=========         Host Frame: std::_Function_handler<std::unique_ptr<std::__future_base::_Result_base, std::__future_base::_Result_base::_Deleter> (), std::__future_base::_Task_setter<std::unique_ptr<std::__future_base::_Result<void>, std::__future_base::_Result_base::_Deleter>, std::thread::_Invoker<std::tuple<ohmnivore::(anonymous namespace)::Emi03Resident_ConcurrentJobsKeepStateAndFailureOwnershipPrivate_Test::TestBody()::{lambda()#1}> >, void> >::_M_invoke(std::_Any_data const&) [0x797eeb] in emi03_resident_test
=========         Host Frame: std::__future_base::_State_baseV2::_M_do_set(std::function<std::unique_ptr<std::__future_base::_Result_base, std::__future_base::_Result_base::_Deleter> ()>*, bool*) [0x7833de] in emi03_resident_test
=========         Host Frame: __pthread_once_slow in pthread_once.c:116 [0xa9513] in libc.so.6
=========         Host Frame: pthread_once in pthread_once.c:143 [0xa9588] in libc.so.6
=========         Host Frame: std::__future_base::_Async_state_impl<std::thread::_Invoker<std::tuple<ohmnivore::(anonymous namespace)::Emi03Resident_ConcurrentJobsKeepStateAndFailureOwnershipPrivate_Test::TestBody()::{lambda()#1}> >, void>::_M_run() [0x784f11] in emi03_resident_test
=========         Host Frame: execute_native_thread_routine in thread.cc:104 [0x694eef3] in emi03_resident_test
=========         Host Frame: start_thread in pthread_create.c:454 [0xa3df9] in libc.so.6
=========         Host Frame: __clone3 in clone3.S:78 [0x1375cb] in libc.so.6
========= 
========= Use-after-free on allocation of size 20 bytes at 0x1ff4023c00
=========     Address 0x1ff4023c00 is potentially accessed after it is free'd
=========     
=========     Saved host backtrace up to driver entry point at kernel launch time
=========         Host Frame: ohmnivore::RunEmi03ResidentTransient(ohmnivore::MnaSystem const&, ohmnivore::TranAnalysis const&, ohmnivore::TransientExecutionLimits const&) [0x7b5c8f] in emi03_resident_test
=========         Host Frame: ohmnivore::(anonymous namespace)::Emi03Resident_ConcurrentJobsKeepStateAndFailureOwnershipPrivate_Test::TestBody()::{lambda()#1}::operator()() const [0x796f26] in emi03_resident_test
=========         Host Frame: std::_Function_handler<std::unique_ptr<std::__future_base::_Result_base, std::__future_base::_Result_base::_Deleter> (), std::__future_base::_Task_setter<std::unique_ptr<std::__future_base::_Result<void>, std::__future_base::_Result_base::_Deleter>, std::thread::_Invoker<std::tuple<ohmnivore::(anonymous namespace)::Emi03Resident_ConcurrentJobsKeepStateAndFailureOwnershipPrivate_Test::TestBody()::{lambda()#1}> >, void> >::_M_invoke(std::_Any_data const&) [0x797eeb] in emi03_resident_test
=========         Host Frame: std::__future_base::_State_baseV2::_M_do_set(std::function<std::unique_ptr<std::__future_base::_Result_base, std::__future_base::_Result_base::_Deleter> ()>*, bool*) [0x7833de] in emi03_resident_test
=========         Host Frame: __pthread_once_slow in pthread_once.c:116 [0xa9513] in libc.so.6
=========         Host Frame: pthread_once in pthread_once.c:143 [0xa9588] in libc.so.6
=========         Host Frame: std::__future_base::_Async_state_impl<std::thread::_Invoker<std::tuple<ohmnivore::(anonymous namespace)::Emi03Resident_ConcurrentJobsKeepStateAndFailureOwnershipPrivate_Test::TestBody()::{lambda()#1}> >, void>::_M_run() [0x784f11] in emi03_resident_test
=========         Host Frame: execute_native_thread_routine in thread.cc:104 [0x694eef3] in emi03_resident_test
=========         Host Frame: start_thread in pthread_create.c:454 [0xa3df9] in libc.so.6
=========         Host Frame: __clone3 in clone3.S:78 [0x1375cb] in libc.so.6
=========     
=========     Saved host backtrace up to driver entry point at cudaFreeAsync time
=========         Host Frame: cudaFreeAsync [0x6940fcf] in emi03_resident_test
=========         Host Frame: ohmnivore::(anonymous namespace)::Free(ohmnivore::(anonymous namespace)::JobState&, void*, unsigned long, bool) [0x7a0a4a] in emi03_resident_test
=========         Host Frame: ohmnivore::emi03_cuda_internal::FreeDevice(void*, unsigned long) [0x7a0df2] in emi03_resident_test
=========         Host Frame: ohmnivore::RunEmi03ResidentTransient(ohmnivore::MnaSystem const&, ohmnivore::TranAnalysis const&, ohmnivore::TransientExecutionLimits const&) [0x7b5800] in emi03_resident_test
=========         Host Frame: ohmnivore::(anonymous namespace)::Emi03Resident_ConcurrentJobsKeepStateAndFailureOwnershipPrivate_Test::TestBody()::{lambda()#1}::operator()() const [0x796f26] in emi03_resident_test
=========         Host Frame: std::_Function_handler<std::unique_ptr<std::__future_base::_Result_base, std::__future_base::_Result_base::_Deleter> (), std::__future_base::_Task_setter<std::unique_ptr<std::__future_base::_Result<void>, std::__future_base::_Result_base::_Deleter>, std::thread::_Invoker<std::tuple<ohmnivore::(anonymous namespace)::Emi03Resident_ConcurrentJobsKeepStateAndFailureOwnershipPrivate_Test::TestBody()::{lambda()#1}> >, void> >::_M_invoke(std::_Any_data const&) [0x797eeb] in emi03_resident_test
=========         Host Frame: std::__future_base::_State_baseV2::_M_do_set(std::function<std::unique_ptr<std::__future_base::_Result_base, std::__future_base::_Result_base::_Deleter> ()>*, bool*) [0x7833de] in emi03_resident_test
=========         Host Frame: __pthread_once_slow in pthread_once.c:116 [0xa9513] in libc.so.6
=========         Host Frame: pthread_once in pthread_once.c:143 [0xa9588] in libc.so.6
=========         Host Frame: std::__future_base::_Async_state_impl<std::thread::_Invoker<std::tuple<ohmnivore::(anonymous namespace)::Emi03Resident_ConcurrentJobsKeepStateAndFailureOwnershipPrivate_Test::TestBody()::{lambda()#1}> >, void>::_M_run() [0x784f11] in emi03_resident_test
=========         Host Frame: execute_native_thread_routine in thread.cc:104 [0x694eef3] in emi03_resident_test
=========         Host Frame: start_thread in pthread_create.c:454 [0xa3df9] in libc.so.6
=========         Host Frame: __clone3 in clone3.S:78 [0x1375cb] in libc.so.6
========= 
========= Use-after-free on allocation of size 52 bytes at 0x1ff4023800
=========     Address 0x1ff4023800 is potentially accessed after it is free'd
=========     
=========     Saved host backtrace up to driver entry point at kernel launch time
=========         Host Frame: ohmnivore::RunEmi03ResidentTransient(ohmnivore::MnaSystem const&, ohmnivore::TranAnalysis const&, ohmnivore::TransientExecutionLimits const&) [0x7b5c8f] in emi03_resident_test
=========         Host Frame: ohmnivore::(anonymous namespace)::Emi03Resident_ConcurrentJobsKeepStateAndFailureOwnershipPrivate_Test::TestBody()::{lambda()#1}::operator()() const [0x796f26] in emi03_resident_test
=========         Host Frame: std::_Function_handler<std::unique_ptr<std::__future_base::_Result_base, std::__future_base::_Result_base::_Deleter> (), std::__future_base::_Task_setter<std::unique_ptr<std::__future_base::_Result<void>, std::__future_base::_Result_base::_Deleter>, std::thread::_Invoker<std::tuple<ohmnivore::(anonymous namespace)::Emi03Resident_ConcurrentJobsKeepStateAndFailureOwnershipPrivate_Test::TestBody()::{lambda()#1}> >, void> >::_M_invoke(std::_Any_data const&) [0x797eeb] in emi03_resident_test
=========         Host Frame: std::__future_base::_State_baseV2::_M_do_set(std::function<std::unique_ptr<std::__future_base::_Result_base, std::__future_base::_Result_base::_Deleter> ()>*, bool*) [0x7833de] in emi03_resident_test
=========         Host Frame: __pthread_once_slow in pthread_once.c:116 [0xa9513] in libc.so.6
=========         Host Frame: pthread_once in pthread_once.c:143 [0xa9588] in libc.so.6
=========         Host Frame: std::__future_base::_Async_state_impl<std::thread::_Invoker<std::tuple<ohmnivore::(anonymous namespace)::Emi03Resident_ConcurrentJobsKeepStateAndFailureOwnershipPrivate_Test::TestBody()::{lambda()#1}> >, void>::_M_run() [0x784f11] in emi03_resident_test
=========         Host Frame: execute_native_thread_routine in thread.cc:104 [0x694eef3] in emi03_resident_test
=========         Host Frame: start_thread in pthread_create.c:454 [0xa3df9] in libc.so.6
=========         Host Frame: __clone3 in clone3.S:78 [0x1375cb] in libc.so.6
=========     
=========     Saved host backtrace up to driver entry point at cudaFreeAsync time
=========         Host Frame: cudaFreeAsync [0x6940fcf] in emi03_resident_test
=========         Host Frame: ohmnivore::(anonymous namespace)::Free(ohmnivore::(anonymous namespace)::JobState&, void*, unsigned long, bool) [0x7a0a4a] in emi03_resident_test
=========         Host Frame: ohmnivore::emi03_cuda_internal::FreeDevice(void*, unsigned long) [0x7a0df2] in emi03_resident_test
=========         Host Frame: ohmnivore::RunEmi03ResidentTransient(ohmnivore::MnaSystem const&, ohmnivore::TranAnalysis const&, ohmnivore::TransientExecutionLimits const&) [0x7b5800] in emi03_resident_test
=========         Host Frame: ohmnivore::(anonymous namespace)::Emi03Resident_ConcurrentJobsKeepStateAndFailureOwnershipPrivate_Test::TestBody()::{lambda()#1}::operator()() const [0x796f26] in emi03_resident_test
=========         Host Frame: std::_Function_handler<std::unique_ptr<std::__future_base::_Result_base, std::__future_base::_Result_base::_Deleter> (), std::__future_base::_Task_setter<std::unique_ptr<std::__future_base::_Result<void>, std::__future_base::_Result_base::_Deleter>, std::thread::_Invoker<std::tuple<ohmnivore::(anonymous namespace)::Emi03Resident_ConcurrentJobsKeepStateAndFailureOwnershipPrivate_Test::TestBody()::{lambda()#1}> >, void> >::_M_invoke(std::_Any_data const&) [0x797eeb] in emi03_resident_test
=========         Host Frame: std::__future_base::_State_baseV2::_M_do_set(std::function<std::unique_ptr<std::__future_base::_Result_base, std::__future_base::_Result_base::_Deleter> ()>*, bool*) [0x7833de] in emi03_resident_test
=========         Host Frame: __pthread_once_slow in pthread_once.c:116 [0xa9513] in libc.so.6
=========         Host Frame: pthread_once in pthread_once.c:143 [0xa9588] in libc.so.6
=========         Host Frame: std::__future_base::_Async_state_impl<std::thread::_Invoker<std::tuple<ohmnivore::(anonymous namespace)::Emi03Resident_ConcurrentJobsKeepStateAndFailureOwnershipPrivate_Test::TestBody()::{lambda()#1}> >, void>::_M_run() [0x784f11] in emi03_resident_test
=========         Host Frame: execute_native_thread_routine in thread.cc:104 [0x694eef3] in emi03_resident_test
=========         Host Frame: start_thread in pthread_create.c:454 [0xa3df9] in libc.so.6
=========         Host Frame: __clone3 in clone3.S:78 [0x1375cb] in libc.so.6
========= 
========= Use-after-free on allocation of size 52 bytes at 0x1ff4023800
=========     Address 0x1ff4023800 is potentially accessed after it is free'd
=========     
=========     Saved host backtrace up to driver entry point at kernel launch time
=========         Host Frame: ohmnivore::RunEmi03ResidentTransient(ohmnivore::MnaSystem const&, ohmnivore::TranAnalysis const&, ohmnivore::TransientExecutionLimits const&) [0x7b5c8f] in emi03_resident_test
=========         Host Frame: ohmnivore::(anonymous namespace)::Emi03Resident_ConcurrentJobsKeepStateAndFailureOwnershipPrivate_Test::TestBody()::{lambda()#1}::operator()() const [0x796f26] in emi03_resident_test
=========         Host Frame: std::_Function_handler<std::unique_ptr<std::__future_base::_Result_base, std::__future_base::_Result_base::_Deleter> (), std::__future_base::_Task_setter<std::unique_ptr<std::__future_base::_Result<void>, std::__future_base::_Result_base::_Deleter>, std::thread::_Invoker<std::tuple<ohmnivore::(anonymous namespace)::Emi03Resident_ConcurrentJobsKeepStateAndFailureOwnershipPrivate_Test::TestBody()::{lambda()#1}> >, void> >::_M_invoke(std::_Any_data const&) [0x797eeb] in emi03_resident_test
=========         Host Frame: std::__future_base::_State_baseV2::_M_do_set(std::function<std::unique_ptr<std::__future_base::_Result_base, std::__future_base::_Result_base::_Deleter> ()>*, bool*) [0x7833de] in emi03_resident_test
=========         Host Frame: __pthread_once_slow in pthread_once.c:116 [0xa9513] in libc.so.6
=========         Host Frame: pthread_once in pthread_once.c:143 [0xa9588] in libc.so.6
=========         Host Frame: std::__future_base::_Async_state_impl<std::thread::_Invoker<std::tuple<ohmnivore::(anonymous namespace)::Emi03Resident_ConcurrentJobsKeepStateAndFailureOwnershipPrivate_Test::TestBody()::{lambda()#1}> >, void>::_M_run() [0x784f11] in emi03_resident_test
=========         Host Frame: execute_native_thread_routine in thread.cc:104 [0x694eef3] in emi03_resident_test
=========         Host Frame: start_thread in pthread_create.c:454 [0xa3df9] in libc.so.6
=========         Host Frame: __clone3 in clone3.S:78 [0x1375cb] in libc.so.6
=========     
=========     Saved host backtrace up to driver entry point at cudaFreeAsync time
=========         Host Frame: cudaFreeAsync [0x6940fcf] in emi03_resident_test
=========         Host Frame: ohmnivore::(anonymous namespace)::Free(ohmnivore::(anonymous namespace)::JobState&, void*, unsigned long, bool) [0x7a0a4a] in emi03_resident_test
=========         Host Frame: ohmnivore::emi03_cuda_internal::FreeDevice(void*, unsigned long) [0x7a0df2] in emi03_resident_test
=========         Host Frame: ohmnivore::RunEmi03ResidentTransient(ohmnivore::MnaSystem const&, ohmnivore::TranAnalysis const&, ohmnivore::TransientExecutionLimits const&) [0x7b5800] in emi03_resident_test
=========         Host Frame: ohmnivore::(anonymous namespace)::Emi03Resident_ConcurrentJobsKeepStateAndFailureOwnershipPrivate_Test::TestBody()::{lambda()#1}::operator()() const [0x796f26] in emi03_resident_test
=========         Host Frame: std::_Function_handler<std::unique_ptr<std::__future_base::_Result_base, std::__future_base::_Result_base::_Deleter> (), std::__future_base::_Task_setter<std::unique_ptr<std::__future_base::_Result<void>, std::__future_base::_Result_base::_Deleter>, std::thread::_Invoker<std::tuple<ohmnivore::(anonymous namespace)::Emi03Resident_ConcurrentJobsKeepStateAndFailureOwnershipPrivate_Test::TestBody()::{lambda()#1}> >, void> >::_M_invoke(std::_Any_data const&) [0x797eeb] in emi03_resident_test
=========         Host Frame: std::__future_base::_State_baseV2::_M_do_set(std::function<std::unique_ptr<std::__future_base::_Result_base, std::__future_base::_Result_base::_Deleter> ()>*, bool*) [0x7833de] in emi03_resident_test
=========         Host Frame: __pthread_once_slow in pthread_once.c:116 [0xa9513] in libc.so.6
=========         Host Frame: pthread_once in pthread_once.c:143 [0xa9588] in libc.so.6
=========         Host Frame: std::__future_base::_Async_state_impl<std::thread::_Invoker<std::tuple<ohmnivore::(anonymous namespace)::Emi03Resident_ConcurrentJobsKeepStateAndFailureOwnershipPrivate_Test::TestBody()::{lambda()#1}> >, void>::_M_run() [0x784f11] in emi03_resident_test
=========         Host Frame: execute_native_thread_routine in thread.cc:104 [0x694eef3] in emi03_resident_test
=========         Host Frame: start_thread in pthread_create.c:454 [0xa3df9] in libc.so.6
=========         Host Frame: __clone3 in clone3.S:78 [0x1375cb] in libc.so.6
========= 
========= Use-after-free on allocation of size 20 bytes at 0x1ff4023600
=========     Address 0x1ff4023600 is potentially accessed after it is free'd
=========     
=========     Saved host backtrace up to driver entry point at kernel launch time
=========         Host Frame: ohmnivore::RunEmi03ResidentTransient(ohmnivore::MnaSystem const&, ohmnivore::TranAnalysis const&, ohmnivore::TransientExecutionLimits const&) [0x7b5c8f] in emi03_resident_test
=========         Host Frame: ohmnivore::(anonymous namespace)::Emi03Resident_ConcurrentJobsKeepStateAndFailureOwnershipPrivate_Test::TestBody()::{lambda()#1}::operator()() const [0x796f26] in emi03_resident_test
=========         Host Frame: std::_Function_handler<std::unique_ptr<std::__future_base::_Result_base, std::__future_base::_Result_base::_Deleter> (), std::__future_base::_Task_setter<std::unique_ptr<std::__future_base::_Result<void>, std::__future_base::_Result_base::_Deleter>, std::thread::_Invoker<std::tuple<ohmnivore::(anonymous namespace)::Emi03Resident_ConcurrentJobsKeepStateAndFailureOwnershipPrivate_Test::TestBody()::{lambda()#1}> >, void> >::_M_invoke(std::_Any_data const&) [0x797eeb] in emi03_resident_test
=========         Host Frame: std::__future_base::_State_baseV2::_M_do_set(std::function<std::unique_ptr<std::__future_base::_Result_base, std::__future_base::_Result_base::_Deleter> ()>*, bool*) [0x7833de] in emi03_resident_test
=========         Host Frame: __pthread_once_slow in pthread_once.c:116 [0xa9513] in libc.so.6
=========         Host Frame: pthread_once in pthread_once.c:143 [0xa9588] in libc.so.6
=========         Host Frame: std::__future_base::_Async_state_impl<std::thread::_Invoker<std::tuple<ohmnivore::(anonymous namespace)::Emi03Resident_ConcurrentJobsKeepStateAndFailureOwnershipPrivate_Test::TestBody()::{lambda()#1}> >, void>::_M_run() [0x784f11] in emi03_resident_test
=========         Host Frame: execute_native_thread_routine in thread.cc:104 [0x694eef3] in emi03_resident_test
=========         Host Frame: start_thread in pthread_create.c:454 [0xa3df9] in libc.so.6
=========         Host Frame: __clone3 in clone3.S:78 [0x1375cb] in libc.so.6
=========     
=========     Saved host backtrace up to driver entry point at cudaFreeAsync time
=========         Host Frame: cudaFreeAsync [0x6940fcf] in emi03_resident_test
=========         Host Frame: ohmnivore::(anonymous namespace)::Free(ohmnivore::(anonymous namespace)::JobState&, void*, unsigned long, bool) [0x7a0a4a] in emi03_resident_test
=========         Host Frame: ohmnivore::emi03_cuda_internal::FreeDevice(void*, unsigned long) [0x7a0df2] in emi03_resident_test
=========         Host Frame: ohmnivore::RunEmi03ResidentTransient(ohmnivore::MnaSystem const&, ohmnivore::TranAnalysis const&, ohmnivore::TransientExecutionLimits const&) [0x7b5800] in emi03_resident_test
=========         Host Frame: ohmnivore::(anonymous namespace)::Emi03Resident_ConcurrentJobsKeepStateAndFailureOwnershipPrivate_Test::TestBody()::{lambda()#1}::operator()() const [0x796f26] in emi03_resident_test
=========         Host Frame: std::_Function_handler<std::unique_ptr<std::__future_base::_Result_base, std::__future_base::_Result_base::_Deleter> (), std::__future_base::_Task_setter<std::unique_ptr<std::__future_base::_Result<void>, std::__future_base::_Result_base::_Deleter>, std::thread::_Invoker<std::tuple<ohmnivore::(anonymous namespace)::Emi03Resident_ConcurrentJobsKeepStateAndFailureOwnershipPrivate_Test::TestBody()::{lambda()#1}> >, void> >::_M_invoke(std::_Any_data const&) [0x797eeb] in emi03_resident_test
=========         Host Frame: std::__future_base::_State_baseV2::_M_do_set(std::function<std::unique_ptr<std::__future_base::_Result_base, std::__future_base::_Result_base::_Deleter> ()>*, bool*) [0x7833de] in emi03_resident_test
=========         Host Frame: __pthread_once_slow in pthread_once.c:116 [0xa9513] in libc.so.6
=========         Host Frame: pthread_once in pthread_once.c:143 [0xa9588] in libc.so.6
=========         Host Frame: std::__future_base::_Async_state_impl<std::thread::_Invoker<std::tuple<ohmnivore::(anonymous namespace)::Emi03Resident_ConcurrentJobsKeepStateAndFailureOwnershipPrivate_Test::TestBody()::{lambda()#1}> >, void>::_M_run() [0x784f11] in emi03_resident_test
=========         Host Frame: execute_native_thread_routine in thread.cc:104 [0x694eef3] in emi03_resident_test
=========         Host Frame: start_thread in pthread_create.c:454 [0xa3df9] in libc.so.6
=========         Host Frame: __clone3 in clone3.S:78 [0x1375cb] in libc.so.6
========= 
========= Use-after-free on allocation of size 20 bytes at 0x1ff4023600
=========     Address 0x1ff4023600 is potentially accessed after it is free'd
=========     
=========     Saved host backtrace up to driver entry point at kernel launch time
=========         Host Frame: ohmnivore::RunEmi03ResidentTransient(ohmnivore::MnaSystem const&, ohmnivore::TranAnalysis const&, ohmnivore::TransientExecutionLimits const&) [0x7b5c8f] in emi03_resident_test
=========         Host Frame: ohmnivore::(anonymous namespace)::Emi03Resident_ConcurrentJobsKeepStateAndFailureOwnershipPrivate_Test::TestBody()::{lambda()#1}::operator()() const [0x796f26] in emi03_resident_test
=========         Host Frame: std::_Function_handler<std::unique_ptr<std::__future_base::_Result_base, std::__future_base::_Result_base::_Deleter> (), std::__future_base::_Task_setter<std::unique_ptr<std::__future_base::_Result<void>, std::__future_base::_Result_base::_Deleter>, std::thread::_Invoker<std::tuple<ohmnivore::(anonymous namespace)::Emi03Resident_ConcurrentJobsKeepStateAndFailureOwnershipPrivate_Test::TestBody()::{lambda()#1}> >, void> >::_M_invoke(std::_Any_data const&) [0x797eeb] in emi03_resident_test
=========         Host Frame: std::__future_base::_State_baseV2::_M_do_set(std::function<std::unique_ptr<std::__future_base::_Result_base, std::__future_base::_Result_base::_Deleter> ()>*, bool*) [0x7833de] in emi03_resident_test
=========         Host Frame: __pthread_once_slow in pthread_once.c:116 [0xa9513] in libc.so.6
=========         Host Frame: pthread_once in pthread_once.c:143 [0xa9588] in libc.so.6
=========         Host Frame: std::__future_base::_Async_state_impl<std::thread::_Invoker<std::tuple<ohmnivore::(anonymous namespace)::Emi03Resident_ConcurrentJobsKeepStateAndFailureOwnershipPrivate_Test::TestBody()::{lambda()#1}> >, void>::_M_run() [0x784f11] in emi03_resident_test
=========         Host Frame: execute_native_thread_routine in thread.cc:104 [0x694eef3] in emi03_resident_test
=========         Host Frame: start_thread in pthread_create.c:454 [0xa3df9] in libc.so.6
=========         Host Frame: __clone3 in clone3.S:78 [0x1375cb] in libc.so.6
=========     
=========     Saved host backtrace up to driver entry point at cudaFreeAsync time
=========         Host Frame: cudaFreeAsync [0x6940fcf] in emi03_resident_test
=========         Host Frame: ohmnivore::(anonymous namespace)::Free(ohmnivore::(anonymous namespace)::JobState&, void*, unsigned long, bool) [0x7a0a4a] in emi03_resident_test
=========         Host Frame: ohmnivore::emi03_cuda_internal::FreeDevice(void*, unsigned long) [0x7a0df2] in emi03_resident_test
=========         Host Frame: ohmnivore::RunEmi03ResidentTransient(ohmnivore::MnaSystem const&, ohmnivore::TranAnalysis const&, ohmnivore::TransientExecutionLimits const&) [0x7b5800] in emi03_resident_test
=========         Host Frame: ohmnivore::(anonymous namespace)::Emi03Resident_ConcurrentJobsKeepStateAndFailureOwnershipPrivate_Test::TestBody()::{lambda()#1}::operator()() const [0x796f26] in emi03_resident_test
=========         Host Frame: std::_Function_handler<std::unique_ptr<std::__future_base::_Result_base, std::__future_base::_Result_base::_Deleter> (), std::__future_base::_Task_setter<std::unique_ptr<std::__future_base::_Result<void>, std::__future_base::_Result_base::_Deleter>, std::thread::_Invoker<std::tuple<ohmnivore::(anonymous namespace)::Emi03Resident_ConcurrentJobsKeepStateAndFailureOwnershipPrivate_Test::TestBody()::{lambda()#1}> >, void> >::_M_invoke(std::_Any_data const&) [0x797eeb] in emi03_resident_test
=========         Host Frame: std::__future_base::_State_baseV2::_M_do_set(std::function<std::unique_ptr<std::__future_base::_Result_base, std::__future_base::_Result_base::_Deleter> ()>*, bool*) [0x7833de] in emi03_resident_test
=========         Host Frame: __pthread_once_slow in pthread_once.c:116 [0xa9513] in libc.so.6
=========         Host Frame: pthread_once in pthread_once.c:143 [0xa9588] in libc.so.6
=========         Host Frame: std::__future_base::_Async_state_impl<std::thread::_Invoker<std::tuple<ohmnivore::(anonymous namespace)::Emi03Resident_ConcurrentJobsKeepStateAndFailureOwnershipPrivate_Test::TestBody()::{lambda()#1}> >, void>::_M_run() [0x784f11] in emi03_resident_test
=========         Host Frame: execute_native_thread_routine in thread.cc:104 [0x694eef3] in emi03_resident_test
=========         Host Frame: start_thread in pthread_create.c:454 [0xa3df9] in libc.so.6
=========         Host Frame: __clone3 in clone3.S:78 [0x1375cb] in libc.so.6
========= 
========= Use-after-free on allocation of size 52 bytes at 0x1ff4023400
=========     Address 0x1ff4023400 is potentially accessed after it is free'd
=========     
=========     Saved host backtrace up to driver entry point at kernel launch time
=========         Host Frame: ohmnivore::RunEmi03ResidentTransient(ohmnivore::MnaSystem const&, ohmnivore::TranAnalysis const&, ohmnivore::TransientExecutionLimits const&) [0x7b5c8f] in emi03_resident_test
=========         Host Frame: ohmnivore::(anonymous namespace)::Emi03Resident_ConcurrentJobsKeepStateAndFailureOwnershipPrivate_Test::TestBody()::{lambda()#1}::operator()() const [0x796f26] in emi03_resident_test
=========         Host Frame: std::_Function_handler<std::unique_ptr<std::__future_base::_Result_base, std::__future_base::_Result_base::_Deleter> (), std::__future_base::_Task_setter<std::unique_ptr<std::__future_base::_Result<void>, std::__future_base::_Result_base::_Deleter>, std::thread::_Invoker<std::tuple<ohmnivore::(anonymous namespace)::Emi03Resident_ConcurrentJobsKeepStateAndFailureOwnershipPrivate_Test::TestBody()::{lambda()#1}> >, void> >::_M_invoke(std::_Any_data const&) [0x797eeb] in emi03_resident_test
=========         Host Frame: std::__future_base::_State_baseV2::_M_do_set(std::function<std::unique_ptr<std::__future_base::_Result_base, std::__future_base::_Result_base::_Deleter> ()>*, bool*) [0x7833de] in emi03_resident_test
=========         Host Frame: __pthread_once_slow in pthread_once.c:116 [0xa9513] in libc.so.6
=========         Host Frame: pthread_once in pthread_once.c:143 [0xa9588] in libc.so.6
=========         Host Frame: std::__future_base::_Async_state_impl<std::thread::_Invoker<std::tuple<ohmnivore::(anonymous namespace)::Emi03Resident_ConcurrentJobsKeepStateAndFailureOwnershipPrivate_Test::TestBody()::{lambda()#1}> >, void>::_M_run() [0x784f11] in emi03_resident_test
=========         Host Frame: execute_native_thread_routine in thread.cc:104 [0x694eef3] in emi03_resident_test
=========         Host Frame: start_thread in pthread_create.c:454 [0xa3df9] in libc.so.6
=========         Host Frame: __clone3 in clone3.S:78 [0x1375cb] in libc.so.6
=========     
=========     Saved host backtrace up to driver entry point at cudaFreeAsync time
=========         Host Frame: cudaFreeAsync [0x6940fcf] in emi03_resident_test
=========         Host Frame: ohmnivore::(anonymous namespace)::Free(ohmnivore::(anonymous namespace)::JobState&, void*, unsigned long, bool) [0x7a0a4a] in emi03_resident_test
=========         Host Frame: ohmnivore::emi03_cuda_internal::FreeDevice(void*, unsigned long) [0x7a0df2] in emi03_resident_test
=========         Host Frame: ohmnivore::RunEmi03ResidentTransient(ohmnivore::MnaSystem const&, ohmnivore::TranAnalysis const&, ohmnivore::TransientExecutionLimits const&) [0x7b5800] in emi03_resident_test
=========         Host Frame: ohmnivore::(anonymous namespace)::Emi03Resident_ConcurrentJobsKeepStateAndFailureOwnershipPrivate_Test::TestBody()::{lambda()#1}::operator()() const [0x796f26] in emi03_resident_test
=========         Host Frame: std::_Function_handler<std::unique_ptr<std::__future_base::_Result_base, std::__future_base::_Result_base::_Deleter> (), std::__future_base::_Task_setter<std::unique_ptr<std::__future_base::_Result<void>, std::__future_base::_Result_base::_Deleter>, std::thread::_Invoker<std::tuple<ohmnivore::(anonymous namespace)::Emi03Resident_ConcurrentJobsKeepStateAndFailureOwnershipPrivate_Test::TestBody()::{lambda()#1}> >, void> >::_M_invoke(std::_Any_data const&) [0x797eeb] in emi03_resident_test
=========         Host Frame: std::__future_base::_State_baseV2::_M_do_set(std::function<std::unique_ptr<std::__future_base::_Result_base, std::__future_base::_Result_base::_Deleter> ()>*, bool*) [0x7833de] in emi03_resident_test
=========         Host Frame: __pthread_once_slow in pthread_once.c:116 [0xa9513] in libc.so.6
=========         Host Frame: pthread_once in pthread_once.c:143 [0xa9588] in libc.so.6
=========         Host Frame: std::__future_base::_Async_state_impl<std::thread::_Invoker<std::tuple<ohmnivore::(anonymous namespace)::Emi03Resident_ConcurrentJobsKeepStateAndFailureOwnershipPrivate_Test::TestBody()::{lambda()#1}> >, void>::_M_run() [0x784f11] in emi03_resident_test
=========         Host Frame: execute_native_thread_routine in thread.cc:104 [0x694eef3] in emi03_resident_test
=========         Host Frame: start_thread in pthread_create.c:454 [0xa3df9] in libc.so.6
=========         Host Frame: __clone3 in clone3.S:78 [0x1375cb] in libc.so.6
========= 
========= Use-after-free on allocation of size 52 bytes at 0x1ff4023400
=========     Address 0x1ff4023400 is potentially accessed after it is free'd
=========     
=========     Saved host backtrace up to driver entry point at kernel launch time
=========         Host Frame: ohmnivore::RunEmi03ResidentTransient(ohmnivore::MnaSystem const&, ohmnivore::TranAnalysis const&, ohmnivore::TransientExecutionLimits const&) [0x7b5c8f] in emi03_resident_test
=========         Host Frame: ohmnivore::(anonymous namespace)::Emi03Resident_ConcurrentJobsKeepStateAndFailureOwnershipPrivate_Test::TestBody()::{lambda()#1}::operator()() const [0x796f26] in emi03_resident_test
=========         Host Frame: std::_Function_handler<std::unique_ptr<std::__future_base::_Result_base, std::__future_base::_Result_base::_Deleter> (), std::__future_base::_Task_setter<std::unique_ptr<std::__future_base::_Result<void>, std::__future_base::_Result_base::_Deleter>, std::thread::_Invoker<std::tuple<ohmnivore::(anonymous namespace)::Emi03Resident_ConcurrentJobsKeepStateAndFailureOwnershipPrivate_Test::TestBody()::{lambda()#1}> >, void> >::_M_invoke(std::_Any_data const&) [0x797eeb] in emi03_resident_test
=========         Host Frame: std::__future_base::_State_baseV2::_M_do_set(std::function<std::unique_ptr<std::__future_base::_Result_base, std::__future_base::_Result_base::_Deleter> ()>*, bool*) [0x7833de] in emi03_resident_test
=========         Host Frame: __pthread_once_slow in pthread_once.c:116 [0xa9513] in libc.so.6
=========         Host Frame: pthread_once in pthread_once.c:143 [0xa9588] in libc.so.6
=========         Host Frame: std::__future_base::_Async_state_impl<std::thread::_Invoker<std::tuple<ohmnivore::(anonymous namespace)::Emi03Resident_ConcurrentJobsKeepStateAndFailureOwnershipPrivate_Test::TestBody()::{lambda()#1}> >, void>::_M_run() [0x784f11] in emi03_resident_test
=========         Host Frame: execute_native_thread_routine in thread.cc:104 [0x694eef3] in emi03_resident_test
=========         Host Frame: start_thread in pthread_create.c:454 [0xa3df9] in libc.so.6
=========         Host Frame: __clone3 in clone3.S:78 [0x1375cb] in libc.so.6
=========     
=========     Saved host backtrace up to driver entry point at cudaFreeAsync time
=========         Host Frame: cudaFreeAsync [0x6940fcf] in emi03_resident_test
=========         Host Frame: ohmnivore::(anonymous namespace)::Free(ohmnivore::(anonymous namespace)::JobState&, void*, unsigned long, bool) [0x7a0a4a] in emi03_resident_test
=========         Host Frame: ohmnivore::emi03_cuda_internal::FreeDevice(void*, unsigned long) [0x7a0df2] in emi03_resident_test
=========         Host Frame: ohmnivore::RunEmi03ResidentTransient(ohmnivore::MnaSystem const&, ohmnivore::TranAnalysis const&, ohmnivore::TransientExecutionLimits const&) [0x7b5800] in emi03_resident_test
=========         Host Frame: ohmnivore::(anonymous namespace)::Emi03Resident_ConcurrentJobsKeepStateAndFailureOwnershipPrivate_Test::TestBody()::{lambda()#1}::operator()() const [0x796f26] in emi03_resident_test
=========         Host Frame: std::_Function_handler<std::unique_ptr<std::__future_base::_Result_base, std::__future_base::_Result_base::_Deleter> (), std::__future_base::_Task_setter<std::unique_ptr<std::__future_base::_Result<void>, std::__future_base::_Result_base::_Deleter>, std::thread::_Invoker<std::tuple<ohmnivore::(anonymous namespace)::Emi03Resident_ConcurrentJobsKeepStateAndFailureOwnershipPrivate_Test::TestBody()::{lambda()#1}> >, void> >::_M_invoke(std::_Any_data const&) [0x797eeb] in emi03_resident_test
=========         Host Frame: std::__future_base::_State_baseV2::_M_do_set(std::function<std::unique_ptr<std::__future_base::_Result_base, std::__future_base::_Result_base::_Deleter> ()>*, bool*) [0x7833de] in emi03_resident_test
=========         Host Frame: __pthread_once_slow in pthread_once.c:116 [0xa9513] in libc.so.6
=========         Host Frame: pthread_once in pthread_once.c:143 [0xa9588] in libc.so.6
=========         Host Frame: std::__future_base::_Async_state_impl<std::thread::_Invoker<std::tuple<ohmnivore::(anonymous namespace)::Emi03Resident_ConcurrentJobsKeepStateAndFailureOwnershipPrivate_Test::TestBody()::{lambda()#1}> >, void>::_M_run() [0x784f11] in emi03_resident_test
=========         Host Frame: execute_native_thread_routine in thread.cc:104 [0x694eef3] in emi03_resident_test
=========         Host Frame: start_thread in pthread_create.c:454 [0xa3df9] in libc.so.6
=========         Host Frame: __clone3 in clone3.S:78 [0x1375cb] in libc.so.6
========= 
========= Use-after-free on allocation of size 24 bytes at 0x1ff4023200
=========     Address 0x1ff4023200 is potentially accessed after it is free'd
=========     
=========     Saved host backtrace up to driver entry point at kernel launch time
=========         Host Frame: ohmnivore::RunEmi03ResidentTransient(ohmnivore::MnaSystem const&, ohmnivore::TranAnalysis const&, ohmnivore::TransientExecutionLimits const&) [0x7b5c8f] in emi03_resident_test
=========         Host Frame: ohmnivore::(anonymous namespace)::Emi03Resident_ConcurrentJobsKeepStateAndFailureOwnershipPrivate_Test::TestBody()::{lambda()#1}::operator()() const [0x796f26] in emi03_resident_test
=========         Host Frame: std::_Function_handler<std::unique_ptr<std::__future_base::_Result_base, std::__future_base::_Result_base::_Deleter> (), std::__future_base::_Task_setter<std::unique_ptr<std::__future_base::_Result<void>, std::__future_base::_Result_base::_Deleter>, std::thread::_Invoker<std::tuple<ohmnivore::(anonymous namespace)::Emi03Resident_ConcurrentJobsKeepStateAndFailureOwnershipPrivate_Test::TestBody()::{lambda()#1}> >, void> >::_M_invoke(std::_Any_data const&) [0x797eeb] in emi03_resident_test
=========         Host Frame: std::__future_base::_State_baseV2::_M_do_set(std::function<std::unique_ptr<std::__future_base::_Result_base, std::__future_base::_Result_base::_Deleter> ()>*, bool*) [0x7833de] in emi03_resident_test
=========         Host Frame: __pthread_once_slow in pthread_once.c:116 [0xa9513] in libc.so.6
=========         Host Frame: pthread_once in pthread_once.c:143 [0xa9588] in libc.so.6
=========         Host Frame: std::__future_base::_Async_state_impl<std::thread::_Invoker<std::tuple<ohmnivore::(anonymous namespace)::Emi03Resident_ConcurrentJobsKeepStateAndFailureOwnershipPrivate_Test::TestBody()::{lambda()#1}> >, void>::_M_run() [0x784f11] in emi03_resident_test
=========         Host Frame: execute_native_thread_routine in thread.cc:104 [0x694eef3] in emi03_resident_test
=========         Host Frame: start_thread in pthread_create.c:454 [0xa3df9] in libc.so.6
=========         Host Frame: __clone3 in clone3.S:78 [0x1375cb] in libc.so.6
=========     
=========     Saved host backtrace up to driver entry point at cudaFreeAsync time
=========         Host Frame: cudaFreeAsync [0x6940fcf] in emi03_resident_test
=========         Host Frame: ohmnivore::(anonymous namespace)::Free(ohmnivore::(anonymous namespace)::JobState&, void*, unsigned long, bool) [0x7a0a4a] in emi03_resident_test
=========         Host Frame: ohmnivore::emi03_cuda_internal::FreeDevice(void*, unsigned long) [0x7a0df2] in emi03_resident_test
=========         Host Frame: ohmnivore::RunEmi03ResidentTransient(ohmnivore::MnaSystem const&, ohmnivore::TranAnalysis const&, ohmnivore::TransientExecutionLimits const&) [0x7b5800] in emi03_resident_test
=========         Host Frame: ohmnivore::(anonymous namespace)::Emi03Resident_ConcurrentJobsKeepStateAndFailureOwnershipPrivate_Test::TestBody()::{lambda()#1}::operator()() const [0x796f26] in emi03_resident_test
=========         Host Frame: std::_Function_handler<std::unique_ptr<std::__future_base::_Result_base, std::__future_base::_Result_base::_Deleter> (), std::__future_base::_Task_setter<std::unique_ptr<std::__future_base::_Result<void>, std::__future_base::_Result_base::_Deleter>, std::thread::_Invoker<std::tuple<ohmnivore::(anonymous namespace)::Emi03Resident_ConcurrentJobsKeepStateAndFailureOwnershipPrivate_Test::TestBody()::{lambda()#1}> >, void> >::_M_invoke(std::_Any_data const&) [0x797eeb] in emi03_resident_test
=========         Host Frame: std::__future_base::_State_baseV2::_M_do_set(std::function<std::unique_ptr<std::__future_base::_Result_base, std::__future_base::_Result_base::_Deleter> ()>*, bool*) [0x7833de] in emi03_resident_test
=========         Host Frame: __pthread_once_slow in pthread_once.c:116 [0xa9513] in libc.so.6
=========         Host Frame: pthread_once in pthread_once.c:143 [0xa9588] in libc.so.6
=========         Host Frame: std::__future_base::_Async_state_impl<std::thread::_Invoker<std::tuple<ohmnivore::(anonymous namespace)::Emi03Resident_ConcurrentJobsKeepStateAndFailureOwnershipPrivate_Test::TestBody()::{lambda()#1}> >, void>::_M_run() [0x784f11] in emi03_resident_test
=========         Host Frame: execute_native_thread_routine in thread.cc:104 [0x694eef3] in emi03_resident_test
=========         Host Frame: start_thread in pthread_create.c:454 [0xa3df9] in libc.so.6
=========         Host Frame: __clone3 in clone3.S:78 [0x1375cb] in libc.so.6
========= 
========= Use-after-free on allocation of size 24 bytes at 0x1ff4023200
=========     Address 0x1ff4023200 is potentially accessed after it is free'd
=========     
=========     Saved host backtrace up to driver entry point at kernel launch time
=========         Host Frame: ohmnivore::RunEmi03ResidentTransient(ohmnivore::MnaSystem const&, ohmnivore::TranAnalysis const&, ohmnivore::TransientExecutionLimits const&) [0x7b5c8f] in emi03_resident_test
=========         Host Frame: ohmnivore::(anonymous namespace)::Emi03Resident_ConcurrentJobsKeepStateAndFailureOwnershipPrivate_Test::TestBody()::{lambda()#1}::operator()() const [0x796f26] in emi03_resident_test
=========         Host Frame: std::_Function_handler<std::unique_ptr<std::__future_base::_Result_base, std::__future_base::_Result_base::_Deleter> (), std::__future_base::_Task_setter<std::unique_ptr<std::__future_base::_Result<void>, std::__future_base::_Result_base::_Deleter>, std::thread::_Invoker<std::tuple<ohmnivore::(anonymous namespace)::Emi03Resident_ConcurrentJobsKeepStateAndFailureOwnershipPrivate_Test::TestBody()::{lambda()#1}> >, void> >::_M_invoke(std::_Any_data const&) [0x797eeb] in emi03_resident_test
=========         Host Frame: std::__future_base::_State_baseV2::_M_do_set(std::function<std::unique_ptr<std::__future_base::_Result_base, std::__future_base::_Result_base::_Deleter> ()>*, bool*) [0x7833de] in emi03_resident_test
=========         Host Frame: __pthread_once_slow in pthread_once.c:116 [0xa9513] in libc.so.6
=========         Host Frame: pthread_once in pthread_once.c:143 [0xa9588] in libc.so.6
=========         Host Frame: std::__future_base::_Async_state_impl<std::thread::_Invoker<std::tuple<ohmnivore::(anonymous namespace)::Emi03Resident_ConcurrentJobsKeepStateAndFailureOwnershipPrivate_Test::TestBody()::{lambda()#1}> >, void>::_M_run() [0x784f11] in emi03_resident_test
=========         Host Frame: execute_native_thread_routine in thread.cc:104 [0x694eef3] in emi03_resident_test
=========         Host Frame: start_thread in pthread_create.c:454 [0xa3df9] in libc.so.6
=========         Host Frame: __clone3 in clone3.S:78 [0x1375cb] in libc.so.6
=========     
=========     Saved host backtrace up to driver entry point at cudaFreeAsync time
=========         Host Frame: cudaFreeAsync [0x6940fcf] in emi03_resident_test
=========         Host Frame: ohmnivore::(anonymous namespace)::Free(ohmnivore::(anonymous namespace)::JobState&, void*, unsigned long, bool) [0x7a0a4a] in emi03_resident_test
=========         Host Frame: ohmnivore::emi03_cuda_internal::FreeDevice(void*, unsigned long) [0x7a0df2] in emi03_resident_test
=========         Host Frame: ohmnivore::RunEmi03ResidentTransient(ohmnivore::MnaSystem const&, ohmnivore::TranAnalysis const&, ohmnivore::TransientExecutionLimits const&) [0x7b5800] in emi03_resident_test
=========         Host Frame: ohmnivore::(anonymous namespace)::Emi03Resident_ConcurrentJobsKeepStateAndFailureOwnershipPrivate_Test::TestBody()::{lambda()#1}::operator()() const [0x796f26] in emi03_resident_test
=========         Host Frame: std::_Function_handler<std::unique_ptr<std::__future_base::_Result_base, std::__future_base::_Result_base::_Deleter> (), std::__future_base::_Task_setter<std::unique_ptr<std::__future_base::_Result<void>, std::__future_base::_Result_base::_Deleter>, std::thread::_Invoker<std::tuple<ohmnivore::(anonymous namespace)::Emi03Resident_ConcurrentJobsKeepStateAndFailureOwnershipPrivate_Test::TestBody()::{lambda()#1}> >, void> >::_M_invoke(std::_Any_data const&) [0x797eeb] in emi03_resident_test
=========         Host Frame: std::__future_base::_State_baseV2::_M_do_set(std::function<std::unique_ptr<std::__future_base::_Result_base, std::__future_base::_Result_base::_Deleter> ()>*, bool*) [0x7833de] in emi03_resident_test
=========         Host Frame: __pthread_once_slow in pthread_once.c:116 [0xa9513] in libc.so.6
=========         Host Frame: pthread_once in pthread_once.c:143 [0xa9588] in libc.so.6
=========         Host Frame: std::__future_base::_Async_state_impl<std::thread::_Invoker<std::tuple<ohmnivore::(anonymous namespace)::Emi03Resident_ConcurrentJobsKeepStateAndFailureOwnershipPrivate_Test::TestBody()::{lambda()#1}> >, void>::_M_run() [0x784f11] in emi03_resident_test
=========         Host Frame: execute_native_thread_routine in thread.cc:104 [0x694eef3] in emi03_resident_test
=========         Host Frame: start_thread in pthread_create.c:454 [0xa3df9] in libc.so.6
=========         Host Frame: __clone3 in clone3.S:78 [0x1375cb] in libc.so.6
========= 
========= Use-after-free on allocation of size 24 bytes at 0x1ff4022c00
=========     Address 0x1ff4022c00 is potentially accessed after it is free'd
=========     
=========     Saved host backtrace up to driver entry point at kernel launch time
=========         Host Frame: ohmnivore::RunEmi03ResidentTransient(ohmnivore::MnaSystem const&, ohmnivore::TranAnalysis const&, ohmnivore::TransientExecutionLimits const&) [0x7b5c8f] in emi03_resident_test
=========         Host Frame: ohmnivore::(anonymous namespace)::Emi03Resident_ConcurrentJobsKeepStateAndFailureOwnershipPrivate_Test::TestBody()::{lambda()#1}::operator()() const [0x796f26] in emi03_resident_test
=========         Host Frame: std::_Function_handler<std::unique_ptr<std::__future_base::_Result_base, std::__future_base::_Result_base::_Deleter> (), std::__future_base::_Task_setter<std::unique_ptr<std::__future_base::_Result<void>, std::__future_base::_Result_base::_Deleter>, std::thread::_Invoker<std::tuple<ohmnivore::(anonymous namespace)::Emi03Resident_ConcurrentJobsKeepStateAndFailureOwnershipPrivate_Test::TestBody()::{lambda()#1}> >, void> >::_M_invoke(std::_Any_data const&) [0x797eeb] in emi03_resident_test
=========         Host Frame: std::__future_base::_State_baseV2::_M_do_set(std::function<std::unique_ptr<std::__future_base::_Result_base, std::__future_base::_Result_base::_Deleter> ()>*, bool*) [0x7833de] in emi03_resident_test
=========         Host Frame: __pthread_once_slow in pthread_once.c:116 [0xa9513] in libc.so.6
=========         Host Frame: pthread_once in pthread_once.c:143 [0xa9588] in libc.so.6
=========         Host Frame: std::__future_base::_Async_state_impl<std::thread::_Invoker<std::tuple<ohmnivore::(anonymous namespace)::Emi03Resident_ConcurrentJobsKeepStateAndFailureOwnershipPrivate_Test::TestBody()::{lambda()#1}> >, void>::_M_run() [0x784f11] in emi03_resident_test
=========         Host Frame: execute_native_thread_routine in thread.cc:104 [0x694eef3] in emi03_resident_test
=========         Host Frame: start_thread in pthread_create.c:454 [0xa3df9] in libc.so.6
=========         Host Frame: __clone3 in clone3.S:78 [0x1375cb] in libc.so.6
=========     
=========     Saved host backtrace up to driver entry point at cudaFreeAsync time
=========         Host Frame: cudaFreeAsync [0x6940fcf] in emi03_resident_test
=========         Host Frame: ohmnivore::(anonymous namespace)::Free(ohmnivore::(anonymous namespace)::JobState&, void*, unsigned long, bool) [0x7a0a4a] in emi03_resident_test
=========         Host Frame: ohmnivore::emi03_cuda_internal::FreeDevice(void*, unsigned long) [0x7a0df2] in emi03_resident_test
=========         Host Frame: ohmnivore::RunEmi03ResidentTransient(ohmnivore::MnaSystem const&, ohmnivore::TranAnalysis const&, ohmnivore::TransientExecutionLimits const&) [0x7b5800] in emi03_resident_test
=========         Host Frame: ohmnivore::(anonymous namespace)::Emi03Resident_ConcurrentJobsKeepStateAndFailureOwnershipPrivate_Test::TestBody()::{lambda()#1}::operator()() const [0x796f26] in emi03_resident_test
=========         Host Frame: std::_Function_handler<std::unique_ptr<std::__future_base::_Result_base, std::__future_base::_Result_base::_Deleter> (), std::__future_base::_Task_setter<std::unique_ptr<std::__future_base::_Result<void>, std::__future_base::_Result_base::_Deleter>, std::thread::_Invoker<std::tuple<ohmnivore::(anonymous namespace)::Emi03Resident_ConcurrentJobsKeepStateAndFailureOwnershipPrivate_Test::TestBody()::{lambda()#1}> >, void> >::_M_invoke(std::_Any_data const&) [0x797eeb] in emi03_resident_test
=========         Host Frame: std::__future_base::_State_baseV2::_M_do_set(std::function<std::unique_ptr<std::__future_base::_Result_base, std::__future_base::_Result_base::_Deleter> ()>*, bool*) [0x7833de] in emi03_resident_test
=========         Host Frame: __pthread_once_slow in pthread_once.c:116 [0xa9513] in libc.so.6
=========         Host Frame: pthread_once in pthread_once.c:143 [0xa9588] in libc.so.6
=========         Host Frame: std::__future_base::_Async_state_impl<std::thread::_Invoker<std::tuple<ohmnivore::(anonymous namespace)::Emi03Resident_ConcurrentJobsKeepStateAndFailureOwnershipPrivate_Test::TestBody()::{lambda()#1}> >, void>::_M_run() [0x784f11] in emi03_resident_test
=========         Host Frame: execute_native_thread_routine in thread.cc:104 [0x694eef3] in emi03_resident_test
=========         Host Frame: start_thread in pthread_create.c:454 [0xa3df9] in libc.so.6
=========         Host Frame: __clone3 in clone3.S:78 [0x1375cb] in libc.so.6
========= 
========= Use-after-free on allocation of size 24 bytes at 0x1ff4022c00
=========     Address 0x1ff4022c00 is potentially accessed after it is free'd
=========     
=========     Saved host backtrace up to driver entry point at kernel launch time
=========         Host Frame: ohmnivore::RunEmi03ResidentTransient(ohmnivore::MnaSystem const&, ohmnivore::TranAnalysis const&, ohmnivore::TransientExecutionLimits const&) [0x7b5c8f] in emi03_resident_test
=========         Host Frame: ohmnivore::(anonymous namespace)::Emi03Resident_ConcurrentJobsKeepStateAndFailureOwnershipPrivate_Test::TestBody()::{lambda()#1}::operator()() const [0x796f26] in emi03_resident_test
=========         Host Frame: std::_Function_handler<std::unique_ptr<std::__future_base::_Result_base, std::__future_base::_Result_base::_Deleter> (), std::__future_base::_Task_setter<std::unique_ptr<std::__future_base::_Result<void>, std::__future_base::_Result_base::_Deleter>, std::thread::_Invoker<std::tuple<ohmnivore::(anonymous namespace)::Emi03Resident_ConcurrentJobsKeepStateAndFailureOwnershipPrivate_Test::TestBody()::{lambda()#1}> >, void> >::_M_invoke(std::_Any_data const&) [0x797eeb] in emi03_resident_test
=========         Host Frame: std::__future_base::_State_baseV2::_M_do_set(std::function<std::unique_ptr<std::__future_base::_Result_base, std::__future_base::_Result_base::_Deleter> ()>*, bool*) [0x7833de] in emi03_resident_test
=========         Host Frame: __pthread_once_slow in pthread_once.c:116 [0xa9513] in libc.so.6
=========         Host Frame: pthread_once in pthread_once.c:143 [0xa9588] in libc.so.6
=========         Host Frame: std::__future_base::_Async_state_impl<std::thread::_Invoker<std::tuple<ohmnivore::(anonymous namespace)::Emi03Resident_ConcurrentJobsKeepStateAndFailureOwnershipPrivate_Test::TestBody()::{lambda()#1}> >, void>::_M_run() [0x784f11] in emi03_resident_test
=========         Host Frame: execute_native_thread_routine in thread.cc:104 [0x694eef3] in emi03_resident_test
=========         Host Frame: start_thread in pthread_create.c:454 [0xa3df9] in libc.so.6
=========         Host Frame: __clone3 in clone3.S:78 [0x1375cb] in libc.so.6
=========     
=========     Saved host backtrace up to driver entry point at cudaFreeAsync time
=========         Host Frame: cudaFreeAsync [0x6940fcf] in emi03_resident_test
=========         Host Frame: ohmnivore::(anonymous namespace)::Free(ohmnivore::(anonymous namespace)::JobState&, void*, unsigned long, bool) [0x7a0a4a] in emi03_resident_test
=========         Host Frame: ohmnivore::emi03_cuda_internal::FreeDevice(void*, unsigned long) [0x7a0df2] in emi03_resident_test
=========         Host Frame: ohmnivore::RunEmi03ResidentTransient(ohmnivore::MnaSystem const&, ohmnivore::TranAnalysis const&, ohmnivore::TransientExecutionLimits const&) [0x7b5800] in emi03_resident_test
=========         Host Frame: ohmnivore::(anonymous namespace)::Emi03Resident_ConcurrentJobsKeepStateAndFailureOwnershipPrivate_Test::TestBody()::{lambda()#1}::operator()() const [0x796f26] in emi03_resident_test
=========         Host Frame: std::_Function_handler<std::unique_ptr<std::__future_base::_Result_base, std::__future_base::_Result_base::_Deleter> (), std::__future_base::_Task_setter<std::unique_ptr<std::__future_base::_Result<void>, std::__future_base::_Result_base::_Deleter>, std::thread::_Invoker<std::tuple<ohmnivore::(anonymous namespace)::Emi03Resident_ConcurrentJobsKeepStateAndFailureOwnershipPrivate_Test::TestBody()::{lambda()#1}> >, void> >::_M_invoke(std::_Any_data const&) [0x797eeb] in emi03_resident_test
=========         Host Frame: std::__future_base::_State_baseV2::_M_do_set(std::function<std::unique_ptr<std::__future_base::_Result_base, std::__future_base::_Result_base::_Deleter> ()>*, bool*) [0x7833de] in emi03_resident_test
=========         Host Frame: __pthread_once_slow in pthread_once.c:116 [0xa9513] in libc.so.6
=========         Host Frame: pthread_once in pthread_once.c:143 [0xa9588] in libc.so.6
=========         Host Frame: std::__future_base::_Async_state_impl<std::thread::_Invoker<std::tuple<ohmnivore::(anonymous namespace)::Emi03Resident_ConcurrentJobsKeepStateAndFailureOwnershipPrivate_Test::TestBody()::{lambda()#1}> >, void>::_M_run() [0x784f11] in emi03_resident_test
=========         Host Frame: execute_native_thread_routine in thread.cc:104 [0x694eef3] in emi03_resident_test
=========         Host Frame: start_thread in pthread_create.c:454 [0xa3df9] in libc.so.6
=========         Host Frame: __clone3 in clone3.S:78 [0x1375cb] in libc.so.6
========= 
========= Use-after-free on allocation of size 20 bytes at 0x1ff4022a00
=========     Address 0x1ff4022a00 is potentially accessed after it is free'd
=========     
=========     Saved host backtrace up to driver entry point at kernel launch time
=========         Host Frame: ohmnivore::RunEmi03ResidentTransient(ohmnivore::MnaSystem const&, ohmnivore::TranAnalysis const&, ohmnivore::TransientExecutionLimits const&) [0x7b5c8f] in emi03_resident_test
=========         Host Frame: ohmnivore::(anonymous namespace)::Emi03Resident_ConcurrentJobsKeepStateAndFailureOwnershipPrivate_Test::TestBody()::{lambda()#1}::operator()() const [0x796f26] in emi03_resident_test
=========         Host Frame: std::_Function_handler<std::unique_ptr<std::__future_base::_Result_base, std::__future_base::_Result_base::_Deleter> (), std::__future_base::_Task_setter<std::unique_ptr<std::__future_base::_Result<void>, std::__future_base::_Result_base::_Deleter>, std::thread::_Invoker<std::tuple<ohmnivore::(anonymous namespace)::Emi03Resident_ConcurrentJobsKeepStateAndFailureOwnershipPrivate_Test::TestBody()::{lambda()#1}> >, void> >::_M_invoke(std::_Any_data const&) [0x797eeb] in emi03_resident_test
=========         Host Frame: std::__future_base::_State_baseV2::_M_do_set(std::function<std::unique_ptr<std::__future_base::_Result_base, std::__future_base::_Result_base::_Deleter> ()>*, bool*) [0x7833de] in emi03_resident_test
=========         Host Frame: __pthread_once_slow in pthread_once.c:116 [0xa9513] in libc.so.6
=========         Host Frame: pthread_once in pthread_once.c:143 [0xa9588] in libc.so.6
=========         Host Frame: std::__future_base::_Async_state_impl<std::thread::_Invoker<std::tuple<ohmnivore::(anonymous namespace)::Emi03Resident_ConcurrentJobsKeepStateAndFailureOwnershipPrivate_Test::TestBody()::{lambda()#1}> >, void>::_M_run() [0x784f11] in emi03_resident_test
=========         Host Frame: execute_native_thread_routine in thread.cc:104 [0x694eef3] in emi03_resident_test
=========         Host Frame: start_thread in pthread_create.c:454 [0xa3df9] in libc.so.6
=========         Host Frame: __clone3 in clone3.S:78 [0x1375cb] in libc.so.6
=========     
=========     Saved host backtrace up to driver entry point at cudaFreeAsync time
=========         Host Frame: cudaFreeAsync [0x6940fcf] in emi03_resident_test
=========         Host Frame: ohmnivore::(anonymous namespace)::Free(ohmnivore::(anonymous namespace)::JobState&, void*, unsigned long, bool) [0x7a0a4a] in emi03_resident_test
=========         Host Frame: ohmnivore::emi03_cuda_internal::FreeDevice(void*, unsigned long) [0x7a0df2] in emi03_resident_test
=========         Host Frame: ohmnivore::RunEmi03ResidentTransient(ohmnivore::MnaSystem const&, ohmnivore::TranAnalysis const&, ohmnivore::TransientExecutionLimits const&) [0x7b5800] in emi03_resident_test
=========         Host Frame: ohmnivore::(anonymous namespace)::Emi03Resident_ConcurrentJobsKeepStateAndFailureOwnershipPrivate_Test::TestBody()::{lambda()#1}::operator()() const [0x796f26] in emi03_resident_test
=========         Host Frame: std::_Function_handler<std::unique_ptr<std::__future_base::_Result_base, std::__future_base::_Result_base::_Deleter> (), std::__future_base::_Task_setter<std::unique_ptr<std::__future_base::_Result<void>, std::__future_base::_Result_base::_Deleter>, std::thread::_Invoker<std::tuple<ohmnivore::(anonymous namespace)::Emi03Resident_ConcurrentJobsKeepStateAndFailureOwnershipPrivate_Test::TestBody()::{lambda()#1}> >, void> >::_M_invoke(std::_Any_data const&) [0x797eeb] in emi03_resident_test
=========         Host Frame: std::__future_base::_State_baseV2::_M_do_set(std::function<std::unique_ptr<std::__future_base::_Result_base, std::__future_base::_Result_base::_Deleter> ()>*, bool*) [0x7833de] in emi03_resident_test
=========         Host Frame: __pthread_once_slow in pthread_once.c:116 [0xa9513] in libc.so.6
=========         Host Frame: pthread_once in pthread_once.c:143 [0xa9588] in libc.so.6
=========         Host Frame: std::__future_base::_Async_state_impl<std::thread::_Invoker<std::tuple<ohmnivore::(anonymous namespace)::Emi03Resident_ConcurrentJobsKeepStateAndFailureOwnershipPrivate_Test::TestBody()::{lambda()#1}> >, void>::_M_run() [0x784f11] in emi03_resident_test
=========         Host Frame: execute_native_thread_routine in thread.cc:104 [0x694eef3] in emi03_resident_test
=========         Host Frame: start_thread in pthread_create.c:454 [0xa3df9] in libc.so.6
=========         Host Frame: __clone3 in clone3.S:78 [0x1375cb] in libc.so.6
========= 
========= Use-after-free on allocation of size 20 bytes at 0x1ff4022a00
=========     Address 0x1ff4022a00 is potentially accessed after it is free'd
=========     
=========     Saved host backtrace up to driver entry point at kernel launch time
=========         Host Frame: ohmnivore::RunEmi03ResidentTransient(ohmnivore::MnaSystem const&, ohmnivore::TranAnalysis const&, ohmnivore::TransientExecutionLimits const&) [0x7b5c8f] in emi03_resident_test
=========         Host Frame: ohmnivore::(anonymous namespace)::Emi03Resident_ConcurrentJobsKeepStateAndFailureOwnershipPrivate_Test::TestBody()::{lambda()#1}::operator()() const [0x796f26] in emi03_resident_test
=========         Host Frame: std::_Function_handler<std::unique_ptr<std::__future_base::_Result_base, std::__future_base::_Result_base::_Deleter> (), std::__future_base::_Task_setter<std::unique_ptr<std::__future_base::_Result<void>, std::__future_base::_Result_base::_Deleter>, std::thread::_Invoker<std::tuple<ohmnivore::(anonymous namespace)::Emi03Resident_ConcurrentJobsKeepStateAndFailureOwnershipPrivate_Test::TestBody()::{lambda()#1}> >, void> >::_M_invoke(std::_Any_data const&) [0x797eeb] in emi03_resident_test
=========         Host Frame: std::__future_base::_State_baseV2::_M_do_set(std::function<std::unique_ptr<std::__future_base::_Result_base, std::__future_base::_Result_base::_Deleter> ()>*, bool*) [0x7833de] in emi03_resident_test
=========         Host Frame: __pthread_once_slow in pthread_once.c:116 [0xa9513] in libc.so.6
=========         Host Frame: pthread_once in pthread_once.c:143 [0xa9588] in libc.so.6
=========         Host Frame: std::__future_base::_Async_state_impl<std::thread::_Invoker<std::tuple<ohmnivore::(anonymous namespace)::Emi03Resident_ConcurrentJobsKeepStateAndFailureOwnershipPrivate_Test::TestBody()::{lambda()#1}> >, void>::_M_run() [0x784f11] in emi03_resident_test
=========         Host Frame: execute_native_thread_routine in thread.cc:104 [0x694eef3] in emi03_resident_test
=========         Host Frame: start_thread in pthread_create.c:454 [0xa3df9] in libc.so.6
=========         Host Frame: __clone3 in clone3.S:78 [0x1375cb] in libc.so.6
=========     
=========     Saved host backtrace up to driver entry point at cudaFreeAsync time
=========         Host Frame: cudaFreeAsync [0x6940fcf] in emi03_resident_test
=========         Host Frame: ohmnivore::(anonymous namespace)::Free(ohmnivore::(anonymous namespace)::JobState&, void*, unsigned long, bool) [0x7a0a4a] in emi03_resident_test
=========         Host Frame: ohmnivore::emi03_cuda_internal::FreeDevice(void*, unsigned long) [0x7a0df2] in emi03_resident_test
=========         Host Frame: ohmnivore::RunEmi03ResidentTransient(ohmnivore::MnaSystem const&, ohmnivore::TranAnalysis const&, ohmnivore::TransientExecutionLimits const&) [0x7b5800] in emi03_resident_test
=========         Host Frame: ohmnivore::(anonymous namespace)::Emi03Resident_ConcurrentJobsKeepStateAndFailureOwnershipPrivate_Test::TestBody()::{lambda()#1}::operator()() const [0x796f26] in emi03_resident_test
=========         Host Frame: std::_Function_handler<std::unique_ptr<std::__future_base::_Result_base, std::__future_base::_Result_base::_Deleter> (), std::__future_base::_Task_setter<std::unique_ptr<std::__future_base::_Result<void>, std::__future_base::_Result_base::_Deleter>, std::thread::_Invoker<std::tuple<ohmnivore::(anonymous namespace)::Emi03Resident_ConcurrentJobsKeepStateAndFailureOwnershipPrivate_Test::TestBody()::{lambda()#1}> >, void> >::_M_invoke(std::_Any_data const&) [0x797eeb] in emi03_resident_test
=========         Host Frame: std::__future_base::_State_baseV2::_M_do_set(std::function<std::unique_ptr<std::__future_base::_Result_base, std::__future_base::_Result_base::_Deleter> ()>*, bool*) [0x7833de] in emi03_resident_test
=========         Host Frame: __pthread_once_slow in pthread_once.c:116 [0xa9513] in libc.so.6
=========         Host Frame: pthread_once in pthread_once.c:143 [0xa9588] in libc.so.6
=========         Host Frame: std::__future_base::_Async_state_impl<std::thread::_Invoker<std::tuple<ohmnivore::(anonymous namespace)::Emi03Resident_ConcurrentJobsKeepStateAndFailureOwnershipPrivate_Test::TestBody()::{lambda()#1}> >, void>::_M_run() [0x784f11] in emi03_resident_test
=========         Host Frame: execute_native_thread_routine in thread.cc:104 [0x694eef3] in emi03_resident_test
=========         Host Frame: start_thread in pthread_create.c:454 [0xa3df9] in libc.so.6
=========         Host Frame: __clone3 in clone3.S:78 [0x1375cb] in libc.so.6
========= 
========= Use-after-free on allocation of size 8 bytes at 0x1ff40b6a00
=========     Address 0x1ff40b6a00 is potentially accessed after it is free'd
=========     
=========     Saved host backtrace up to driver entry point at kernel launch time
=========         Host Frame: ohmnivore::RunEmi03ResidentTransient(ohmnivore::MnaSystem const&, ohmnivore::TranAnalysis const&, ohmnivore::TransientExecutionLimits const&) [0x7b5c8f] in emi03_resident_test
=========         Host Frame: ohmnivore::(anonymous namespace)::Emi03Resident_ConcurrentJobsKeepStateAndFailureOwnershipPrivate_Test::TestBody()::{lambda()#1}::operator()() const [0x796f26] in emi03_resident_test
=========         Host Frame: std::_Function_handler<std::unique_ptr<std::__future_base::_Result_base, std::__future_base::_Result_base::_Deleter> (), std::__future_base::_Task_setter<std::unique_ptr<std::__future_base::_Result<void>, std::__future_base::_Result_base::_Deleter>, std::thread::_Invoker<std::tuple<ohmnivore::(anonymous namespace)::Emi03Resident_ConcurrentJobsKeepStateAndFailureOwnershipPrivate_Test::TestBody()::{lambda()#1}> >, void> >::_M_invoke(std::_Any_data const&) [0x797eeb] in emi03_resident_test
=========         Host Frame: std::__future_base::_State_baseV2::_M_do_set(std::function<std::unique_ptr<std::__future_base::_Result_base, std::__future_base::_Result_base::_Deleter> ()>*, bool*) [0x7833de] in emi03_resident_test
=========         Host Frame: __pthread_once_slow in pthread_once.c:116 [0xa9513] in libc.so.6
=========         Host Frame: pthread_once in pthread_once.c:143 [0xa9588] in libc.so.6
=========         Host Frame: std::__future_base::_Async_state_impl<std::thread::_Invoker<std::tuple<ohmnivore::(anonymous namespace)::Emi03Resident_ConcurrentJobsKeepStateAndFailureOwnershipPrivate_Test::TestBody()::{lambda()#1}> >, void>::_M_run() [0x784f11] in emi03_resident_test
=========         Host Frame: execute_native_thread_routine in thread.cc:104 [0x694eef3] in emi03_resident_test
=========         Host Frame: start_thread in pthread_create.c:454 [0xa3df9] in libc.so.6
=========         Host Frame: __clone3 in clone3.S:78 [0x1375cb] in libc.so.6
=========     
=========     Saved host backtrace up to driver entry point at cudaFreeAsync time
=========         Host Frame: cudaFreeAsync [0x6940fcf] in emi03_resident_test
=========         Host Frame: ohmnivore::(anonymous namespace)::Free(ohmnivore::(anonymous namespace)::JobState&, void*, unsigned long, bool) [0x7a0a4a] in emi03_resident_test
=========         Host Frame: ohmnivore::emi03_cuda_internal::FreeDevice(void*, unsigned long) [0x7a0df2] in emi03_resident_test
=========         Host Frame: ohmnivore::RunEmi03ResidentTransient(ohmnivore::MnaSystem const&, ohmnivore::TranAnalysis const&, ohmnivore::TransientExecutionLimits const&) [0x7b5800] in emi03_resident_test
=========         Host Frame: ohmnivore::(anonymous namespace)::Emi03Resident_ConcurrentJobsKeepStateAndFailureOwnershipPrivate_Test::TestBody()::{lambda()#1}::operator()() const [0x796f26] in emi03_resident_test
=========         Host Frame: std::_Function_handler<std::unique_ptr<std::__future_base::_Result_base, std::__future_base::_Result_base::_Deleter> (), std::__future_base::_Task_setter<std::unique_ptr<std::__future_base::_Result<void>, std::__future_base::_Result_base::_Deleter>, std::thread::_Invoker<std::tuple<ohmnivore::(anonymous namespace)::Emi03Resident_ConcurrentJobsKeepStateAndFailureOwnershipPrivate_Test::TestBody()::{lambda()#1}> >, void> >::_M_invoke(std::_Any_data const&) [0x797eeb] in emi03_resident_test
=========         Host Frame: std::__future_base::_State_baseV2::_M_do_set(std::function<std::unique_ptr<std::__future_base::_Result_base, std::__future_base::_Result_base::_Deleter> ()>*, bool*) [0x7833de] in emi03_resident_test
=========         Host Frame: __pthread_once_slow in pthread_once.c:116 [0xa9513] in libc.so.6
=========         Host Frame: pthread_once in pthread_once.c:143 [0xa9588] in libc.so.6
=========         Host Frame: std::__future_base::_Async_state_impl<std::thread::_Invoker<std::tuple<ohmnivore::(anonymous namespace)::Emi03Resident_ConcurrentJobsKeepStateAndFailureOwnershipPrivate_Test::TestBody()::{lambda()#1}> >, void>::_M_run() [0x784f11] in emi03_resident_test
=========         Host Frame: execute_native_thread_routine in thread.cc:104 [0x694eef3] in emi03_resident_test
=========         Host Frame: start_thread in pthread_create.c:454 [0xa3df9] in libc.so.6
=========         Host Frame: __clone3 in clone3.S:78 [0x1375cb] in libc.so.6
========= 
========= Use-after-free on allocation of size 8 bytes at 0x1ff40b6a00
=========     Address 0x1ff40b6a00 is potentially accessed after it is free'd
=========     
=========     Saved host backtrace up to driver entry point at kernel launch time
=========         Host Frame: ohmnivore::RunEmi03ResidentTransient(ohmnivore::MnaSystem const&, ohmnivore::TranAnalysis const&, ohmnivore::TransientExecutionLimits const&) [0x7b5c8f] in emi03_resident_test
=========         Host Frame: ohmnivore::(anonymous namespace)::Emi03Resident_ConcurrentJobsKeepStateAndFailureOwnershipPrivate_Test::TestBody()::{lambda()#1}::operator()() const [0x796f26] in emi03_resident_test
=========         Host Frame: std::_Function_handler<std::unique_ptr<std::__future_base::_Result_base, std::__future_base::_Result_base::_Deleter> (), std::__future_base::_Task_setter<std::unique_ptr<std::__future_base::_Result<void>, std::__future_base::_Result_base::_Deleter>, std::thread::_Invoker<std::tuple<ohmnivore::(anonymous namespace)::Emi03Resident_ConcurrentJobsKeepStateAndFailureOwnershipPrivate_Test::TestBody()::{lambda()#1}> >, void> >::_M_invoke(std::_Any_data const&) [0x797eeb] in emi03_resident_test
=========         Host Frame: std::__future_base::_State_baseV2::_M_do_set(std::function<std::unique_ptr<std::__future_base::_Result_base, std::__future_base::_Result_base::_Deleter> ()>*, bool*) [0x7833de] in emi03_resident_test
=========         Host Frame: __pthread_once_slow in pthread_once.c:116 [0xa9513] in libc.so.6
=========         Host Frame: pthread_once in pthread_once.c:143 [0xa9588] in libc.so.6
=========         Host Frame: std::__future_base::_Async_state_impl<std::thread::_Invoker<std::tuple<ohmnivore::(anonymous namespace)::Emi03Resident_ConcurrentJobsKeepStateAndFailureOwnershipPrivate_Test::TestBody()::{lambda()#1}> >, void>::_M_run() [0x784f11] in emi03_resident_test
=========         Host Frame: execute_native_thread_routine in thread.cc:104 [0x694eef3] in emi03_resident_test
=========         Host Frame: start_thread in pthread_create.c:454 [0xa3df9] in libc.so.6
=========         Host Frame: __clone3 in clone3.S:78 [0x1375cb] in libc.so.6
=========     
=========     Saved host backtrace up to driver entry point at cudaFreeAsync time
=========         Host Frame: cudaFreeAsync [0x6940fcf] in emi03_resident_test
=========         Host Frame: ohmnivore::(anonymous namespace)::Free(ohmnivore::(anonymous namespace)::JobState&, void*, unsigned long, bool) [0x7a0a4a] in emi03_resident_test
=========         Host Frame: ohmnivore::emi03_cuda_internal::FreeDevice(void*, unsigned long) [0x7a0df2] in emi03_resident_test
=========         Host Frame: ohmnivore::RunEmi03ResidentTransient(ohmnivore::MnaSystem const&, ohmnivore::TranAnalysis const&, ohmnivore::TransientExecutionLimits const&) [0x7b5800] in emi03_resident_test
=========         Host Frame: ohmnivore::(anonymous namespace)::Emi03Resident_ConcurrentJobsKeepStateAndFailureOwnershipPrivate_Test::TestBody()::{lambda()#1}::operator()() const [0x796f26] in emi03_resident_test
=========         Host Frame: std::_Function_handler<std::unique_ptr<std::__future_base::_Result_base, std::__future_base::_Result_base::_Deleter> (), std::__future_base::_Task_setter<std::unique_ptr<std::__future_base::_Result<void>, std::__future_base::_Result_base::_Deleter>, std::thread::_Invoker<std::tuple<ohmnivore::(anonymous namespace)::Emi03Resident_ConcurrentJobsKeepStateAndFailureOwnershipPrivate_Test::TestBody()::{lambda()#1}> >, void> >::_M_invoke(std::_Any_data const&) [0x797eeb] in emi03_resident_test
=========         Host Frame: std::__future_base::_State_baseV2::_M_do_set(std::function<std::unique_ptr<std::__future_base::_Result_base, std::__future_base::_Result_base::_Deleter> ()>*, bool*) [0x7833de] in emi03_resident_test
=========         Host Frame: __pthread_once_slow in pthread_once.c:116 [0xa9513] in libc.so.6
=========         Host Frame: pthread_once in pthread_once.c:143 [0xa9588] in libc.so.6
=========         Host Frame: std::__future_base::_Async_state_impl<std::thread::_Invoker<std::tuple<ohmnivore::(anonymous namespace)::Emi03Resident_ConcurrentJobsKeepStateAndFailureOwnershipPrivate_Test::TestBody()::{lambda()#1}> >, void>::_M_run() [0x784f11] in emi03_resident_test
=========         Host Frame: execute_native_thread_routine in thread.cc:104 [0x694eef3] in emi03_resident_test
=========         Host Frame: start_thread in pthread_create.c:454 [0xa3df9] in libc.so.6
=========         Host Frame: __clone3 in clone3.S:78 [0x1375cb] in libc.so.6
========= 
========= Use-after-free on allocation of size 20 bytes at 0x1ff40bcc00
=========     Address 0x1ff40bcc00 is potentially accessed after it is free'd
=========     
=========     Saved host backtrace up to driver entry point at kernel launch time
=========         Host Frame: ohmnivore::RunEmi03ResidentTransient(ohmnivore::MnaSystem const&, ohmnivore::TranAnalysis const&, ohmnivore::TransientExecutionLimits const&) [0x7b5c8f] in emi03_resident_test
=========         Host Frame: ohmnivore::(anonymous namespace)::Emi03Resident_ConcurrentJobsKeepStateAndFailureOwnershipPrivate_Test::TestBody()::{lambda()#1}::operator()() const [0x796f26] in emi03_resident_test
=========         Host Frame: std::_Function_handler<std::unique_ptr<std::__future_base::_Result_base, std::__future_base::_Result_base::_Deleter> (), std::__future_base::_Task_setter<std::unique_ptr<std::__future_base::_Result<void>, std::__future_base::_Result_base::_Deleter>, std::thread::_Invoker<std::tuple<ohmnivore::(anonymous namespace)::Emi03Resident_ConcurrentJobsKeepStateAndFailureOwnershipPrivate_Test::TestBody()::{lambda()#1}> >, void> >::_M_invoke(std::_Any_data const&) [0x797eeb] in emi03_resident_test
=========         Host Frame: std::__future_base::_State_baseV2::_M_do_set(std::function<std::unique_ptr<std::__future_base::_Result_base, std::__future_base::_Result_base::_Deleter> ()>*, bool*) [0x7833de] in emi03_resident_test
=========         Host Frame: __pthread_once_slow in pthread_once.c:116 [0xa9513] in libc.so.6
=========         Host Frame: pthread_once in pthread_once.c:143 [0xa9588] in libc.so.6
=========         Host Frame: std::__future_base::_Async_state_impl<std::thread::_Invoker<std::tuple<ohmnivore::(anonymous namespace)::Emi03Resident_ConcurrentJobsKeepStateAndFailureOwnershipPrivate_Test::TestBody()::{lambda()#1}> >, void>::_M_run() [0x784f11] in emi03_resident_test
=========         Host Frame: execute_native_thread_routine in thread.cc:104 [0x694eef3] in emi03_resident_test
=========         Host Frame: start_thread in pthread_create.c:454 [0xa3df9] in libc.so.6
=========         Host Frame: __clone3 in clone3.S:78 [0x1375cb] in libc.so.6
=========     
=========     Saved host backtrace up to driver entry point at cudaFreeAsync time
=========         Host Frame: cudaFreeAsync [0x6940fcf] in emi03_resident_test
=========         Host Frame: ohmnivore::(anonymous namespace)::Free(ohmnivore::(anonymous namespace)::JobState&, void*, unsigned long, bool) [0x7a0a4a] in emi03_resident_test
=========         Host Frame: ohmnivore::emi03_cuda_internal::FreeDevice(void*, unsigned long) [0x7a0df2] in emi03_resident_test
=========         Host Frame: ohmnivore::RunEmi03ResidentTransient(ohmnivore::MnaSystem const&, ohmnivore::TranAnalysis const&, ohmnivore::TransientExecutionLimits const&) [0x7b5800] in emi03_resident_test
=========         Host Frame: ohmnivore::(anonymous namespace)::Emi03Resident_ConcurrentJobsKeepStateAndFailureOwnershipPrivate_Test::TestBody()::{lambda()#1}::operator()() const [0x796f26] in emi03_resident_test
=========         Host Frame: std::_Function_handler<std::unique_ptr<std::__future_base::_Result_base, std::__future_base::_Result_base::_Deleter> (), std::__future_base::_Task_setter<std::unique_ptr<std::__future_base::_Result<void>, std::__future_base::_Result_base::_Deleter>, std::thread::_Invoker<std::tuple<ohmnivore::(anonymous namespace)::Emi03Resident_ConcurrentJobsKeepStateAndFailureOwnershipPrivate_Test::TestBody()::{lambda()#1}> >, void> >::_M_invoke(std::_Any_data const&) [0x797eeb] in emi03_resident_test
=========         Host Frame: std::__future_base::_State_baseV2::_M_do_set(std::function<std::unique_ptr<std::__future_base::_Result_base, std::__future_base::_Result_base::_Deleter> ()>*, bool*) [0x7833de] in emi03_resident_test
=========         Host Frame: __pthread_once_slow in pthread_once.c:116 [0xa9513] in libc.so.6
=========         Host Frame: pthread_once in pthread_once.c:143 [0xa9588] in libc.so.6
=========         Host Frame: std::__future_base::_Async_state_impl<std::thread::_Invoker<std::tuple<ohmnivore::(anonymous namespace)::Emi03Resident_ConcurrentJobsKeepStateAndFailureOwnershipPrivate_Test::TestBody()::{lambda()#1}> >, void>::_M_run() [0x784f11] in emi03_resident_test
=========         Host Frame: execute_native_thread_routine in thread.cc:104 [0x694eef3] in emi03_resident_test
=========         Host Frame: start_thread in pthread_create.c:454 [0xa3df9] in libc.so.6
=========         Host Frame: __clone3 in clone3.S:78 [0x1375cb] in libc.so.6
========= 
========= Use-after-free on allocation of size 20 bytes at 0x1ff40bcc00
=========     Address 0x1ff40bcc00 is potentially accessed after it is free'd
=========     
=========     Saved host backtrace up to driver entry point at kernel launch time
=========         Host Frame: ohmnivore::RunEmi03ResidentTransient(ohmnivore::MnaSystem const&, ohmnivore::TranAnalysis const&, ohmnivore::TransientExecutionLimits const&) [0x7b5c8f] in emi03_resident_test
=========         Host Frame: ohmnivore::(anonymous namespace)::Emi03Resident_ConcurrentJobsKeepStateAndFailureOwnershipPrivate_Test::TestBody()::{lambda()#1}::operator()() const [0x796f26] in emi03_resident_test
=========         Host Frame: std::_Function_handler<std::unique_ptr<std::__future_base::_Result_base, std::__future_base::_Result_base::_Deleter> (), std::__future_base::_Task_setter<std::unique_ptr<std::__future_base::_Result<void>, std::__future_base::_Result_base::_Deleter>, std::thread::_Invoker<std::tuple<ohmnivore::(anonymous namespace)::Emi03Resident_ConcurrentJobsKeepStateAndFailureOwnershipPrivate_Test::TestBody()::{lambda()#1}> >, void> >::_M_invoke(std::_Any_data const&) [0x797eeb] in emi03_resident_test
=========         Host Frame: std::__future_base::_State_baseV2::_M_do_set(std::function<std::unique_ptr<std::__future_base::_Result_base, std::__future_base::_Result_base::_Deleter> ()>*, bool*) [0x7833de] in emi03_resident_test
=========         Host Frame: __pthread_once_slow in pthread_once.c:116 [0xa9513] in libc.so.6
=========         Host Frame: pthread_once in pthread_once.c:143 [0xa9588] in libc.so.6
=========         Host Frame: std::__future_base::_Async_state_impl<std::thread::_Invoker<std::tuple<ohmnivore::(anonymous namespace)::Emi03Resident_ConcurrentJobsKeepStateAndFailureOwnershipPrivate_Test::TestBody()::{lambda()#1}> >, void>::_M_run() [0x784f11] in emi03_resident_test
=========         Host Frame: execute_native_thread_routine in thread.cc:104 [0x694eef3] in emi03_resident_test
=========         Host Frame: start_thread in pthread_create.c:454 [0xa3df9] in libc.so.6
=========         Host Frame: __clone3 in clone3.S:78 [0x1375cb] in libc.so.6
=========     
=========     Saved host backtrace up to driver entry point at cudaFreeAsync time
=========         Host Frame: cudaFreeAsync [0x6940fcf] in emi03_resident_test
=========         Host Frame: ohmnivore::(anonymous namespace)::Free(ohmnivore::(anonymous namespace)::JobState&, void*, unsigned long, bool) [0x7a0a4a] in emi03_resident_test
=========         Host Frame: ohmnivore::emi03_cuda_internal::FreeDevice(void*, unsigned long) [0x7a0df2] in emi03_resident_test
=========         Host Frame: ohmnivore::RunEmi03ResidentTransient(ohmnivore::MnaSystem const&, ohmnivore::TranAnalysis const&, ohmnivore::TransientExecutionLimits const&) [0x7b5800] in emi03_resident_test
=========         Host Frame: ohmnivore::(anonymous namespace)::Emi03Resident_ConcurrentJobsKeepStateAndFailureOwnershipPrivate_Test::TestBody()::{lambda()#1}::operator()() const [0x796f26] in emi03_resident_test
=========         Host Frame: std::_Function_handler<std::unique_ptr<std::__future_base::_Result_base, std::__future_base::_Result_base::_Deleter> (), std::__future_base::_Task_setter<std::unique_ptr<std::__future_base::_Result<void>, std::__future_base::_Result_base::_Deleter>, std::thread::_Invoker<std::tuple<ohmnivore::(anonymous namespace)::Emi03Resident_ConcurrentJobsKeepStateAndFailureOwnershipPrivate_Test::TestBody()::{lambda()#1}> >, void> >::_M_invoke(std::_Any_data const&) [0x797eeb] in emi03_resident_test
=========         Host Frame: std::__future_base::_State_baseV2::_M_do_set(std::function<std::unique_ptr<std::__future_base::_Result_base, std::__future_base::_Result_base::_Deleter> ()>*, bool*) [0x7833de] in emi03_resident_test
=========         Host Frame: __pthread_once_slow in pthread_once.c:116 [0xa9513] in libc.so.6
=========         Host Frame: pthread_once in pthread_once.c:143 [0xa9588] in libc.so.6
=========         Host Frame: std::__future_base::_Async_state_impl<std::thread::_Invoker<std::tuple<ohmnivore::(anonymous namespace)::Emi03Resident_ConcurrentJobsKeepStateAndFailureOwnershipPrivate_Test::TestBody()::{lambda()#1}> >, void>::_M_run() [0x784f11] in emi03_resident_test
=========         Host Frame: execute_native_thread_routine in thread.cc:104 [0x694eef3] in emi03_resident_test
=========         Host Frame: start_thread in pthread_create.c:454 [0xa3df9] in libc.so.6
=========         Host Frame: __clone3 in clone3.S:78 [0x1375cb] in libc.so.6
========= 
========= Use-after-free on allocation of size 8 bytes at 0x1ff40fb600
=========     Address 0x1ff40fb600 is potentially accessed after it is free'd
=========     
=========     Saved host backtrace up to driver entry point at kernel launch time
=========         Host Frame: ohmnivore::RunEmi03ResidentTransient(ohmnivore::MnaSystem const&, ohmnivore::TranAnalysis const&, ohmnivore::TransientExecutionLimits const&) [0x7b5c8f] in emi03_resident_test
=========         Host Frame: ohmnivore::(anonymous namespace)::Emi03Resident_ConcurrentJobsKeepStateAndFailureOwnershipPrivate_Test::TestBody()::{lambda()#1}::operator()() const [0x796f26] in emi03_resident_test
=========         Host Frame: std::_Function_handler<std::unique_ptr<std::__future_base::_Result_base, std::__future_base::_Result_base::_Deleter> (), std::__future_base::_Task_setter<std::unique_ptr<std::__future_base::_Result<void>, std::__future_base::_Result_base::_Deleter>, std::thread::_Invoker<std::tuple<ohmnivore::(anonymous namespace)::Emi03Resident_ConcurrentJobsKeepStateAndFailureOwnershipPrivate_Test::TestBody()::{lambda()#1}> >, void> >::_M_invoke(std::_Any_data const&) [0x797eeb] in emi03_resident_test
=========         Host Frame: std::__future_base::_State_baseV2::_M_do_set(std::function<std::unique_ptr<std::__future_base::_Result_base, std::__future_base::_Result_base::_Deleter> ()>*, bool*) [0x7833de] in emi03_resident_test
=========         Host Frame: __pthread_once_slow in pthread_once.c:116 [0xa9513] in libc.so.6
=========         Host Frame: pthread_once in pthread_once.c:143 [0xa9588] in libc.so.6
=========         Host Frame: std::__future_base::_Async_state_impl<std::thread::_Invoker<std::tuple<ohmnivore::(anonymous namespace)::Emi03Resident_ConcurrentJobsKeepStateAndFailureOwnershipPrivate_Test::TestBody()::{lambda()#1}> >, void>::_M_run() [0x784f11] in emi03_resident_test
=========         Host Frame: execute_native_thread_routine in thread.cc:104 [0x694eef3] in emi03_resident_test
=========         Host Frame: start_thread in pthread_create.c:454 [0xa3df9] in libc.so.6
=========         Host Frame: __clone3 in clone3.S:78 [0x1375cb] in libc.so.6
=========     
=========     Saved host backtrace up to driver entry point at cudaFreeAsync time
=========         Host Frame: cudaFreeAsync [0x6940fcf] in emi03_resident_test
=========         Host Frame: ohmnivore::(anonymous namespace)::Free(ohmnivore::(anonymous namespace)::JobState&, void*, unsigned long, bool) [0x7a0a4a] in emi03_resident_test
=========         Host Frame: ohmnivore::emi03_cuda_internal::FreeDevice(void*, unsigned long) [0x7a0df2] in emi03_resident_test
=========         Host Frame: ohmnivore::RunEmi03ResidentTransient(ohmnivore::MnaSystem const&, ohmnivore::TranAnalysis const&, ohmnivore::TransientExecutionLimits const&) [0x7b5800] in emi03_resident_test
=========         Host Frame: ohmnivore::(anonymous namespace)::Emi03Resident_ConcurrentJobsKeepStateAndFailureOwnershipPrivate_Test::TestBody()::{lambda()#1}::operator()() const [0x796f26] in emi03_resident_test
=========         Host Frame: std::_Function_handler<std::unique_ptr<std::__future_base::_Result_base, std::__future_base::_Result_base::_Deleter> (), std::__future_base::_Task_setter<std::unique_ptr<std::__future_base::_Result<void>, std::__future_base::_Result_base::_Deleter>, std::thread::_Invoker<std::tuple<ohmnivore::(anonymous namespace)::Emi03Resident_ConcurrentJobsKeepStateAndFailureOwnershipPrivate_Test::TestBody()::{lambda()#1}> >, void> >::_M_invoke(std::_Any_data const&) [0x797eeb] in emi03_resident_test
=========         Host Frame: std::__future_base::_State_baseV2::_M_do_set(std::function<std::unique_ptr<std::__future_base::_Result_base, std::__future_base::_Result_base::_Deleter> ()>*, bool*) [0x7833de] in emi03_resident_test
=========         Host Frame: __pthread_once_slow in pthread_once.c:116 [0xa9513] in libc.so.6
=========         Host Frame: pthread_once in pthread_once.c:143 [0xa9588] in libc.so.6
=========         Host Frame: std::__future_base::_Async_state_impl<std::thread::_Invoker<std::tuple<ohmnivore::(anonymous namespace)::Emi03Resident_ConcurrentJobsKeepStateAndFailureOwnershipPrivate_Test::TestBody()::{lambda()#1}> >, void>::_M_run() [0x784f11] in emi03_resident_test
=========         Host Frame: execute_native_thread_routine in thread.cc:104 [0x694eef3] in emi03_resident_test
=========         Host Frame: start_thread in pthread_create.c:454 [0xa3df9] in libc.so.6
=========         Host Frame: __clone3 in clone3.S:78 [0x1375cb] in libc.so.6
========= 
========= Use-after-free on allocation of size 8 bytes at 0x1ff40fb600
=========     Address 0x1ff40fb600 is potentially accessed after it is free'd
=========     
=========     Saved host backtrace up to driver entry point at kernel launch time
=========         Host Frame: ohmnivore::RunEmi03ResidentTransient(ohmnivore::MnaSystem const&, ohmnivore::TranAnalysis const&, ohmnivore::TransientExecutionLimits const&) [0x7b5c8f] in emi03_resident_test
=========         Host Frame: ohmnivore::(anonymous namespace)::Emi03Resident_ConcurrentJobsKeepStateAndFailureOwnershipPrivate_Test::TestBody()::{lambda()#1}::operator()() const [0x796f26] in emi03_resident_test
=========         Host Frame: std::_Function_handler<std::unique_ptr<std::__future_base::_Result_base, std::__future_base::_Result_base::_Deleter> (), std::__future_base::_Task_setter<std::unique_ptr<std::__future_base::_Result<void>, std::__future_base::_Result_base::_Deleter>, std::thread::_Invoker<std::tuple<ohmnivore::(anonymous namespace)::Emi03Resident_ConcurrentJobsKeepStateAndFailureOwnershipPrivate_Test::TestBody()::{lambda()#1}> >, void> >::_M_invoke(std::_Any_data const&) [0x797eeb] in emi03_resident_test
=========         Host Frame: std::__future_base::_State_baseV2::_M_do_set(std::function<std::unique_ptr<std::__future_base::_Result_base, std::__future_base::_Result_base::_Deleter> ()>*, bool*) [0x7833de] in emi03_resident_test
=========         Host Frame: __pthread_once_slow in pthread_once.c:116 [0xa9513] in libc.so.6
=========         Host Frame: pthread_once in pthread_once.c:143 [0xa9588] in libc.so.6
=========         Host Frame: std::__future_base::_Async_state_impl<std::thread::_Invoker<std::tuple<ohmnivore::(anonymous namespace)::Emi03Resident_ConcurrentJobsKeepStateAndFailureOwnershipPrivate_Test::TestBody()::{lambda()#1}> >, void>::_M_run() [0x784f11] in emi03_resident_test
=========         Host Frame: execute_native_thread_routine in thread.cc:104 [0x694eef3] in emi03_resident_test
=========         Host Frame: start_thread in pthread_create.c:454 [0xa3df9] in libc.so.6
=========         Host Frame: __clone3 in clone3.S:78 [0x1375cb] in libc.so.6
=========     
=========     Saved host backtrace up to driver entry point at cudaFreeAsync time
=========         Host Frame: cudaFreeAsync [0x6940fcf] in emi03_resident_test
=========         Host Frame: ohmnivore::(anonymous namespace)::Free(ohmnivore::(anonymous namespace)::JobState&, void*, unsigned long, bool) [0x7a0a4a] in emi03_resident_test
=========         Host Frame: ohmnivore::emi03_cuda_internal::FreeDevice(void*, unsigned long) [0x7a0df2] in emi03_resident_test
=========         Host Frame: ohmnivore::RunEmi03ResidentTransient(ohmnivore::MnaSystem const&, ohmnivore::TranAnalysis const&, ohmnivore::TransientExecutionLimits const&) [0x7b5800] in emi03_resident_test
=========         Host Frame: ohmnivore::(anonymous namespace)::Emi03Resident_ConcurrentJobsKeepStateAndFailureOwnershipPrivate_Test::TestBody()::{lambda()#1}::operator()() const [0x796f26] in emi03_resident_test
=========         Host Frame: std::_Function_handler<std::unique_ptr<std::__future_base::_Result_base, std::__future_base::_Result_base::_Deleter> (), std::__future_base::_Task_setter<std::unique_ptr<std::__future_base::_Result<void>, std::__future_base::_Result_base::_Deleter>, std::thread::_Invoker<std::tuple<ohmnivore::(anonymous namespace)::Emi03Resident_ConcurrentJobsKeepStateAndFailureOwnershipPrivate_Test::TestBody()::{lambda()#1}> >, void> >::_M_invoke(std::_Any_data const&) [0x797eeb] in emi03_resident_test
=========         Host Frame: std::__future_base::_State_baseV2::_M_do_set(std::function<std::unique_ptr<std::__future_base::_Result_base, std::__future_base::_Result_base::_Deleter> ()>*, bool*) [0x7833de] in emi03_resident_test
=========         Host Frame: __pthread_once_slow in pthread_once.c:116 [0xa9513] in libc.so.6
=========         Host Frame: pthread_once in pthread_once.c:143 [0xa9588] in libc.so.6
=========         Host Frame: std::__future_base::_Async_state_impl<std::thread::_Invoker<std::tuple<ohmnivore::(anonymous namespace)::Emi03Resident_ConcurrentJobsKeepStateAndFailureOwnershipPrivate_Test::TestBody()::{lambda()#1}> >, void>::_M_run() [0x784f11] in emi03_resident_test
=========         Host Frame: execute_native_thread_routine in thread.cc:104 [0x694eef3] in emi03_resident_test
=========         Host Frame: start_thread in pthread_create.c:454 [0xa3df9] in libc.so.6
=========         Host Frame: __clone3 in clone3.S:78 [0x1375cb] in libc.so.6
========= 
========= Use-after-free on allocation of size 52 bytes at 0x1ff40a3200
=========     Address 0x1ff40a3200 is potentially accessed after it is free'd
=========     
=========     Saved host backtrace up to driver entry point at kernel launch time
=========         Host Frame: ohmnivore::RunEmi03ResidentTransient(ohmnivore::MnaSystem const&, ohmnivore::TranAnalysis const&, ohmnivore::TransientExecutionLimits const&) [0x7b5c8f] in emi03_resident_test
=========         Host Frame: ohmnivore::(anonymous namespace)::Emi03Resident_ConcurrentJobsKeepStateAndFailureOwnershipPrivate_Test::TestBody()::{lambda()#1}::operator()() const [0x796f26] in emi03_resident_test
=========         Host Frame: std::_Function_handler<std::unique_ptr<std::__future_base::_Result_base, std::__future_base::_Result_base::_Deleter> (), std::__future_base::_Task_setter<std::unique_ptr<std::__future_base::_Result<void>, std::__future_base::_Result_base::_Deleter>, std::thread::_Invoker<std::tuple<ohmnivore::(anonymous namespace)::Emi03Resident_ConcurrentJobsKeepStateAndFailureOwnershipPrivate_Test::TestBody()::{lambda()#1}> >, void> >::_M_invoke(std::_Any_data const&) [0x797eeb] in emi03_resident_test
=========         Host Frame: std::__future_base::_State_baseV2::_M_do_set(std::function<std::unique_ptr<std::__future_base::_Result_base, std::__future_base::_Result_base::_Deleter> ()>*, bool*) [0x7833de] in emi03_resident_test
=========         Host Frame: __pthread_once_slow in pthread_once.c:116 [0xa9513] in libc.so.6
=========         Host Frame: pthread_once in pthread_once.c:143 [0xa9588] in libc.so.6
=========         Host Frame: std::__future_base::_Async_state_impl<std::thread::_Invoker<std::tuple<ohmnivore::(anonymous namespace)::Emi03Resident_ConcurrentJobsKeepStateAndFailureOwnershipPrivate_Test::TestBody()::{lambda()#1}> >, void>::_M_run() [0x784f11] in emi03_resident_test
=========         Host Frame: execute_native_thread_routine in thread.cc:104 [0x694eef3] in emi03_resident_test
=========         Host Frame: start_thread in pthread_create.c:454 [0xa3df9] in libc.so.6
=========         Host Frame: __clone3 in clone3.S:78 [0x1375cb] in libc.so.6
=========     
=========     Saved host backtrace up to driver entry point at cudaFreeAsync time
=========         Host Frame: cudaFreeAsync [0x6940fcf] in emi03_resident_test
=========         Host Frame: ohmnivore::(anonymous namespace)::Free(ohmnivore::(anonymous namespace)::JobState&, void*, unsigned long, bool) [0x7a0a4a] in emi03_resident_test
=========         Host Frame: ohmnivore::emi03_cuda_internal::FreeDevice(void*, unsigned long) [0x7a0df2] in emi03_resident_test
=========         Host Frame: ohmnivore::RunEmi03ResidentTransient(ohmnivore::MnaSystem const&, ohmnivore::TranAnalysis const&, ohmnivore::TransientExecutionLimits const&) [0x7b5800] in emi03_resident_test
=========         Host Frame: ohmnivore::(anonymous namespace)::Emi03Resident_ConcurrentJobsKeepStateAndFailureOwnershipPrivate_Test::TestBody()::{lambda()#1}::operator()() const [0x796f26] in emi03_resident_test
=========         Host Frame: std::_Function_handler<std::unique_ptr<std::__future_base::_Result_base, std::__future_base::_Result_base::_Deleter> (), std::__future_base::_Task_setter<std::unique_ptr<std::__future_base::_Result<void>, std::__future_base::_Result_base::_Deleter>, std::thread::_Invoker<std::tuple<ohmnivore::(anonymous namespace)::Emi03Resident_ConcurrentJobsKeepStateAndFailureOwnershipPrivate_Test::TestBody()::{lambda()#1}> >, void> >::_M_invoke(std::_Any_data const&) [0x797eeb] in emi03_resident_test
=========         Host Frame: std::__future_base::_State_baseV2::_M_do_set(std::function<std::unique_ptr<std::__future_base::_Result_base, std::__future_base::_Result_base::_Deleter> ()>*, bool*) [0x7833de] in emi03_resident_test
=========         Host Frame: __pthread_once_slow in pthread_once.c:116 [0xa9513] in libc.so.6
=========         Host Frame: pthread_once in pthread_once.c:143 [0xa9588] in libc.so.6
=========         Host Frame: std::__future_base::_Async_state_impl<std::thread::_Invoker<std::tuple<ohmnivore::(anonymous namespace)::Emi03Resident_ConcurrentJobsKeepStateAndFailureOwnershipPrivate_Test::TestBody()::{lambda()#1}> >, void>::_M_run() [0x784f11] in emi03_resident_test
=========         Host Frame: execute_native_thread_routine in thread.cc:104 [0x694eef3] in emi03_resident_test
=========         Host Frame: start_thread in pthread_create.c:454 [0xa3df9] in libc.so.6
=========         Host Frame: __clone3 in clone3.S:78 [0x1375cb] in libc.so.6
========= 
========= Use-after-free on allocation of size 52 bytes at 0x1ff40a3200
=========     Address 0x1ff40a3200 is potentially accessed after it is free'd
=========     
=========     Saved host backtrace up to driver entry point at kernel launch time
=========         Host Frame: ohmnivore::RunEmi03ResidentTransient(ohmnivore::MnaSystem const&, ohmnivore::TranAnalysis const&, ohmnivore::TransientExecutionLimits const&) [0x7b5c8f] in emi03_resident_test
=========         Host Frame: ohmnivore::(anonymous namespace)::Emi03Resident_ConcurrentJobsKeepStateAndFailureOwnershipPrivate_Test::TestBody()::{lambda()#1}::operator()() const [0x796f26] in emi03_resident_test
=========         Host Frame: std::_Function_handler<std::unique_ptr<std::__future_base::_Result_base, std::__future_base::_Result_base::_Deleter> (), std::__future_base::_Task_setter<std::unique_ptr<std::__future_base::_Result<void>, std::__future_base::_Result_base::_Deleter>, std::thread::_Invoker<std::tuple<ohmnivore::(anonymous namespace)::Emi03Resident_ConcurrentJobsKeepStateAndFailureOwnershipPrivate_Test::TestBody()::{lambda()#1}> >, void> >::_M_invoke(std::_Any_data const&) [0x797eeb] in emi03_resident_test
=========         Host Frame: std::__future_base::_State_baseV2::_M_do_set(std::function<std::unique_ptr<std::__future_base::_Result_base, std::__future_base::_Result_base::_Deleter> ()>*, bool*) [0x7833de] in emi03_resident_test
=========         Host Frame: __pthread_once_slow in pthread_once.c:116 [0xa9513] in libc.so.6
=========         Host Frame: pthread_once in pthread_once.c:143 [0xa9588] in libc.so.6
=========         Host Frame: std::__future_base::_Async_state_impl<std::thread::_Invoker<std::tuple<ohmnivore::(anonymous namespace)::Emi03Resident_ConcurrentJobsKeepStateAndFailureOwnershipPrivate_Test::TestBody()::{lambda()#1}> >, void>::_M_run() [0x784f11] in emi03_resident_test
=========         Host Frame: execute_native_thread_routine in thread.cc:104 [0x694eef3] in emi03_resident_test
=========         Host Frame: start_thread in pthread_create.c:454 [0xa3df9] in libc.so.6
=========         Host Frame: __clone3 in clone3.S:78 [0x1375cb] in libc.so.6
=========     
=========     Saved host backtrace up to driver entry point at cudaFreeAsync time
=========         Host Frame: cudaFreeAsync [0x6940fcf] in emi03_resident_test
=========         Host Frame: ohmnivore::(anonymous namespace)::Free(ohmnivore::(anonymous namespace)::JobState&, void*, unsigned long, bool) [0x7a0a4a] in emi03_resident_test
=========         Host Frame: ohmnivore::emi03_cuda_internal::FreeDevice(void*, unsigned long) [0x7a0df2] in emi03_resident_test
=========         Host Frame: ohmnivore::RunEmi03ResidentTransient(ohmnivore::MnaSystem const&, ohmnivore::TranAnalysis const&, ohmnivore::TransientExecutionLimits const&) [0x7b5800] in emi03_resident_test
=========         Host Frame: ohmnivore::(anonymous namespace)::Emi03Resident_ConcurrentJobsKeepStateAndFailureOwnershipPrivate_Test::TestBody()::{lambda()#1}::operator()() const [0x796f26] in emi03_resident_test
=========         Host Frame: std::_Function_handler<std::unique_ptr<std::__future_base::_Result_base, std::__future_base::_Result_base::_Deleter> (), std::__future_base::_Task_setter<std::unique_ptr<std::__future_base::_Result<void>, std::__future_base::_Result_base::_Deleter>, std::thread::_Invoker<std::tuple<ohmnivore::(anonymous namespace)::Emi03Resident_ConcurrentJobsKeepStateAndFailureOwnershipPrivate_Test::TestBody()::{lambda()#1}> >, void> >::_M_invoke(std::_Any_data const&) [0x797eeb] in emi03_resident_test
=========         Host Frame: std::__future_base::_State_baseV2::_M_do_set(std::function<std::unique_ptr<std::__future_base::_Result_base, std::__future_base::_Result_base::_Deleter> ()>*, bool*) [0x7833de] in emi03_resident_test
=========         Host Frame: __pthread_once_slow in pthread_once.c:116 [0xa9513] in libc.so.6
=========         Host Frame: pthread_once in pthread_once.c:143 [0xa9588] in libc.so.6
=========         Host Frame: std::__future_base::_Async_state_impl<std::thread::_Invoker<std::tuple<ohmnivore::(anonymous namespace)::Emi03Resident_ConcurrentJobsKeepStateAndFailureOwnershipPrivate_Test::TestBody()::{lambda()#1}> >, void>::_M_run() [0x784f11] in emi03_resident_test
=========         Host Frame: execute_native_thread_routine in thread.cc:104 [0x694eef3] in emi03_resident_test
=========         Host Frame: start_thread in pthread_create.c:454 [0xa3df9] in libc.so.6
=========         Host Frame: __clone3 in clone3.S:78 [0x1375cb] in libc.so.6
========= 
========= Use-after-free on allocation of size 104 bytes at 0x1ff40b5a00
=========     Address 0x1ff40b5a00 is potentially accessed after it is free'd
=========     
=========     Saved host backtrace up to driver entry point at kernel launch time
=========         Host Frame: ohmnivore::RunEmi03ResidentTransient(ohmnivore::MnaSystem const&, ohmnivore::TranAnalysis const&, ohmnivore::TransientExecutionLimits const&) [0x7b5c8f] in emi03_resident_test
=========         Host Frame: ohmnivore::(anonymous namespace)::Emi03Resident_ConcurrentJobsKeepStateAndFailureOwnershipPrivate_Test::TestBody()::{lambda()#1}::operator()() const [0x796f26] in emi03_resident_test
=========         Host Frame: std::_Function_handler<std::unique_ptr<std::__future_base::_Result_base, std::__future_base::_Result_base::_Deleter> (), std::__future_base::_Task_setter<std::unique_ptr<std::__future_base::_Result<void>, std::__future_base::_Result_base::_Deleter>, std::thread::_Invoker<std::tuple<ohmnivore::(anonymous namespace)::Emi03Resident_ConcurrentJobsKeepStateAndFailureOwnershipPrivate_Test::TestBody()::{lambda()#1}> >, void> >::_M_invoke(std::_Any_data const&) [0x797eeb] in emi03_resident_test
=========         Host Frame: std::__future_base::_State_baseV2::_M_do_set(std::function<std::unique_ptr<std::__future_base::_Result_base, std::__future_base::_Result_base::_Deleter> ()>*, bool*) [0x7833de] in emi03_resident_test
=========         Host Frame: __pthread_once_slow in pthread_once.c:116 [0xa9513] in libc.so.6
=========         Host Frame: pthread_once in pthread_once.c:143 [0xa9588] in libc.so.6
=========         Host Frame: std::__future_base::_Async_state_impl<std::thread::_Invoker<std::tuple<ohmnivore::(anonymous namespace)::Emi03Resident_ConcurrentJobsKeepStateAndFailureOwnershipPrivate_Test::TestBody()::{lambda()#1}> >, void>::_M_run() [0x784f11] in emi03_resident_test
=========         Host Frame: execute_native_thread_routine in thread.cc:104 [0x694eef3] in emi03_resident_test
=========         Host Frame: start_thread in pthread_create.c:454 [0xa3df9] in libc.so.6
=========         Host Frame: __clone3 in clone3.S:78 [0x1375cb] in libc.so.6
=========     
=========     Saved host backtrace up to driver entry point at cudaFreeAsync time
=========         Host Frame: cudaFreeAsync [0x6940fcf] in emi03_resident_test
=========         Host Frame: ohmnivore::(anonymous namespace)::Free(ohmnivore::(anonymous namespace)::JobState&, void*, unsigned long, bool) [0x7a0a4a] in emi03_resident_test
=========         Host Frame: ohmnivore::emi03_cuda_internal::FreeDevice(void*, unsigned long) [0x7a0df2] in emi03_resident_test
=========         Host Frame: ohmnivore::RunEmi03ResidentTransient(ohmnivore::MnaSystem const&, ohmnivore::TranAnalysis const&, ohmnivore::TransientExecutionLimits const&) [0x7b5800] in emi03_resident_test
=========         Host Frame: ohmnivore::(anonymous namespace)::Emi03Resident_ConcurrentJobsKeepStateAndFailureOwnershipPrivate_Test::TestBody()::{lambda()#1}::operator()() const [0x796f26] in emi03_resident_test
=========         Host Frame: std::_Function_handler<std::unique_ptr<std::__future_base::_Result_base, std::__future_base::_Result_base::_Deleter> (), std::__future_base::_Task_setter<std::unique_ptr<std::__future_base::_Result<void>, std::__future_base::_Result_base::_Deleter>, std::thread::_Invoker<std::tuple<ohmnivore::(anonymous namespace)::Emi03Resident_ConcurrentJobsKeepStateAndFailureOwnershipPrivate_Test::TestBody()::{lambda()#1}> >, void> >::_M_invoke(std::_Any_data const&) [0x797eeb] in emi03_resident_test
=========         Host Frame: std::__future_base::_State_baseV2::_M_do_set(std::function<std::unique_ptr<std::__future_base::_Result_base, std::__future_base::_Result_base::_Deleter> ()>*, bool*) [0x7833de] in emi03_resident_test
=========         Host Frame: __pthread_once_slow in pthread_once.c:116 [0xa9513] in libc.so.6
=========         Host Frame: pthread_once in pthread_once.c:143 [0xa9588] in libc.so.6
=========         Host Frame: std::__future_base::_Async_state_impl<std::thread::_Invoker<std::tuple<ohmnivore::(anonymous namespace)::Emi03Resident_ConcurrentJobsKeepStateAndFailureOwnershipPrivate_Test::TestBody()::{lambda()#1}> >, void>::_M_run() [0x784f11] in emi03_resident_test
=========         Host Frame: execute_native_thread_routine in thread.cc:104 [0x694eef3] in emi03_resident_test
=========         Host Frame: start_thread in pthread_create.c:454 [0xa3df9] in libc.so.6
=========         Host Frame: __clone3 in clone3.S:78 [0x1375cb] in libc.so.6
========= 
========= Use-after-free on allocation of size 104 bytes at 0x1ff40b5a00
=========     Address 0x1ff40b5a00 is potentially accessed after it is free'd
=========     
=========     Saved host backtrace up to driver entry point at kernel launch time
=========         Host Frame: ohmnivore::RunEmi03ResidentTransient(ohmnivore::MnaSystem const&, ohmnivore::TranAnalysis const&, ohmnivore::TransientExecutionLimits const&) [0x7b5c8f] in emi03_resident_test
=========         Host Frame: ohmnivore::(anonymous namespace)::Emi03Resident_ConcurrentJobsKeepStateAndFailureOwnershipPrivate_Test::TestBody()::{lambda()#1}::operator()() const [0x796f26] in emi03_resident_test
=========         Host Frame: std::_Function_handler<std::unique_ptr<std::__future_base::_Result_base, std::__future_base::_Result_base::_Deleter> (), std::__future_base::_Task_setter<std::unique_ptr<std::__future_base::_Result<void>, std::__future_base::_Result_base::_Deleter>, std::thread::_Invoker<std::tuple<ohmnivore::(anonymous namespace)::Emi03Resident_ConcurrentJobsKeepStateAndFailureOwnershipPrivate_Test::TestBody()::{lambda()#1}> >, void> >::_M_invoke(std::_Any_data const&) [0x797eeb] in emi03_resident_test
=========         Host Frame: std::__future_base::_State_baseV2::_M_do_set(std::function<std::unique_ptr<std::__future_base::_Result_base, std::__future_base::_Result_base::_Deleter> ()>*, bool*) [0x7833de] in emi03_resident_test
=========         Host Frame: __pthread_once_slow in pthread_once.c:116 [0xa9513] in libc.so.6
=========         Host Frame: pthread_once in pthread_once.c:143 [0xa9588] in libc.so.6
=========         Host Frame: std::__future_base::_Async_state_impl<std::thread::_Invoker<std::tuple<ohmnivore::(anonymous namespace)::Emi03Resident_ConcurrentJobsKeepStateAndFailureOwnershipPrivate_Test::TestBody()::{lambda()#1}> >, void>::_M_run() [0x784f11] in emi03_resident_test
=========         Host Frame: execute_native_thread_routine in thread.cc:104 [0x694eef3] in emi03_resident_test
=========         Host Frame: start_thread in pthread_create.c:454 [0xa3df9] in libc.so.6
=========         Host Frame: __clone3 in clone3.S:78 [0x1375cb] in libc.so.6
=========     
=========     Saved host backtrace up to driver entry point at cudaFreeAsync time
=========         Host Frame: cudaFreeAsync [0x6940fcf] in emi03_resident_test
=========         Host Frame: ohmnivore::(anonymous namespace)::Free(ohmnivore::(anonymous namespace)::JobState&, void*, unsigned long, bool) [0x7a0a4a] in emi03_resident_test
=========         Host Frame: ohmnivore::emi03_cuda_internal::FreeDevice(void*, unsigned long) [0x7a0df2] in emi03_resident_test
=========         Host Frame: ohmnivore::RunEmi03ResidentTransient(ohmnivore::MnaSystem const&, ohmnivore::TranAnalysis const&, ohmnivore::TransientExecutionLimits const&) [0x7b5800] in emi03_resident_test
=========         Host Frame: ohmnivore::(anonymous namespace)::Emi03Resident_ConcurrentJobsKeepStateAndFailureOwnershipPrivate_Test::TestBody()::{lambda()#1}::operator()() const [0x796f26] in emi03_resident_test
=========         Host Frame: std::_Function_handler<std::unique_ptr<std::__future_base::_Result_base, std::__future_base::_Result_base::_Deleter> (), std::__future_base::_Task_setter<std::unique_ptr<std::__future_base::_Result<void>, std::__future_base::_Result_base::_Deleter>, std::thread::_Invoker<std::tuple<ohmnivore::(anonymous namespace)::Emi03Resident_ConcurrentJobsKeepStateAndFailureOwnershipPrivate_Test::TestBody()::{lambda()#1}> >, void> >::_M_invoke(std::_Any_data const&) [0x797eeb] in emi03_resident_test
=========         Host Frame: std::__future_base::_State_baseV2::_M_do_set(std::function<std::unique_ptr<std::__future_base::_Result_base, std::__future_base::_Result_base::_Deleter> ()>*, bool*) [0x7833de] in emi03_resident_test
=========         Host Frame: __pthread_once_slow in pthread_once.c:116 [0xa9513] in libc.so.6
=========         Host Frame: pthread_once in pthread_once.c:143 [0xa9588] in libc.so.6
=========         Host Frame: std::__future_base::_Async_state_impl<std::thread::_Invoker<std::tuple<ohmnivore::(anonymous namespace)::Emi03Resident_ConcurrentJobsKeepStateAndFailureOwnershipPrivate_Test::TestBody()::{lambda()#1}> >, void>::_M_run() [0x784f11] in emi03_resident_test
=========         Host Frame: execute_native_thread_routine in thread.cc:104 [0x694eef3] in emi03_resident_test
=========         Host Frame: start_thread in pthread_create.c:454 [0xa3df9] in libc.so.6
=========         Host Frame: __clone3 in clone3.S:78 [0x1375cb] in libc.so.6
========= 
========= Use-after-free on allocation of size 20 bytes at 0x1ff4022a00
=========     Address 0x1ff4022a00 is potentially accessed after it is free'd
=========     
=========     Saved host backtrace up to driver entry point at kernel launch time
=========         Host Frame: ohmnivore::RunEmi03ResidentTransient(ohmnivore::MnaSystem const&, ohmnivore::TranAnalysis const&, ohmnivore::TransientExecutionLimits const&) [0x7b5c8f] in emi03_resident_test
=========         Host Frame: ohmnivore::(anonymous namespace)::Emi03Resident_ConcurrentJobsKeepStateAndFailureOwnershipPrivate_Test::TestBody()::{lambda()#1}::operator()() const [0x796f26] in emi03_resident_test
=========         Host Frame: std::_Function_handler<std::unique_ptr<std::__future_base::_Result_base, std::__future_base::_Result_base::_Deleter> (), std::__future_base::_Task_setter<std::unique_ptr<std::__future_base::_Result<void>, std::__future_base::_Result_base::_Deleter>, std::thread::_Invoker<std::tuple<ohmnivore::(anonymous namespace)::Emi03Resident_ConcurrentJobsKeepStateAndFailureOwnershipPrivate_Test::TestBody()::{lambda()#1}> >, void> >::_M_invoke(std::_Any_data const&) [0x797eeb] in emi03_resident_test
=========         Host Frame: std::__future_base::_State_baseV2::_M_do_set(std::function<std::unique_ptr<std::__future_base::_Result_base, std::__future_base::_Result_base::_Deleter> ()>*, bool*) [0x7833de] in emi03_resident_test
=========         Host Frame: __pthread_once_slow in pthread_once.c:116 [0xa9513] in libc.so.6
=========         Host Frame: pthread_once in pthread_once.c:143 [0xa9588] in libc.so.6
=========         Host Frame: std::__future_base::_Async_state_impl<std::thread::_Invoker<std::tuple<ohmnivore::(anonymous namespace)::Emi03Resident_ConcurrentJobsKeepStateAndFailureOwnershipPrivate_Test::TestBody()::{lambda()#1}> >, void>::_M_run() [0x784f11] in emi03_resident_test
=========         Host Frame: execute_native_thread_routine in thread.cc:104 [0x694eef3] in emi03_resident_test
=========         Host Frame: start_thread in pthread_create.c:454 [0xa3df9] in libc.so.6
=========         Host Frame: __clone3 in clone3.S:78 [0x1375cb] in libc.so.6
=========     
=========     Saved host backtrace up to driver entry point at cudaFreeAsync time
=========         Host Frame: cudaFreeAsync [0x6940fcf] in emi03_resident_test
=========         Host Frame: ohmnivore::(anonymous namespace)::Free(ohmnivore::(anonymous namespace)::JobState&, void*, unsigned long, bool) [0x7a0a4a] in emi03_resident_test
=========         Host Frame: ohmnivore::emi03_cuda_internal::FreeDevice(void*, unsigned long) [0x7a0df2] in emi03_resident_test
=========         Host Frame: ohmnivore::RunEmi03ResidentTransient(ohmnivore::MnaSystem const&, ohmnivore::TranAnalysis const&, ohmnivore::TransientExecutionLimits const&) [0x7b5800] in emi03_resident_test
=========         Host Frame: ohmnivore::(anonymous namespace)::Emi03Resident_ConcurrentJobsKeepStateAndFailureOwnershipPrivate_Test::TestBody()::{lambda()#1}::operator()() const [0x796f26] in emi03_resident_test
=========         Host Frame: std::_Function_handler<std::unique_ptr<std::__future_base::_Result_base, std::__future_base::_Result_base::_Deleter> (), std::__future_base::_Task_setter<std::unique_ptr<std::__future_base::_Result<void>, std::__future_base::_Result_base::_Deleter>, std::thread::_Invoker<std::tuple<ohmnivore::(anonymous namespace)::Emi03Resident_ConcurrentJobsKeepStateAndFailureOwnershipPrivate_Test::TestBody()::{lambda()#1}> >, void> >::_M_invoke(std::_Any_data const&) [0x797eeb] in emi03_resident_test
=========         Host Frame: std::__future_base::_State_baseV2::_M_do_set(std::function<std::unique_ptr<std::__future_base::_Result_base, std::__future_base::_Result_base::_Deleter> ()>*, bool*) [0x7833de] in emi03_resident_test
=========         Host Frame: __pthread_once_slow in pthread_once.c:116 [0xa9513] in libc.so.6
=========         Host Frame: pthread_once in pthread_once.c:143 [0xa9588] in libc.so.6
=========         Host Frame: std::__future_base::_Async_state_impl<std::thread::_Invoker<std::tuple<ohmnivore::(anonymous namespace)::Emi03Resident_ConcurrentJobsKeepStateAndFailureOwnershipPrivate_Test::TestBody()::{lambda()#1}> >, void>::_M_run() [0x784f11] in emi03_resident_test
=========         Host Frame: execute_native_thread_routine in thread.cc:104 [0x694eef3] in emi03_resident_test
=========         Host Frame: start_thread in pthread_create.c:454 [0xa3df9] in libc.so.6
=========         Host Frame: __clone3 in clone3.S:78 [0x1375cb] in libc.so.6
========= 
========= Use-after-free on allocation of size 24 bytes at 0x1ff4022c00
=========     Address 0x1ff4022c00 is potentially accessed after it is free'd
=========     
=========     Saved host backtrace up to driver entry point at kernel launch time
=========         Host Frame: ohmnivore::RunEmi03ResidentTransient(ohmnivore::MnaSystem const&, ohmnivore::TranAnalysis const&, ohmnivore::TransientExecutionLimits const&) [0x7b5c8f] in emi03_resident_test
=========         Host Frame: ohmnivore::(anonymous namespace)::Emi03Resident_ConcurrentJobsKeepStateAndFailureOwnershipPrivate_Test::TestBody()::{lambda()#1}::operator()() const [0x796f26] in emi03_resident_test
=========         Host Frame: std::_Function_handler<std::unique_ptr<std::__future_base::_Result_base, std::__future_base::_Result_base::_Deleter> (), std::__future_base::_Task_setter<std::unique_ptr<std::__future_base::_Result<void>, std::__future_base::_Result_base::_Deleter>, std::thread::_Invoker<std::tuple<ohmnivore::(anonymous namespace)::Emi03Resident_ConcurrentJobsKeepStateAndFailureOwnershipPrivate_Test::TestBody()::{lambda()#1}> >, void> >::_M_invoke(std::_Any_data const&) [0x797eeb] in emi03_resident_test
=========         Host Frame: std::__future_base::_State_baseV2::_M_do_set(std::function<std::unique_ptr<std::__future_base::_Result_base, std::__future_base::_Result_base::_Deleter> ()>*, bool*) [0x7833de] in emi03_resident_test
=========         Host Frame: __pthread_once_slow in pthread_once.c:116 [0xa9513] in libc.so.6
=========         Host Frame: pthread_once in pthread_once.c:143 [0xa9588] in libc.so.6
=========         Host Frame: std::__future_base::_Async_state_impl<std::thread::_Invoker<std::tuple<ohmnivore::(anonymous namespace)::Emi03Resident_ConcurrentJobsKeepStateAndFailureOwnershipPrivate_Test::TestBody()::{lambda()#1}> >, void>::_M_run() [0x784f11] in emi03_resident_test
=========         Host Frame: execute_native_thread_routine in thread.cc:104 [0x694eef3] in emi03_resident_test
=========         Host Frame: start_thread in pthread_create.c:454 [0xa3df9] in libc.so.6
=========         Host Frame: __clone3 in clone3.S:78 [0x1375cb] in libc.so.6
=========     
=========     Saved host backtrace up to driver entry point at cudaFreeAsync time
=========         Host Frame: cudaFreeAsync [0x6940fcf] in emi03_resident_test
=========         Host Frame: ohmnivore::(anonymous namespace)::Free(ohmnivore::(anonymous namespace)::JobState&, void*, unsigned long, bool) [0x7a0a4a] in emi03_resident_test
=========         Host Frame: ohmnivore::emi03_cuda_internal::FreeDevice(void*, unsigned long) [0x7a0df2] in emi03_resident_test
=========         Host Frame: ohmnivore::RunEmi03ResidentTransient(ohmnivore::MnaSystem const&, ohmnivore::TranAnalysis const&, ohmnivore::TransientExecutionLimits const&) [0x7b5800] in emi03_resident_test
=========         Host Frame: ohmnivore::(anonymous namespace)::Emi03Resident_ConcurrentJobsKeepStateAndFailureOwnershipPrivate_Test::TestBody()::{lambda()#1}::operator()() const [0x796f26] in emi03_resident_test
=========         Host Frame: std::_Function_handler<std::unique_ptr<std::__future_base::_Result_base, std::__future_base::_Result_base::_Deleter> (), std::__future_base::_Task_setter<std::unique_ptr<std::__future_base::_Result<void>, std::__future_base::_Result_base::_Deleter>, std::thread::_Invoker<std::tuple<ohmnivore::(anonymous namespace)::Emi03Resident_ConcurrentJobsKeepStateAndFailureOwnershipPrivate_Test::TestBody()::{lambda()#1}> >, void> >::_M_invoke(std::_Any_data const&) [0x797eeb] in emi03_resident_test
=========         Host Frame: std::__future_base::_State_baseV2::_M_do_set(std::function<std::unique_ptr<std::__future_base::_Result_base, std::__future_base::_Result_base::_Deleter> ()>*, bool*) [0x7833de] in emi03_resident_test
=========         Host Frame: __pthread_once_slow in pthread_once.c:116 [0xa9513] in libc.so.6
=========         Host Frame: pthread_once in pthread_once.c:143 [0xa9588] in libc.so.6
=========         Host Frame: std::__future_base::_Async_state_impl<std::thread::_Invoker<std::tuple<ohmnivore::(anonymous namespace)::Emi03Resident_ConcurrentJobsKeepStateAndFailureOwnershipPrivate_Test::TestBody()::{lambda()#1}> >, void>::_M_run() [0x784f11] in emi03_resident_test
=========         Host Frame: execute_native_thread_routine in thread.cc:104 [0x694eef3] in emi03_resident_test
=========         Host Frame: start_thread in pthread_create.c:454 [0xa3df9] in libc.so.6
=========         Host Frame: __clone3 in clone3.S:78 [0x1375cb] in libc.so.6
========= 
========= Use-after-free on allocation of size 24 bytes at 0x1ff4023200
=========     Address 0x1ff4023200 is potentially accessed after it is free'd
=========     
=========     Saved host backtrace up to driver entry point at kernel launch time
=========         Host Frame: ohmnivore::RunEmi03ResidentTransient(ohmnivore::MnaSystem const&, ohmnivore::TranAnalysis const&, ohmnivore::TransientExecutionLimits const&) [0x7b5c8f] in emi03_resident_test
=========         Host Frame: ohmnivore::(anonymous namespace)::Emi03Resident_ConcurrentJobsKeepStateAndFailureOwnershipPrivate_Test::TestBody()::{lambda()#1}::operator()() const [0x796f26] in emi03_resident_test
=========         Host Frame: std::_Function_handler<std::unique_ptr<std::__future_base::_Result_base, std::__future_base::_Result_base::_Deleter> (), std::__future_base::_Task_setter<std::unique_ptr<std::__future_base::_Result<void>, std::__future_base::_Result_base::_Deleter>, std::thread::_Invoker<std::tuple<ohmnivore::(anonymous namespace)::Emi03Resident_ConcurrentJobsKeepStateAndFailureOwnershipPrivate_Test::TestBody()::{lambda()#1}> >, void> >::_M_invoke(std::_Any_data const&) [0x797eeb] in emi03_resident_test
=========         Host Frame: std::__future_base::_State_baseV2::_M_do_set(std::function<std::unique_ptr<std::__future_base::_Result_base, std::__future_base::_Result_base::_Deleter> ()>*, bool*) [0x7833de] in emi03_resident_test
=========         Host Frame: __pthread_once_slow in pthread_once.c:116 [0xa9513] in libc.so.6
=========         Host Frame: pthread_once in pthread_once.c:143 [0xa9588] in libc.so.6
=========         Host Frame: std::__future_base::_Async_state_impl<std::thread::_Invoker<std::tuple<ohmnivore::(anonymous namespace)::Emi03Resident_ConcurrentJobsKeepStateAndFailureOwnershipPrivate_Test::TestBody()::{lambda()#1}> >, void>::_M_run() [0x784f11] in emi03_resident_test
=========         Host Frame: execute_native_thread_routine in thread.cc:104 [0x694eef3] in emi03_resident_test
=========         Host Frame: start_thread in pthread_create.c:454 [0xa3df9] in libc.so.6
=========         Host Frame: __clone3 in clone3.S:78 [0x1375cb] in libc.so.6
=========     
=========     Saved host backtrace up to driver entry point at cudaFreeAsync time
=========         Host Frame: cudaFreeAsync [0x6940fcf] in emi03_resident_test
=========         Host Frame: ohmnivore::(anonymous namespace)::Free(ohmnivore::(anonymous namespace)::JobState&, void*, unsigned long, bool) [0x7a0a4a] in emi03_resident_test
=========         Host Frame: ohmnivore::emi03_cuda_internal::FreeDevice(void*, unsigned long) [0x7a0df2] in emi03_resident_test
=========         Host Frame: ohmnivore::RunEmi03ResidentTransient(ohmnivore::MnaSystem const&, ohmnivore::TranAnalysis const&, ohmnivore::TransientExecutionLimits const&) [0x7b5800] in emi03_resident_test
=========         Host Frame: ohmnivore::(anonymous namespace)::Emi03Resident_ConcurrentJobsKeepStateAndFailureOwnershipPrivate_Test::TestBody()::{lambda()#1}::operator()() const [0x796f26] in emi03_resident_test
=========         Host Frame: std::_Function_handler<std::unique_ptr<std::__future_base::_Result_base, std::__future_base::_Result_base::_Deleter> (), std::__future_base::_Task_setter<std::unique_ptr<std::__future_base::_Result<void>, std::__future_base::_Result_base::_Deleter>, std::thread::_Invoker<std::tuple<ohmnivore::(anonymous namespace)::Emi03Resident_ConcurrentJobsKeepStateAndFailureOwnershipPrivate_Test::TestBody()::{lambda()#1}> >, void> >::_M_invoke(std::_Any_data const&) [0x797eeb] in emi03_resident_test
=========         Host Frame: std::__future_base::_State_baseV2::_M_do_set(std::function<std::unique_ptr<std::__future_base::_Result_base, std::__future_base::_Result_base::_Deleter> ()>*, bool*) [0x7833de] in emi03_resident_test
=========         Host Frame: __pthread_once_slow in pthread_once.c:116 [0xa9513] in libc.so.6
=========         Host Frame: pthread_once in pthread_once.c:143 [0xa9588] in libc.so.6
=========         Host Frame: std::__future_base::_Async_state_impl<std::thread::_Invoker<std::tuple<ohmnivore::(anonymous namespace)::Emi03Resident_ConcurrentJobsKeepStateAndFailureOwnershipPrivate_Test::TestBody()::{lambda()#1}> >, void>::_M_run() [0x784f11] in emi03_resident_test
=========         Host Frame: execute_native_thread_routine in thread.cc:104 [0x694eef3] in emi03_resident_test
=========         Host Frame: start_thread in pthread_create.c:454 [0xa3df9] in libc.so.6
=========         Host Frame: __clone3 in clone3.S:78 [0x1375cb] in libc.so.6
========= 
========= Use-after-free on allocation of size 52 bytes at 0x1ff4023400
=========     Address 0x1ff4023400 is potentially accessed after it is free'd
=========     
=========     Saved host backtrace up to driver entry point at kernel launch time
=========         Host Frame: ohmnivore::RunEmi03ResidentTransient(ohmnivore::MnaSystem const&, ohmnivore::TranAnalysis const&, ohmnivore::TransientExecutionLimits const&) [0x7b5c8f] in emi03_resident_test
=========         Host Frame: ohmnivore::(anonymous namespace)::Emi03Resident_ConcurrentJobsKeepStateAndFailureOwnershipPrivate_Test::TestBody()::{lambda()#1}::operator()() const [0x796f26] in emi03_resident_test
=========         Host Frame: std::_Function_handler<std::unique_ptr<std::__future_base::_Result_base, std::__future_base::_Result_base::_Deleter> (), std::__future_base::_Task_setter<std::unique_ptr<std::__future_base::_Result<void>, std::__future_base::_Result_base::_Deleter>, std::thread::_Invoker<std::tuple<ohmnivore::(anonymous namespace)::Emi03Resident_ConcurrentJobsKeepStateAndFailureOwnershipPrivate_Test::TestBody()::{lambda()#1}> >, void> >::_M_invoke(std::_Any_data const&) [0x797eeb] in emi03_resident_test
=========         Host Frame: std::__future_base::_State_baseV2::_M_do_set(std::function<std::unique_ptr<std::__future_base::_Result_base, std::__future_base::_Result_base::_Deleter> ()>*, bool*) [0x7833de] in emi03_resident_test
=========         Host Frame: __pthread_once_slow in pthread_once.c:116 [0xa9513] in libc.so.6
=========         Host Frame: pthread_once in pthread_once.c:143 [0xa9588] in libc.so.6
=========         Host Frame: std::__future_base::_Async_state_impl<std::thread::_Invoker<std::tuple<ohmnivore::(anonymous namespace)::Emi03Resident_ConcurrentJobsKeepStateAndFailureOwnershipPrivate_Test::TestBody()::{lambda()#1}> >, void>::_M_run() [0x784f11] in emi03_resident_test
=========         Host Frame: execute_native_thread_routine in thread.cc:104 [0x694eef3] in emi03_resident_test
=========         Host Frame: start_thread in pthread_create.c:454 [0xa3df9] in libc.so.6
=========         Host Frame: __clone3 in clone3.S:78 [0x1375cb] in libc.so.6
=========     
=========     Saved host backtrace up to driver entry point at cudaFreeAsync time
=========         Host Frame: cudaFreeAsync [0x6940fcf] in emi03_resident_test
=========         Host Frame: ohmnivore::(anonymous namespace)::Free(ohmnivore::(anonymous namespace)::JobState&, void*, unsigned long, bool) [0x7a0a4a] in emi03_resident_test
=========         Host Frame: ohmnivore::emi03_cuda_internal::FreeDevice(void*, unsigned long) [0x7a0df2] in emi03_resident_test
=========         Host Frame: ohmnivore::RunEmi03ResidentTransient(ohmnivore::MnaSystem const&, ohmnivore::TranAnalysis const&, ohmnivore::TransientExecutionLimits const&) [0x7b5800] in emi03_resident_test
=========         Host Frame: ohmnivore::(anonymous namespace)::Emi03Resident_ConcurrentJobsKeepStateAndFailureOwnershipPrivate_Test::TestBody()::{lambda()#1}::operator()() const [0x796f26] in emi03_resident_test
=========         Host Frame: std::_Function_handler<std::unique_ptr<std::__future_base::_Result_base, std::__future_base::_Result_base::_Deleter> (), std::__future_base::_Task_setter<std::unique_ptr<std::__future_base::_Result<void>, std::__future_base::_Result_base::_Deleter>, std::thread::_Invoker<std::tuple<ohmnivore::(anonymous namespace)::Emi03Resident_ConcurrentJobsKeepStateAndFailureOwnershipPrivate_Test::TestBody()::{lambda()#1}> >, void> >::_M_invoke(std::_Any_data const&) [0x797eeb] in emi03_resident_test
=========         Host Frame: std::__future_base::_State_baseV2::_M_do_set(std::function<std::unique_ptr<std::__future_base::_Result_base, std::__future_base::_Result_base::_Deleter> ()>*, bool*) [0x7833de] in emi03_resident_test
=========         Host Frame: __pthread_once_slow in pthread_once.c:116 [0xa9513] in libc.so.6
=========         Host Frame: pthread_once in pthread_once.c:143 [0xa9588] in libc.so.6
=========         Host Frame: std::__future_base::_Async_state_impl<std::thread::_Invoker<std::tuple<ohmnivore::(anonymous namespace)::Emi03Resident_ConcurrentJobsKeepStateAndFailureOwnershipPrivate_Test::TestBody()::{lambda()#1}> >, void>::_M_run() [0x784f11] in emi03_resident_test
=========         Host Frame: execute_native_thread_routine in thread.cc:104 [0x694eef3] in emi03_resident_test
=========         Host Frame: start_thread in pthread_create.c:454 [0xa3df9] in libc.so.6
=========         Host Frame: __clone3 in clone3.S:78 [0x1375cb] in libc.so.6
========= 
========= Use-after-free on allocation of size 20 bytes at 0x1ff4023600
=========     Address 0x1ff4023600 is potentially accessed after it is free'd
=========     
=========     Saved host backtrace up to driver entry point at kernel launch time
=========         Host Frame: ohmnivore::RunEmi03ResidentTransient(ohmnivore::MnaSystem const&, ohmnivore::TranAnalysis const&, ohmnivore::TransientExecutionLimits const&) [0x7b5c8f] in emi03_resident_test
=========         Host Frame: ohmnivore::(anonymous namespace)::Emi03Resident_ConcurrentJobsKeepStateAndFailureOwnershipPrivate_Test::TestBody()::{lambda()#1}::operator()() const [0x796f26] in emi03_resident_test
=========         Host Frame: std::_Function_handler<std::unique_ptr<std::__future_base::_Result_base, std::__future_base::_Result_base::_Deleter> (), std::__future_base::_Task_setter<std::unique_ptr<std::__future_base::_Result<void>, std::__future_base::_Result_base::_Deleter>, std::thread::_Invoker<std::tuple<ohmnivore::(anonymous namespace)::Emi03Resident_ConcurrentJobsKeepStateAndFailureOwnershipPrivate_Test::TestBody()::{lambda()#1}> >, void> >::_M_invoke(std::_Any_data const&) [0x797eeb] in emi03_resident_test
=========         Host Frame: std::__future_base::_State_baseV2::_M_do_set(std::function<std::unique_ptr<std::__future_base::_Result_base, std::__future_base::_Result_base::_Deleter> ()>*, bool*) [0x7833de] in emi03_resident_test
=========         Host Frame: __pthread_once_slow in pthread_once.c:116 [0xa9513] in libc.so.6
=========         Host Frame: pthread_once in pthread_once.c:143 [0xa9588] in libc.so.6
=========         Host Frame: std::__future_base::_Async_state_impl<std::thread::_Invoker<std::tuple<ohmnivore::(anonymous namespace)::Emi03Resident_ConcurrentJobsKeepStateAndFailureOwnershipPrivate_Test::TestBody()::{lambda()#1}> >, void>::_M_run() [0x784f11] in emi03_resident_test
=========         Host Frame: execute_native_thread_routine in thread.cc:104 [0x694eef3] in emi03_resident_test
=========         Host Frame: start_thread in pthread_create.c:454 [0xa3df9] in libc.so.6
=========         Host Frame: __clone3 in clone3.S:78 [0x1375cb] in libc.so.6
=========     
=========     Saved host backtrace up to driver entry point at cudaFreeAsync time
=========         Host Frame: cudaFreeAsync [0x6940fcf] in emi03_resident_test
=========         Host Frame: ohmnivore::(anonymous namespace)::Free(ohmnivore::(anonymous namespace)::JobState&, void*, unsigned long, bool) [0x7a0a4a] in emi03_resident_test
=========         Host Frame: ohmnivore::emi03_cuda_internal::FreeDevice(void*, unsigned long) [0x7a0df2] in emi03_resident_test
=========         Host Frame: ohmnivore::RunEmi03ResidentTransient(ohmnivore::MnaSystem const&, ohmnivore::TranAnalysis const&, ohmnivore::TransientExecutionLimits const&) [0x7b5800] in emi03_resident_test
=========         Host Frame: ohmnivore::(anonymous namespace)::Emi03Resident_ConcurrentJobsKeepStateAndFailureOwnershipPrivate_Test::TestBody()::{lambda()#1}::operator()() const [0x796f26] in emi03_resident_test
=========         Host Frame: std::_Function_handler<std::unique_ptr<std::__future_base::_Result_base, std::__future_base::_Result_base::_Deleter> (), std::__future_base::_Task_setter<std::unique_ptr<std::__future_base::_Result<void>, std::__future_base::_Result_base::_Deleter>, std::thread::_Invoker<std::tuple<ohmnivore::(anonymous namespace)::Emi03Resident_ConcurrentJobsKeepStateAndFailureOwnershipPrivate_Test::TestBody()::{lambda()#1}> >, void> >::_M_invoke(std::_Any_data const&) [0x797eeb] in emi03_resident_test
=========         Host Frame: std::__future_base::_State_baseV2::_M_do_set(std::function<std::unique_ptr<std::__future_base::_Result_base, std::__future_base::_Result_base::_Deleter> ()>*, bool*) [0x7833de] in emi03_resident_test
=========         Host Frame: __pthread_once_slow in pthread_once.c:116 [0xa9513] in libc.so.6
=========         Host Frame: pthread_once in pthread_once.c:143 [0xa9588] in libc.so.6
=========         Host Frame: std::__future_base::_Async_state_impl<std::thread::_Invoker<std::tuple<ohmnivore::(anonymous namespace)::Emi03Resident_ConcurrentJobsKeepStateAndFailureOwnershipPrivate_Test::TestBody()::{lambda()#1}> >, void>::_M_run() [0x784f11] in emi03_resident_test
=========         Host Frame: execute_native_thread_routine in thread.cc:104 [0x694eef3] in emi03_resident_test
=========         Host Frame: start_thread in pthread_create.c:454 [0xa3df9] in libc.so.6
=========         Host Frame: __clone3 in clone3.S:78 [0x1375cb] in libc.so.6
========= 
========= Use-after-free on allocation of size 52 bytes at 0x1ff4023800
=========     Address 0x1ff4023800 is potentially accessed after it is free'd
=========     
=========     Saved host backtrace up to driver entry point at kernel launch time
=========         Host Frame: ohmnivore::RunEmi03ResidentTransient(ohmnivore::MnaSystem const&, ohmnivore::TranAnalysis const&, ohmnivore::TransientExecutionLimits const&) [0x7b5c8f] in emi03_resident_test
=========         Host Frame: ohmnivore::(anonymous namespace)::Emi03Resident_ConcurrentJobsKeepStateAndFailureOwnershipPrivate_Test::TestBody()::{lambda()#1}::operator()() const [0x796f26] in emi03_resident_test
=========         Host Frame: std::_Function_handler<std::unique_ptr<std::__future_base::_Result_base, std::__future_base::_Result_base::_Deleter> (), std::__future_base::_Task_setter<std::unique_ptr<std::__future_base::_Result<void>, std::__future_base::_Result_base::_Deleter>, std::thread::_Invoker<std::tuple<ohmnivore::(anonymous namespace)::Emi03Resident_ConcurrentJobsKeepStateAndFailureOwnershipPrivate_Test::TestBody()::{lambda()#1}> >, void> >::_M_invoke(std::_Any_data const&) [0x797eeb] in emi03_resident_test
=========         Host Frame: std::__future_base::_State_baseV2::_M_do_set(std::function<std::unique_ptr<std::__future_base::_Result_base, std::__future_base::_Result_base::_Deleter> ()>*, bool*) [0x7833de] in emi03_resident_test
=========         Host Frame: __pthread_once_slow in pthread_once.c:116 [0xa9513] in libc.so.6
=========         Host Frame: pthread_once in pthread_once.c:143 [0xa9588] in libc.so.6
=========         Host Frame: std::__future_base::_Async_state_impl<std::thread::_Invoker<std::tuple<ohmnivore::(anonymous namespace)::Emi03Resident_ConcurrentJobsKeepStateAndFailureOwnershipPrivate_Test::TestBody()::{lambda()#1}> >, void>::_M_run() [0x784f11] in emi03_resident_test
=========         Host Frame: execute_native_thread_routine in thread.cc:104 [0x694eef3] in emi03_resident_test
=========         Host Frame: start_thread in pthread_create.c:454 [0xa3df9] in libc.so.6
=========         Host Frame: __clone3 in clone3.S:78 [0x1375cb] in libc.so.6
=========     
=========     Saved host backtrace up to driver entry point at cudaFreeAsync time
=========         Host Frame: cudaFreeAsync [0x6940fcf] in emi03_resident_test
=========         Host Frame: ohmnivore::(anonymous namespace)::Free(ohmnivore::(anonymous namespace)::JobState&, void*, unsigned long, bool) [0x7a0a4a] in emi03_resident_test
=========         Host Frame: ohmnivore::emi03_cuda_internal::FreeDevice(void*, unsigned long) [0x7a0df2] in emi03_resident_test
=========         Host Frame: ohmnivore::RunEmi03ResidentTransient(ohmnivore::MnaSystem const&, ohmnivore::TranAnalysis const&, ohmnivore::TransientExecutionLimits const&) [0x7b5800] in emi03_resident_test
=========         Host Frame: ohmnivore::(anonymous namespace)::Emi03Resident_ConcurrentJobsKeepStateAndFailureOwnershipPrivate_Test::TestBody()::{lambda()#1}::operator()() const [0x796f26] in emi03_resident_test
=========         Host Frame: std::_Function_handler<std::unique_ptr<std::__future_base::_Result_base, std::__future_base::_Result_base::_Deleter> (), std::__future_base::_Task_setter<std::unique_ptr<std::__future_base::_Result<void>, std::__future_base::_Result_base::_Deleter>, std::thread::_Invoker<std::tuple<ohmnivore::(anonymous namespace)::Emi03Resident_ConcurrentJobsKeepStateAndFailureOwnershipPrivate_Test::TestBody()::{lambda()#1}> >, void> >::_M_invoke(std::_Any_data const&) [0x797eeb] in emi03_resident_test
=========         Host Frame: std::__future_base::_State_baseV2::_M_do_set(std::function<std::unique_ptr<std::__future_base::_Result_base, std::__future_base::_Result_base::_Deleter> ()>*, bool*) [0x7833de] in emi03_resident_test
=========         Host Frame: __pthread_once_slow in pthread_once.c:116 [0xa9513] in libc.so.6
=========         Host Frame: pthread_once in pthread_once.c:143 [0xa9588] in libc.so.6
=========         Host Frame: std::__future_base::_Async_state_impl<std::thread::_Invoker<std::tuple<ohmnivore::(anonymous namespace)::Emi03Resident_ConcurrentJobsKeepStateAndFailureOwnershipPrivate_Test::TestBody()::{lambda()#1}> >, void>::_M_run() [0x784f11] in emi03_resident_test
=========         Host Frame: execute_native_thread_routine in thread.cc:104 [0x694eef3] in emi03_resident_test
=========         Host Frame: start_thread in pthread_create.c:454 [0xa3df9] in libc.so.6
=========         Host Frame: __clone3 in clone3.S:78 [0x1375cb] in libc.so.6
========= 
========= Use-after-free on allocation of size 20 bytes at 0x1ff4023c00
=========     Address 0x1ff4023c00 is potentially accessed after it is free'd
=========     
=========     Saved host backtrace up to driver entry point at kernel launch time
=========         Host Frame: ohmnivore::RunEmi03ResidentTransient(ohmnivore::MnaSystem const&, ohmnivore::TranAnalysis const&, ohmnivore::TransientExecutionLimits const&) [0x7b5c8f] in emi03_resident_test
=========         Host Frame: ohmnivore::(anonymous namespace)::Emi03Resident_ConcurrentJobsKeepStateAndFailureOwnershipPrivate_Test::TestBody()::{lambda()#1}::operator()() const [0x796f26] in emi03_resident_test
=========         Host Frame: std::_Function_handler<std::unique_ptr<std::__future_base::_Result_base, std::__future_base::_Result_base::_Deleter> (), std::__future_base::_Task_setter<std::unique_ptr<std::__future_base::_Result<void>, std::__future_base::_Result_base::_Deleter>, std::thread::_Invoker<std::tuple<ohmnivore::(anonymous namespace)::Emi03Resident_ConcurrentJobsKeepStateAndFailureOwnershipPrivate_Test::TestBody()::{lambda()#1}> >, void> >::_M_invoke(std::_Any_data const&) [0x797eeb] in emi03_resident_test
=========         Host Frame: std::__future_base::_State_baseV2::_M_do_set(std::function<std::unique_ptr<std::__future_base::_Result_base, std::__future_base::_Result_base::_Deleter> ()>*, bool*) [0x7833de] in emi03_resident_test
=========         Host Frame: __pthread_once_slow in pthread_once.c:116 [0xa9513] in libc.so.6
=========         Host Frame: pthread_once in pthread_once.c:143 [0xa9588] in libc.so.6
=========         Host Frame: std::__future_base::_Async_state_impl<std::thread::_Invoker<std::tuple<ohmnivore::(anonymous namespace)::Emi03Resident_ConcurrentJobsKeepStateAndFailureOwnershipPrivate_Test::TestBody()::{lambda()#1}> >, void>::_M_run() [0x784f11] in emi03_resident_test
=========         Host Frame: execute_native_thread_routine in thread.cc:104 [0x694eef3] in emi03_resident_test
=========         Host Frame: start_thread in pthread_create.c:454 [0xa3df9] in libc.so.6
=========         Host Frame: __clone3 in clone3.S:78 [0x1375cb] in libc.so.6
=========     
=========     Saved host backtrace up to driver entry point at cudaFreeAsync time
=========         Host Frame: cudaFreeAsync [0x6940fcf] in emi03_resident_test
=========         Host Frame: ohmnivore::(anonymous namespace)::Free(ohmnivore::(anonymous namespace)::JobState&, void*, unsigned long, bool) [0x7a0a4a] in emi03_resident_test
=========         Host Frame: ohmnivore::emi03_cuda_internal::FreeDevice(void*, unsigned long) [0x7a0df2] in emi03_resident_test
=========         Host Frame: ohmnivore::RunEmi03ResidentTransient(ohmnivore::MnaSystem const&, ohmnivore::TranAnalysis const&, ohmnivore::TransientExecutionLimits const&) [0x7b5800] in emi03_resident_test
=========         Host Frame: ohmnivore::(anonymous namespace)::Emi03Resident_ConcurrentJobsKeepStateAndFailureOwnershipPrivate_Test::TestBody()::{lambda()#1}::operator()() const [0x796f26] in emi03_resident_test
=========         Host Frame: std::_Function_handler<std::unique_ptr<std::__future_base::_Result_base, std::__future_base::_Result_base::_Deleter> (), std::__future_base::_Task_setter<std::unique_ptr<std::__future_base::_Result<void>, std::__future_base::_Result_base::_Deleter>, std::thread::_Invoker<std::tuple<ohmnivore::(anonymous namespace)::Emi03Resident_ConcurrentJobsKeepStateAndFailureOwnershipPrivate_Test::TestBody()::{lambda()#1}> >, void> >::_M_invoke(std::_Any_data const&) [0x797eeb] in emi03_resident_test
=========         Host Frame: std::__future_base::_State_baseV2::_M_do_set(std::function<std::unique_ptr<std::__future_base::_Result_base, std::__future_base::_Result_base::_Deleter> ()>*, bool*) [0x7833de] in emi03_resident_test
=========         Host Frame: __pthread_once_slow in pthread_once.c:116 [0xa9513] in libc.so.6
=========         Host Frame: pthread_once in pthread_once.c:143 [0xa9588] in libc.so.6
=========         Host Frame: std::__future_base::_Async_state_impl<std::thread::_Invoker<std::tuple<ohmnivore::(anonymous namespace)::Emi03Resident_ConcurrentJobsKeepStateAndFailureOwnershipPrivate_Test::TestBody()::{lambda()#1}> >, void>::_M_run() [0x784f11] in emi03_resident_test
=========         Host Frame: execute_native_thread_routine in thread.cc:104 [0x694eef3] in emi03_resident_test
=========         Host Frame: start_thread in pthread_create.c:454 [0xa3df9] in libc.so.6
=========         Host Frame: __clone3 in clone3.S:78 [0x1375cb] in libc.so.6
========= 
[       OK ] Emi03Resident.ConcurrentJobsKeepStateAndFailureOwnershipPrivate (71573 ms)
[----------] 3 tests from Emi03Resident (77799 ms total)

[----------] Global test environment tear-down
[==========] 3 tests from 1 test suite ran. (77799 ms total)
[  PASSED  ] 3 tests.
========= ERROR SUMMARY: 2801 errors
========= ERROR SUMMARY: 2701 errors were not printed. Use --print-limit option to adjust the number of printed errors
