case,policy,refinement,repetition,pass,points,attempts,rejects,solves,doubling,voltage_error,current_error,voltage_limit,current_limit,seconds
rc_a0.0001_t9.9999999999999995e-07_b0,0,0,0,0,123,136,14,1162,136,2.8672536370093156e-07,0,2.1999999999999998e-07,0,0.00069684300000000005
rc_a0.0001_t9.9999999999999995e-07_b0,0,0,1,0,123,136,14,1162,136,2.8672536370093156e-07,0,2.1999999999999998e-07,0,0.00058613299999999997
rc_a0.0001_t9.9999999999999995e-07_b0,0,0,2,0,123,136,14,1162,136,2.8672536370093156e-07,0,2.1999999999999998e-07,0,0.00058236500000000005
rc_a0.0001_t9.9999999999999995e-07_b0,0,0,3,0,123,136,14,1162,136,2.8672536370093156e-07,0,2.1999999999999998e-07,0,0.00061564900000000001
rc_a0.0001_t9.9999999999999995e-07_b0,0,0,4,0,123,136,14,1162,136,2.8672536370093156e-07,0,2.1999999999999998e-07,0,0.00061816300000000002
rc_a0.0001_t9.9999999999999995e-07_b0,0,0,5,0,123,136,14,1162,136,2.8672536370093156e-07,0,2.1999999999999998e-07,0,0.00058289599999999996
rc_a0.0001_t9.9999999999999995e-07_b0,0,0,6,0,123,136,14,1162,136,2.8672536370093156e-07,0,2.1999999999999998e-07,0,0.000557889
rc_a0.0001_t9.9999999999999995e-07_b0,0,0,7,0,123,136,14,1162,136,2.8672536370093156e-07,0,2.1999999999999998e-07,0,0.00059353699999999999
rc_a0.0001_t9.9999999999999995e-07_b0,0,0,8,0,123,136,14,1162,136,2.8672536370093156e-07,0,2.1999999999999998e-07,0,0.00060307500000000001
rc_a0.0001_t9.9999999999999995e-07_b0,0,0,9,0,123,136,14,1162,136,2.8672536370093156e-07,0,2.1999999999999998e-07,0,0.00058593199999999995
rc_a0.0001_t9.9999999999999995e-07_b0,0,0,10,0,123,136,14,1162,136,2.8672536370093156e-07,0,2.1999999999999998e-07,0,0.00061759200000000003
rc_a0.0001_t9.9999999999999995e-07_b0,0,1,0,1,2564,2564,1,19526,2564,1.289995376068401e-07,0,2.1999999999999998e-07,0,0.0097986110000000005
rc_a0.0001_t9.9999999999999995e-07_b0,0,1,1,1,2564,2564,1,19526,2564,1.289995376068401e-07,0,2.1999999999999998e-07,0,0.0096903449999999995
rc_a0.0001_t9.9999999999999995e-07_b0,0,1,2,1,2564,2564,1,19526,2564,1.289995376068401e-07,0,2.1999999999999998e-07,0,0.0097143200000000002
rc_a0.0001_t9.9999999999999995e-07_b0,0,1,3,1,2564,2564,1,19526,2564,1.289995376068401e-07,0,2.1999999999999998e-07,0,0.0096291989999999997
rc_a0.0001_t9.9999999999999995e-07_b0,0,1,4,1,2564,2564,1,19526,2564,1.289995376068401e-07,0,2.1999999999999998e-07,0,0.0097178160000000006
rc_a0.0001_t9.9999999999999995e-07_b0,0,1,5,1,2564,2564,1,19526,2564,1.289995376068401e-07,0,2.1999999999999998e-07,0,0.0096768889999999993
rc_a0.0001_t9.9999999999999995e-07_b0,0,1,6,1,2564,2564,1,19526,2564,1.289995376068401e-07,0,2.1999999999999998e-07,0,0.0096163540000000006
rc_a0.0001_t9.9999999999999995e-07_b0,0,1,7,1,2564,2564,1,19526,2564,1.289995376068401e-07,0,2.1999999999999998e-07,0,0.0096532140000000002
rc_a0.0001_t9.9999999999999995e-07_b0,0,1,8,1,2564,2564,1,19526,2564,1.289995376068401e-07,0,2.1999999999999998e-07,0,0.00966675
rc_a0.0001_t9.9999999999999995e-07_b0,0,1,9,1,2564,2564,1,19526,2564,1.289995376068401e-07,0,2.1999999999999998e-07,0,0.0097418330000000001
rc_a0.0001_t9.9999999999999995e-07_b0,0,1,10,1,2564,2564,1,19526,2564,1.289995376068401e-07,0,2.1999999999999998e-07,0,0.0096241989999999999
rc_a0.0001_t9.9999999999999995e-07_b0,1,0,0,0,125,138,14,652,44,2.6922822675205557e-07,0,2.1999999999999998e-07,0,0.00037234699999999998
rc_a0.0001_t9.9999999999999995e-07_b0,1,0,1,0,125,138,14,652,44,2.6922822675205557e-07,0,2.1999999999999998e-07,0,0.00035590600000000002
rc_a0.0001_t9.9999999999999995e-07_b0,1,0,2,0,125,138,14,652,44,2.6922822675205557e-07,0,2.1999999999999998e-07,0,0.00035370099999999999
rc_a0.0001_t9.9999999999999995e-07_b0,1,0,3,0,125,138,14,652,44,2.6922822675205557e-07,0,2.1999999999999998e-07,0,0.00034111800000000001
rc_a0.0001_t9.9999999999999995e-07_b0,1,0,4,0,125,138,14,652,44,2.6922822675205557e-07,0,2.1999999999999998e-07,0,0.00036298899999999998
rc_a0.0001_t9.9999999999999995e-07_b0,1,0,5,0,125,138,14,652,44,2.6922822675205557e-07,0,2.1999999999999998e-07,0,0.000397224
rc_a0.0001_t9.9999999999999995e-07_b0,1,0,6,0,125,138,14,652,44,2.6922822675205557e-07,0,2.1999999999999998e-07,0,0.00037485200000000001
rc_a0.0001_t9.9999999999999995e-07_b0,1,0,7,0,125,138,14,652,44,2.6922822675205557e-07,0,2.1999999999999998e-07,0,0.00034466500000000002
rc_a0.0001_t9.9999999999999995e-07_b0,1,0,8,0,125,138,14,652,44,2.6922822675205557e-07,0,2.1999999999999998e-07,0,0.00034362200000000002
rc_a0.0001_t9.9999999999999995e-07_b0,1,0,9,0,125,138,14,652,44,2.6922822675205557e-07,0,2.1999999999999998e-07,0,0.00036156600000000001
rc_a0.0001_t9.9999999999999995e-07_b0,1,0,10,0,125,138,14,652,44,2.6922822675205557e-07,0,2.1999999999999998e-07,0,0.00037041299999999999
rc_a0.0001_t9.9999999999999995e-07_b0,1,1,0,1,2564,2564,1,7130,102,1.2899953760707049e-07,0,2.1999999999999998e-07,0,0.004036703
rc_a0.0001_t9.9999999999999995e-07_b0,1,1,1,1,2564,2564,1,7130,102,1.2899953760707049e-07,0,2.1999999999999998e-07,0,0.004140309
rc_a0.0001_t9.9999999999999995e-07_b0,1,1,2,1,2564,2564,1,7130,102,1.2899953760707049e-07,0,2.1999999999999998e-07,0,0.0041013760000000003
rc_a0.0001_t9.9999999999999995e-07_b0,1,1,3,1,2564,2564,1,7130,102,1.2899953760707049e-07,0,2.1999999999999998e-07,0,0.0041042309999999999
rc_a0.0001_t9.9999999999999995e-07_b0,1,1,4,1,2564,2564,1,7130,102,1.2899953760707049e-07,0,2.1999999999999998e-07,0,0.0040483339999999998
rc_a0.0001_t9.9999999999999995e-07_b0,1,1,5,1,2564,2564,1,7130,102,1.2899953760707049e-07,0,2.1999999999999998e-07,0,0.0040949230000000003
rc_a0.0001_t9.9999999999999995e-07_b0,1,1,6,1,2564,2564,1,7130,102,1.2899953760707049e-07,0,2.1999999999999998e-07,0,0.0041080090000000001
rc_a0.0001_t9.9999999999999995e-07_b0,1,1,7,1,2564,2564,1,7130,102,1.2899953760707049e-07,0,2.1999999999999998e-07,0,0.0040721790000000004
rc_a0.0001_t9.9999999999999995e-07_b0,1,1,8,1,2564,2564,1,7130,102,1.2899953760707049e-07,0,2.1999999999999998e-07,0,0.0040642250000000003
rc_a0.0001_t9.9999999999999995e-07_b0,1,1,9,1,2564,2564,1,7130,102,1.2899953760707049e-07,0,2.1999999999999998e-07,0,0.004102868
rc_a0.0001_t9.9999999999999995e-07_b0,1,1,10,1,2564,2564,1,7130,102,1.2899953760707049e-07,0,2.1999999999999998e-07,0,0.0040792629999999996
rc_a0.0001_t9.9999999999999995e-07_b400,0,0,0,0,123,136,14,1162,136,2.8712489153815725e-07,0,2.1999999999999998e-07,0,0.00062624899999999995
rc_a0.0001_t9.9999999999999995e-07_b400,0,0,1,0,123,136,14,1162,136,2.8712489153815725e-07,0,2.1999999999999998e-07,0,0.00059319600000000004
rc_a0.0001_t9.9999999999999995e-07_b400,0,0,2,0,123,136,14,1162,136,2.8712489153815725e-07,0,2.1999999999999998e-07,0,0.00056213699999999999
rc_a0.0001_t9.9999999999999995e-07_b400,0,0,3,0,123,136,14,1162,136,2.8712489153815725e-07,0,2.1999999999999998e-07,0,0.00057160499999999999
rc_a0.0001_t9.9999999999999995e-07_b400,0,0,4,0,123,136,14,1162,136,2.8712489153815725e-07,0,2.1999999999999998e-07,0,0.00058982000000000001
rc_a0.0001_t9.9999999999999995e-07_b400,0,0,5,0,123,136,14,1162,136,2.8712489153815725e-07,0,2.1999999999999998e-07,0,0.00057110400000000001
rc_a0.0001_t9.9999999999999995e-07_b400,0,0,6,0,123,136,14,1162,136,2.8712489153815725e-07,0,2.1999999999999998e-07,0,0.00056783799999999998
rc_a0.0001_t9.9999999999999995e-07_b400,0,0,7,0,123,136,14,1162,136,2.8712489153815725e-07,0,2.1999999999999998e-07,0,0.000578168
rc_a0.0001_t9.9999999999999995e-07_b400,0,0,8,0,123,136,14,1162,136,2.8712489153815725e-07,0,2.1999999999999998e-07,0,0.000598316
rc_a0.0001_t9.9999999999999995e-07_b400,0,0,9,0,123,136,14,1162,136,2.8712489153815725e-07,0,2.1999999999999998e-07,0,0.00059101200000000003
rc_a0.0001_t9.9999999999999995e-07_b400,0,0,10,0,123,136,14,1162,136,2.8712489153815725e-07,0,2.1999999999999998e-07,0,0.00057977099999999998
rc_a0.0001_t9.9999999999999995e-07_b400,0,1,0,1,2564,2564,1,19526,2564,1.2939741978474219e-07,0,2.1999999999999998e-07,0,0.0096652170000000003
rc_a0.0001_t9.9999999999999995e-07_b400,0,1,1,1,2564,2564,1,19526,2564,1.2939741978474219e-07,0,2.1999999999999998e-07,0,0.009646211
rc_a0.0001_t9.9999999999999995e-07_b400,0,1,2,1,2564,2564,1,19526,2564,1.2939741978474219e-07,0,2.1999999999999998e-07,0,0.0096692150000000001
rc_a0.0001_t9.9999999999999995e-07_b400,0,1,3,1,2564,2564,1,19526,2564,1.2939741978474219e-07,0,2.1999999999999998e-07,0,0.0096717299999999999
rc_a0.0001_t9.9999999999999995e-07_b400,0,1,4,1,2564,2564,1,19526,2564,1.2939741978474219e-07,0,2.1999999999999998e-07,0,0.0097269350000000008
rc_a0.0001_t9.9999999999999995e-07_b400,0,1,5,1,2564,2564,1,19526,2564,1.2939741978474219e-07,0,2.1999999999999998e-07,0,0.0096468920000000007
rc_a0.0001_t9.9999999999999995e-07_b400,0,1,6,1,2564,2564,1,19526,2564,1.2939741978474219e-07,0,2.1999999999999998e-07,0,0.0096543559999999994
rc_a0.0001_t9.9999999999999995e-07_b400,0,1,7,1,2564,2564,1,19526,2564,1.2939741978474219e-07,0,2.1999999999999998e-07,0,0.0096795040000000002
rc_a0.0001_t9.9999999999999995e-07_b400,0,1,8,1,2564,2564,1,19526,2564,1.2939741978474219e-07,0,2.1999999999999998e-07,0,0.0096547179999999996
rc_a0.0001_t9.9999999999999995e-07_b400,0,1,9,1,2564,2564,1,19526,2564,1.2939741978474219e-07,0,2.1999999999999998e-07,0,0.0096715199999999994
rc_a0.0001_t9.9999999999999995e-07_b400,0,1,10,1,2564,2564,1,19526,2564,1.2939741978474219e-07,0,2.1999999999999998e-07,0,0.0096768589999999995
rc_a0.0001_t9.9999999999999995e-07_b400,1,0,0,0,125,138,14,652,44,2.6962793469979558e-07,0,2.1999999999999998e-07,0,0.000372307
rc_a0.0001_t9.9999999999999995e-07_b400,1,0,1,0,125,138,14,652,44,2.6962793469979558e-07,0,2.1999999999999998e-07,0,0.00036898999999999998
rc_a0.0001_t9.9999999999999995e-07_b400,1,0,2,0,125,138,14,652,44,2.6962793469979558e-07,0,2.1999999999999998e-07,0,0.00036874
rc_a0.0001_t9.9999999999999995e-07_b400,1,0,3,0,125,138,14,652,44,2.6962793469979558e-07,0,2.1999999999999998e-07,0,0.00036579400000000001
rc_a0.0001_t9.9999999999999995e-07_b400,1,0,4,0,125,138,14,652,44,2.6962793469979558e-07,0,2.1999999999999998e-07,0,0.00036426200000000002
rc_a0.0001_t9.9999999999999995e-07_b400,1,0,5,0,125,138,14,652,44,2.6962793469979558e-07,0,2.1999999999999998e-07,0,0.00035311099999999997
rc_a0.0001_t9.9999999999999995e-07_b400,1,0,6,0,125,138,14,652,44,2.6962793469979558e-07,0,2.1999999999999998e-07,0,0.000342801
rc_a0.0001_t9.9999999999999995e-07_b400,1,0,7,0,125,138,14,652,44,2.6962793469979558e-07,0,2.1999999999999998e-07,0,0.00033801099999999999
rc_a0.0001_t9.9999999999999995e-07_b400,1,0,8,0,125,138,14,652,44,2.6962793469979558e-07,0,2.1999999999999998e-07,0,0.00035977300000000003
rc_a0.0001_t9.9999999999999995e-07_b400,1,0,9,0,125,138,14,652,44,2.6962793469979558e-07,0,2.1999999999999998e-07,0,0.00037129399999999999
rc_a0.0001_t9.9999999999999995e-07_b400,1,0,10,0,125,138,14,652,44,2.6962793469979558e-07,0,2.1999999999999998e-07,0,0.00034494499999999998
rc_a0.0001_t9.9999999999999995e-07_b400,1,1,0,1,2564,2564,1,7130,102,1.2939741978474219e-07,0,2.1999999999999998e-07,0,0.0040588639999999997
rc_a0.0001_t9.9999999999999995e-07_b400,1,1,1,1,2564,2564,1,7130,102,1.2939741978474219e-07,0,2.1999999999999998e-07,0,0.0040349299999999999
rc_a0.0001_t9.9999999999999995e-07_b400,1,1,2,1,2564,2564,1,7130,102,1.2939741978474219e-07,0,2.1999999999999998e-07,0,0.0040306910000000003
rc_a0.0001_t9.9999999999999995e-07_b400,1,1,3,1,2564,2564,1,7130,102,1.2939741978474219e-07,0,2.1999999999999998e-07,0,0.0040342879999999996
rc_a0.0001_t9.9999999999999995e-07_b400,1,1,4,1,2564,2564,1,7130,102,1.2939741978474219e-07,0,2.1999999999999998e-07,0,0.004039689
rc_a0.0001_t9.9999999999999995e-07_b400,1,1,5,1,2564,2564,1,7130,102,1.2939741978474219e-07,0,2.1999999999999998e-07,0,0.0040273050000000001
rc_a0.0001_t9.9999999999999995e-07_b400,1,1,6,1,2564,2564,1,7130,102,1.2939741978474219e-07,0,2.1999999999999998e-07,0,0.004045379
rc_a0.0001_t9.9999999999999995e-07_b400,1,1,7,1,2564,2564,1,7130,102,1.2939741978474219e-07,0,2.1999999999999998e-07,0,0.0040049229999999996
rc_a0.0001_t9.9999999999999995e-07_b400,1,1,8,1,2564,2564,1,7130,102,1.2939741978474219e-07,0,2.1999999999999998e-07,0,0.0040063449999999997
rc_a0.0001_t9.9999999999999995e-07_b400,1,1,9,1,2564,2564,1,7130,102,1.2939741978474219e-07,0,2.1999999999999998e-07,0,0.0040346289999999996
rc_a0.0001_t9.9999999999999995e-07_b400,1,1,10,1,2564,2564,1,7130,102,1.2939741978474219e-07,0,2.1999999999999998e-07,0,0.0040004139999999999
rc_a1_t1.0000000000000001e-09_b0,0,0,0,0,256,289,34,2598,289,0.00033018648741056644,0,0.00020020000000000001,0,0.0012769140000000001
rc_a1_t1.0000000000000001e-09_b0,0,0,1,0,256,289,34,2598,289,0.00033018648741056644,0,0.00020020000000000001,0,0.0012826440000000001
rc_a1_t1.0000000000000001e-09_b0,0,0,2,0,256,289,34,2598,289,0.00033018648741056644,0,0.00020020000000000001,0,0.001267736
rc_a1_t1.0000000000000001e-09_b0,0,0,3,0,256,289,34,2598,289,0.00033018648741056644,0,0.00020020000000000001,0,0.0012787269999999999
rc_a1_t1.0000000000000001e-09_b0,0,0,4,0,256,289,34,2598,289,0.00033018648741056644,0,0.00020020000000000001,0,0.001274159
rc_a1_t1.0000000000000001e-09_b0,0,0,5,0,256,289,34,2598,289,0.00033018648741056644,0,0.00020020000000000001,0,0.001276613
rc_a1_t1.0000000000000001e-09_b0,0,0,6,0,256,289,34,2598,289,0.00033018648741056644,0,0.00020020000000000001,0,0.0012868020000000001
rc_a1_t1.0000000000000001e-09_b0,0,0,7,0,256,289,34,2598,289,0.00033018648741056644,0,0.00020020000000000001,0,0.0013079929999999999
rc_a1_t1.0000000000000001e-09_b0,0,0,8,0,256,289,34,2598,289,0.00033018648741056644,0,0.00020020000000000001,0,0.001300769
rc_a1_t1.0000000000000001e-09_b0,0,0,9,0,256,289,34,2598,289,0.00033018648741056644,0,0.00020020000000000001,0,0.0012673560000000001
rc_a1_t1.0000000000000001e-09_b0,0,0,10,0,256,289,34,2598,289,0.00033018648741056644,0,0.00020020000000000001,0,0.0012669650000000001
rc_a1_t1.0000000000000001e-09_b0,0,1,0,1,2590,2603,14,22819,2603,0.0001304019254643185,0,0.00020020000000000001,0,0.010973811
rc_a1_t1.0000000000000001e-09_b0,0,1,1,1,2590,2603,14,22819,2603,0.0001304019254643185,0,0.00020020000000000001,0,0.010975184000000001
rc_a1_t1.0000000000000001e-09_b0,0,1,2,1,2590,2603,14,22819,2603,0.0001304019254643185,0,0.00020020000000000001,0,0.010995763
rc_a1_t1.0000000000000001e-09_b0,0,1,3,1,2590,2603,14,22819,2603,0.0001304019254643185,0,0.00020020000000000001,0,0.011013857
rc_a1_t1.0000000000000001e-09_b0,0,1,4,1,2590,2603,14,22819,2603,0.0001304019254643185,0,0.00020020000000000001,0,0.010926451
rc_a1_t1.0000000000000001e-09_b0,0,1,5,1,2590,2603,14,22819,2603,0.0001304019254643185,0,0.00020020000000000001,0,0.010985593
rc_a1_t1.0000000000000001e-09_b0,0,1,6,1,2590,2603,14,22819,2603,0.0001304019254643185,0,0.00020020000000000001,0,0.011028726000000001
rc_a1_t1.0000000000000001e-09_b0,0,1,7,1,2590,2603,14,22819,2603,0.0001304019254643185,0,0.00020020000000000001,0,0.011006243000000001
rc_a1_t1.0000000000000001e-09_b0,0,1,8,1,2590,2603,14,22819,2603,0.0001304019254643185,0,0.00020020000000000001,0,0.010956298
rc_a1_t1.0000000000000001e-09_b0,0,1,9,1,2590,2603,14,22819,2603,0.0001304019254643185,0,0.00020020000000000001,0,0.011017344
rc_a1_t1.0000000000000001e-09_b0,0,1,10,1,2590,2603,14,22819,2603,0.0001304019254643185,0,0.00020020000000000001,0,0.011061578000000001
rc_a1_t1.0000000000000001e-09_b0,1,0,0,0,267,300,34,1354,76,0.00030988131527165397,0,0.00020020000000000001,0,0.00077220499999999998
rc_a1_t1.0000000000000001e-09_b0,1,0,1,0,267,300,34,1354,76,0.00030988131527165397,0,0.00020020000000000001,0,0.00073283099999999998
rc_a1_t1.0000000000000001e-09_b0,1,0,2,0,267,300,34,1354,76,0.00030988131527165397,0,0.00020020000000000001,0,0.00074197800000000002
rc_a1_t1.0000000000000001e-09_b0,1,0,3,0,267,300,34,1354,76,0.00030988131527165397,0,0.00020020000000000001,0,0.00072788200000000001
rc_a1_t1.0000000000000001e-09_b0,1,0,4,0,267,300,34,1354,76,0.00030988131527165397,0,0.00020020000000000001,0,0.00073082699999999997
rc_a1_t1.0000000000000001e-09_b0,1,0,5,0,267,300,34,1354,76,0.00030988131527165397,0,0.00020020000000000001,0,0.00073322199999999995
rc_a1_t1.0000000000000001e-09_b0,1,0,6,0,267,300,34,1354,76,0.00030988131527165397,0,0.00020020000000000001,0,0.00070998700000000003
rc_a1_t1.0000000000000001e-09_b0,1,0,7,0,267,300,34,1354,76,0.00030988131527165397,0,0.00020020000000000001,0,0.00073890299999999996
rc_a1_t1.0000000000000001e-09_b0,1,0,8,0,267,300,34,1354,76,0.00030988131527165397,0,0.00020020000000000001,0,0.00074116700000000004
rc_a1_t1.0000000000000001e-09_b0,1,0,9,0,267,300,34,1354,76,0.00030988131527165397,0,0.00020020000000000001,0,0.00070933599999999997
rc_a1_t1.0000000000000001e-09_b0,1,0,10,0,267,300,34,1354,76,0.00030988131527165397,0,0.00020020000000000001,0,0.00072283299999999998
rc_a1_t1.0000000000000001e-09_b0,1,1,0,1,2594,2607,14,8395,127,0.00013050607087350397,0,0.00020020000000000001,0,0.0046285759999999997
rc_a1_t1.0000000000000001e-09_b0,1,1,1,1,2594,2607,14,8395,127,0.00013050607087350397,0,0.00020020000000000001,0,0.0046426030000000004
rc_a1_t1.0000000000000001e-09_b0,1,1,2,1,2594,2607,14,8395,127,0.00013050607087350397,0,0.00020020000000000001,0,0.0046139290000000001
rc_a1_t1.0000000000000001e-09_b0,1,1,3,1,2594,2607,14,8395,127,0.00013050607087350397,0,0.00020020000000000001,0,0.0046359599999999997
rc_a1_t1.0000000000000001e-09_b0,1,1,4,1,2594,2607,14,8395,127,0.00013050607087350397,0,0.00020020000000000001,0,0.004736662
rc_a1_t1.0000000000000001e-09_b0,1,1,5,1,2594,2607,14,8395,127,0.00013050607087350397,0,0.00020020000000000001,0,0.0046275149999999996
rc_a1_t1.0000000000000001e-09_b0,1,1,6,1,2594,2607,14,8395,127,0.00013050607087350397,0,0.00020020000000000001,0,0.0046512400000000001
rc_a1_t1.0000000000000001e-09_b0,1,1,7,1,2594,2607,14,8395,127,0.00013050607087350397,0,0.00020020000000000001,0,0.004631212
rc_a1_t1.0000000000000001e-09_b0,1,1,8,1,2594,2607,14,8395,127,0.00013050607087350397,0,0.00020020000000000001,0,0.004648162
rc_a1_t1.0000000000000001e-09_b0,1,1,9,1,2594,2607,14,8395,127,0.00013050607087350397,0,0.00020020000000000001,0,0.004639097
rc_a1_t1.0000000000000001e-09_b0,1,1,10,1,2594,2607,14,8395,127,0.00013050607087350397,0,0.00020020000000000001,0,0.0046018049999999996
rc_a1_t0.001_b0,0,0,0,0,256,289,34,2598,289,0.00033018648739502332,0,0.00020020000000000001,0,0.001282926
rc_a1_t0.001_b0,0,0,1,0,256,289,34,2598,289,0.00033018648739502332,0,0.00020020000000000001,0,0.001281803
rc_a1_t0.001_b0,0,0,2,0,256,289,34,2598,289,0.00033018648739502332,0,0.00020020000000000001,0,0.0012888369999999999
rc_a1_t0.001_b0,0,0,3,0,256,289,34,2598,289,0.00033018648739502332,0,0.00020020000000000001,0,0.001263068
rc_a1_t0.001_b0,0,0,4,0,256,289,34,2598,289,0.00033018648739502332,0,0.00020020000000000001,0,0.0012661230000000001
rc_a1_t0.001_b0,0,0,5,0,256,289,34,2598,289,0.00033018648739502332,0,0.00020020000000000001,0,0.0012817729999999999
rc_a1_t0.001_b0,0,0,6,0,256,289,34,2598,289,0.00033018648739502332,0,0.00020020000000000001,0,0.001267376
rc_a1_t0.001_b0,0,0,7,0,256,289,34,2598,289,0.00033018648739502332,0,0.00020020000000000001,0,0.001321619
rc_a1_t0.001_b0,0,0,8,0,256,289,34,2598,289,0.00033018648739502332,0,0.00020020000000000001,0,0.0012753409999999999
rc_a1_t0.001_b0,0,0,9,0,256,289,34,2598,289,0.00033018648739502332,0,0.00020020000000000001,0,0.0012736869999999999
rc_a1_t0.001_b0,0,0,10,0,256,289,34,2598,289,0.00033018648739502332,0,0.00020020000000000001,0,0.001251095
rc_a1_t0.001_b0,0,1,0,1,2590,2603,14,22819,2603,0.00013040192545688001,0,0.00020020000000000001,0,0.011015911
rc_a1_t0.001_b0,0,1,1,1,2590,2603,14,22819,2603,0.00013040192545688001,0,0.00020020000000000001,0,0.010975784000000001
rc_a1_t0.001_b0,0,1,2,1,2590,2603,14,22819,2603,0.00013040192545688001,0,0.00020020000000000001,0,0.011015520000000001
rc_a1_t0.001_b0,0,1,3,1,2590,2603,14,22819,2603,0.00013040192545688001,0,0.00020020000000000001,0,0.010982947999999999
rc_a1_t0.001_b0,0,1,4,1,2590,2603,14,22819,2603,0.00013040192545688001,0,0.00020020000000000001,0,0.011024928
rc_a1_t0.001_b0,0,1,5,1,2590,2603,14,22819,2603,0.00013040192545688001,0,0.00020020000000000001,0,0.011024157
rc_a1_t0.001_b0,0,1,6,1,2590,2603,14,22819,2603,0.00013040192545688001,0,0.00020020000000000001,0,0.011024137
rc_a1_t0.001_b0,0,1,7,1,2590,2603,14,22819,2603,0.00013040192545688001,0,0.00020020000000000001,0,0.011043343000000001
rc_a1_t0.001_b0,0,1,8,1,2590,2603,14,22819,2603,0.00013040192545688001,0,0.00020020000000000001,0,0.011014899
rc_a1_t0.001_b0,0,1,9,1,2590,2603,14,22819,2603,0.00013040192545688001,0,0.00020020000000000001,0,0.011048323000000001
rc_a1_t0.001_b0,0,1,10,1,2590,2603,14,22819,2603,0.00013040192545688001,0,0.00020020000000000001,0,0.011064333000000001
rc_a1_t0.001_b0,1,0,0,0,267,300,34,1354,76,0.00030988131525477858,0,0.00020020000000000001,0,0.00075878100000000004
rc_a1_t0.001_b0,1,0,1,0,267,300,34,1354,76,0.00030988131525477858,0,0.00020020000000000001,0,0.00075592499999999996
rc_a1_t0.001_b0,1,0,2,0,267,300,34,1354,76,0.00030988131525477858,0,0.00020020000000000001,0,0.00072584799999999997
rc_a1_t0.001_b0,1,0,3,0,267,300,34,1354,76,0.00030988131525477858,0,0.00020020000000000001,0,0.00074664700000000002
rc_a1_t0.001_b0,1,0,4,0,267,300,34,1354,76,0.00030988131525477858,0,0.00020020000000000001,0,0.00073879200000000005
rc_a1_t0.001_b0,1,0,5,0,267,300,34,1354,76,0.00030988131525477858,0,0.00020020000000000001,0,0.00071340399999999995
rc_a1_t0.001_b0,1,0,6,0,267,300,34,1354,76,0.00030988131525477858,0,0.00020020000000000001,0,0.00071989600000000003
rc_a1_t0.001_b0,1,0,7,0,267,300,34,1354,76,0.00030988131525477858,0,0.00020020000000000001,0,0.00076398000000000004
rc_a1_t0.001_b0,1,0,8,0,267,300,34,1354,76,0.00030988131525477858,0,0.00020020000000000001,0,0.00074808999999999997
rc_a1_t0.001_b0,1,0,9,0,267,300,34,1354,76,0.00030988131525477858,0,0.00020020000000000001,0,0.00074761900000000004
rc_a1_t0.001_b0,1,0,10,0,267,300,34,1354,76,0.00030988131525477858,0,0.00020020000000000001,0,0.00070934600000000002
rc_a1_t0.001_b0,1,1,0,1,2594,2607,14,8395,127,0.00013050607086795285,0,0.00020020000000000001,0,0.0046184069999999997
rc_a1_t0.001_b0,1,1,1,1,2594,2607,14,8395,127,0.00013050607086795285,0,0.00020020000000000001,0,0.0046021860000000003
rc_a1_t0.001_b0,1,1,2,1,2594,2607,14,8395,127,0.00013050607086795285,0,0.00020020000000000001,0,0.0046094500000000002
rc_a1_t0.001_b0,1,1,3,1,2594,2607,14,8395,127,0.00013050607086795285,0,0.00020020000000000001,0,0.0046696139999999999
rc_a1_t0.001_b0,1,1,4,1,2594,2607,14,8395,127,0.00013050607086795285,0,0.00020020000000000001,0,0.004605942
rc_a1_t0.001_b0,1,1,5,1,2594,2607,14,8395,127,0.00013050607086795285,0,0.00020020000000000001,0,0.0046493660000000003
rc_a1_t0.001_b0,1,1,6,1,2594,2607,14,8395,127,0.00013050607086795285,0,0.00020020000000000001,0,0.0046735209999999999
rc_a1_t0.001_b0,1,1,7,1,2594,2607,14,8395,127,0.00013050607086795285,0,0.00020020000000000001,0,0.0046118849999999996
rc_a1_t0.001_b0,1,1,8,1,2594,2607,14,8395,127,0.00013050607086795285,0,0.00020020000000000001,0,0.0046287969999999996
rc_a1_t0.001_b0,1,1,9,1,2594,2607,14,8395,127,0.00013050607086795285,0,0.00020020000000000001,0,0.0046597749999999997
rc_a1_t0.001_b0,1,1,10,1,2594,2607,14,8395,127,0.00013050607086795285,0,0.00020020000000000001,0,0.0048762370000000003
rc_a1_t1_b0,0,0,0,0,256,289,34,2598,289,0.00033018648738569745,0,0.00020020000000000001,0,0.0014406449999999999
rc_a1_t1_b0,0,0,1,0,256,289,34,2598,289,0.00033018648738569745,0,0.00020020000000000001,0,0.0013347840000000001
rc_a1_t1_b0,0,0,2,0,256,289,34,2598,289,0.00033018648738569745,0,0.00020020000000000001,0,0.001587343
rc_a1_t1_b0,0,0,3,0,256,289,34,2598,289,0.00033018648738569745,0,0.00020020000000000001,0,0.0014359360000000001
rc_a1_t1_b0,0,0,4,0,256,289,34,2598,289,0.00033018648738569745,0,0.00020020000000000001,0,0.001305358
rc_a1_t1_b0,0,0,5,0,256,289,34,2598,289,0.00033018648738569745,0,0.00020020000000000001,0,0.001509746
rc_a1_t1_b0,0,0,6,0,256,289,34,2598,289,0.00033018648738569745,0,0.00020020000000000001,0,0.0014962599999999999
rc_a1_t1_b0,0,0,7,0,256,289,34,2598,289,0.00033018648738569745,0,0.00020020000000000001,0,0.001278527
rc_a1_t1_b0,0,0,8,0,256,289,34,2598,289,0.00033018648738569745,0,0.00020020000000000001,0,0.001260012
rc_a1_t1_b0,0,0,9,0,256,289,34,2598,289,0.00033018648738569745,0,0.00020020000000000001,0,0.0012755609999999999
rc_a1_t1_b0,0,0,10,0,256,289,34,2598,289,0.00033018648738569745,0,0.00020020000000000001,0,0.001458038
rc_a1_t1_b0,0,1,0,1,2590,2603,14,22819,2603,0.00013040192545843432,0,0.00020020000000000001,0,0.012095721
rc_a1_t1_b0,0,1,1,1,2590,2603,14,22819,2603,0.00013040192545843432,0,0.00020020000000000001,0,0.011447621
rc_a1_t1_b0,0,1,2,1,2590,2603,14,22819,2603,0.00013040192545843432,0,0.00020020000000000001,0,0.012029705
rc_a1_t1_b0,0,1,3,1,2590,2603,14,22819,2603,0.00013040192545843432,0,0.00020020000000000001,0,0.011612083
rc_a1_t1_b0,0,1,4,1,2590,2603,14,22819,2603,0.00013040192545843432,0,0.00020020000000000001,0,0.011607905
rc_a1_t1_b0,0,1,5,1,2590,2603,14,22819,2603,0.00013040192545843432,0,0.00020020000000000001,0,0.011004128
rc_a1_t1_b0,0,1,6,1,2590,2603,14,22819,2603,0.00013040192545843432,0,0.00020020000000000001,0,0.010956377999999999
rc_a1_t1_b0,0,1,7,1,2590,2603,14,22819,2603,0.00013040192545843432,0,0.00020020000000000001,0,0.011003667999999999
rc_a1_t1_b0,0,1,8,1,2590,2603,14,22819,2603,0.00013040192545843432,0,0.00020020000000000001,0,0.011047721
rc_a1_t1_b0,0,1,9,1,2590,2603,14,22819,2603,0.00013040192545843432,0,0.00020020000000000001,0,0.010923896000000001
rc_a1_t1_b0,0,1,10,1,2590,2603,14,22819,2603,0.00013040192545843432,0,0.00020020000000000001,0,0.01098885
rc_a1_t1_b0,1,0,0,0,267,300,34,1354,76,0.00030988131525910845,0,0.00020020000000000001,0,0.00075998299999999999
rc_a1_t1_b0,1,0,1,0,267,300,34,1354,76,0.00030988131525910845,0,0.00020020000000000001,0,0.000730326
rc_a1_t1_b0,1,0,2,0,267,300,34,1354,76,0.00030988131525910845,0,0.00020020000000000001,0,0.00072348300000000003
rc_a1_t1_b0,1,0,3,0,267,300,34,1354,76,0.00030988131525910845,0,0.00020020000000000001,0,0.00074666800000000003
rc_a1_t1_b0,1,0,4,0,267,300,34,1354,76,0.00030988131525910845,0,0.00020020000000000001,0,0.00077348800000000002
rc_a1_t1_b0,1,0,5,0,267,300,34,1354,76,0.00030988131525910845,0,0.00020020000000000001,0,0.00072946399999999998
rc_a1_t1_b0,1,0,6,0,267,300,34,1354,76,0.00030988131525910845,0,0.00020020000000000001,0,0.00073145800000000004
rc_a1_t1_b0,1,0,7,0,267,300,34,1354,76,0.00030988131525910845,0,0.00020020000000000001,0,0.00073708900000000002
rc_a1_t1_b0,1,0,8,0,267,300,34,1354,76,0.00030988131525910845,0,0.00020020000000000001,0,0.00073152799999999995
rc_a1_t1_b0,1,0,9,0,267,300,34,1354,76,0.00030988131525910845,0,0.00020020000000000001,0,0.00074683799999999999
rc_a1_t1_b0,1,0,10,0,267,300,34,1354,76,0.00030988131525910845,0,0.00020020000000000001,0,0.00073125800000000004
rc_a1_t1_b0,1,1,0,1,2594,2607,14,8395,127,0.00013050607087083943,0,0.00020020000000000001,0,0.0045932189999999999
rc_a1_t1_b0,1,1,1,1,2594,2607,14,8395,127,0.00013050607087083943,0,0.00020020000000000001,0,0.0046129969999999998
rc_a1_t1_b0,1,1,2,1,2594,2607,14,8395,127,0.00013050607087083943,0,0.00020020000000000001,0,0.0046503270000000001
rc_a1_t1_b0,1,1,3,1,2594,2607,14,8395,127,0.00013050607087083943,0,0.00020020000000000001,0,0.0046214330000000003
rc_a1_t1_b0,1,1,4,1,2594,2607,14,8395,127,0.00013050607087083943,0,0.00020020000000000001,0,0.0046216030000000002
rc_a1_t1_b0,1,1,5,1,2594,2607,14,8395,127,0.00013050607087083943,0,0.00020020000000000001,0,0.0046532530000000004
rc_a1_t1_b0,1,1,6,1,2594,2607,14,8395,127,0.00013050607087083943,0,0.00020020000000000001,0,0.0046334760000000001
rc_a1_t1_b0,1,1,7,1,2594,2607,14,8395,127,0.00013050607087083943,0,0.00020020000000000001,0,0.0046092889999999999
rc_a1_t1_b0,1,1,8,1,2594,2607,14,8395,127,0.00013050607087083943,0,0.00020020000000000001,0,0.0046685429999999998
rc_a1_t1_b0,1,1,9,1,2594,2607,14,8395,127,0.00013050607087083943,0,0.00020020000000000001,0,0.0046362010000000004
rc_a1_t1_b0,1,1,10,1,2594,2607,14,8395,127,0.00013050607087083943,0,0.00020020000000000001,0,0.0046266730000000004
rc_a100_t0.001_b0,0,0,0,0,274,306,33,2754,306,0.032981436390173258,0,0.020000199999999999,0,0.0013493310000000001
rc_a100_t0.001_b0,0,0,1,0,274,306,33,2754,306,0.032981436390173258,0,0.020000199999999999,0,0.0013532990000000001
rc_a100_t0.001_b0,0,0,2,0,274,306,33,2754,306,0.032981436390173258,0,0.020000199999999999,0,0.0013805410000000001
rc_a100_t0.001_b0,0,0,3,0,274,306,33,2754,306,0.032981436390173258,0,0.020000199999999999,0,0.0013356349999999999
rc_a100_t0.001_b0,0,0,4,0,274,306,33,2754,306,0.032981436390173258,0,0.020000199999999999,0,0.00145947
rc_a100_t0.001_b0,0,0,5,0,274,306,33,2754,306,0.032981436390173258,0,0.020000199999999999,0,0.001574329
rc_a100_t0.001_b0,0,0,6,0,274,306,33,2754,306,0.032981436390173258,0,0.020000199999999999,0,0.001339383
rc_a100_t0.001_b0,0,0,7,0,274,306,33,2754,306,0.032981436390173258,0,0.020000199999999999,0,0.001363628
rc_a100_t0.001_b0,0,0,8,0,274,306,33,2754,306,0.032981436390173258,0,0.020000199999999999,0,0.0013433900000000001
rc_a100_t0.001_b0,0,0,9,0,274,306,33,2754,306,0.032981436390173258,0,0.020000199999999999,0,0.0013415569999999999
rc_a100_t0.001_b0,0,0,10,0,274,306,33,2754,306,0.032981436390173258,0,0.020000199999999999,0,0.0013477280000000001
rc_a100_t0.001_b0,0,1,0,1,2593,2606,14,23451,2606,0.01306214321793675,0,0.020000199999999999,0,0.011308024999999999
rc_a100_t0.001_b0,0,1,1,1,2593,2606,14,23451,2606,0.01306214321793675,0,0.020000199999999999,0,0.011310509999999999
rc_a100_t0.001_b0,0,1,2,1,2593,2606,14,23451,2606,0.01306214321793675,0,0.020000199999999999,0,0.011305791000000001
rc_a100_t0.001_b0,0,1,3,1,2593,2606,14,23451,2606,0.01306214321793675,0,0.020000199999999999,0,0.011611020999999999
rc_a100_t0.001_b0,0,1,4,1,2593,2606,14,23451,2606,0.01306214321793675,0,0.020000199999999999,0,0.011342250999999999
rc_a100_t0.001_b0,0,1,5,1,2593,2606,14,23451,2606,0.01306214321793675,0,0.020000199999999999,0,0.011349715
rc_a100_t0.001_b0,0,1,6,1,2593,2606,14,23451,2606,0.01306214321793675,0,0.020000199999999999,0,0.011321612
rc_a100_t0.001_b0,0,1,7,1,2593,2606,14,23451,2606,0.01306214321793675,0,0.020000199999999999,0,0.011278740000000001
rc_a100_t0.001_b0,0,1,8,1,2593,2606,14,23451,2606,0.01306214321793675,0,0.020000199999999999,0,0.011345367
rc_a100_t0.001_b0,0,1,9,1,2593,2606,14,23451,2606,0.01306214321793675,0,0.020000199999999999,0,0.01134724
rc_a100_t0.001_b0,0,1,10,1,2593,2606,14,23451,2606,0.01306214321793675,0,0.020000199999999999,0,0.011260746
rc_a100_t0.001_b0,1,0,0,0,279,310,32,1356,71,0.030962000963938863,0,0.020000199999999999,0,0.00076862800000000004
rc_a100_t0.001_b0,1,0,1,0,279,310,32,1356,71,0.030962000963938863,0,0.020000199999999999,0,0.00073966400000000001
rc_a100_t0.001_b0,1,0,2,0,279,310,32,1356,71,0.030962000963938863,0,0.020000199999999999,0,0.00072939499999999998
rc_a100_t0.001_b0,1,0,3,0,279,310,32,1356,71,0.030962000963938863,0,0.020000199999999999,0,0.00073253100000000002
rc_a100_t0.001_b0,1,0,4,0,279,310,32,1356,71,0.030962000963938863,0,0.020000199999999999,0,0.00075919099999999999
rc_a100_t0.001_b0,1,0,5,0,279,310,32,1356,71,0.030962000963938863,0,0.020000199999999999,0,0.00075287900000000003
rc_a100_t0.001_b0,1,0,6,0,279,310,32,1356,71,0.030962000963938863,0,0.020000199999999999,0,0.00073848200000000005
rc_a100_t0.001_b0,1,0,7,0,279,310,32,1356,71,0.030962000963938863,0,0.020000199999999999,0,0.00075451200000000004
rc_a100_t0.001_b0,1,0,8,0,279,310,32,1356,71,0.030962000963938863,0,0.020000199999999999,0,0.00076105499999999996
rc_a100_t0.001_b0,1,0,9,0,279,310,32,1356,71,0.030962000963938863,0,0.020000199999999999,0,0.00073441499999999998
rc_a100_t0.001_b0,1,0,10,0,279,310,32,1356,71,0.030962000963938863,0,0.020000199999999999,0,0.00073515500000000003
rc_a100_t0.001_b0,1,1,0,1,2593,2606,14,8559,124,0.013042109702780635,0,0.020000199999999999,0,0.0046759460000000003
rc_a100_t0.001_b0,1,1,1,1,2593,2606,14,8559,124,0.013042109702780635,0,0.020000199999999999,0,0.0047101019999999999
rc_a100_t0.001_b0,1,1,2,1,2593,2606,14,8559,124,0.013042109702780635,0,0.020000199999999999,0,0.0046799540000000001
rc_a100_t0.001_b0,1,1,3,1,2593,2606,14,8559,124,0.013042109702780635,0,0.020000199999999999,0,0.0046923169999999997
rc_a100_t0.001_b0,1,1,4,1,2593,2606,14,8559,124,0.013042109702780635,0,0.020000199999999999,0,0.0046887810000000004
rc_a100_t0.001_b0,1,1,5,1,2593,2606,14,8559,124,0.013042109702780635,0,0.020000199999999999,0,0.0046885190000000004
rc_a100_t0.001_b0,1,1,6,1,2593,2606,14,8559,124,0.013042109702780635,0,0.020000199999999999,0,0.0046780299999999997
rc_a100_t0.001_b0,1,1,7,1,2593,2606,14,8559,124,0.013042109702780635,0,0.020000199999999999,0,0.0047181159999999996
rc_a100_t0.001_b0,1,1,8,1,2593,2606,14,8559,124,0.013042109702780635,0,0.020000199999999999,0,0.0046919559999999997
rc_a100_t0.001_b0,1,1,9,1,2593,2606,14,8559,124,0.013042109702780635,0,0.020000199999999999,0,0.0047106229999999997
rc_a100_t0.001_b0,1,1,10,1,2593,2606,14,8559,124,0.013042109702780635,0,0.020000199999999999,0,0.0047134780000000001
rlc_r0.02_a0.001_t9.9999999999999995e-07_b0,0,0,0,0,590,686,97,6174,686,3.8001635318153626e-05,3.6650921211869641e-05,7.0000000000000007e-06,5.0200000000000002e-06,0.0036365730000000001
rlc_r0.02_a0.001_t9.9999999999999995e-07_b0,0,0,1,0,590,686,97,6174,686,3.8001635318153626e-05,3.6650921211869641e-05,7.0000000000000007e-06,5.0200000000000002e-06,0.003647464
rlc_r0.02_a0.001_t9.9999999999999995e-07_b0,0,0,2,0,590,686,97,6174,686,3.8001635318153626e-05,3.6650921211869641e-05,7.0000000000000007e-06,5.0200000000000002e-06,0.0038290289999999999
rlc_r0.02_a0.001_t9.9999999999999995e-07_b0,0,0,3,0,590,686,97,6174,686,3.8001635318153626e-05,3.6650921211869641e-05,7.0000000000000007e-06,5.0200000000000002e-06,0.0036663500000000001
rlc_r0.02_a0.001_t9.9999999999999995e-07_b0,0,0,4,0,590,686,97,6174,686,3.8001635318153626e-05,3.6650921211869641e-05,7.0000000000000007e-06,5.0200000000000002e-06,0.0036504189999999998
rlc_r0.02_a0.001_t9.9999999999999995e-07_b0,0,0,5,0,590,686,97,6174,686,3.8001635318153626e-05,3.6650921211869641e-05,7.0000000000000007e-06,5.0200000000000002e-06,0.0036245399999999999
rlc_r0.02_a0.001_t9.9999999999999995e-07_b0,0,0,6,0,590,686,97,6174,686,3.8001635318153626e-05,3.6650921211869641e-05,7.0000000000000007e-06,5.0200000000000002e-06,0.0036461309999999999
rlc_r0.02_a0.001_t9.9999999999999995e-07_b0,0,0,7,0,590,686,97,6174,686,3.8001635318153626e-05,3.6650921211869641e-05,7.0000000000000007e-06,5.0200000000000002e-06,0.0036659599999999998
rlc_r0.02_a0.001_t9.9999999999999995e-07_b0,0,0,8,0,590,686,97,6174,686,3.8001635318153626e-05,3.6650921211869641e-05,7.0000000000000007e-06,5.0200000000000002e-06,0.0036457709999999999
rlc_r0.02_a0.001_t9.9999999999999995e-07_b0,0,0,9,0,590,686,97,6174,686,3.8001635318153626e-05,3.6650921211869641e-05,7.0000000000000007e-06,5.0200000000000002e-06,0.003660749
rlc_r0.02_a0.001_t9.9999999999999995e-07_b0,0,0,10,0,590,686,97,6174,686,3.8001635318153626e-05,3.6650921211869641e-05,7.0000000000000007e-06,5.0200000000000002e-06,0.0036448589999999999
rlc_r0.02_a0.001_t9.9999999999999995e-07_b0,0,1,0,1,6413,6420,8,57780,6420,3.2634485617240999e-07,3.2394113731043506e-07,7.0000000000000007e-06,5.0200000000000002e-06,0.034163692000000002
rlc_r0.02_a0.001_t9.9999999999999995e-07_b0,0,1,1,1,6413,6420,8,57780,6420,3.2634485617240999e-07,3.2394113731043506e-07,7.0000000000000007e-06,5.0200000000000002e-06,0.033881996999999997
rlc_r0.02_a0.001_t9.9999999999999995e-07_b0,0,1,2,1,6413,6420,8,57780,6420,3.2634485617240999e-07,3.2394113731043506e-07,7.0000000000000007e-06,5.0200000000000002e-06,0.034004028999999998
rlc_r0.02_a0.001_t9.9999999999999995e-07_b0,0,1,3,1,6413,6420,8,57780,6420,3.2634485617240999e-07,3.2394113731043506e-07,7.0000000000000007e-06,5.0200000000000002e-06,0.033959323999999999
rlc_r0.02_a0.001_t9.9999999999999995e-07_b0,0,1,4,1,6413,6420,8,57780,6420,3.2634485617240999e-07,3.2394113731043506e-07,7.0000000000000007e-06,5.0200000000000002e-06,0.033933143999999998
rlc_r0.02_a0.001_t9.9999999999999995e-07_b0,0,1,5,1,6413,6420,8,57780,6420,3.2634485617240999e-07,3.2394113731043506e-07,7.0000000000000007e-06,5.0200000000000002e-06,0.033741990999999999
rlc_r0.02_a0.001_t9.9999999999999995e-07_b0,0,1,6,1,6413,6420,8,57780,6420,3.2634485617240999e-07,3.2394113731043506e-07,7.0000000000000007e-06,5.0200000000000002e-06,0.034033253999999999
rlc_r0.02_a0.001_t9.9999999999999995e-07_b0,0,1,7,1,6413,6420,8,57780,6420,3.2634485617240999e-07,3.2394113731043506e-07,7.0000000000000007e-06,5.0200000000000002e-06,0.033895353000000003
rlc_r0.02_a0.001_t9.9999999999999995e-07_b0,0,1,8,1,6413,6420,8,57780,6420,3.2634485617240999e-07,3.2394113731043506e-07,7.0000000000000007e-06,5.0200000000000002e-06,0.034010831999999998
rlc_r0.02_a0.001_t9.9999999999999995e-07_b0,0,1,9,1,6413,6420,8,57780,6420,3.2634485617240999e-07,3.2394113731043506e-07,7.0000000000000007e-06,5.0200000000000002e-06,0.033933855999999998
rlc_r0.02_a0.001_t9.9999999999999995e-07_b0,0,1,10,1,6413,6420,8,57780,6420,3.2634485617240999e-07,3.2394113731043506e-07,7.0000000000000007e-06,5.0200000000000002e-06,0.033803187999999998
rlc_r0.02_a0.001_t9.9999999999999995e-07_b0,1,0,0,0,586,678,93,2736,117,3.8124513149944794e-05,3.6767396241941868e-05,7.0000000000000007e-06,5.0200000000000002e-06,0.0019215580000000001
rlc_r0.02_a0.001_t9.9999999999999995e-07_b0,1,0,1,0,586,678,93,2736,117,3.8124513149944794e-05,3.6767396241941868e-05,7.0000000000000007e-06,5.0200000000000002e-06,0.0019691079999999998
rlc_r0.02_a0.001_t9.9999999999999995e-07_b0,1,0,2,0,586,678,93,2736,117,3.8124513149944794e-05,3.6767396241941868e-05,7.0000000000000007e-06,5.0200000000000002e-06,0.0018938449999999999
rlc_r0.02_a0.001_t9.9999999999999995e-07_b0,1,0,3,0,586,678,93,2736,117,3.8124513149944794e-05,3.6767396241941868e-05,7.0000000000000007e-06,5.0200000000000002e-06,0.0019166179999999999
rlc_r0.02_a0.001_t9.9999999999999995e-07_b0,1,0,4,0,586,678,93,2736,117,3.8124513149944794e-05,3.6767396241941868e-05,7.0000000000000007e-06,5.0200000000000002e-06,0.001891771
rlc_r0.02_a0.001_t9.9999999999999995e-07_b0,1,0,5,0,586,678,93,2736,117,3.8124513149944794e-05,3.6767396241941868e-05,7.0000000000000007e-06,5.0200000000000002e-06,0.001929163
rlc_r0.02_a0.001_t9.9999999999999995e-07_b0,1,0,6,0,586,678,93,2736,117,3.8124513149944794e-05,3.6767396241941868e-05,7.0000000000000007e-06,5.0200000000000002e-06,0.001903313
rlc_r0.02_a0.001_t9.9999999999999995e-07_b0,1,0,7,0,586,678,93,2736,117,3.8124513149944794e-05,3.6767396241941868e-05,7.0000000000000007e-06,5.0200000000000002e-06,0.0019026410000000001
rlc_r0.02_a0.001_t9.9999999999999995e-07_b0,1,0,8,0,586,678,93,2736,117,3.8124513149944794e-05,3.6767396241941868e-05,7.0000000000000007e-06,5.0200000000000002e-06,0.0019103760000000001
rlc_r0.02_a0.001_t9.9999999999999995e-07_b0,1,0,9,0,586,678,93,2736,117,3.8124513149944794e-05,3.6767396241941868e-05,7.0000000000000007e-06,5.0200000000000002e-06,0.001939943
rlc_r0.02_a0.001_t9.9999999999999995e-07_b0,1,0,10,0,586,678,93,2736,117,3.8124513149944794e-05,3.6767396241941868e-05,7.0000000000000007e-06,5.0200000000000002e-06,0.0019006279999999999
rlc_r0.02_a0.001_t9.9999999999999995e-07_b0,1,1,0,1,6414,6421,8,20847,264,2.5218529737061103e-07,2.5366311246551726e-07,7.0000000000000007e-06,5.0200000000000002e-06,0.014838698000000001
rlc_r0.02_a0.001_t9.9999999999999995e-07_b0,1,1,1,1,6414,6421,8,20847,264,2.5218529737061103e-07,2.5366311246551726e-07,7.0000000000000007e-06,5.0200000000000002e-06,0.014889214
rlc_r0.02_a0.001_t9.9999999999999995e-07_b0,1,1,2,1,6414,6421,8,20847,264,2.5218529737061103e-07,2.5366311246551726e-07,7.0000000000000007e-06,5.0200000000000002e-06,0.014905364000000001
rlc_r0.02_a0.001_t9.9999999999999995e-07_b0,1,1,3,1,6414,6421,8,20847,264,2.5218529737061103e-07,2.5366311246551726e-07,7.0000000000000007e-06,5.0200000000000002e-06,0.015038777999999999
rlc_r0.02_a0.001_t9.9999999999999995e-07_b0,1,1,4,1,6414,6421,8,20847,264,2.5218529737061103e-07,2.5366311246551726e-07,7.0000000000000007e-06,5.0200000000000002e-06,0.014979506
rlc_r0.02_a0.001_t9.9999999999999995e-07_b0,1,1,5,1,6414,6421,8,20847,264,2.5218529737061103e-07,2.5366311246551726e-07,7.0000000000000007e-06,5.0200000000000002e-06,0.014878443999999999
rlc_r0.02_a0.001_t9.9999999999999995e-07_b0,1,1,6,1,6414,6421,8,20847,264,2.5218529737061103e-07,2.5366311246551726e-07,7.0000000000000007e-06,5.0200000000000002e-06,0.014911515
rlc_r0.02_a0.001_t9.9999999999999995e-07_b0,1,1,7,1,6414,6421,8,20847,264,2.5218529737061103e-07,2.5366311246551726e-07,7.0000000000000007e-06,5.0200000000000002e-06,0.014927967
rlc_r0.02_a0.001_t9.9999999999999995e-07_b0,1,1,8,1,6414,6421,8,20847,264,2.5218529737061103e-07,2.5366311246551726e-07,7.0000000000000007e-06,5.0200000000000002e-06,0.014775679
rlc_r0.02_a0.001_t9.9999999999999995e-07_b0,1,1,9,1,6414,6421,8,20847,264,2.5218529737061103e-07,2.5366311246551726e-07,7.0000000000000007e-06,5.0200000000000002e-06,0.014946322
rlc_r0.02_a0.001_t9.9999999999999995e-07_b0,1,1,10,1,6414,6421,8,20847,264,2.5218529737061103e-07,2.5366311246551726e-07,7.0000000000000007e-06,5.0200000000000002e-06,0.014892600000000001
rlc_r0.02_a1_t9.9999999999999995e-07_b0,0,0,0,0,737,903,167,8127,903,0.028383404029640236,0.027525555097784205,0.0050020000000000004,0.00500002,0.0047710269999999997
rlc_r0.02_a1_t9.9999999999999995e-07_b0,0,0,1,0,737,903,167,8127,903,0.028383404029640236,0.027525555097784205,0.0050020000000000004,0.00500002,0.0048223449999999996
rlc_r0.02_a1_t9.9999999999999995e-07_b0,0,0,2,0,737,903,167,8127,903,0.028383404029640236,0.027525555097784205,0.0050020000000000004,0.00500002,0.004777679
rlc_r0.02_a1_t9.9999999999999995e-07_b0,0,0,3,0,737,903,167,8127,903,0.028383404029640236,0.027525555097784205,0.0050020000000000004,0.00500002,0.0047643549999999996
rlc_r0.02_a1_t9.9999999999999995e-07_b0,0,0,4,0,737,903,167,8127,903,0.028383404029640236,0.027525555097784205,0.0050020000000000004,0.00500002,0.0047747029999999999
rlc_r0.02_a1_t9.9999999999999995e-07_b0,0,0,5,0,737,903,167,8127,903,0.028383404029640236,0.027525555097784205,0.0050020000000000004,0.00500002,0.004800833
rlc_r0.02_a1_t9.9999999999999995e-07_b0,0,0,6,0,737,903,167,8127,903,0.028383404029640236,0.027525555097784205,0.0050020000000000004,0.00500002,0.0047836099999999998
rlc_r0.02_a1_t9.9999999999999995e-07_b0,0,0,7,0,737,903,167,8127,903,0.028383404029640236,0.027525555097784205,0.0050020000000000004,0.00500002,0.0047441260000000004
rlc_r0.02_a1_t9.9999999999999995e-07_b0,0,0,8,0,737,903,167,8127,903,0.028383404029640236,0.027525555097784205,0.0050020000000000004,0.00500002,0.0048002219999999998
rlc_r0.02_a1_t9.9999999999999995e-07_b0,0,0,9,0,737,903,167,8127,903,0.028383404029640236,0.027525555097784205,0.0050020000000000004,0.00500002,0.0047602670000000003
rlc_r0.02_a1_t9.9999999999999995e-07_b0,0,0,10,0,737,903,167,8127,903,0.028383404029640236,0.027525555097784205,0.0050020000000000004,0.00500002,0.0047308910000000001
rlc_r0.02_a1_t9.9999999999999995e-07_b0,0,1,0,1,6424,6439,16,57951,6439,0.00033502606180890737,0.00033228314909816703,0.0050020000000000004,0.00500002,0.034212844999999999
rlc_r0.02_a1_t9.9999999999999995e-07_b0,0,1,1,1,6424,6439,16,57951,6439,0.00033502606180890737,0.00033228314909816703,0.0050020000000000004,0.00500002,0.034210260999999999
rlc_r0.02_a1_t9.9999999999999995e-07_b0,0,1,2,1,6424,6439,16,57951,6439,0.00033502606180890737,0.00033228314909816703,0.0050020000000000004,0.00500002,0.034380753
rlc_r0.02_a1_t9.9999999999999995e-07_b0,0,1,3,1,6424,6439,16,57951,6439,0.00033502606180890737,0.00033228314909816703,0.0050020000000000004,0.00500002,0.034205602000000002
rlc_r0.02_a1_t9.9999999999999995e-07_b0,0,1,4,1,6424,6439,16,57951,6439,0.00033502606180890737,0.00033228314909816703,0.0050020000000000004,0.00500002,0.034562950000000002
rlc_r0.02_a1_t9.9999999999999995e-07_b0,0,1,5,1,6424,6439,16,57951,6439,0.00033502606180890737,0.00033228314909816703,0.0050020000000000004,0.00500002,0.034075214
rlc_r0.02_a1_t9.9999999999999995e-07_b0,0,1,6,1,6424,6439,16,57951,6439,0.00033502606180890737,0.00033228314909816703,0.0050020000000000004,0.00500002,0.034360680999999997
rlc_r0.02_a1_t9.9999999999999995e-07_b0,0,1,7,1,6424,6439,16,57951,6439,0.00033502606180890737,0.00033228314909816703,0.0050020000000000004,0.00500002,0.033659043999999999
rlc_r0.02_a1_t9.9999999999999995e-07_b0,0,1,8,1,6424,6439,16,57951,6439,0.00033502606180890737,0.00033228314909816703,0.0050020000000000004,0.00500002,0.033685524000000001
rlc_r0.02_a1_t9.9999999999999995e-07_b0,0,1,9,1,6424,6439,16,57951,6439,0.00033502606180890737,0.00033228314909816703,0.0050020000000000004,0.00500002,0.033501854999999997
rlc_r0.02_a1_t9.9999999999999995e-07_b0,0,1,10,1,6424,6439,16,57951,6439,0.00033502606180890737,0.00033228314909816703,0.0050020000000000004,0.00500002,0.033719249
rlc_r0.02_a1_t9.9999999999999995e-07_b0,1,0,0,0,732,894,163,3498,136,0.028452616277992115,0.027588496180574684,0.0050020000000000004,0.00500002,0.0024362849999999998
rlc_r0.02_a1_t9.9999999999999995e-07_b0,1,0,1,0,732,894,163,3498,136,0.028452616277992115,0.027588496180574684,0.0050020000000000004,0.00500002,0.0024145439999999998
rlc_r0.02_a1_t9.9999999999999995e-07_b0,1,0,2,0,732,894,163,3498,136,0.028452616277992115,0.027588496180574684,0.0050020000000000004,0.00500002,0.0024194429999999999
rlc_r0.02_a1_t9.9999999999999995e-07_b0,1,0,3,0,732,894,163,3498,136,0.028452616277992115,0.027588496180574684,0.0050020000000000004,0.00500002,0.0024162670000000002
rlc_r0.02_a1_t9.9999999999999995e-07_b0,1,0,4,0,732,894,163,3498,136,0.028452616277992115,0.027588496180574684,0.0050020000000000004,0.00500002,0.002385468
rlc_r0.02_a1_t9.9999999999999995e-07_b0,1,0,5,0,732,894,163,3498,136,0.028452616277992115,0.027588496180574684,0.0050020000000000004,0.00500002,0.0024074500000000002
rlc_r0.02_a1_t9.9999999999999995e-07_b0,1,0,6,0,732,894,163,3498,136,0.028452616277992115,0.027588496180574684,0.0050020000000000004,0.00500002,0.0023830539999999999
rlc_r0.02_a1_t9.9999999999999995e-07_b0,1,0,7,0,732,894,163,3498,136,0.028452616277992115,0.027588496180574684,0.0050020000000000004,0.00500002,0.0024495400000000001
rlc_r0.02_a1_t9.9999999999999995e-07_b0,1,0,8,0,732,894,163,3498,136,0.028452616277992115,0.027588496180574684,0.0050020000000000004,0.00500002,0.0023916800000000002
rlc_r0.02_a1_t9.9999999999999995e-07_b0,1,0,9,0,732,894,163,3498,136,0.028452616277992115,0.027588496180574684,0.0050020000000000004,0.00500002,0.002399595
rlc_r0.02_a1_t9.9999999999999995e-07_b0,1,0,10,0,732,894,163,3498,136,0.028452616277992115,0.027588496180574684,0.0050020000000000004,0.00500002,0.0024025209999999999
rlc_r0.02_a1_t9.9999999999999995e-07_b0,1,1,0,1,6425,6440,16,20970,275,0.00025830793938075303,0.00025940966184778702,0.0050020000000000004,0.00500002,0.014801849000000001
rlc_r0.02_a1_t9.9999999999999995e-07_b0,1,1,1,1,6425,6440,16,20970,275,0.00025830793938075303,0.00025940966184778702,0.0050020000000000004,0.00500002,0.014734831
rlc_r0.02_a1_t9.9999999999999995e-07_b0,1,1,2,1,6425,6440,16,20970,275,0.00025830793938075303,0.00025940966184778702,0.0050020000000000004,0.00500002,0.014605524999999999
rlc_r0.02_a1_t9.9999999999999995e-07_b0,1,1,3,1,6425,6440,16,20970,275,0.00025830793938075303,0.00025940966184778702,0.0050020000000000004,0.00500002,0.014617007
rlc_r0.02_a1_t9.9999999999999995e-07_b0,1,1,4,1,6425,6440,16,20970,275,0.00025830793938075303,0.00025940966184778702,0.0050020000000000004,0.00500002,0.015085777999999999
rlc_r0.02_a1_t9.9999999999999995e-07_b0,1,1,5,1,6425,6440,16,20970,275,0.00025830793938075303,0.00025940966184778702,0.0050020000000000004,0.00500002,0.014782511
rlc_r0.02_a1_t9.9999999999999995e-07_b0,1,1,6,1,6425,6440,16,20970,275,0.00025830793938075303,0.00025940966184778702,0.0050020000000000004,0.00500002,0.014803471
rlc_r0.02_a1_t9.9999999999999995e-07_b0,1,1,7,1,6425,6440,16,20970,275,0.00025830793938075303,0.00025940966184778702,0.0050020000000000004,0.00500002,0.014841352
rlc_r0.02_a1_t9.9999999999999995e-07_b0,1,1,8,1,6425,6440,16,20970,275,0.00025830793938075303,0.00025940966184778702,0.0050020000000000004,0.00500002,0.014674115999999999
rlc_r0.02_a1_t9.9999999999999995e-07_b0,1,1,9,1,6425,6440,16,20970,275,0.00025830793938075303,0.00025940966184778702,0.0050020000000000004,0.00500002,0.014621095000000001
rlc_r0.02_a1_t9.9999999999999995e-07_b0,1,1,10,1,6425,6440,16,20970,275,0.00025830793938075303,0.00025940966184778702,0.0050020000000000004,0.00500002,0.014714813
rlc_r0.02_a1_t0.001_b400,0,0,0,0,737,903,167,8127,903,0.028383404188815575,0.027525554825554743,0.0050020000000000004,0.00500002,0.0047127660000000002
rlc_r0.02_a1_t0.001_b400,0,0,1,0,737,903,167,8127,903,0.028383404188815575,0.027525554825554743,0.0050020000000000004,0.00500002,0.0046809759999999999
rlc_r0.02_a1_t0.001_b400,0,0,2,0,737,903,167,8127,903,0.028383404188815575,0.027525554825554743,0.0050020000000000004,0.00500002,0.0047260310000000003
rlc_r0.02_a1_t0.001_b400,0,0,3,0,737,903,167,8127,903,0.028383404188815575,0.027525554825554743,0.0050020000000000004,0.00500002,0.0046930990000000001
rlc_r0.02_a1_t0.001_b400,0,0,4,0,737,903,167,8127,903,0.028383404188815575,0.027525554825554743,0.0050020000000000004,0.00500002,0.0046951529999999997
rlc_r0.02_a1_t0.001_b400,0,0,5,0,737,903,167,8127,903,0.028383404188815575,0.027525554825554743,0.0050020000000000004,0.00500002,0.0047209410000000002
rlc_r0.02_a1_t0.001_b400,0,0,6,0,737,903,167,8127,903,0.028383404188815575,0.027525554825554743,0.0050020000000000004,0.00500002,0.0046922170000000003
rlc_r0.02_a1_t0.001_b400,0,0,7,0,737,903,167,8127,903,0.028383404188815575,0.027525554825554743,0.0050020000000000004,0.00500002,0.0046883100000000002
rlc_r0.02_a1_t0.001_b400,0,0,8,0,737,903,167,8127,903,0.028383404188815575,0.027525554825554743,0.0050020000000000004,0.00500002,0.0047343669999999997
rlc_r0.02_a1_t0.001_b400,0,0,9,0,737,903,167,8127,903,0.028383404188815575,0.027525554825554743,0.0050020000000000004,0.00500002,0.0047154609999999998
rlc_r0.02_a1_t0.001_b400,0,0,10,0,737,903,167,8127,903,0.028383404188815575,0.027525554825554743,0.0050020000000000004,0.00500002,0.0047350980000000001
rlc_r0.02_a1_t0.001_b400,0,1,0,1,6425,6440,16,57960,6440,0.00025830262730153208,0.00025940585393580129,0.0050020000000000004,0.00500002,0.033566016999999997
rlc_r0.02_a1_t0.001_b400,0,1,1,1,6425,6440,16,57960,6440,0.00025830262730153208,0.00025940585393580129,0.0050020000000000004,0.00500002,0.033389431999999997
rlc_r0.02_a1_t0.001_b400,0,1,2,1,6425,6440,16,57960,6440,0.00025830262730153208,0.00025940585393580129,0.0050020000000000004,0.00500002,0.033384733
rlc_r0.02_a1_t0.001_b400,0,1,3,1,6425,6440,16,57960,6440,0.00025830262730153208,0.00025940585393580129,0.0050020000000000004,0.00500002,0.03346234
rlc_r0.02_a1_t0.001_b400,0,1,4,1,6425,6440,16,57960,6440,0.00025830262730153208,0.00025940585393580129,0.0050020000000000004,0.00500002,0.034231731000000001
rlc_r0.02_a1_t0.001_b400,0,1,5,1,6425,6440,16,57960,6440,0.00025830262730153208,0.00025940585393580129,0.0050020000000000004,0.00500002,0.034256848999999999
rlc_r0.02_a1_t0.001_b400,0,1,6,1,6425,6440,16,57960,6440,0.00025830262730153208,0.00025940585393580129,0.0050020000000000004,0.00500002,0.034359914999999998
rlc_r0.02_a1_t0.001_b400,0,1,7,1,6425,6440,16,57960,6440,0.00025830262730153208,0.00025940585393580129,0.0050020000000000004,0.00500002,0.034137030999999998
rlc_r0.02_a1_t0.001_b400,0,1,8,1,6425,6440,16,57960,6440,0.00025830262730153208,0.00025940585393580129,0.0050020000000000004,0.00500002,0.034143643000000001
rlc_r0.02_a1_t0.001_b400,0,1,9,1,6425,6440,16,57960,6440,0.00025830262730153208,0.00025940585393580129,0.0050020000000000004,0.00500002,0.034274533000000003
rlc_r0.02_a1_t0.001_b400,0,1,10,1,6425,6440,16,57960,6440,0.00025830262730153208,0.00025940585393580129,0.0050020000000000004,0.00500002,0.034419878000000001
rlc_r0.02_a1_t0.001_b400,1,0,0,0,732,894,163,3498,136,0.028452616641487793,0.027588496123482353,0.0050020000000000004,0.00500002,0.0024736860000000001
rlc_r0.02_a1_t0.001_b400,1,0,1,0,732,894,163,3498,136,0.028452616641487793,0.027588496123482353,0.0050020000000000004,0.00500002,0.002488414
rlc_r0.02_a1_t0.001_b400,1,0,2,0,732,894,163,3498,136,0.028452616641487793,0.027588496123482353,0.0050020000000000004,0.00500002,0.002489846
rlc_r0.02_a1_t0.001_b400,1,0,3,0,732,894,163,3498,136,0.028452616641487793,0.027588496123482353,0.0050020000000000004,0.00500002,0.0024957769999999998
rlc_r0.02_a1_t0.001_b400,1,0,4,0,732,894,163,3498,136,0.028452616641487793,0.027588496123482353,0.0050020000000000004,0.00500002,0.0024704599999999998
rlc_r0.02_a1_t0.001_b400,1,0,5,0,732,894,163,3498,136,0.028452616641487793,0.027588496123482353,0.0050020000000000004,0.00500002,0.0024716619999999999
rlc_r0.02_a1_t0.001_b400,1,0,6,0,732,894,163,3498,136,0.028452616641487793,0.027588496123482353,0.0050020000000000004,0.00500002,0.0024851780000000002
rlc_r0.02_a1_t0.001_b400,1,0,7,0,732,894,163,3498,136,0.028452616641487793,0.027588496123482353,0.0050020000000000004,0.00500002,0.0024468850000000002
rlc_r0.02_a1_t0.001_b400,1,0,8,0,732,894,163,3498,136,0.028452616641487793,0.027588496123482353,0.0050020000000000004,0.00500002,0.0024726129999999998
rlc_r0.02_a1_t0.001_b400,1,0,9,0,732,894,163,3498,136,0.028452616641487793,0.027588496123482353,0.0050020000000000004,0.00500002,0.0025310850000000002
rlc_r0.02_a1_t0.001_b400,1,0,10,0,732,894,163,3498,136,0.028452616641487793,0.027588496123482353,0.0050020000000000004,0.00500002,0.0024934739999999999
rlc_r0.02_a1_t0.001_b400,1,1,0,1,6425,6440,16,20970,275,0.00025830810763238787,0.00025940944230407048,0.0050020000000000004,0.00500002,0.015178743999999999
rlc_r0.02_a1_t0.001_b400,1,1,1,1,6425,6440,16,20970,275,0.00025830810763238787,0.00025940944230407048,0.0050020000000000004,0.00500002,0.01517203
rlc_r0.02_a1_t0.001_b400,1,1,2,1,6425,6440,16,20970,275,0.00025830810763238787,0.00025940944230407048,0.0050020000000000004,0.00500002,0.015007298000000001
rlc_r0.02_a1_t0.001_b400,1,1,3,1,6425,6440,16,20970,275,0.00025830810763238787,0.00025940944230407048,0.0050020000000000004,0.00500002,0.015006527
rlc_r0.02_a1_t0.001_b400,1,1,4,1,6425,6440,16,20970,275,0.00025830810763238787,0.00025940944230407048,0.0050020000000000004,0.00500002,0.015279002999999999
rlc_r0.02_a1_t0.001_b400,1,1,5,1,6425,6440,16,20970,275,0.00025830810763238787,0.00025940944230407048,0.0050020000000000004,0.00500002,0.015196196
rlc_r0.02_a1_t0.001_b400,1,1,6,1,6425,6440,16,20970,275,0.00025830810763238787,0.00025940944230407048,0.0050020000000000004,0.00500002,0.015084184
rlc_r0.02_a1_t0.001_b400,1,1,7,1,6425,6440,16,20970,275,0.00025830810763238787,0.00025940944230407048,0.0050020000000000004,0.00500002,0.014961281
rlc_r0.02_a1_t0.001_b400,1,1,8,1,6425,6440,16,20970,275,0.00025830810763238787,0.00025940944230407048,0.0050020000000000004,0.00500002,0.015007678999999999
rlc_r0.02_a1_t0.001_b400,1,1,9,1,6425,6440,16,20970,275,0.00025830810763238787,0.00025940944230407048,0.0050020000000000004,0.00500002,0.014996697999999999
rlc_r0.02_a1_t0.001_b400,1,1,10,1,6425,6440,16,20970,275,0.00025830810763238787,0.00025940944230407048,0.0050020000000000004,0.00500002,0.015190927
rlc_r0.02_a100_t0.001_b0,0,0,0,0,772,951,180,8559,951,2.8377755692319653,2.7523669609420125,0.50000199999999995,0.50000001999999999,0.0050983870000000002
rlc_r0.02_a100_t0.001_b0,0,0,1,0,772,951,180,8559,951,2.8377755692319653,2.7523669609420125,0.50000199999999995,0.50000001999999999,0.0050698339999999996
rlc_r0.02_a100_t0.001_b0,0,0,2,0,772,951,180,8559,951,2.8377755692319653,2.7523669609420125,0.50000199999999995,0.50000001999999999,0.0051146890000000004
rlc_r0.02_a100_t0.001_b0,0,0,3,0,772,951,180,8559,951,2.8377755692319653,2.7523669609420125,0.50000199999999995,0.50000001999999999,0.0050709759999999996
rlc_r0.02_a100_t0.001_b0,0,0,4,0,772,951,180,8559,951,2.8377755692319653,2.7523669609420125,0.50000199999999995,0.50000001999999999,0.0050480630000000002
rlc_r0.02_a100_t0.001_b0,0,0,5,0,772,951,180,8559,951,2.8377755692319653,2.7523669609420125,0.50000199999999995,0.50000001999999999,0.005095853
rlc_r0.02_a100_t0.001_b0,0,0,6,0,772,951,180,8559,951,2.8377755692319653,2.7523669609420125,0.50000199999999995,0.50000001999999999,0.0050782600000000002
rlc_r0.02_a100_t0.001_b0,0,0,7,0,772,951,180,8559,951,2.8377755692319653,2.7523669609420125,0.50000199999999995,0.50000001999999999,0.0050791009999999999
rlc_r0.02_a100_t0.001_b0,0,0,8,0,772,951,180,8559,951,2.8377755692319653,2.7523669609420125,0.50000199999999995,0.50000001999999999,0.0050715780000000002
rlc_r0.02_a100_t0.001_b0,0,0,9,0,772,951,180,8559,951,2.8377755692319653,2.7523669609420125,0.50000199999999995,0.50000001999999999,0.0053602540000000001
rlc_r0.02_a100_t0.001_b0,0,0,10,0,772,951,180,8559,951,2.8377755692319653,2.7523669609420125,0.50000199999999995,0.50000001999999999,0.0049121149999999999
rlc_r0.02_a100_t0.001_b0,0,1,0,1,6456,6471,16,58239,6471,0.025104005990954192,0.025267161008258654,0.50000199999999995,0.50000001999999999,0.033625810999999999
rlc_r0.02_a100_t0.001_b0,0,1,1,1,6456,6471,16,58239,6471,0.025104005990954192,0.025267161008258654,0.50000199999999995,0.50000001999999999,0.033560305999999998
rlc_r0.02_a100_t0.001_b0,0,1,2,1,6456,6471,16,58239,6471,0.025104005990954192,0.025267161008258654,0.50000199999999995,0.50000001999999999,0.033462481000000002
rlc_r0.02_a100_t0.001_b0,0,1,3,1,6456,6471,16,58239,6471,0.025104005990954192,0.025267161008258654,0.50000199999999995,0.50000001999999999,0.033588730999999997
rlc_r0.02_a100_t0.001_b0,0,1,4,1,6456,6471,16,58239,6471,0.025104005990954192,0.025267161008258654,0.50000199999999995,0.50000001999999999,0.033523285999999999
rlc_r0.02_a100_t0.001_b0,0,1,5,1,6456,6471,16,58239,6471,0.025104005990954192,0.025267161008258654,0.50000199999999995,0.50000001999999999,0.033681336999999999
rlc_r0.02_a100_t0.001_b0,0,1,6,1,6456,6471,16,58239,6471,0.025104005990954192,0.025267161008258654,0.50000199999999995,0.50000001999999999,0.033669853999999999
rlc_r0.02_a100_t0.001_b0,0,1,7,1,6456,6471,16,58239,6471,0.025104005990954192,0.025267161008258654,0.50000199999999995,0.50000001999999999,0.033627233999999999
rlc_r0.02_a100_t0.001_b0,0,1,8,1,6456,6471,16,58239,6471,0.025104005990954192,0.025267161008258654,0.50000199999999995,0.50000001999999999,0.033474213000000003
rlc_r0.02_a100_t0.001_b0,0,1,9,1,6456,6471,16,58239,6471,0.025104005990954192,0.025267161008258654,0.50000199999999995,0.50000001999999999,0.033425070000000001
rlc_r0.02_a100_t0.001_b0,0,1,10,1,6456,6471,16,58239,6471,0.025104005990954192,0.025267161008258654,0.50000199999999995,0.50000001999999999,0.033464203999999997
rlc_r0.02_a100_t0.001_b0,1,0,0,0,767,934,168,3654,142,2.8423129405239749,2.7563339353833598,0.50000199999999995,0.50000001999999999,0.002526787
rlc_r0.02_a100_t0.001_b0,1,0,1,0,767,934,168,3654,142,2.8423129405239749,2.7563339353833598,0.50000199999999995,0.50000001999999999,0.0025159760000000001
rlc_r0.02_a100_t0.001_b0,1,0,2,0,767,934,168,3654,142,2.8423129405239749,2.7563339353833598,0.50000199999999995,0.50000001999999999,0.0025077300000000001
rlc_r0.02_a100_t0.001_b0,1,0,3,0,767,934,168,3654,142,2.8423129405239749,2.7563339353833598,0.50000199999999995,0.50000001999999999,0.0025127600000000002
rlc_r0.02_a100_t0.001_b0,1,0,4,0,767,934,168,3654,142,2.8423129405239749,2.7563339353833598,0.50000199999999995,0.50000001999999999,0.0024926520000000001
rlc_r0.02_a100_t0.001_b0,1,0,5,0,767,934,168,3654,142,2.8423129405239749,2.7563339353833598,0.50000199999999995,0.50000001999999999,0.002529402
rlc_r0.02_a100_t0.001_b0,1,0,6,0,767,934,168,3654,142,2.8423129405239749,2.7563339353833598,0.50000199999999995,0.50000001999999999,0.0025010280000000002
rlc_r0.02_a100_t0.001_b0,1,0,7,0,767,934,168,3654,142,2.8423129405239749,2.7563339353833598,0.50000199999999995,0.50000001999999999,0.0024933429999999999
rlc_r0.02_a100_t0.001_b0,1,0,8,0,767,934,168,3654,142,2.8423129405239749,2.7563339353833598,0.50000199999999995,0.50000001999999999,0.0024861689999999999
rlc_r0.02_a100_t0.001_b0,1,0,9,0,767,934,168,3654,142,2.8423129405239749,2.7563339353833598,0.50000199999999995,0.50000001999999999,0.002542487
rlc_r0.02_a100_t0.001_b0,1,0,10,0,767,934,168,3654,142,2.8423129405239749,2.7563339353833598,0.50000199999999995,0.50000001999999999,0.0024772629999999999
rlc_r0.02_a100_t0.001_b0,1,1,0,1,6456,6471,16,21093,280,0.025074905334633968,0.025237904676487233,0.50000199999999995,0.50000001999999999,0.014861531000000001
rlc_r0.02_a100_t0.001_b0,1,1,1,1,6456,6471,16,21093,280,0.025074905334633968,0.025237904676487233,0.50000199999999995,0.50000001999999999,0.014819481000000001
rlc_r0.02_a100_t0.001_b0,1,1,2,1,6456,6471,16,21093,280,0.025074905334633968,0.025237904676487233,0.50000199999999995,0.50000001999999999,0.014935601999999999
rlc_r0.02_a100_t0.001_b0,1,1,3,1,6456,6471,16,21093,280,0.025074905334633968,0.025237904676487233,0.50000199999999995,0.50000001999999999,0.014929651
rlc_r0.02_a100_t0.001_b0,1,1,4,1,6456,6471,16,21093,280,0.025074905334633968,0.025237904676487233,0.50000199999999995,0.50000001999999999,0.014736093
rlc_r0.02_a100_t0.001_b0,1,1,5,1,6456,6471,16,21093,280,0.025074905334633968,0.025237904676487233,0.50000199999999995,0.50000001999999999,0.014651552
rlc_r0.02_a100_t0.001_b0,1,1,6,1,6456,6471,16,21093,280,0.025074905334633968,0.025237904676487233,0.50000199999999995,0.50000001999999999,0.014825413000000001
rlc_r0.02_a100_t0.001_b0,1,1,7,1,6456,6471,16,21093,280,0.025074905334633968,0.025237904676487233,0.50000199999999995,0.50000001999999999,0.014836243000000001
rlc_r0.02_a100_t0.001_b0,1,1,8,1,6456,6471,16,21093,280,0.025074905334633968,0.025237904676487233,0.50000199999999995,0.50000001999999999,0.014900325000000001
rlc_r0.02_a100_t0.001_b0,1,1,9,1,6456,6471,16,21093,280,0.025074905334633968,0.025237904676487233,0.50000199999999995,0.50000001999999999,0.014899142000000001
rlc_r0.02_a100_t0.001_b0,1,1,10,1,6456,6471,16,21093,280,0.025074905334633968,0.025237904676487233,0.50000199999999995,0.50000001999999999,0.014858576
rlc_r0.5_a0.001_t9.9999999999999995e-07_b0,0,0,0,1,510,585,76,5265,585,2.5445575947047241e-06,2.514973392938962e-06,7.0000000000000007e-06,5.0200000000000002e-06,0.0031346809999999998
rlc_r0.5_a0.001_t9.9999999999999995e-07_b0,0,0,1,1,510,585,76,5265,585,2.5445575947047241e-06,2.514973392938962e-06,7.0000000000000007e-06,5.0200000000000002e-06,0.0030790449999999999
rlc_r0.5_a0.001_t9.9999999999999995e-07_b0,0,0,2,1,510,585,76,5265,585,2.5445575947047241e-06,2.514973392938962e-06,7.0000000000000007e-06,5.0200000000000002e-06,0.0030709690000000002
rlc_r0.5_a0.001_t9.9999999999999995e-07_b0,0,0,3,1,510,585,76,5265,585,2.5445575947047241e-06,2.514973392938962e-06,7.0000000000000007e-06,5.0200000000000002e-06,0.003042145
rlc_r0.5_a0.001_t9.9999999999999995e-07_b0,0,0,4,1,510,585,76,5265,585,2.5445575947047241e-06,2.514973392938962e-06,7.0000000000000007e-06,5.0200000000000002e-06,0.0030698280000000001
rlc_r0.5_a0.001_t9.9999999999999995e-07_b0,0,0,5,1,510,585,76,5265,585,2.5445575947047241e-06,2.514973392938962e-06,7.0000000000000007e-06,5.0200000000000002e-06,0.0031028200000000001
rlc_r0.5_a0.001_t9.9999999999999995e-07_b0,0,0,6,1,510,585,76,5265,585,2.5445575947047241e-06,2.514973392938962e-06,7.0000000000000007e-06,5.0200000000000002e-06,0.0030585460000000001
rlc_r0.5_a0.001_t9.9999999999999995e-07_b0,0,0,7,1,510,585,76,5265,585,2.5445575947047241e-06,2.514973392938962e-06,7.0000000000000007e-06,5.0200000000000002e-06,0.00305522
rlc_r0.5_a0.001_t9.9999999999999995e-07_b0,0,0,8,1,510,585,76,5265,585,2.5445575947047241e-06,2.514973392938962e-06,7.0000000000000007e-06,5.0200000000000002e-06,0.0030536669999999999
rlc_r0.5_a0.001_t9.9999999999999995e-07_b0,0,0,9,1,510,585,76,5265,585,2.5445575947047241e-06,2.514973392938962e-06,7.0000000000000007e-06,5.0200000000000002e-06,0.0030495079999999998
rlc_r0.5_a0.001_t9.9999999999999995e-07_b0,0,0,10,1,510,585,76,5265,585,2.5445575947047241e-06,2.514973392938962e-06,7.0000000000000007e-06,5.0200000000000002e-06,0.0031068070000000001
rlc_r0.5_a0.001_t9.9999999999999995e-07_b0,0,1,0,1,6423,6436,14,57924,6436,6.5732158049947031e-09,8.3995511032935056e-09,7.0000000000000007e-06,5.0200000000000002e-06,0.033610392000000003
rlc_r0.5_a0.001_t9.9999999999999995e-07_b0,0,1,1,1,6423,6436,14,57924,6436,6.5732158049947031e-09,8.3995511032935056e-09,7.0000000000000007e-06,5.0200000000000002e-06,0.034737652000000001
rlc_r0.5_a0.001_t9.9999999999999995e-07_b0,0,1,2,1,6423,6436,14,57924,6436,6.5732158049947031e-09,8.3995511032935056e-09,7.0000000000000007e-06,5.0200000000000002e-06,0.033469495000000002
rlc_r0.5_a0.001_t9.9999999999999995e-07_b0,0,1,3,1,6423,6436,14,57924,6436,6.5732158049947031e-09,8.3995511032935056e-09,7.0000000000000007e-06,5.0200000000000002e-06,0.033607536
rlc_r0.5_a0.001_t9.9999999999999995e-07_b0,0,1,4,1,6423,6436,14,57924,6436,6.5732158049947031e-09,8.3995511032935056e-09,7.0000000000000007e-06,5.0200000000000002e-06,0.033509270000000001
rlc_r0.5_a0.001_t9.9999999999999995e-07_b0,0,1,5,1,6423,6436,14,57924,6436,6.5732158049947031e-09,8.3995511032935056e-09,7.0000000000000007e-06,5.0200000000000002e-06,0.033472639999999998
rlc_r0.5_a0.001_t9.9999999999999995e-07_b0,0,1,6,1,6423,6436,14,57924,6436,6.5732158049947031e-09,8.3995511032935056e-09,7.0000000000000007e-06,5.0200000000000002e-06,0.033505202999999997
rlc_r0.5_a0.001_t9.9999999999999995e-07_b0,0,1,7,1,6423,6436,14,57924,6436,6.5732158049947031e-09,8.3995511032935056e-09,7.0000000000000007e-06,5.0200000000000002e-06,0.033504911999999998
rlc_r0.5_a0.001_t9.9999999999999995e-07_b0,0,1,8,1,6423,6436,14,57924,6436,6.5732158049947031e-09,8.3995511032935056e-09,7.0000000000000007e-06,5.0200000000000002e-06,0.033543755000000001
rlc_r0.5_a0.001_t9.9999999999999995e-07_b0,0,1,9,1,6423,6436,14,57924,6436,6.5732158049947031e-09,8.3995511032935056e-09,7.0000000000000007e-06,5.0200000000000002e-06,0.033553713999999998
rlc_r0.5_a0.001_t9.9999999999999995e-07_b0,0,1,10,1,6423,6436,14,57924,6436,6.5732158049947031e-09,8.3995511032935056e-09,7.0000000000000007e-06,5.0200000000000002e-06,0.033754464999999997
rlc_r0.5_a0.001_t9.9999999999999995e-07_b0,1,0,0,1,517,595,79,2679,149,2.4660083572070838e-06,2.4749649670478672e-06,7.0000000000000007e-06,5.0200000000000002e-06,0.0018434689999999999
rlc_r0.5_a0.001_t9.9999999999999995e-07_b0,1,0,1,1,517,595,79,2679,149,2.4660083572070838e-06,2.4749649670478672e-06,7.0000000000000007e-06,5.0200000000000002e-06,0.001812922
rlc_r0.5_a0.001_t9.9999999999999995e-07_b0,1,0,2,1,517,595,79,2679,149,2.4660083572070838e-06,2.4749649670478672e-06,7.0000000000000007e-06,5.0200000000000002e-06,0.00182288
rlc_r0.5_a0.001_t9.9999999999999995e-07_b0,1,0,3,1,517,595,79,2679,149,2.4660083572070838e-06,2.4749649670478672e-06,7.0000000000000007e-06,5.0200000000000002e-06,0.001788906
rlc_r0.5_a0.001_t9.9999999999999995e-07_b0,1,0,4,1,517,595,79,2679,149,2.4660083572070838e-06,2.4749649670478672e-06,7.0000000000000007e-06,5.0200000000000002e-06,0.001810327
rlc_r0.5_a0.001_t9.9999999999999995e-07_b0,1,0,5,1,517,595,79,2679,149,2.4660083572070838e-06,2.4749649670478672e-06,7.0000000000000007e-06,5.0200000000000002e-06,0.001792653
rlc_r0.5_a0.001_t9.9999999999999995e-07_b0,1,0,6,1,517,595,79,2679,149,2.4660083572070838e-06,2.4749649670478672e-06,7.0000000000000007e-06,5.0200000000000002e-06,0.0017990650000000001
rlc_r0.5_a0.001_t9.9999999999999995e-07_b0,1,0,7,1,517,595,79,2679,149,2.4660083572070838e-06,2.4749649670478672e-06,7.0000000000000007e-06,5.0200000000000002e-06,0.001794276
rlc_r0.5_a0.001_t9.9999999999999995e-07_b0,1,0,8,1,517,595,79,2679,149,2.4660083572070838e-06,2.4749649670478672e-06,7.0000000000000007e-06,5.0200000000000002e-06,0.0017724240000000001
rlc_r0.5_a0.001_t9.9999999999999995e-07_b0,1,0,9,1,517,595,79,2679,149,2.4660083572070838e-06,2.4749649670478672e-06,7.0000000000000007e-06,5.0200000000000002e-06,0.001842939
rlc_r0.5_a0.001_t9.9999999999999995e-07_b0,1,0,10,1,517,595,79,2679,149,2.4660083572070838e-06,2.4749649670478672e-06,7.0000000000000007e-06,5.0200000000000002e-06,0.0017881240000000001
rlc_r0.5_a0.001_t9.9999999999999995e-07_b0,1,1,0,1,6423,6436,14,20952,274,6.5732158238598209e-09,8.3995511349793141e-09,7.0000000000000007e-06,5.0200000000000002e-06,0.014758085000000001
rlc_r0.5_a0.001_t9.9999999999999995e-07_b0,1,1,1,1,6423,6436,14,20952,274,6.5732158238598209e-09,8.3995511349793141e-09,7.0000000000000007e-06,5.0200000000000002e-06,0.014721385
rlc_r0.5_a0.001_t9.9999999999999995e-07_b0,1,1,2,1,6423,6436,14,20952,274,6.5732158238598209e-09,8.3995511349793141e-09,7.0000000000000007e-06,5.0200000000000002e-06,0.014840913000000001
rlc_r0.5_a0.001_t9.9999999999999995e-07_b0,1,1,3,1,6423,6436,14,20952,274,6.5732158238598209e-09,8.3995511349793141e-09,7.0000000000000007e-06,5.0200000000000002e-06,0.014889164
rlc_r0.5_a0.001_t9.9999999999999995e-07_b0,1,1,4,1,6423,6436,14,20952,274,6.5732158238598209e-09,8.3995511349793141e-09,7.0000000000000007e-06,5.0200000000000002e-06,0.014814953
rlc_r0.5_a0.001_t9.9999999999999995e-07_b0,1,1,5,1,6423,6436,14,20952,274,6.5732158238598209e-09,8.3995511349793141e-09,7.0000000000000007e-06,5.0200000000000002e-06,0.014746953
rlc_r0.5_a0.001_t9.9999999999999995e-07_b0,1,1,6,1,6423,6436,14,20952,274,6.5732158238598209e-09,8.3995511349793141e-09,7.0000000000000007e-06,5.0200000000000002e-06,0.014591709
rlc_r0.5_a0.001_t9.9999999999999995e-07_b0,1,1,7,1,6423,6436,14,20952,274,6.5732158238598209e-09,8.3995511349793141e-09,7.0000000000000007e-06,5.0200000000000002e-06,0.014854447999999999
rlc_r0.5_a0.001_t9.9999999999999995e-07_b0,1,1,8,1,6423,6436,14,20952,274,6.5732158238598209e-09,8.3995511349793141e-09,7.0000000000000007e-06,5.0200000000000002e-06,0.014817146999999999
rlc_r0.5_a0.001_t9.9999999999999995e-07_b0,1,1,9,1,6423,6436,14,20952,274,6.5732158238598209e-09,8.3995511349793141e-09,7.0000000000000007e-06,5.0200000000000002e-06,0.014650941000000001
rlc_r0.5_a0.001_t9.9999999999999995e-07_b0,1,1,10,1,6423,6436,14,20952,274,6.5732158238598209e-09,8.3995511349793141e-09,7.0000000000000007e-06,5.0200000000000002e-06,0.014596077000000001
rlc_r0.5_a1_t9.9999999999999995e-07_b0,0,0,0,1,652,799,148,7191,799,0.0019131658405742158,0.0020112964372204223,0.0050020000000000004,0.00500002,0.0041919679999999999
rlc_r0.5_a1_t9.9999999999999995e-07_b0,0,0,1,1,652,799,148,7191,799,0.0019131658405742158,0.0020112964372204223,0.0050020000000000004,0.00500002,0.0041568999999999998
rlc_r0.5_a1_t9.9999999999999995e-07_b0,0,0,2,1,652,799,148,7191,799,0.0019131658405742158,0.0020112964372204223,0.0050020000000000004,0.00500002,0.0041523829999999999
rlc_r0.5_a1_t9.9999999999999995e-07_b0,0,0,3,1,652,799,148,7191,799,0.0019131658405742158,0.0020112964372204223,0.0050020000000000004,0.00500002,0.0041652570000000003
rlc_r0.5_a1_t9.9999999999999995e-07_b0,0,0,4,1,652,799,148,7191,799,0.0019131658405742158,0.0020112964372204223,0.0050020000000000004,0.00500002,0.004145078
rlc_r0.5_a1_t9.9999999999999995e-07_b0,0,0,5,1,652,799,148,7191,799,0.0019131658405742158,0.0020112964372204223,0.0050020000000000004,0.00500002,0.0041430950000000003
rlc_r0.5_a1_t9.9999999999999995e-07_b0,0,0,6,1,652,799,148,7191,799,0.0019131658405742158,0.0020112964372204223,0.0050020000000000004,0.00500002,0.0041766379999999999
rlc_r0.5_a1_t9.9999999999999995e-07_b0,0,0,7,1,652,799,148,7191,799,0.0019131658405742158,0.0020112964372204223,0.0050020000000000004,0.00500002,0.0041476839999999996
rlc_r0.5_a1_t9.9999999999999995e-07_b0,0,0,8,1,652,799,148,7191,799,0.0019131658405742158,0.0020112964372204223,0.0050020000000000004,0.00500002,0.00416695
rlc_r0.5_a1_t9.9999999999999995e-07_b0,0,0,9,1,652,799,148,7191,799,0.0019131658405742158,0.0020112964372204223,0.0050020000000000004,0.00500002,0.0041642440000000001
rlc_r0.5_a1_t9.9999999999999995e-07_b0,0,0,10,1,652,799,148,7191,799,0.0019131658405742158,0.0020112964372204223,0.0050020000000000004,0.00500002,0.004175397
rlc_r0.5_a1_t9.9999999999999995e-07_b0,0,1,0,1,6437,6459,23,58131,6459,7.8486482432138516e-06,1.1318259463710678e-05,0.0050020000000000004,0.00500002,0.033858952999999997
rlc_r0.5_a1_t9.9999999999999995e-07_b0,0,1,1,1,6437,6459,23,58131,6459,7.8486482432138516e-06,1.1318259463710678e-05,0.0050020000000000004,0.00500002,0.033759574000000001
rlc_r0.5_a1_t9.9999999999999995e-07_b0,0,1,2,1,6437,6459,23,58131,6459,7.8486482432138516e-06,1.1318259463710678e-05,0.0050020000000000004,0.00500002,0.033819628999999997
rlc_r0.5_a1_t9.9999999999999995e-07_b0,0,1,3,1,6437,6459,23,58131,6459,7.8486482432138516e-06,1.1318259463710678e-05,0.0050020000000000004,0.00500002,0.033777119000000001
rlc_r0.5_a1_t9.9999999999999995e-07_b0,0,1,4,1,6437,6459,23,58131,6459,7.8486482432138516e-06,1.1318259463710678e-05,0.0050020000000000004,0.00500002,0.033658723000000002
rlc_r0.5_a1_t9.9999999999999995e-07_b0,0,1,5,1,6437,6459,23,58131,6459,7.8486482432138516e-06,1.1318259463710678e-05,0.0050020000000000004,0.00500002,0.033613547000000001
rlc_r0.5_a1_t9.9999999999999995e-07_b0,0,1,6,1,6437,6459,23,58131,6459,7.8486482432138516e-06,1.1318259463710678e-05,0.0050020000000000004,0.00500002,0.033849044000000002
rlc_r0.5_a1_t9.9999999999999995e-07_b0,0,1,7,1,6437,6459,23,58131,6459,7.8486482432138516e-06,1.1318259463710678e-05,0.0050020000000000004,0.00500002,0.033736971999999997
rlc_r0.5_a1_t9.9999999999999995e-07_b0,0,1,8,1,6437,6459,23,58131,6459,7.8486482432138516e-06,1.1318259463710678e-05,0.0050020000000000004,0.00500002,0.033680835999999999
rlc_r0.5_a1_t9.9999999999999995e-07_b0,0,1,9,1,6437,6459,23,58131,6459,7.8486482432138516e-06,1.1318259463710678e-05,0.0050020000000000004,0.00500002,0.034325798999999997
rlc_r0.5_a1_t9.9999999999999995e-07_b0,0,1,10,1,6437,6459,23,58131,6459,7.8486482432138516e-06,1.1318259463710678e-05,0.0050020000000000004,0.00500002,0.03374129
rlc_r0.5_a1_t9.9999999999999995e-07_b0,1,0,0,1,656,796,141,3354,161,0.0018622244228603257,0.0019737302517635058,0.0050020000000000004,0.00500002,0.002310566
rlc_r0.5_a1_t9.9999999999999995e-07_b0,1,0,1,1,656,796,141,3354,161,0.0018622244228603257,0.0019737302517635058,0.0050020000000000004,0.00500002,0.002313842
rlc_r0.5_a1_t9.9999999999999995e-07_b0,1,0,2,1,656,796,141,3354,161,0.0018622244228603257,0.0019737302517635058,0.0050020000000000004,0.00500002,0.0022466349999999999
rlc_r0.5_a1_t9.9999999999999995e-07_b0,1,0,3,1,656,796,141,3354,161,0.0018622244228603257,0.0019737302517635058,0.0050020000000000004,0.00500002,0.0022545999999999998
rlc_r0.5_a1_t9.9999999999999995e-07_b0,1,0,4,1,656,796,141,3354,161,0.0018622244228603257,0.0019737302517635058,0.0050020000000000004,0.00500002,0.002271061
rlc_r0.5_a1_t9.9999999999999995e-07_b0,1,0,5,1,656,796,141,3354,161,0.0018622244228603257,0.0019737302517635058,0.0050020000000000004,0.00500002,0.0022705500000000001
rlc_r0.5_a1_t9.9999999999999995e-07_b0,1,0,6,1,656,796,141,3354,161,0.0018622244228603257,0.0019737302517635058,0.0050020000000000004,0.00500002,0.0022957479999999998
rlc_r0.5_a1_t9.9999999999999995e-07_b0,1,0,7,1,656,796,141,3354,161,0.0018622244228603257,0.0019737302517635058,0.0050020000000000004,0.00500002,0.0022721730000000002
rlc_r0.5_a1_t9.9999999999999995e-07_b0,1,0,8,1,656,796,141,3354,161,0.0018622244228603257,0.0019737302517635058,0.0050020000000000004,0.00500002,0.002278726
rlc_r0.5_a1_t9.9999999999999995e-07_b0,1,0,9,1,656,796,141,3354,161,0.0018622244228603257,0.0019737302517635058,0.0050020000000000004,0.00500002,0.0022485690000000002
rlc_r0.5_a1_t9.9999999999999995e-07_b0,1,0,10,1,656,796,141,3354,161,0.0018622244228603257,0.0019737302517635058,0.0050020000000000004,0.00500002,0.002264379
rlc_r0.5_a1_t9.9999999999999995e-07_b0,1,1,0,1,6436,6461,26,21153,295,8.3009751558060785e-06,1.0754204661150846e-05,0.0050020000000000004,0.00500002,0.014905905000000001
rlc_r0.5_a1_t9.9999999999999995e-07_b0,1,1,1,1,6436,6461,26,21153,295,8.3009751558060785e-06,1.0754204661150846e-05,0.0050020000000000004,0.00500002,0.014809843
rlc_r0.5_a1_t9.9999999999999995e-07_b0,1,1,2,1,6436,6461,26,21153,295,8.3009751558060785e-06,1.0754204661150846e-05,0.0050020000000000004,0.00500002,0.014775688
rlc_r0.5_a1_t9.9999999999999995e-07_b0,1,1,3,1,6436,6461,26,21153,295,8.3009751558060785e-06,1.0754204661150846e-05,0.0050020000000000004,0.00500002,0.014687441000000001
rlc_r0.5_a1_t9.9999999999999995e-07_b0,1,1,4,1,6436,6461,26,21153,295,8.3009751558060785e-06,1.0754204661150846e-05,0.0050020000000000004,0.00500002,0.014736643000000001
rlc_r0.5_a1_t9.9999999999999995e-07_b0,1,1,5,1,6436,6461,26,21153,295,8.3009751558060785e-06,1.0754204661150846e-05,0.0050020000000000004,0.00500002,0.014749409
rlc_r0.5_a1_t9.9999999999999995e-07_b0,1,1,6,1,6436,6461,26,21153,295,8.3009751558060785e-06,1.0754204661150846e-05,0.0050020000000000004,0.00500002,0.014673375000000001
rlc_r0.5_a1_t9.9999999999999995e-07_b0,1,1,7,1,6436,6461,26,21153,295,8.3009751558060785e-06,1.0754204661150846e-05,0.0050020000000000004,0.00500002,0.014694705000000001
rlc_r0.5_a1_t9.9999999999999995e-07_b0,1,1,8,1,6436,6461,26,21153,295,8.3009751558060785e-06,1.0754204661150846e-05,0.0050020000000000004,0.00500002,0.014786979
rlc_r0.5_a1_t9.9999999999999995e-07_b0,1,1,9,1,6436,6461,26,21153,295,8.3009751558060785e-06,1.0754204661150846e-05,0.0050020000000000004,0.00500002,0.014692761
rlc_r0.5_a1_t9.9999999999999995e-07_b0,1,1,10,1,6436,6461,26,21153,295,8.3009751558060785e-06,1.0754204661150846e-05,0.0050020000000000004,0.00500002,0.014756712
rlc_r0.5_a1_t0.001_b400,0,0,0,1,652,799,148,7191,799,0.0019131662451883358,0.0020112969032872186,0.0050020000000000004,0.00500002,0.0041924279999999998
rlc_r0.5_a1_t0.001_b400,0,0,1,1,652,799,148,7191,799,0.0019131662451883358,0.0020112969032872186,0.0050020000000000004,0.00500002,0.0041670910000000004
rlc_r0.5_a1_t0.001_b400,0,0,2,1,652,799,148,7191,799,0.0019131662451883358,0.0020112969032872186,0.0050020000000000004,0.00500002,0.0041402189999999997
rlc_r0.5_a1_t0.001_b400,0,0,3,1,652,799,148,7191,799,0.0019131662451883358,0.0020112969032872186,0.0050020000000000004,0.00500002,0.0041546960000000003
rlc_r0.5_a1_t0.001_b400,0,0,4,1,652,799,148,7191,799,0.0019131662451883358,0.0020112969032872186,0.0050020000000000004,0.00500002,0.0041573010000000004
rlc_r0.5_a1_t0.001_b400,0,0,5,1,652,799,148,7191,799,0.0019131662451883358,0.0020112969032872186,0.0050020000000000004,0.00500002,0.0041794739999999999
rlc_r0.5_a1_t0.001_b400,0,0,6,1,652,799,148,7191,799,0.0019131662451883358,0.0020112969032872186,0.0050020000000000004,0.00500002,0.0041424139999999996
rlc_r0.5_a1_t0.001_b400,0,0,7,1,652,799,148,7191,799,0.0019131662451883358,0.0020112969032872186,0.0050020000000000004,0.00500002,0.0041669289999999998
rlc_r0.5_a1_t0.001_b400,0,0,8,1,652,799,148,7191,799,0.0019131662451883358,0.0020112969032872186,0.0050020000000000004,0.00500002,0.0041583640000000003
rlc_r0.5_a1_t0.001_b400,0,0,9,1,652,799,148,7191,799,0.0019131662451883358,0.0020112969032872186,0.0050020000000000004,0.00500002,0.0041509199999999998
rlc_r0.5_a1_t0.001_b400,0,0,10,1,652,799,148,7191,799,0.0019131662451883358,0.0020112969032872186,0.0050020000000000004,0.00500002,0.0041534249999999997
rlc_r0.5_a1_t0.001_b400,0,1,0,1,6437,6459,23,58131,6459,7.849031236295545e-06,1.13179986199613e-05,0.0050020000000000004,0.00500002,0.033466458999999997
rlc_r0.5_a1_t0.001_b400,0,1,1,1,6437,6459,23,58131,6459,7.849031236295545e-06,1.13179986199613e-05,0.0050020000000000004,0.00500002,0.033514628999999997
rlc_r0.5_a1_t0.001_b400,0,1,2,1,6437,6459,23,58131,6459,7.849031236295545e-06,1.13179986199613e-05,0.0050020000000000004,0.00500002,0.033438435000000002
rlc_r0.5_a1_t0.001_b400,0,1,3,1,6437,6459,23,58131,6459,7.849031236295545e-06,1.13179986199613e-05,0.0050020000000000004,0.00500002,0.033290274000000002
rlc_r0.5_a1_t0.001_b400,0,1,4,1,6437,6459,23,58131,6459,7.849031236295545e-06,1.13179986199613e-05,0.0050020000000000004,0.00500002,0.033617323999999997
rlc_r0.5_a1_t0.001_b400,0,1,5,1,6437,6459,23,58131,6459,7.849031236295545e-06,1.13179986199613e-05,0.0050020000000000004,0.00500002,0.033396015000000001
rlc_r0.5_a1_t0.001_b400,0,1,6,1,6437,6459,23,58131,6459,7.849031236295545e-06,1.13179986199613e-05,0.0050020000000000004,0.00500002,0.033717584000000002
rlc_r0.5_a1_t0.001_b400,0,1,7,1,6437,6459,23,58131,6459,7.849031236295545e-06,1.13179986199613e-05,0.0050020000000000004,0.00500002,0.033516363
rlc_r0.5_a1_t0.001_b400,0,1,8,1,6437,6459,23,58131,6459,7.849031236295545e-06,1.13179986199613e-05,0.0050020000000000004,0.00500002,0.033618767000000001
rlc_r0.5_a1_t0.001_b400,0,1,9,1,6437,6459,23,58131,6459,7.849031236295545e-06,1.13179986199613e-05,0.0050020000000000004,0.00500002,0.033533686
rlc_r0.5_a1_t0.001_b400,0,1,10,1,6437,6459,23,58131,6459,7.849031236295545e-06,1.13179986199613e-05,0.0050020000000000004,0.00500002,0.033561939999999998
rlc_r0.5_a1_t0.001_b400,1,0,0,1,656,796,141,3354,161,0.0018622248532409458,0.0019737306736781202,0.0050020000000000004,0.00500002,0.0023294209999999999
rlc_r0.5_a1_t0.001_b400,1,0,1,1,656,796,141,3354,161,0.0018622248532409458,0.0019737306736781202,0.0050020000000000004,0.00500002,0.0022657810000000001
rlc_r0.5_a1_t0.001_b400,1,0,2,1,656,796,141,3354,161,0.0018622248532409458,0.0019737306736781202,0.0050020000000000004,0.00500002,0.002259479
rlc_r0.5_a1_t0.001_b400,1,0,3,1,656,796,141,3354,161,0.0018622248532409458,0.0019737306736781202,0.0050020000000000004,0.00500002,0.0022586770000000002
rlc_r0.5_a1_t0.001_b400,1,0,4,1,656,796,141,3354,161,0.0018622248532409458,0.0019737306736781202,0.0050020000000000004,0.00500002,0.0022676749999999998
rlc_r0.5_a1_t0.001_b400,1,0,5,1,656,796,141,3354,161,0.0018622248532409458,0.0019737306736781202,0.0050020000000000004,0.00500002,0.0023011070000000002
rlc_r0.5_a1_t0.001_b400,1,0,6,1,656,796,141,3354,161,0.0018622248532409458,0.0019737306736781202,0.0050020000000000004,0.00500002,0.0022597989999999998
rlc_r0.5_a1_t0.001_b400,1,0,7,1,656,796,141,3354,161,0.0018622248532409458,0.0019737306736781202,0.0050020000000000004,0.00500002,0.0022557020000000001
rlc_r0.5_a1_t0.001_b400,1,0,8,1,656,796,141,3354,161,0.0018622248532409458,0.0019737306736781202,0.0050020000000000004,0.00500002,0.0022756899999999999
rlc_r0.5_a1_t0.001_b400,1,0,9,1,656,796,141,3354,161,0.0018622248532409458,0.0019737306736781202,0.0050020000000000004,0.00500002,0.0022510130000000001
rlc_r0.5_a1_t0.001_b400,1,0,10,1,656,796,141,3354,161,0.0018622248532409458,0.0019737306736781202,0.0050020000000000004,0.00500002,0.002266161
rlc_r0.5_a1_t0.001_b400,1,1,0,1,6436,6461,26,21153,295,8.3023910983914817e-06,1.0752476415493151e-05,0.0050020000000000004,0.00500002,0.014907227
rlc_r0.5_a1_t0.001_b400,1,1,1,1,6436,6461,26,21153,295,8.3023910983914817e-06,1.0752476415493151e-05,0.0050020000000000004,0.00500002,0.016279202999999999
rlc_r0.5_a1_t0.001_b400,1,1,2,1,6436,6461,26,21153,295,8.3023910983914817e-06,1.0752476415493151e-05,0.0050020000000000004,0.00500002,0.016441669999999999
rlc_r0.5_a1_t0.001_b400,1,1,3,1,6436,6461,26,21153,295,8.3023910983914817e-06,1.0752476415493151e-05,0.0050020000000000004,0.00500002,0.016077529
rlc_r0.5_a1_t0.001_b400,1,1,4,1,6436,6461,26,21153,295,8.3023910983914817e-06,1.0752476415493151e-05,0.0050020000000000004,0.00500002,0.016379172000000001
rlc_r0.5_a1_t0.001_b400,1,1,5,1,6436,6461,26,21153,295,8.3023910983914817e-06,1.0752476415493151e-05,0.0050020000000000004,0.00500002,0.016024358999999998
rlc_r0.5_a1_t0.001_b400,1,1,6,1,6436,6461,26,21153,295,8.3023910983914817e-06,1.0752476415493151e-05,0.0050020000000000004,0.00500002,0.014919571
rlc_r0.5_a1_t0.001_b400,1,1,7,1,6436,6461,26,21153,295,8.3023910983914817e-06,1.0752476415493151e-05,0.0050020000000000004,0.00500002,0.014862482999999999
rlc_r0.5_a1_t0.001_b400,1,1,8,1,6436,6461,26,21153,295,8.3023910983914817e-06,1.0752476415493151e-05,0.0050020000000000004,0.00500002,0.014969456000000001
rlc_r0.5_a1_t0.001_b400,1,1,9,1,6436,6461,26,21153,295,8.3023910983914817e-06,1.0752476415493151e-05,0.0050020000000000004,0.00500002,0.014831324
rlc_r0.5_a1_t0.001_b400,1,1,10,1,6436,6461,26,21153,295,8.3023910983914817e-06,1.0752476415493151e-05,0.0050020000000000004,0.00500002,0.014696327
rlc_r0.5_a100_t0.001_b0,0,0,0,1,686,826,141,7434,826,0.19115136872744642,0.20081774151415743,0.50000199999999995,0.50000001999999999,0.0043458500000000001
rlc_r0.5_a100_t0.001_b0,0,0,1,1,686,826,141,7434,826,0.19115136872744642,0.20081774151415743,0.50000199999999995,0.50000001999999999,0.0042873679999999997
rlc_r0.5_a100_t0.001_b0,0,0,2,1,686,826,141,7434,826,0.19115136872744642,0.20081774151415743,0.50000199999999995,0.50000001999999999,0.0042945120000000003
rlc_r0.5_a100_t0.001_b0,0,0,3,1,686,826,141,7434,826,0.19115136872744642,0.20081774151415743,0.50000199999999995,0.50000001999999999,0.0042869969999999999
rlc_r0.5_a100_t0.001_b0,0,0,4,1,686,826,141,7434,826,0.19115136872744642,0.20081774151415743,0.50000199999999995,0.50000001999999999,0.0042787520000000002
rlc_r0.5_a100_t0.001_b0,0,0,5,1,686,826,141,7434,826,0.19115136872744642,0.20081774151415743,0.50000199999999995,0.50000001999999999,0.0042722899999999998
rlc_r0.5_a100_t0.001_b0,0,0,6,1,686,826,141,7434,826,0.19115136872744642,0.20081774151415743,0.50000199999999995,0.50000001999999999,0.004324268
rlc_r0.5_a100_t0.001_b0,0,0,7,1,686,826,141,7434,826,0.19115136872744642,0.20081774151415743,0.50000199999999995,0.50000001999999999,0.0043052530000000002
rlc_r0.5_a100_t0.001_b0,0,0,8,1,686,826,141,7434,826,0.19115136872744642,0.20081774151415743,0.50000199999999995,0.50000001999999999,0.0043061849999999997
rlc_r0.5_a100_t0.001_b0,0,0,9,1,686,826,141,7434,826,0.19115136872744642,0.20081774151415743,0.50000199999999995,0.50000001999999999,0.0043345069999999996
rlc_r0.5_a100_t0.001_b0,0,0,10,1,686,826,141,7434,826,0.19115136872744642,0.20081774151415743,0.50000199999999995,0.50000001999999999,0.0042756970000000002
rlc_r0.5_a100_t0.001_b0,0,1,0,1,6471,6498,28,58482,6498,0.00081332637597597568,0.0010850427746689206,0.50000199999999995,0.50000001999999999,0.033692105999999999
rlc_r0.5_a100_t0.001_b0,0,1,1,1,6471,6498,28,58482,6498,0.00081332637597597568,0.0010850427746689206,0.50000199999999995,0.50000001999999999,0.033691365000000001
rlc_r0.5_a100_t0.001_b0,0,1,2,1,6471,6498,28,58482,6498,0.00081332637597597568,0.0010850427746689206,0.50000199999999995,0.50000001999999999,0.033552911999999997
rlc_r0.5_a100_t0.001_b0,0,1,3,1,6471,6498,28,58482,6498,0.00081332637597597568,0.0010850427746689206,0.50000199999999995,0.50000001999999999,0.034639515000000003
rlc_r0.5_a100_t0.001_b0,0,1,4,1,6471,6498,28,58482,6498,0.00081332637597597568,0.0010850427746689206,0.50000199999999995,0.50000001999999999,0.033952200000000002
rlc_r0.5_a100_t0.001_b0,0,1,5,1,6471,6498,28,58482,6498,0.00081332637597597568,0.0010850427746689206,0.50000199999999995,0.50000001999999999,0.033769774000000002
rlc_r0.5_a100_t0.001_b0,0,1,6,1,6471,6498,28,58482,6498,0.00081332637597597568,0.0010850427746689206,0.50000199999999995,0.50000001999999999,0.033610992999999999
rlc_r0.5_a100_t0.001_b0,0,1,7,1,6471,6498,28,58482,6498,0.00081332637597597568,0.0010850427746689206,0.50000199999999995,0.50000001999999999,0.033594991999999997
rlc_r0.5_a100_t0.001_b0,0,1,8,1,6471,6498,28,58482,6498,0.00081332637597597568,0.0010850427746689206,0.50000199999999995,0.50000001999999999,0.033934506000000003
rlc_r0.5_a100_t0.001_b0,0,1,9,1,6471,6498,28,58482,6498,0.00081332637597597568,0.0010850427746689206,0.50000199999999995,0.50000001999999999,0.033903899000000001
rlc_r0.5_a100_t0.001_b0,0,1,10,1,6471,6498,28,58482,6498,0.00081332637597597568,0.0010850427746689206,0.50000199999999995,0.50000001999999999,0.033775043999999997
rlc_r0.5_a100_t0.001_b0,1,0,0,1,687,835,149,3525,170,0.1863195414705956,0.19793981581020148,0.50000199999999995,0.50000001999999999,0.0023814510000000001
rlc_r0.5_a100_t0.001_b0,1,0,1,1,687,835,149,3525,170,0.1863195414705956,0.19793981581020148,0.50000199999999995,0.50000001999999999,0.0023841959999999999
rlc_r0.5_a100_t0.001_b0,1,0,2,1,687,835,149,3525,170,0.1863195414705956,0.19793981581020148,0.50000199999999995,0.50000001999999999,0.002369969
rlc_r0.5_a100_t0.001_b0,1,0,3,1,687,835,149,3525,170,0.1863195414705956,0.19793981581020148,0.50000199999999995,0.50000001999999999,0.0023537380000000002
rlc_r0.5_a100_t0.001_b0,1,0,4,1,687,835,149,3525,170,0.1863195414705956,0.19793981581020148,0.50000199999999995,0.50000001999999999,0.0024473260000000001
rlc_r0.5_a100_t0.001_b0,1,0,5,1,687,835,149,3525,170,0.1863195414705956,0.19793981581020148,0.50000199999999995,0.50000001999999999,0.0023547400000000001
rlc_r0.5_a100_t0.001_b0,1,0,6,1,687,835,149,3525,170,0.1863195414705956,0.19793981581020148,0.50000199999999995,0.50000001999999999,0.0023733349999999999
rlc_r0.5_a100_t0.001_b0,1,0,7,1,687,835,149,3525,170,0.1863195414705956,0.19793981581020148,0.50000199999999995,0.50000001999999999,0.0023499620000000001
rlc_r0.5_a100_t0.001_b0,1,0,8,1,687,835,149,3525,170,0.1863195414705956,0.19793981581020148,0.50000199999999995,0.50000001999999999,0.0023795969999999998
rlc_r0.5_a100_t0.001_b0,1,0,9,1,687,835,149,3525,170,0.1863195414705956,0.19793981581020148,0.50000199999999995,0.50000001999999999,0.0023651000000000002
rlc_r0.5_a100_t0.001_b0,1,0,10,1,687,835,149,3525,170,0.1863195414705956,0.19793981581020148,0.50000199999999995,0.50000001999999999,0.0024092229999999998
rlc_r0.5_a100_t0.001_b0,1,1,0,1,6469,6494,26,21270,298,0.00077644774584939569,0.0011350279761508375,0.50000199999999995,0.50000001999999999,0.014914142
rlc_r0.5_a100_t0.001_b0,1,1,1,1,6469,6494,26,21270,298,0.00077644774584939569,0.0011350279761508375,0.50000199999999995,0.50000001999999999,0.014921886000000001
rlc_r0.5_a100_t0.001_b0,1,1,2,1,6469,6494,26,21270,298,0.00077644774584939569,0.0011350279761508375,0.50000199999999995,0.50000001999999999,0.014796728
rlc_r0.5_a100_t0.001_b0,1,1,3,1,6469,6494,26,21270,298,0.00077644774584939569,0.0011350279761508375,0.50000199999999995,0.50000001999999999,0.014768323999999999
rlc_r0.5_a100_t0.001_b0,1,1,4,1,6469,6494,26,21270,298,0.00077644774584939569,0.0011350279761508375,0.50000199999999995,0.50000001999999999,0.01476034
rlc_r0.5_a100_t0.001_b0,1,1,5,1,6469,6494,26,21270,298,0.00077644774584939569,0.0011350279761508375,0.50000199999999995,0.50000001999999999,0.01473957
rlc_r0.5_a100_t0.001_b0,1,1,6,1,6469,6494,26,21270,298,0.00077644774584939569,0.0011350279761508375,0.50000199999999995,0.50000001999999999,0.015119960999999999
rlc_r0.5_a100_t0.001_b0,1,1,7,1,6469,6494,26,21270,298,0.00077644774584939569,0.0011350279761508375,0.50000199999999995,0.50000001999999999,0.015044689
rlc_r0.5_a100_t0.001_b0,1,1,8,1,6469,6494,26,21270,298,0.00077644774584939569,0.0011350279761508375,0.50000199999999995,0.50000001999999999,0.014983743000000001
rlc_r0.5_a100_t0.001_b0,1,1,9,1,6469,6494,26,21270,298,0.00077644774584939569,0.0011350279761508375,0.50000199999999995,0.50000001999999999,0.015469353999999999
rlc_r0.5_a100_t0.001_b0,1,1,10,1,6469,6494,26,21270,298,0.00077644774584939569,0.0011350279761508375,0.50000199999999995,0.50000001999999999,0.014887750999999999
rlc_r20_a0.001_t9.9999999999999995e-07_b0,0,0,0,1,351,383,33,3447,383,5.2853037512973905e-09,2.143332307165749e-08,7.0000000000000007e-06,5.0200000000000002e-06,0.0020228099999999999
rlc_r20_a0.001_t9.9999999999999995e-07_b0,0,0,1,1,351,383,33,3447,383,5.2853037512973905e-09,2.143332307165749e-08,7.0000000000000007e-06,5.0200000000000002e-06,0.0020017699999999999
rlc_r20_a0.001_t9.9999999999999995e-07_b0,0,0,2,1,351,383,33,3447,383,5.2853037512973905e-09,2.143332307165749e-08,7.0000000000000007e-06,5.0200000000000002e-06,0.002037517
rlc_r20_a0.001_t9.9999999999999995e-07_b0,0,0,3,1,351,383,33,3447,383,5.2853037512973905e-09,2.143332307165749e-08,7.0000000000000007e-06,5.0200000000000002e-06,0.0019974820000000001
rlc_r20_a0.001_t9.9999999999999995e-07_b0,0,0,4,1,351,383,33,3447,383,5.2853037512973905e-09,2.143332307165749e-08,7.0000000000000007e-06,5.0200000000000002e-06,0.0020402430000000002
rlc_r20_a0.001_t9.9999999999999995e-07_b0,0,0,5,1,351,383,33,3447,383,5.2853037512973905e-09,2.143332307165749e-08,7.0000000000000007e-06,5.0200000000000002e-06,0.0019939250000000001
rlc_r20_a0.001_t9.9999999999999995e-07_b0,0,0,6,1,351,383,33,3447,383,5.2853037512973905e-09,2.143332307165749e-08,7.0000000000000007e-06,5.0200000000000002e-06,0.002077363
rlc_r20_a0.001_t9.9999999999999995e-07_b0,0,0,7,1,351,383,33,3447,383,5.2853037512973905e-09,2.143332307165749e-08,7.0000000000000007e-06,5.0200000000000002e-06,0.0020274889999999999
rlc_r20_a0.001_t9.9999999999999995e-07_b0,0,0,8,1,351,383,33,3447,383,5.2853037512973905e-09,2.143332307165749e-08,7.0000000000000007e-06,5.0200000000000002e-06,0.0020126599999999999
rlc_r20_a0.001_t9.9999999999999995e-07_b0,0,0,9,1,351,383,33,3447,383,5.2853037512973905e-09,2.143332307165749e-08,7.0000000000000007e-06,5.0200000000000002e-06,0.0020240219999999999
rlc_r20_a0.001_t9.9999999999999995e-07_b0,0,0,10,1,351,383,33,3447,383,5.2853037512973905e-09,2.143332307165749e-08,7.0000000000000007e-06,5.0200000000000002e-06,0.0020103970000000001
rlc_r20_a0.001_t9.9999999999999995e-07_b0,0,1,0,1,6432,6447,16,58023,6447,1.0380869599796623e-09,1.3817409304120958e-08,7.0000000000000007e-06,5.0200000000000002e-06,0.033123887999999997
rlc_r20_a0.001_t9.9999999999999995e-07_b0,0,1,1,1,6432,6447,16,58023,6447,1.0380869599796623e-09,1.3817409304120958e-08,7.0000000000000007e-06,5.0200000000000002e-06,0.033123296000000003
rlc_r20_a0.001_t9.9999999999999995e-07_b0,0,1,2,1,6432,6447,16,58023,6447,1.0380869599796623e-09,1.3817409304120958e-08,7.0000000000000007e-06,5.0200000000000002e-06,0.033011804999999998
rlc_r20_a0.001_t9.9999999999999995e-07_b0,0,1,3,1,6432,6447,16,58023,6447,1.0380869599796623e-09,1.3817409304120958e-08,7.0000000000000007e-06,5.0200000000000002e-06,0.032888341000000001
rlc_r20_a0.001_t9.9999999999999995e-07_b0,0,1,4,1,6432,6447,16,58023,6447,1.0380869599796623e-09,1.3817409304120958e-08,7.0000000000000007e-06,5.0200000000000002e-06,0.033188821
rlc_r20_a0.001_t9.9999999999999995e-07_b0,0,1,5,1,6432,6447,16,58023,6447,1.0380869599796623e-09,1.3817409304120958e-08,7.0000000000000007e-06,5.0200000000000002e-06,0.033091916999999998
rlc_r20_a0.001_t9.9999999999999995e-07_b0,0,1,6,1,6432,6447,16,58023,6447,1.0380869599796623e-09,1.3817409304120958e-08,7.0000000000000007e-06,5.0200000000000002e-06,0.033127814999999998
rlc_r20_a0.001_t9.9999999999999995e-07_b0,0,1,7,1,6432,6447,16,58023,6447,1.0380869599796623e-09,1.3817409304120958e-08,7.0000000000000007e-06,5.0200000000000002e-06,0.032929939999999998
rlc_r20_a0.001_t9.9999999999999995e-07_b0,0,1,8,1,6432,6447,16,58023,6447,1.0380869599796623e-09,1.3817409304120958e-08,7.0000000000000007e-06,5.0200000000000002e-06,0.032905913000000002
rlc_r20_a0.001_t9.9999999999999995e-07_b0,0,1,9,1,6432,6447,16,58023,6447,1.0380869599796623e-09,1.3817409304120958e-08,7.0000000000000007e-06,5.0200000000000002e-06,0.033111664999999998
rlc_r20_a0.001_t9.9999999999999995e-07_b0,0,1,10,1,6432,6447,16,58023,6447,1.0380869599796623e-09,1.3817409304120958e-08,7.0000000000000007e-06,5.0200000000000002e-06,0.03373636
rlc_r20_a0.001_t9.9999999999999995e-07_b0,1,0,0,1,356,380,25,1554,69,1.3519737172991951e-08,1.839899384460848e-08,7.0000000000000007e-06,5.0200000000000002e-06,0.0011627370000000001
rlc_r20_a0.001_t9.9999999999999995e-07_b0,1,0,1,1,356,380,25,1554,69,1.3519737172991951e-08,1.839899384460848e-08,7.0000000000000007e-06,5.0200000000000002e-06,0.0010680780000000001
rlc_r20_a0.001_t9.9999999999999995e-07_b0,1,0,2,1,356,380,25,1554,69,1.3519737172991951e-08,1.839899384460848e-08,7.0000000000000007e-06,5.0200000000000002e-06,0.0010589499999999999
rlc_r20_a0.001_t9.9999999999999995e-07_b0,1,0,3,1,356,380,25,1554,69,1.3519737172991951e-08,1.839899384460848e-08,7.0000000000000007e-06,5.0200000000000002e-06,0.001049683
rlc_r20_a0.001_t9.9999999999999995e-07_b0,1,0,4,1,356,380,25,1554,69,1.3519737172991951e-08,1.839899384460848e-08,7.0000000000000007e-06,5.0200000000000002e-06,0.0011026129999999999
rlc_r20_a0.001_t9.9999999999999995e-07_b0,1,0,5,1,356,380,25,1554,69,1.3519737172991951e-08,1.839899384460848e-08,7.0000000000000007e-06,5.0200000000000002e-06,0.0010631079999999999
rlc_r20_a0.001_t9.9999999999999995e-07_b0,1,0,6,1,356,380,25,1554,69,1.3519737172991951e-08,1.839899384460848e-08,7.0000000000000007e-06,5.0200000000000002e-06,0.0010433300000000001
rlc_r20_a0.001_t9.9999999999999995e-07_b0,1,0,7,1,356,380,25,1554,69,1.3519737172991951e-08,1.839899384460848e-08,7.0000000000000007e-06,5.0200000000000002e-06,0.001040235
rlc_r20_a0.001_t9.9999999999999995e-07_b0,1,0,8,1,356,380,25,1554,69,1.3519737172991951e-08,1.839899384460848e-08,7.0000000000000007e-06,5.0200000000000002e-06,0.0010923040000000001
rlc_r20_a0.001_t9.9999999999999995e-07_b0,1,0,9,1,356,380,25,1554,69,1.3519737172991951e-08,1.839899384460848e-08,7.0000000000000007e-06,5.0200000000000002e-06,0.0010616250000000001
rlc_r20_a0.001_t9.9999999999999995e-07_b0,1,0,10,1,356,380,25,1554,69,1.3519737172991951e-08,1.839899384460848e-08,7.0000000000000007e-06,5.0200000000000002e-06,0.0010381710000000001
rlc_r20_a0.001_t9.9999999999999995e-07_b0,1,1,0,1,6434,6452,19,20892,256,1.7107013182871174e-09,1.3732024449853786e-08,7.0000000000000007e-06,5.0200000000000002e-06,0.014344269
rlc_r20_a0.001_t9.9999999999999995e-07_b0,1,1,1,1,6434,6452,19,20892,256,1.7107013182871174e-09,1.3732024449853786e-08,7.0000000000000007e-06,5.0200000000000002e-06,0.014310816000000001
rlc_r20_a0.001_t9.9999999999999995e-07_b0,1,1,2,1,6434,6452,19,20892,256,1.7107013182871174e-09,1.3732024449853786e-08,7.0000000000000007e-06,5.0200000000000002e-06,0.014403131
rlc_r20_a0.001_t9.9999999999999995e-07_b0,1,1,3,1,6434,6452,19,20892,256,1.7107013182871174e-09,1.3732024449853786e-08,7.0000000000000007e-06,5.0200000000000002e-06,0.014216637000000001
rlc_r20_a0.001_t9.9999999999999995e-07_b0,1,1,4,1,6434,6452,19,20892,256,1.7107013182871174e-09,1.3732024449853786e-08,7.0000000000000007e-06,5.0200000000000002e-06,0.014077423
rlc_r20_a0.001_t9.9999999999999995e-07_b0,1,1,5,1,6434,6452,19,20892,256,1.7107013182871174e-09,1.3732024449853786e-08,7.0000000000000007e-06,5.0200000000000002e-06,0.014048026999999999
rlc_r20_a0.001_t9.9999999999999995e-07_b0,1,1,6,1,6434,6452,19,20892,256,1.7107013182871174e-09,1.3732024449853786e-08,7.0000000000000007e-06,5.0200000000000002e-06,0.014046494
rlc_r20_a0.001_t9.9999999999999995e-07_b0,1,1,7,1,6434,6452,19,20892,256,1.7107013182871174e-09,1.3732024449853786e-08,7.0000000000000007e-06,5.0200000000000002e-06,0.014003813
rlc_r20_a0.001_t9.9999999999999995e-07_b0,1,1,8,1,6434,6452,19,20892,256,1.7107013182871174e-09,1.3732024449853786e-08,7.0000000000000007e-06,5.0200000000000002e-06,0.013949329
rlc_r20_a0.001_t9.9999999999999995e-07_b0,1,1,9,1,6434,6452,19,20892,256,1.7107013182871174e-09,1.3732024449853786e-08,7.0000000000000007e-06,5.0200000000000002e-06,0.014012569000000001
rlc_r20_a0.001_t9.9999999999999995e-07_b0,1,1,10,1,6434,6452,19,20892,256,1.7107013182871174e-09,1.3732024449853786e-08,7.0000000000000007e-06,5.0200000000000002e-06,0.014031204
rlc_r20_a1_t9.9999999999999995e-07_b0,0,0,0,1,396,439,44,3951,439,4.1781825185216448e-06,1.9377624636982005e-05,0.0050020000000000004,0.00500002,0.0023221679999999999
rlc_r20_a1_t9.9999999999999995e-07_b0,0,0,1,1,396,439,44,3951,439,4.1781825185216448e-06,1.9377624636982005e-05,0.0050020000000000004,0.00500002,0.002290589
rlc_r20_a1_t9.9999999999999995e-07_b0,0,0,2,1,396,439,44,3951,439,4.1781825185216448e-06,1.9377624636982005e-05,0.0050020000000000004,0.00500002,0.0023000160000000002
rlc_r20_a1_t9.9999999999999995e-07_b0,0,0,3,1,396,439,44,3951,439,4.1781825185216448e-06,1.9377624636982005e-05,0.0050020000000000004,0.00500002,0.0023070790000000001
rlc_r20_a1_t9.9999999999999995e-07_b0,0,0,4,1,396,439,44,3951,439,4.1781825185216448e-06,1.9377624636982005e-05,0.0050020000000000004,0.00500002,0.0022800680000000001
rlc_r20_a1_t9.9999999999999995e-07_b0,0,0,5,1,396,439,44,3951,439,4.1781825185216448e-06,1.9377624636982005e-05,0.0050020000000000004,0.00500002,0.00233103
rlc_r20_a1_t9.9999999999999995e-07_b0,0,0,6,1,396,439,44,3951,439,4.1781825185216448e-06,1.9377624636982005e-05,0.0050020000000000004,0.00500002,0.0023313159999999999
rlc_r20_a1_t9.9999999999999995e-07_b0,0,0,7,1,396,439,44,3951,439,4.1781825185216448e-06,1.9377624636982005e-05,0.0050020000000000004,0.00500002,0.0023237520000000001
rlc_r20_a1_t9.9999999999999995e-07_b0,0,0,8,1,396,439,44,3951,439,4.1781825185216448e-06,1.9377624636982005e-05,0.0050020000000000004,0.00500002,0.002309153
rlc_r20_a1_t9.9999999999999995e-07_b0,0,0,9,1,396,439,44,3951,439,4.1781825185216448e-06,1.9377624636982005e-05,0.0050020000000000004,0.00500002,0.0023080209999999999
rlc_r20_a1_t9.9999999999999995e-07_b0,0,0,10,1,396,439,44,3951,439,4.1781825185216448e-06,1.9377624636982005e-05,0.0050020000000000004,0.00500002,0.0023270370000000001
rlc_r20_a1_t9.9999999999999995e-07_b0,0,1,0,1,6471,6498,28,58482,6498,1.5237812179824672e-06,1.4049855212125428e-05,0.0050020000000000004,0.00500002,0.033667249000000003
rlc_r20_a1_t9.9999999999999995e-07_b0,0,1,1,1,6471,6498,28,58482,6498,1.5237812179824672e-06,1.4049855212125428e-05,0.0050020000000000004,0.00500002,0.033786927000000001
rlc_r20_a1_t9.9999999999999995e-07_b0,0,1,2,1,6471,6498,28,58482,6498,1.5237812179824672e-06,1.4049855212125428e-05,0.0050020000000000004,0.00500002,0.033562079000000002
rlc_r20_a1_t9.9999999999999995e-07_b0,0,1,3,1,6471,6498,28,58482,6498,1.5237812179824672e-06,1.4049855212125428e-05,0.0050020000000000004,0.00500002,0.033689812
rlc_r20_a1_t9.9999999999999995e-07_b0,0,1,4,1,6471,6498,28,58482,6498,1.5237812179824672e-06,1.4049855212125428e-05,0.0050020000000000004,0.00500002,0.033818085999999997
rlc_r20_a1_t9.9999999999999995e-07_b0,0,1,5,1,6471,6498,28,58482,6498,1.5237812179824672e-06,1.4049855212125428e-05,0.0050020000000000004,0.00500002,0.034451869000000003
rlc_r20_a1_t9.9999999999999995e-07_b0,0,1,6,1,6471,6498,28,58482,6498,1.5237812179824672e-06,1.4049855212125428e-05,0.0050020000000000004,0.00500002,0.034625116999999997
rlc_r20_a1_t9.9999999999999995e-07_b0,0,1,7,1,6471,6498,28,58482,6498,1.5237812179824672e-06,1.4049855212125428e-05,0.0050020000000000004,0.00500002,0.035319165
rlc_r20_a1_t9.9999999999999995e-07_b0,0,1,8,1,6471,6498,28,58482,6498,1.5237812179824672e-06,1.4049855212125428e-05,0.0050020000000000004,0.00500002,0.033918146000000003
rlc_r20_a1_t9.9999999999999995e-07_b0,0,1,9,1,6471,6498,28,58482,6498,1.5237812179824672e-06,1.4049855212125428e-05,0.0050020000000000004,0.00500002,0.033831261000000001
rlc_r20_a1_t9.9999999999999995e-07_b0,0,1,10,1,6471,6498,28,58482,6498,1.5237812179824672e-06,1.4049855212125428e-05,0.0050020000000000004,0.00500002,0.033737512999999997
rlc_r20_a1_t9.9999999999999995e-07_b0,1,0,0,1,404,448,45,1854,85,9.3410699921192553e-06,1.7609918121358481e-05,0.0050020000000000004,0.00500002,0.001319464
rlc_r20_a1_t9.9999999999999995e-07_b0,1,0,1,1,404,448,45,1854,85,9.3410699921192553e-06,1.7609918121358481e-05,0.0050020000000000004,0.00500002,0.001247969
rlc_r20_a1_t9.9999999999999995e-07_b0,1,0,2,1,404,448,45,1854,85,9.3410699921192553e-06,1.7609918121358481e-05,0.0050020000000000004,0.00500002,0.0012794080000000001
rlc_r20_a1_t9.9999999999999995e-07_b0,1,0,3,1,404,448,45,1854,85,9.3410699921192553e-06,1.7609918121358481e-05,0.0050020000000000004,0.00500002,0.0012632679999999999
rlc_r20_a1_t9.9999999999999995e-07_b0,1,0,4,1,404,448,45,1854,85,9.3410699921192553e-06,1.7609918121358481e-05,0.0050020000000000004,0.00500002,0.001246065
rlc_r20_a1_t9.9999999999999995e-07_b0,1,0,5,1,404,448,45,1854,85,9.3410699921192553e-06,1.7609918121358481e-05,0.0050020000000000004,0.00500002,0.001246556
rlc_r20_a1_t9.9999999999999995e-07_b0,1,0,6,1,404,448,45,1854,85,9.3410699921192553e-06,1.7609918121358481e-05,0.0050020000000000004,0.00500002,0.0012357360000000001
rlc_r20_a1_t9.9999999999999995e-07_b0,1,0,7,1,404,448,45,1854,85,9.3410699921192553e-06,1.7609918121358481e-05,0.0050020000000000004,0.00500002,0.001245896
rlc_r20_a1_t9.9999999999999995e-07_b0,1,0,8,1,404,448,45,1854,85,9.3410699921192553e-06,1.7609918121358481e-05,0.0050020000000000004,0.00500002,0.001253931
rlc_r20_a1_t9.9999999999999995e-07_b0,1,0,9,1,404,448,45,1854,85,9.3410699921192553e-06,1.7609918121358481e-05,0.0050020000000000004,0.00500002,0.001249993
rlc_r20_a1_t9.9999999999999995e-07_b0,1,0,10,1,404,448,45,1854,85,9.3410699921192553e-06,1.7609918121358481e-05,0.0050020000000000004,0.00500002,0.00122221
rlc_r20_a1_t9.9999999999999995e-07_b0,1,1,0,1,6475,6510,36,21144,269,1.0920944396586307e-06,1.3965977378897765e-05,0.0050020000000000004,0.00500002,0.014483784
rlc_r20_a1_t9.9999999999999995e-07_b0,1,1,1,1,6475,6510,36,21144,269,1.0920944396586307e-06,1.3965977378897765e-05,0.0050020000000000004,0.00500002,0.014703982000000001
rlc_r20_a1_t9.9999999999999995e-07_b0,1,1,2,1,6475,6510,36,21144,269,1.0920944396586307e-06,1.3965977378897765e-05,0.0050020000000000004,0.00500002,0.014548708
rlc_r20_a1_t9.9999999999999995e-07_b0,1,1,3,1,6475,6510,36,21144,269,1.0920944396586307e-06,1.3965977378897765e-05,0.0050020000000000004,0.00500002,0.014479324999999999
rlc_r20_a1_t9.9999999999999995e-07_b0,1,1,4,1,6475,6510,36,21144,269,1.0920944396586307e-06,1.3965977378897765e-05,0.0050020000000000004,0.00500002,0.01444695
rlc_r20_a1_t9.9999999999999995e-07_b0,1,1,5,1,6475,6510,36,21144,269,1.0920944396586307e-06,1.3965977378897765e-05,0.0050020000000000004,0.00500002,0.014916260000000001
rlc_r20_a1_t9.9999999999999995e-07_b0,1,1,6,1,6475,6510,36,21144,269,1.0920944396586307e-06,1.3965977378897765e-05,0.0050020000000000004,0.00500002,0.014110206
rlc_r20_a1_t9.9999999999999995e-07_b0,1,1,7,1,6475,6510,36,21144,269,1.0920944396586307e-06,1.3965977378897765e-05,0.0050020000000000004,0.00500002,0.01417652
rlc_r20_a1_t9.9999999999999995e-07_b0,1,1,8,1,6475,6510,36,21144,269,1.0920944396586307e-06,1.3965977378897765e-05,0.0050020000000000004,0.00500002,0.014369277
rlc_r20_a1_t9.9999999999999995e-07_b0,1,1,9,1,6475,6510,36,21144,269,1.0920944396586307e-06,1.3965977378897765e-05,0.0050020000000000004,0.00500002,0.014456152
rlc_r20_a1_t9.9999999999999995e-07_b0,1,1,10,1,6475,6510,36,21144,269,1.0920944396586307e-06,1.3965977378897765e-05,0.0050020000000000004,0.00500002,0.014332838000000001
rlc_r20_a1_t0.001_b400,0,0,0,1,396,439,44,3951,439,4.195185198341278e-06,1.9377089477454201e-05,0.0050020000000000004,0.00500002,0.002289756
rlc_r20_a1_t0.001_b400,0,0,1,1,396,439,44,3951,439,4.195185198341278e-06,1.9377089477454201e-05,0.0050020000000000004,0.00500002,0.0023779539999999998
rlc_r20_a1_t0.001_b400,0,0,2,1,396,439,44,3951,439,4.195185198341278e-06,1.9377089477454201e-05,0.0050020000000000004,0.00500002,0.0022848579999999999
rlc_r20_a1_t0.001_b400,0,0,3,1,396,439,44,3951,439,4.195185198341278e-06,1.9377089477454201e-05,0.0050020000000000004,0.00500002,0.0022926520000000001
rlc_r20_a1_t0.001_b400,0,0,4,1,396,439,44,3951,439,4.195185198341278e-06,1.9377089477454201e-05,0.0050020000000000004,0.00500002,0.002310706
rlc_r20_a1_t0.001_b400,0,0,5,1,396,439,44,3951,439,4.195185198341278e-06,1.9377089477454201e-05,0.0050020000000000004,0.00500002,0.002293504
rlc_r20_a1_t0.001_b400,0,0,6,1,396,439,44,3951,439,4.195185198341278e-06,1.9377089477454201e-05,0.0050020000000000004,0.00500002,0.0023018800000000001
rlc_r20_a1_t0.001_b400,0,0,7,1,396,439,44,3951,439,4.195185198341278e-06,1.9377089477454201e-05,0.0050020000000000004,0.00500002,0.0022968900000000002
rlc_r20_a1_t0.001_b400,0,0,8,1,396,439,44,3951,439,4.195185198341278e-06,1.9377089477454201e-05,0.0050020000000000004,0.00500002,0.0023067080000000002
rlc_r20_a1_t0.001_b400,0,0,9,1,396,439,44,3951,439,4.195185198341278e-06,1.9377089477454201e-05,0.0050020000000000004,0.00500002,0.0023197230000000001
rlc_r20_a1_t0.001_b400,0,0,10,1,396,439,44,3951,439,4.195185198341278e-06,1.9377089477454201e-05,0.0050020000000000004,0.00500002,0.002303102
rlc_r20_a1_t0.001_b400,0,1,0,1,6471,6498,28,58482,6498,1.5399297704221659e-06,1.4049447336086929e-05,0.0050020000000000004,0.00500002,0.033190664000000002
rlc_r20_a1_t0.001_b400,0,1,1,1,6471,6498,28,58482,6498,1.5399297704221659e-06,1.4049447336086929e-05,0.0050020000000000004,0.00500002,0.033195733999999998
rlc_r20_a1_t0.001_b400,0,1,2,1,6471,6498,28,58482,6498,1.5399297704221659e-06,1.4049447336086929e-05,0.0050020000000000004,0.00500002,0.033443725000000001
rlc_r20_a1_t0.001_b400,0,1,3,1,6471,6498,28,58482,6498,1.5399297704221659e-06,1.4049447336086929e-05,0.0050020000000000004,0.00500002,0.033138955999999997
rlc_r20_a1_t0.001_b400,0,1,4,1,6471,6498,28,58482,6498,1.5399297704221659e-06,1.4049447336086929e-05,0.0050020000000000004,0.00500002,0.033280084000000001
rlc_r20_a1_t0.001_b400,0,1,5,1,6471,6498,28,58482,6498,1.5399297704221659e-06,1.4049447336086929e-05,0.0050020000000000004,0.00500002,0.033479613999999998
rlc_r20_a1_t0.001_b400,0,1,6,1,6471,6498,28,58482,6498,1.5399297704221659e-06,1.4049447336086929e-05,0.0050020000000000004,0.00500002,0.034611891999999998
rlc_r20_a1_t0.001_b400,0,1,7,1,6471,6498,28,58482,6498,1.5399297704221659e-06,1.4049447336086929e-05,0.0050020000000000004,0.00500002,0.034192516999999999
rlc_r20_a1_t0.001_b400,0,1,8,1,6471,6498,28,58482,6498,1.5399297704221659e-06,1.4049447336086929e-05,0.0050020000000000004,0.00500002,0.033987947999999997
rlc_r20_a1_t0.001_b400,0,1,9,1,6471,6498,28,58482,6498,1.5399297704221659e-06,1.4049447336086929e-05,0.0050020000000000004,0.00500002,0.033813626999999999
rlc_r20_a1_t0.001_b400,0,1,10,1,6471,6498,28,58482,6498,1.5399297704221659e-06,1.4049447336086929e-05,0.0050020000000000004,0.00500002,0.033447732000000001
rlc_r20_a1_t0.001_b400,1,0,0,1,404,448,45,1854,85,9.3570839041490217e-06,1.7609513634497809e-05,0.0050020000000000004,0.00500002,0.0012658929999999999
rlc_r20_a1_t0.001_b400,1,0,1,1,404,448,45,1854,85,9.3570839041490217e-06,1.7609513634497809e-05,0.0050020000000000004,0.00500002,0.0012425890000000001
rlc_r20_a1_t0.001_b400,1,0,2,1,404,448,45,1854,85,9.3570839041490217e-06,1.7609513634497809e-05,0.0050020000000000004,0.00500002,0.001266915
rlc_r20_a1_t0.001_b400,1,0,3,1,404,448,45,1854,85,9.3570839041490217e-06,1.7609513634497809e-05,0.0050020000000000004,0.00500002,0.001259671
rlc_r20_a1_t0.001_b400,1,0,4,1,404,448,45,1854,85,9.3570839041490217e-06,1.7609513634497809e-05,0.0050020000000000004,0.00500002,0.001215357
rlc_r20_a1_t0.001_b400,1,0,5,1,404,448,45,1854,85,9.3570839041490217e-06,1.7609513634497809e-05,0.0050020000000000004,0.00500002,0.0012240930000000001
rlc_r20_a1_t0.001_b400,1,0,6,1,404,448,45,1854,85,9.3570839041490217e-06,1.7609513634497809e-05,0.0050020000000000004,0.00500002,0.0012499919999999999
rlc_r20_a1_t0.001_b400,1,0,7,1,404,448,45,1854,85,9.3570839041490217e-06,1.7609513634497809e-05,0.0050020000000000004,0.00500002,0.001219665
rlc_r20_a1_t0.001_b400,1,0,8,1,404,448,45,1854,85,9.3570839041490217e-06,1.7609513634497809e-05,0.0050020000000000004,0.00500002,0.0012203870000000001
rlc_r20_a1_t0.001_b400,1,0,9,1,404,448,45,1854,85,9.3570839041490217e-06,1.7609513634497809e-05,0.0050020000000000004,0.00500002,0.0012456940000000001
rlc_r20_a1_t0.001_b400,1,0,10,1,404,448,45,1854,85,9.3570839041490217e-06,1.7609513634497809e-05,0.0050020000000000004,0.00500002,0.001234363
rlc_r20_a1_t0.001_b400,1,1,0,1,6475,6510,36,21144,269,1.1082422981534279e-06,1.3965570706070407e-05,0.0050020000000000004,0.00500002,0.014402460000000001
rlc_r20_a1_t0.001_b400,1,1,1,1,6475,6510,36,21144,269,1.1082422981534279e-06,1.3965570706070407e-05,0.0050020000000000004,0.00500002,0.014295235999999999
rlc_r20_a1_t0.001_b400,1,1,2,1,6475,6510,36,21144,269,1.1082422981534279e-06,1.3965570706070407e-05,0.0050020000000000004,0.00500002,0.014476741
rlc_r20_a1_t0.001_b400,1,1,3,1,6475,6510,36,21144,269,1.1082422981534279e-06,1.3965570706070407e-05,0.0050020000000000004,0.00500002,0.014312389
rlc_r20_a1_t0.001_b400,1,1,4,1,6475,6510,36,21144,269,1.1082422981534279e-06,1.3965570706070407e-05,0.0050020000000000004,0.00500002,0.0144292
rlc_r20_a1_t0.001_b400,1,1,5,1,6475,6510,36,21144,269,1.1082422981534279e-06,1.3965570706070407e-05,0.0050020000000000004,0.00500002,0.014425934
rlc_r20_a1_t0.001_b400,1,1,6,1,6475,6510,36,21144,269,1.1082422981534279e-06,1.3965570706070407e-05,0.0050020000000000004,0.00500002,0.014411497000000001
rlc_r20_a1_t0.001_b400,1,1,7,1,6475,6510,36,21144,269,1.1082422981534279e-06,1.3965570706070407e-05,0.0050020000000000004,0.00500002,0.014301467999999999
rlc_r20_a1_t0.001_b400,1,1,8,1,6475,6510,36,21144,269,1.1082422981534279e-06,1.3965570706070407e-05,0.0050020000000000004,0.00500002,0.014342996
rlc_r20_a1_t0.001_b400,1,1,9,1,6475,6510,36,21144,269,1.1082422981534279e-06,1.3965570706070407e-05,0.0050020000000000004,0.00500002,0.01434001
rlc_r20_a1_t0.001_b400,1,1,10,1,6475,6510,36,21144,269,1.1082422981534279e-06,1.3965570706070407e-05,0.0050020000000000004,0.00500002,0.014340082000000001
rlc_r20_a100_t0.001_b0,0,0,0,1,413,461,49,4149,461,0.00060431306024355536,0.0019194391498551511,0.50000199999999995,0.50000001999999999,0.0024541879999999999
rlc_r20_a100_t0.001_b0,0,0,1,1,413,461,49,4149,461,0.00060431306024355536,0.0019194391498551511,0.50000199999999995,0.50000001999999999,0.0023891950000000002
rlc_r20_a100_t0.001_b0,0,0,2,1,413,461,49,4149,461,0.00060431306024355536,0.0019194391498551511,0.50000199999999995,0.50000001999999999,0.0024401819999999999
rlc_r20_a100_t0.001_b0,0,0,3,1,413,461,49,4149,461,0.00060431306024355536,0.0019194391498551511,0.50000199999999995,0.50000001999999999,0.0023890650000000001
rlc_r20_a100_t0.001_b0,0,0,4,1,413,461,49,4149,461,0.00060431306024355536,0.0019194391498551511,0.50000199999999995,0.50000001999999999,0.0024598699999999999
rlc_r20_a100_t0.001_b0,0,0,5,1,413,461,49,4149,461,0.00060431306024355536,0.0019194391498551511,0.50000199999999995,0.50000001999999999,0.0024122789999999998
rlc_r20_a100_t0.001_b0,0,0,6,1,413,461,49,4149,461,0.00060431306024355536,0.0019194391498551511,0.50000199999999995,0.50000001999999999,0.0024024200000000002
rlc_r20_a100_t0.001_b0,0,0,7,1,413,461,49,4149,461,0.00060431306024355536,0.0019194391498551511,0.50000199999999995,0.50000001999999999,0.0024157860000000001
rlc_r20_a100_t0.001_b0,0,0,8,1,413,461,49,4149,461,0.00060431306024355536,0.0019194391498551511,0.50000199999999995,0.50000001999999999,0.002387653
rlc_r20_a100_t0.001_b0,0,0,9,1,413,461,49,4149,461,0.00060431306024355536,0.0019194391498551511,0.50000199999999995,0.50000001999999999,0.002433499
rlc_r20_a100_t0.001_b0,0,0,10,1,413,461,49,4149,461,0.00060431306024355536,0.0019194391498551511,0.50000199999999995,0.50000001999999999,0.0024237210000000002
rlc_r20_a100_t0.001_b0,0,1,0,1,6487,6512,26,58608,6512,0.0001160779137450163,0.0014301156139318039,0.50000199999999995,0.50000001999999999,0.033231681999999999
rlc_r20_a100_t0.001_b0,0,1,1,1,6487,6512,26,58608,6512,0.0001160779137450163,0.0014301156139318039,0.50000199999999995,0.50000001999999999,0.033254286000000001
rlc_r20_a100_t0.001_b0,0,1,2,1,6487,6512,26,58608,6512,0.0001160779137450163,0.0014301156139318039,0.50000199999999995,0.50000001999999999,0.033407696000000001
rlc_r20_a100_t0.001_b0,0,1,3,1,6487,6512,26,58608,6512,0.0001160779137450163,0.0014301156139318039,0.50000199999999995,0.50000001999999999,0.033332063000000002
rlc_r20_a100_t0.001_b0,0,1,4,1,6487,6512,26,58608,6512,0.0001160779137450163,0.0014301156139318039,0.50000199999999995,0.50000001999999999,0.033332503999999999
rlc_r20_a100_t0.001_b0,0,1,5,1,6487,6512,26,58608,6512,0.0001160779137450163,0.0014301156139318039,0.50000199999999995,0.50000001999999999,0.033329799
rlc_r20_a100_t0.001_b0,0,1,6,1,6487,6512,26,58608,6512,0.0001160779137450163,0.0014301156139318039,0.50000199999999995,0.50000001999999999,0.033729157000000003
rlc_r20_a100_t0.001_b0,0,1,7,1,6487,6512,26,58608,6512,0.0001160779137450163,0.0014301156139318039,0.50000199999999995,0.50000001999999999,0.033805973000000003
rlc_r20_a100_t0.001_b0,0,1,8,1,6487,6512,26,58608,6512,0.0001160779137450163,0.0014301156139318039,0.50000199999999995,0.50000001999999999,0.033797316000000001
rlc_r20_a100_t0.001_b0,0,1,9,1,6487,6512,26,58608,6512,0.0001160779137450163,0.0014301156139318039,0.50000199999999995,0.50000001999999999,0.033464775000000002
rlc_r20_a100_t0.001_b0,0,1,10,1,6487,6512,26,58608,6512,0.0001160779137450163,0.0014301156139318039,0.50000199999999995,0.50000001999999999,0.033221903999999997
rlc_r20_a100_t0.001_b0,1,0,0,1,424,469,46,1953,91,0.00043172909376920643,0.0017499868037109678,0.50000199999999995,0.50000001999999999,0.001296972
rlc_r20_a100_t0.001_b0,1,0,1,1,424,469,46,1953,91,0.00043172909376920643,0.0017499868037109678,0.50000199999999995,0.50000001999999999,0.001275731
rlc_r20_a100_t0.001_b0,1,0,2,1,424,469,46,1953,91,0.00043172909376920643,0.0017499868037109678,0.50000199999999995,0.50000001999999999,0.0013523669999999999
rlc_r20_a100_t0.001_b0,1,0,3,1,424,469,46,1953,91,0.00043172909376920643,0.0017499868037109678,0.50000199999999995,0.50000001999999999,0.0012813119999999999
rlc_r20_a100_t0.001_b0,1,0,4,1,424,469,46,1953,91,0.00043172909376920643,0.0017499868037109678,0.50000199999999995,0.50000001999999999,0.0013007089999999999
rlc_r20_a100_t0.001_b0,1,0,5,1,424,469,46,1953,91,0.00043172909376920643,0.0017499868037109678,0.50000199999999995,0.50000001999999999,0.0013201560000000001
rlc_r20_a100_t0.001_b0,1,0,6,1,424,469,46,1953,91,0.00043172909376920643,0.0017499868037109678,0.50000199999999995,0.50000001999999999,0.001752015
rlc_r20_a100_t0.001_b0,1,0,7,1,424,469,46,1953,91,0.00043172909376920643,0.0017499868037109678,0.50000199999999995,0.50000001999999999,0.001331858
rlc_r20_a100_t0.001_b0,1,0,8,1,424,469,46,1953,91,0.00043172909376920643,0.0017499868037109678,0.50000199999999995,0.50000001999999999,0.00130163
rlc_r20_a100_t0.001_b0,1,0,9,1,424,469,46,1953,91,0.00043172909376920643,0.0017499868037109678,0.50000199999999995,0.50000001999999999,0.0012759519999999999
rlc_r20_a100_t0.001_b0,1,0,10,1,424,469,46,1953,91,0.00043172909376920643,0.0017499868037109678,0.50000199999999995,0.50000001999999999,0.00128568
rlc_r20_a100_t0.001_b0,1,1,0,1,6492,6527,36,21219,273,0.00011585889741638766,0.0013456258869739557,0.50000199999999995,0.50000001999999999,0.014429882
rlc_r20_a100_t0.001_b0,1,1,1,1,6492,6527,36,21219,273,0.00011585889741638766,0.0013456258869739557,0.50000199999999995,0.50000001999999999,0.014344901
rlc_r20_a100_t0.001_b0,1,1,2,1,6492,6527,36,21219,273,0.00011585889741638766,0.0013456258869739557,0.50000199999999995,0.50000001999999999,0.014194986
rlc_r20_a100_t0.001_b0,1,1,3,1,6492,6527,36,21219,273,0.00011585889741638766,0.0013456258869739557,0.50000199999999995,0.50000001999999999,0.014187761
rlc_r20_a100_t0.001_b0,1,1,4,1,6492,6527,36,21219,273,0.00011585889741638766,0.0013456258869739557,0.50000199999999995,0.50000001999999999,0.014203762999999999
rlc_r20_a100_t0.001_b0,1,1,5,1,6492,6527,36,21219,273,0.00011585889741638766,0.0013456258869739557,0.50000199999999995,0.50000001999999999,0.014154168999999999
rlc_r20_a100_t0.001_b0,1,1,6,1,6492,6527,36,21219,273,0.00011585889741638766,0.0013456258869739557,0.50000199999999995,0.50000001999999999,0.014348636999999999
rlc_r20_a100_t0.001_b0,1,1,7,1,6492,6527,36,21219,273,0.00011585889741638766,0.0013456258869739557,0.50000199999999995,0.50000001999999999,0.014305063999999999
rlc_r20_a100_t0.001_b0,1,1,8,1,6492,6527,36,21219,273,0.00011585889741638766,0.0013456258869739557,0.50000199999999995,0.50000001999999999,0.014167294
rlc_r20_a100_t0.001_b0,1,1,9,1,6492,6527,36,21219,273,0.00011585889741638766,0.0013456258869739557,0.50000199999999995,0.50000001999999999,0.014392952000000001
rlc_r20_a100_t0.001_b0,1,1,10,1,6492,6527,36,21219,273,0.00011585889741638766,0.0013456258869739557,0.50000199999999995,0.50000001999999999,0.01438671
nonlinear_charge_a0.001,0,0,0,0,144,169,26,1863,169,1.1255450172999662e-05,0,2.2000000000000001e-06,0,0.001002883
nonlinear_charge_a0.001,0,0,1,0,144,169,26,1863,169,1.1255450172999662e-05,0,2.2000000000000001e-06,0,0.0010002190000000001
nonlinear_charge_a0.001,0,0,2,0,144,169,26,1863,169,1.1255450172999662e-05,0,2.2000000000000001e-06,0,0.00095293899999999998
nonlinear_charge_a0.001,0,0,3,0,144,169,26,1863,169,1.1255450172999662e-05,0,2.2000000000000001e-06,0,0.00095310900000000005
nonlinear_charge_a0.001,0,0,4,0,144,169,26,1863,169,1.1255450172999662e-05,0,2.2000000000000001e-06,0,0.00095684700000000004
nonlinear_charge_a0.001,0,0,5,0,144,169,26,1863,169,1.1255450172999662e-05,0,2.2000000000000001e-06,0,0.000944884
nonlinear_charge_a0.001,0,0,6,0,144,169,26,1863,169,1.1255450172999662e-05,0,2.2000000000000001e-06,0,0.001000239
nonlinear_charge_a0.001,0,0,7,0,144,169,26,1863,169,1.1255450172999662e-05,0,2.2000000000000001e-06,0,0.00095250800000000002
nonlinear_charge_a0.001,0,0,8,0,144,169,26,1863,169,1.1255450172999662e-05,0,2.2000000000000001e-06,0,0.00094848100000000004
nonlinear_charge_a0.001,0,0,9,0,144,169,26,1863,169,1.1255450172999662e-05,0,2.2000000000000001e-06,0,0.00096900899999999995
nonlinear_charge_a0.001,0,0,10,0,144,169,26,1863,169,1.1255450172999662e-05,0,2.2000000000000001e-06,0,0.00099850500000000001
nonlinear_charge_a0.001,0,1,0,1,2568,2571,4,22216,2571,1.1550452727719408e-06,0,2.2000000000000001e-06,0,0.011310608999999999
nonlinear_charge_a0.001,0,1,1,1,2568,2571,4,22216,2571,1.1550452727719408e-06,0,2.2000000000000001e-06,0,0.011328604000000001
nonlinear_charge_a0.001,0,1,2,1,2568,2571,4,22216,2571,1.1550452727719408e-06,0,2.2000000000000001e-06,0,0.011281265
nonlinear_charge_a0.001,0,1,3,1,2568,2571,4,22216,2571,1.1550452727719408e-06,0,2.2000000000000001e-06,0,0.011248563
nonlinear_charge_a0.001,0,1,4,1,2568,2571,4,22216,2571,1.1550452727719408e-06,0,2.2000000000000001e-06,0,0.011386906
nonlinear_charge_a0.001,0,1,5,1,2568,2571,4,22216,2571,1.1550452727719408e-06,0,2.2000000000000001e-06,0,0.011380502000000001
nonlinear_charge_a0.001,0,1,6,1,2568,2571,4,22216,2571,1.1550452727719408e-06,0,2.2000000000000001e-06,0,0.011470783999999999
nonlinear_charge_a0.001,0,1,7,1,2568,2571,4,22216,2571,1.1550452727719408e-06,0,2.2000000000000001e-06,0,0.01158932
nonlinear_charge_a0.001,0,1,8,1,2568,2571,4,22216,2571,1.1550452727719408e-06,0,2.2000000000000001e-06,0,0.011533674000000001
nonlinear_charge_a0.001,0,1,9,1,2568,2571,4,22216,2571,1.1550452727719408e-06,0,2.2000000000000001e-06,0,0.011601102
nonlinear_charge_a0.001,0,1,10,1,2568,2571,4,22216,2571,1.1550452727719408e-06,0,2.2000000000000001e-06,0,0.011745837
nonlinear_charge_a0.001,1,0,0,0,145,170,26,901,39,1.2470167178369575e-05,0,2.2000000000000001e-06,0,0.00055642599999999995
nonlinear_charge_a0.001,1,0,1,0,145,170,26,901,39,1.2470167178369575e-05,0,2.2000000000000001e-06,0,0.00053986500000000005
nonlinear_charge_a0.001,1,0,2,0,145,170,26,901,39,1.2470167178369575e-05,0,2.2000000000000001e-06,0,0.00054396299999999996
nonlinear_charge_a0.001,1,0,3,0,145,170,26,901,39,1.2470167178369575e-05,0,2.2000000000000001e-06,0,0.00051936599999999995
nonlinear_charge_a0.001,1,0,4,0,145,170,26,901,39,1.2470167178369575e-05,0,2.2000000000000001e-06,0,0.00049569100000000004
nonlinear_charge_a0.001,1,0,5,0,145,170,26,901,39,1.2470167178369575e-05,0,2.2000000000000001e-06,0,0.00049422799999999999
nonlinear_charge_a0.001,1,0,6,0,145,170,26,901,39,1.2470167178369575e-05,0,2.2000000000000001e-06,0,0.00051414600000000005
nonlinear_charge_a0.001,1,0,7,0,145,170,26,901,39,1.2470167178369575e-05,0,2.2000000000000001e-06,0,0.00053757999999999996
nonlinear_charge_a0.001,1,0,8,0,145,170,26,901,39,1.2470167178369575e-05,0,2.2000000000000001e-06,0,0.00052700000000000002
nonlinear_charge_a0.001,1,0,9,0,145,170,26,901,39,1.2470167178369575e-05,0,2.2000000000000001e-06,0,0.00055407199999999996
nonlinear_charge_a0.001,1,0,10,0,145,170,26,901,39,1.2470167178369575e-05,0,2.2000000000000001e-06,0,0.00051931600000000003
nonlinear_charge_a0.001,1,1,0,1,2568,2571,4,8239,110,1.1550452723200928e-06,0,2.2000000000000001e-06,0,0.0047763959999999996
nonlinear_charge_a0.001,1,1,1,1,2568,2571,4,8239,110,1.1550452723200928e-06,0,2.2000000000000001e-06,0,0.004792648
nonlinear_charge_a0.001,1,1,2,1,2568,2571,4,8239,110,1.1550452723200928e-06,0,2.2000000000000001e-06,0,0.004823786
nonlinear_charge_a0.001,1,1,3,1,2568,2571,4,8239,110,1.1550452723200928e-06,0,2.2000000000000001e-06,0,0.0049296979999999997
nonlinear_charge_a0.001,1,1,4,1,2568,2571,4,8239,110,1.1550452723200928e-06,0,2.2000000000000001e-06,0,0.0051359999999999999
nonlinear_charge_a0.001,1,1,5,1,2568,2571,4,8239,110,1.1550452723200928e-06,0,2.2000000000000001e-06,0,0.0047854339999999999
nonlinear_charge_a0.001,1,1,6,1,2568,2571,4,8239,110,1.1550452723200928e-06,0,2.2000000000000001e-06,0,0.0047916060000000003
nonlinear_charge_a0.001,1,1,7,1,2568,2571,4,8239,110,1.1550452723200928e-06,0,2.2000000000000001e-06,0,0.0047670580000000002
nonlinear_charge_a0.001,1,1,8,1,2568,2571,4,8239,110,1.1550452723200928e-06,0,2.2000000000000001e-06,0,0.0048000120000000002
nonlinear_charge_a0.001,1,1,9,1,2568,2571,4,8239,110,1.1550452723200928e-06,0,2.2000000000000001e-06,0,0.0047406790000000002
nonlinear_charge_a0.001,1,1,10,1,2568,2571,4,8239,110,1.1550452723200928e-06,0,2.2000000000000001e-06,0,0.004791114
nonlinear_charge_a1,0,0,0,0,195,246,52,2717,246,0.0043881161179644404,0,0.0020002000000000002,0,0.001407833
nonlinear_charge_a1,0,0,1,0,195,246,52,2717,246,0.0043881161179644404,0,0.0020002000000000002,0,0.001449271
nonlinear_charge_a1,0,0,2,0,195,246,52,2717,246,0.0043881161179644404,0,0.0020002000000000002,0,0.001394637
nonlinear_charge_a1,0,0,3,0,195,246,52,2717,246,0.0043881161179644404,0,0.0020002000000000002,0,0.001381473
nonlinear_charge_a1,0,0,4,0,195,246,52,2717,246,0.0043881161179644404,0,0.0020002000000000002,0,0.0014232820000000001
nonlinear_charge_a1,0,0,5,0,195,246,52,2717,246,0.0043881161179644404,0,0.0020002000000000002,0,0.0013978040000000001
nonlinear_charge_a1,0,0,6,0,195,246,52,2717,246,0.0043881161179644404,0,0.0020002000000000002,0,0.001413313
nonlinear_charge_a1,0,0,7,0,195,246,52,2717,246,0.0043881161179644404,0,0.0020002000000000002,0,0.0014139140000000001
nonlinear_charge_a1,0,0,8,0,195,246,52,2717,246,0.0043881161179644404,0,0.0020002000000000002,0,0.0014268779999999999
nonlinear_charge_a1,0,0,9,0,195,246,52,2717,246,0.0043881161179644404,0,0.0020002000000000002,0,0.001418423
nonlinear_charge_a1,0,0,10,0,195,246,52,2717,246,0.0043881161179644404,0,0.0020002000000000002,0,0.0014025019999999999
nonlinear_charge_a1,0,1,0,1,2587,2603,17,22726,2603,0.0012175812545471491,0,0.0020002000000000002,0,0.011627983
nonlinear_charge_a1,0,1,1,1,2587,2603,17,22726,2603,0.0012175812545471491,0,0.0020002000000000002,0,0.011645175000000001
nonlinear_charge_a1,0,1,2,1,2587,2603,17,22726,2603,0.0012175812545471491,0,0.0020002000000000002,0,0.011671516
nonlinear_charge_a1,0,1,3,1,2587,2603,17,22726,2603,0.0012175812545471491,0,0.0020002000000000002,0,0.011590801
nonlinear_charge_a1,0,1,4,1,2587,2603,17,22726,2603,0.0012175812545471491,0,0.0020002000000000002,0,0.011588628
nonlinear_charge_a1,0,1,5,1,2587,2603,17,22726,2603,0.0012175812545471491,0,0.0020002000000000002,0,0.011526831
nonlinear_charge_a1,0,1,6,1,2587,2603,17,22726,2603,0.0012175812545471491,0,0.0020002000000000002,0,0.011633302999999999
nonlinear_charge_a1,0,1,7,1,2587,2603,17,22726,2603,0.0012175812545471491,0,0.0020002000000000002,0,0.011595029999999999
nonlinear_charge_a1,0,1,8,1,2587,2603,17,22726,2603,0.0012175812545471491,0,0.0020002000000000002,0,0.011546819
nonlinear_charge_a1,0,1,9,1,2587,2603,17,22726,2603,0.0012175812545471491,0,0.0020002000000000002,0,0.011606282000000001
nonlinear_charge_a1,0,1,10,1,2587,2603,17,22726,2603,0.0012175812545471491,0,0.0020002000000000002,0,0.011637570999999999
nonlinear_charge_a1,1,0,0,0,193,238,46,1267,58,0.0051675459275939521,0,0.0020002000000000002,0,0.00071413499999999997
nonlinear_charge_a1,1,0,1,0,193,238,46,1267,58,0.0051675459275939521,0,0.0020002000000000002,0,0.00070836499999999997
nonlinear_charge_a1,1,0,2,0,193,238,46,1267,58,0.0051675459275939521,0,0.0020002000000000002,0,0.00071016799999999995
nonlinear_charge_a1,1,0,3,0,193,238,46,1267,58,0.0051675459275939521,0,0.0020002000000000002,0,0.00073453500000000003
nonlinear_charge_a1,1,0,4,0,193,238,46,1267,58,0.0051675459275939521,0,0.0020002000000000002,0,0.00080073999999999998
nonlinear_charge_a1,1,0,5,0,193,238,46,1267,58,0.0051675459275939521,0,0.0020002000000000002,0,0.00070794399999999996
nonlinear_charge_a1,1,0,6,0,193,238,46,1267,58,0.0051675459275939521,0,0.0020002000000000002,0,0.00070054999999999998
nonlinear_charge_a1,1,0,7,0,193,238,46,1267,58,0.0051675459275939521,0,0.0020002000000000002,0,0.000706742
nonlinear_charge_a1,1,0,8,0,193,238,46,1267,58,0.0051675459275939521,0,0.0020002000000000002,0,0.00069092199999999996
nonlinear_charge_a1,1,0,9,0,193,238,46,1267,58,0.0051675459275939521,0,0.0020002000000000002,0,0.00071668000000000003
nonlinear_charge_a1,1,0,10,0,193,238,46,1267,58,0.0051675459275939521,0,0.0020002000000000002,0,0.00070687199999999999
nonlinear_charge_a1,1,1,0,1,2587,2603,17,8553,128,0.0012175764287995724,0,0.0020002000000000002,0,0.0048564890000000003
nonlinear_charge_a1,1,1,1,1,2587,2603,17,8553,128,0.0012175764287995724,0,0.0020002000000000002,0,0.004869394
nonlinear_charge_a1,1,1,2,1,2587,2603,17,8553,128,0.0012175764287995724,0,0.0020002000000000002,0,0.0048812159999999999
nonlinear_charge_a1,1,1,3,1,2587,2603,17,8553,128,0.0012175764287995724,0,0.0020002000000000002,0,0.0048564999999999997
nonlinear_charge_a1,1,1,4,1,2587,2603,17,8553,128,0.0012175764287995724,0,0.0020002000000000002,0,0.0048381739999999998
nonlinear_charge_a1,1,1,5,1,2587,2603,17,8553,128,0.0012175764287995724,0,0.0020002000000000002,0,0.0049072949999999999
nonlinear_charge_a1,1,1,6,1,2587,2603,17,8553,128,0.0012175764287995724,0,0.0020002000000000002,0,0.0048425020000000003
nonlinear_charge_a1,1,1,7,1,2587,2603,17,8553,128,0.0012175764287995724,0,0.0020002000000000002,0,0.0048794729999999996
nonlinear_charge_a1,1,1,8,1,2587,2603,17,8553,128,0.0012175764287995724,0,0.0020002000000000002,0,0.0048768680000000003
nonlinear_charge_a1,1,1,9,1,2587,2603,17,8553,128,0.0012175764287995724,0,0.0020002000000000002,0,0.0048572499999999996
nonlinear_charge_a1,1,1,10,1,2587,2603,17,8553,128,0.0012175764287995724,0,0.0020002000000000002,0,0.0048554180000000002
nonlinear_charge_a100,0,0,0,0,195,248,54,2734,248,0.65169252807812905,0,0.20000020000000002,0,0.0014158479999999999
nonlinear_charge_a100,0,0,1,0,195,248,54,2734,248,0.65169252807812905,0,0.20000020000000002,0,0.0014269479999999999
nonlinear_charge_a100,0,0,2,0,195,248,54,2734,248,0.65169252807812905,0,0.20000020000000002,0,0.001398074
nonlinear_charge_a100,0,0,3,0,195,248,54,2734,248,0.65169252807812905,0,0.20000020000000002,0,0.0014225900000000001
nonlinear_charge_a100,0,0,4,0,195,248,54,2734,248,0.65169252807812905,0,0.20000020000000002,0,0.0013959090000000001
nonlinear_charge_a100,0,0,5,0,195,248,54,2734,248,0.65169252807812905,0,0.20000020000000002,0,0.001404607
nonlinear_charge_a100,0,0,6,0,195,248,54,2734,248,0.65169252807812905,0,0.20000020000000002,0,0.0013980139999999999
nonlinear_charge_a100,0,0,7,0,195,248,54,2734,248,0.65169252807812905,0,0.20000020000000002,0,0.0013795890000000001
nonlinear_charge_a100,0,0,8,0,195,248,54,2734,248,0.65169252807812905,0,0.20000020000000002,0,0.0014022119999999999
nonlinear_charge_a100,0,0,9,0,195,248,54,2734,248,0.65169252807812905,0,0.20000020000000002,0,0.0013997269999999999
nonlinear_charge_a100,0,0,10,0,195,248,54,2734,248,0.65169252807812905,0,0.20000020000000002,0,0.001399827
nonlinear_charge_a100,0,1,0,1,2584,2599,16,22678,2599,0.12003338595854718,0,0.20000020000000002,0,0.011516171
nonlinear_charge_a100,0,1,1,1,2584,2599,16,22678,2599,0.12003338595854718,0,0.20000020000000002,0,0.011541127999999999
nonlinear_charge_a100,0,1,2,1,2584,2599,16,22678,2599,0.12003338595854718,0,0.20000020000000002,0,0.011561116
nonlinear_charge_a100,0,1,3,1,2584,2599,16,22678,2599,0.12003338595854718,0,0.20000020000000002,0,0.011534104999999999
nonlinear_charge_a100,0,1,4,1,2584,2599,16,22678,2599,0.12003338595854718,0,0.20000020000000002,0,0.01155285
nonlinear_charge_a100,0,1,5,1,2584,2599,16,22678,2599,0.12003338595854718,0,0.20000020000000002,0,0.011544916000000001
nonlinear_charge_a100,0,1,6,1,2584,2599,16,22678,2599,0.12003338595854718,0,0.20000020000000002,0,0.011512844
nonlinear_charge_a100,0,1,7,1,2584,2599,16,22678,2599,0.12003338595854718,0,0.20000020000000002,0,0.011529045
nonlinear_charge_a100,0,1,8,1,2584,2599,16,22678,2599,0.12003338595854718,0,0.20000020000000002,0,0.011523044
nonlinear_charge_a100,0,1,9,1,2584,2599,16,22678,2599,0.12003338595854718,0,0.20000020000000002,0,0.011514418
nonlinear_charge_a100,0,1,10,1,2584,2599,16,22678,2599,0.12003338595854718,0,0.20000020000000002,0,0.011520318999999999
nonlinear_charge_a100,1,0,0,0,193,242,50,1290,60,0.52349729354772134,0,0.20000020000000002,0,0.00072068800000000004
nonlinear_charge_a100,1,0,1,0,193,242,50,1290,60,0.52349729354772134,0,0.20000020000000002,0,0.00071400599999999999
nonlinear_charge_a100,1,0,2,0,193,242,50,1290,60,0.52349729354772134,0,0.20000020000000002,0,0.00072454599999999996
nonlinear_charge_a100,1,0,3,0,193,242,50,1290,60,0.52349729354772134,0,0.20000020000000002,0,0.00069136299999999996
nonlinear_charge_a100,1,0,4,0,193,242,50,1290,60,0.52349729354772134,0,0.20000020000000002,0,0.00070955699999999998
nonlinear_charge_a100,1,0,5,0,193,242,50,1290,60,0.52349729354772134,0,0.20000020000000002,0,0.00073270099999999999
nonlinear_charge_a100,1,0,6,0,193,242,50,1290,60,0.52349729354772134,0,0.20000020000000002,0,0.00071301299999999997
nonlinear_charge_a100,1,0,7,0,193,242,50,1290,60,0.52349729354772134,0,0.20000020000000002,0,0.00071111999999999998
nonlinear_charge_a100,1,0,8,0,193,242,50,1290,60,0.52349729354772134,0,0.20000020000000002,0,0.00072119899999999995
nonlinear_charge_a100,1,0,9,0,193,242,50,1290,60,0.52349729354772134,0,0.20000020000000002,0,0.00071111899999999997
nonlinear_charge_a100,1,0,10,0,193,242,50,1290,60,0.52349729354772134,0,0.20000020000000002,0,0.00071531700000000004
nonlinear_charge_a100,1,1,0,1,2584,2599,16,8523,126,0.12003266868387155,0,0.20000020000000002,0,0.0048195790000000001
nonlinear_charge_a100,1,1,1,1,2584,2599,16,8523,126,0.12003266868387155,0,0.20000020000000002,0,0.0048569889999999999
nonlinear_charge_a100,1,1,2,1,2584,2599,16,8523,126,0.12003266868387155,0,0.20000020000000002,0,0.0048266330000000003
nonlinear_charge_a100,1,1,3,1,2584,2599,16,8523,126,0.12003266868387155,0,0.20000020000000002,0,0.0048606270000000002
nonlinear_charge_a100,1,1,4,1,2584,2599,16,8523,126,0.12003266868387155,0,0.20000020000000002,0,0.0048652449999999998
nonlinear_charge_a100,1,1,5,1,2584,2599,16,8523,126,0.12003266868387155,0,0.20000020000000002,0,0.0048141390000000003
nonlinear_charge_a100,1,1,6,1,2584,2599,16,8523,126,0.12003266868387155,0,0.20000020000000002,0,0.0048946299999999996
nonlinear_charge_a100,1,1,7,1,2584,2599,16,8523,126,0.12003266868387155,0,0.20000020000000002,0,0.0048136380000000003
nonlinear_charge_a100,1,1,8,1,2584,2599,16,8523,126,0.12003266868387155,0,0.20000020000000002,0,0.0048412300000000002
nonlinear_charge_a100,1,1,9,1,2584,2599,16,8523,126,0.12003266868387155,0,0.20000020000000002,0,0.0048270429999999996
nonlinear_charge_a100,1,1,10,1,2584,2599,16,8523,126,0.12003266868387155,0,0.20000020000000002,0,0.0048387150000000004
