case,policy,refinement,repetition,pass,points,attempts,rejects,solves,doubling,voltage_error,current_error,voltage_limit,current_limit,seconds
rc_a0.0001_t9.9999999999999995e-07_b0,0,0,0,0,123,136,14,1162,136,2.8672536370093156e-07,0,2.1999999999999998e-07,0,0.00068780600000000001
rc_a0.0001_t9.9999999999999995e-07_b0,0,0,1,0,123,136,14,1162,136,2.8672536370093156e-07,0,2.1999999999999998e-07,0,0.00061961700000000004
rc_a0.0001_t9.9999999999999995e-07_b0,0,0,2,0,123,136,14,1162,136,2.8672536370093156e-07,0,2.1999999999999998e-07,0,0.00062415400000000003
rc_a0.0001_t9.9999999999999995e-07_b0,0,0,3,0,123,136,14,1162,136,2.8672536370093156e-07,0,2.1999999999999998e-07,0,0.00058114400000000002
rc_a0.0001_t9.9999999999999995e-07_b0,0,0,4,0,123,136,14,1162,136,2.8672536370093156e-07,0,2.1999999999999998e-07,0,0.00058632300000000003
rc_a0.0001_t9.9999999999999995e-07_b0,0,0,5,0,123,136,14,1162,136,2.8672536370093156e-07,0,2.1999999999999998e-07,0,0.00058491999999999995
rc_a0.0001_t9.9999999999999995e-07_b0,0,0,6,0,123,136,14,1162,136,2.8672536370093156e-07,0,2.1999999999999998e-07,0,0.00056084500000000003
rc_a0.0001_t9.9999999999999995e-07_b0,0,0,7,0,123,136,14,1162,136,2.8672536370093156e-07,0,2.1999999999999998e-07,0,0.00055543400000000005
rc_a0.0001_t9.9999999999999995e-07_b0,0,0,8,0,123,136,14,1162,136,2.8672536370093156e-07,0,2.1999999999999998e-07,0,0.00057519199999999998
rc_a0.0001_t9.9999999999999995e-07_b0,0,0,9,0,123,136,14,1162,136,2.8672536370093156e-07,0,2.1999999999999998e-07,0,0.00066783800000000003
rc_a0.0001_t9.9999999999999995e-07_b0,0,0,10,0,123,136,14,1162,136,2.8672536370093156e-07,0,2.1999999999999998e-07,0,0.00058761499999999999
rc_a0.0001_t9.9999999999999995e-07_b0,0,1,0,1,2564,2564,1,19526,2564,1.289995376068401e-07,0,2.1999999999999998e-07,0,0.0097361319999999998
rc_a0.0001_t9.9999999999999995e-07_b0,0,1,1,1,2564,2564,1,19526,2564,1.289995376068401e-07,0,2.1999999999999998e-07,0,0.0096190800000000003
rc_a0.0001_t9.9999999999999995e-07_b0,0,1,2,1,2564,2564,1,19526,2564,1.289995376068401e-07,0,2.1999999999999998e-07,0,0.0096348900000000001
rc_a0.0001_t9.9999999999999995e-07_b0,0,1,3,1,2564,2564,1,19526,2564,1.289995376068401e-07,0,2.1999999999999998e-07,0,0.0095926190000000001
rc_a0.0001_t9.9999999999999995e-07_b0,0,1,4,1,2564,2564,1,19526,2564,1.289995376068401e-07,0,2.1999999999999998e-07,0,0.0097022080000000004
rc_a0.0001_t9.9999999999999995e-07_b0,0,1,5,1,2564,2564,1,19526,2564,1.289995376068401e-07,0,2.1999999999999998e-07,0,0.0097016459999999995
rc_a0.0001_t9.9999999999999995e-07_b0,0,1,6,1,2564,2564,1,19526,2564,1.289995376068401e-07,0,2.1999999999999998e-07,0,0.0096491059999999993
rc_a0.0001_t9.9999999999999995e-07_b0,0,1,7,1,2564,2564,1,19526,2564,1.289995376068401e-07,0,2.1999999999999998e-07,0,0.0096992120000000005
rc_a0.0001_t9.9999999999999995e-07_b0,0,1,8,1,2564,2564,1,19526,2564,1.289995376068401e-07,0,2.1999999999999998e-07,0,0.009807217
rc_a0.0001_t9.9999999999999995e-07_b0,0,1,9,1,2564,2564,1,19526,2564,1.289995376068401e-07,0,2.1999999999999998e-07,0,0.0097437359999999994
rc_a0.0001_t9.9999999999999995e-07_b0,0,1,10,1,2564,2564,1,19526,2564,1.289995376068401e-07,0,2.1999999999999998e-07,0,0.0097458500000000003
rc_a0.0001_t9.9999999999999995e-07_b0,1,0,0,0,125,138,14,652,44,2.6922822675205557e-07,0,2.1999999999999998e-07,0,0.00037963
rc_a0.0001_t9.9999999999999995e-07_b0,1,0,1,0,125,138,14,652,44,2.6922822675205557e-07,0,2.1999999999999998e-07,0,0.00035010500000000002
rc_a0.0001_t9.9999999999999995e-07_b0,1,0,2,0,125,138,14,652,44,2.6922822675205557e-07,0,2.1999999999999998e-07,0,0.00034510500000000001
rc_a0.0001_t9.9999999999999995e-07_b0,1,0,3,0,125,138,14,652,44,2.6922822675205557e-07,0,2.1999999999999998e-07,0,0.00034389300000000001
rc_a0.0001_t9.9999999999999995e-07_b0,1,0,4,0,125,138,14,652,44,2.6922822675205557e-07,0,2.1999999999999998e-07,0,0.00037757600000000002
rc_a0.0001_t9.9999999999999995e-07_b0,1,0,5,0,125,138,14,652,44,2.6922822675205557e-07,0,2.1999999999999998e-07,0,0.00037041299999999999
rc_a0.0001_t9.9999999999999995e-07_b0,1,0,6,0,125,138,14,652,44,2.6922822675205557e-07,0,2.1999999999999998e-07,0,0.00034553600000000002
rc_a0.0001_t9.9999999999999995e-07_b0,1,0,7,0,125,138,14,652,44,2.6922822675205557e-07,0,2.1999999999999998e-07,0,0.00034293099999999999
rc_a0.0001_t9.9999999999999995e-07_b0,1,0,8,0,125,138,14,652,44,2.6922822675205557e-07,0,2.1999999999999998e-07,0,0.00034087700000000001
rc_a0.0001_t9.9999999999999995e-07_b0,1,0,9,0,125,138,14,652,44,2.6922822675205557e-07,0,2.1999999999999998e-07,0,0.000362488
rc_a0.0001_t9.9999999999999995e-07_b0,1,0,10,0,125,138,14,652,44,2.6922822675205557e-07,0,2.1999999999999998e-07,0,0.000428513
rc_a0.0001_t9.9999999999999995e-07_b0,1,1,0,1,2564,2564,1,7130,102,1.2899953760707049e-07,0,2.1999999999999998e-07,0,0.0041634819999999996
rc_a0.0001_t9.9999999999999995e-07_b0,1,1,1,1,2564,2564,1,7130,102,1.2899953760707049e-07,0,2.1999999999999998e-07,0,0.0041018770000000003
rc_a0.0001_t9.9999999999999995e-07_b0,1,1,2,1,2564,2564,1,7130,102,1.2899953760707049e-07,0,2.1999999999999998e-07,0,0.0043331649999999999
rc_a0.0001_t9.9999999999999995e-07_b0,1,1,3,1,2564,2564,1,7130,102,1.2899953760707049e-07,0,2.1999999999999998e-07,0,0.0040938420000000003
rc_a0.0001_t9.9999999999999995e-07_b0,1,1,4,1,2564,2564,1,7130,102,1.2899953760707049e-07,0,2.1999999999999998e-07,0,0.0041056230000000001
rc_a0.0001_t9.9999999999999995e-07_b0,1,1,5,1,2564,2564,1,7130,102,1.2899953760707049e-07,0,2.1999999999999998e-07,0,0.0040798839999999998
rc_a0.0001_t9.9999999999999995e-07_b0,1,1,6,1,2564,2564,1,7130,102,1.2899953760707049e-07,0,2.1999999999999998e-07,0,0.004106185
rc_a0.0001_t9.9999999999999995e-07_b0,1,1,7,1,2564,2564,1,7130,102,1.2899953760707049e-07,0,2.1999999999999998e-07,0,0.0041266330000000002
rc_a0.0001_t9.9999999999999995e-07_b0,1,1,8,1,2564,2564,1,7130,102,1.2899953760707049e-07,0,2.1999999999999998e-07,0,0.0040693439999999999
rc_a0.0001_t9.9999999999999995e-07_b0,1,1,9,1,2564,2564,1,7130,102,1.2899953760707049e-07,0,2.1999999999999998e-07,0,0.0041124669999999999
rc_a0.0001_t9.9999999999999995e-07_b0,1,1,10,1,2564,2564,1,7130,102,1.2899953760707049e-07,0,2.1999999999999998e-07,0,0.0040638840000000002
rc_a0.0001_t9.9999999999999995e-07_b400,0,0,0,0,123,136,14,1162,136,2.8712489153815725e-07,0,2.1999999999999998e-07,0,0.000602303
rc_a0.0001_t9.9999999999999995e-07_b400,0,0,1,0,123,136,14,1162,136,2.8712489153815725e-07,0,2.1999999999999998e-07,0,0.00056902999999999999
rc_a0.0001_t9.9999999999999995e-07_b400,0,0,2,0,123,136,14,1162,136,2.8712489153815725e-07,0,2.1999999999999998e-07,0,0.00056631499999999996
rc_a0.0001_t9.9999999999999995e-07_b400,0,0,3,0,123,136,14,1162,136,2.8712489153815725e-07,0,2.1999999999999998e-07,0,0.00063918299999999998
rc_a0.0001_t9.9999999999999995e-07_b400,0,0,4,0,123,136,14,1162,136,2.8712489153815725e-07,0,2.1999999999999998e-07,0,0.00058647400000000002
rc_a0.0001_t9.9999999999999995e-07_b400,0,0,5,0,123,136,14,1162,136,2.8712489153815725e-07,0,2.1999999999999998e-07,0,0.00056158599999999999
rc_a0.0001_t9.9999999999999995e-07_b400,0,0,6,0,123,136,14,1162,136,2.8712489153815725e-07,0,2.1999999999999998e-07,0,0.00057744700000000003
rc_a0.0001_t9.9999999999999995e-07_b400,0,0,7,0,123,136,14,1162,136,2.8712489153815725e-07,0,2.1999999999999998e-07,0,0.00060077999999999998
rc_a0.0001_t9.9999999999999995e-07_b400,0,0,8,0,123,136,14,1162,136,2.8712489153815725e-07,0,2.1999999999999998e-07,0,0.00058584200000000005
rc_a0.0001_t9.9999999999999995e-07_b400,0,0,9,0,123,136,14,1162,136,2.8712489153815725e-07,0,2.1999999999999998e-07,0,0.00061012800000000004
rc_a0.0001_t9.9999999999999995e-07_b400,0,0,10,0,123,136,14,1162,136,2.8712489153815725e-07,0,2.1999999999999998e-07,0,0.00058573200000000005
rc_a0.0001_t9.9999999999999995e-07_b400,0,1,0,1,2564,2564,1,19526,2564,1.2939741978474219e-07,0,2.1999999999999998e-07,0,0.0096352199999999999
rc_a0.0001_t9.9999999999999995e-07_b400,0,1,1,1,2564,2564,1,19526,2564,1.2939741978474219e-07,0,2.1999999999999998e-07,0,0.0096388570000000007
rc_a0.0001_t9.9999999999999995e-07_b400,0,1,2,1,2564,2564,1,19526,2564,1.2939741978474219e-07,0,2.1999999999999998e-07,0,0.0096538760000000005
rc_a0.0001_t9.9999999999999995e-07_b400,0,1,3,1,2564,2564,1,19526,2564,1.2939741978474219e-07,0,2.1999999999999998e-07,0,0.0095825900000000002
rc_a0.0001_t9.9999999999999995e-07_b400,0,1,4,1,2564,2564,1,19526,2564,1.2939741978474219e-07,0,2.1999999999999998e-07,0,0.0096583639999999991
rc_a0.0001_t9.9999999999999995e-07_b400,0,1,5,1,2564,2564,1,19526,2564,1.2939741978474219e-07,0,2.1999999999999998e-07,0,0.0096297499999999994
rc_a0.0001_t9.9999999999999995e-07_b400,0,1,6,1,2564,2564,1,19526,2564,1.2939741978474219e-07,0,2.1999999999999998e-07,0,0.0099232469999999996
rc_a0.0001_t9.9999999999999995e-07_b400,0,1,7,1,2564,2564,1,19526,2564,1.2939741978474219e-07,0,2.1999999999999998e-07,0,0.0096343179999999994
rc_a0.0001_t9.9999999999999995e-07_b400,0,1,8,1,2564,2564,1,19526,2564,1.2939741978474219e-07,0,2.1999999999999998e-07,0,0.009648205
rc_a0.0001_t9.9999999999999995e-07_b400,0,1,9,1,2564,2564,1,19526,2564,1.2939741978474219e-07,0,2.1999999999999998e-07,0,0.0095878000000000005
rc_a0.0001_t9.9999999999999995e-07_b400,0,1,10,1,2564,2564,1,19526,2564,1.2939741978474219e-07,0,2.1999999999999998e-07,0,0.009642454
rc_a0.0001_t9.9999999999999995e-07_b400,1,0,0,0,125,138,14,652,44,2.6962793469979558e-07,0,2.1999999999999998e-07,0,0.000374321
rc_a0.0001_t9.9999999999999995e-07_b400,1,0,1,0,125,138,14,652,44,2.6962793469979558e-07,0,2.1999999999999998e-07,0,0.00039440800000000001
rc_a0.0001_t9.9999999999999995e-07_b400,1,0,2,0,125,138,14,652,44,2.6962793469979558e-07,0,2.1999999999999998e-07,0,0.00036857900000000001
rc_a0.0001_t9.9999999999999995e-07_b400,1,0,3,0,125,138,14,652,44,2.6962793469979558e-07,0,2.1999999999999998e-07,0,0.000343813
rc_a0.0001_t9.9999999999999995e-07_b400,1,0,4,0,125,138,14,652,44,2.6962793469979558e-07,0,2.1999999999999998e-07,0,0.00036063499999999999
rc_a0.0001_t9.9999999999999995e-07_b400,1,0,5,0,125,138,14,652,44,2.6962793469979558e-07,0,2.1999999999999998e-07,0,0.00036623500000000002
rc_a0.0001_t9.9999999999999995e-07_b400,1,0,6,0,125,138,14,652,44,2.6962793469979558e-07,0,2.1999999999999998e-07,0,0.00034260099999999999
rc_a0.0001_t9.9999999999999995e-07_b400,1,0,7,0,125,138,14,652,44,2.6962793469979558e-07,0,2.1999999999999998e-07,0,0.00033976500000000001
rc_a0.0001_t9.9999999999999995e-07_b400,1,0,8,0,125,138,14,652,44,2.6962793469979558e-07,0,2.1999999999999998e-07,0,0.00033848299999999999
rc_a0.0001_t9.9999999999999995e-07_b400,1,0,9,0,125,138,14,652,44,2.6962793469979558e-07,0,2.1999999999999998e-07,0,0.00033862200000000001
rc_a0.0001_t9.9999999999999995e-07_b400,1,0,10,0,125,138,14,652,44,2.6962793469979558e-07,0,2.1999999999999998e-07,0,0.00035806999999999999
rc_a0.0001_t9.9999999999999995e-07_b400,1,1,0,1,2564,2564,1,7130,102,1.2939741978474219e-07,0,2.1999999999999998e-07,0,0.0040670009999999998
rc_a0.0001_t9.9999999999999995e-07_b400,1,1,1,1,2564,2564,1,7130,102,1.2939741978474219e-07,0,2.1999999999999998e-07,0,0.0040252810000000003
rc_a0.0001_t9.9999999999999995e-07_b400,1,1,2,1,2564,2564,1,7130,102,1.2939741978474219e-07,0,2.1999999999999998e-07,0,0.0039760070000000002
rc_a0.0001_t9.9999999999999995e-07_b400,1,1,3,1,2564,2564,1,7130,102,1.2939741978474219e-07,0,2.1999999999999998e-07,0,0.003979715
rc_a0.0001_t9.9999999999999995e-07_b400,1,1,4,1,2564,2564,1,7130,102,1.2939741978474219e-07,0,2.1999999999999998e-07,0,0.0040177659999999999
rc_a0.0001_t9.9999999999999995e-07_b400,1,1,5,1,2564,2564,1,7130,102,1.2939741978474219e-07,0,2.1999999999999998e-07,0,0.003978222
rc_a0.0001_t9.9999999999999995e-07_b400,1,1,6,1,2564,2564,1,7130,102,1.2939741978474219e-07,0,2.1999999999999998e-07,0,0.0039808559999999996
rc_a0.0001_t9.9999999999999995e-07_b400,1,1,7,1,2564,2564,1,7130,102,1.2939741978474219e-07,0,2.1999999999999998e-07,0,0.0039983299999999996
rc_a0.0001_t9.9999999999999995e-07_b400,1,1,8,1,2564,2564,1,7130,102,1.2939741978474219e-07,0,2.1999999999999998e-07,0,0.0040040609999999997
rc_a0.0001_t9.9999999999999995e-07_b400,1,1,9,1,2564,2564,1,7130,102,1.2939741978474219e-07,0,2.1999999999999998e-07,0,0.0039964960000000004
rc_a0.0001_t9.9999999999999995e-07_b400,1,1,10,1,2564,2564,1,7130,102,1.2939741978474219e-07,0,2.1999999999999998e-07,0,0.0039777909999999996
rc_a1_t1.0000000000000001e-09_b0,0,0,0,0,256,289,34,2598,289,0.00033018648741056644,0,0.00020020000000000001,0,0.0012905200000000001
rc_a1_t1.0000000000000001e-09_b0,0,0,1,0,256,289,34,2598,289,0.00033018648741056644,0,0.00020020000000000001,0,0.001261936
rc_a1_t1.0000000000000001e-09_b0,0,0,2,0,256,289,34,2598,289,0.00033018648741056644,0,0.00020020000000000001,0,0.0012716439999999999
rc_a1_t1.0000000000000001e-09_b0,0,0,3,0,256,289,34,2598,289,0.00033018648741056644,0,0.00020020000000000001,0,0.001276924
rc_a1_t1.0000000000000001e-09_b0,0,0,4,0,256,289,34,2598,289,0.00033018648741056644,0,0.00020020000000000001,0,0.001281272
rc_a1_t1.0000000000000001e-09_b0,0,0,5,0,256,289,34,2598,289,0.00033018648741056644,0,0.00020020000000000001,0,0.001268318
rc_a1_t1.0000000000000001e-09_b0,0,0,6,0,256,289,34,2598,289,0.00033018648741056644,0,0.00020020000000000001,0,0.0012764230000000001
rc_a1_t1.0000000000000001e-09_b0,0,0,7,0,256,289,34,2598,289,0.00033018648741056644,0,0.00020020000000000001,0,0.00128006
rc_a1_t1.0000000000000001e-09_b0,0,0,8,0,256,289,34,2598,289,0.00033018648741056644,0,0.00020020000000000001,0,0.001252478
rc_a1_t1.0000000000000001e-09_b0,0,0,9,0,256,289,34,2598,289,0.00033018648741056644,0,0.00020020000000000001,0,0.0012672060000000001
rc_a1_t1.0000000000000001e-09_b0,0,0,10,0,256,289,34,2598,289,0.00033018648741056644,0,0.00020020000000000001,0,0.001284208
rc_a1_t1.0000000000000001e-09_b0,0,1,0,1,2590,2603,14,22819,2603,0.0001304019254643185,0,0.00020020000000000001,0,0.010973220000000001
rc_a1_t1.0000000000000001e-09_b0,0,1,1,1,2590,2603,14,22819,2603,0.0001304019254643185,0,0.00020020000000000001,0,0.01089411
rc_a1_t1.0000000000000001e-09_b0,0,1,2,1,2590,2603,14,22819,2603,0.0001304019254643185,0,0.00020020000000000001,0,0.010860276
rc_a1_t1.0000000000000001e-09_b0,0,1,3,1,2590,2603,14,22819,2603,0.0001304019254643185,0,0.00020020000000000001,0,0.010894721
rc_a1_t1.0000000000000001e-09_b0,0,1,4,1,2590,2603,14,22819,2603,0.0001304019254643185,0,0.00020020000000000001,0,0.010908648
rc_a1_t1.0000000000000001e-09_b0,0,1,5,1,2590,2603,14,22819,2603,0.0001304019254643185,0,0.00020020000000000001,0,0.010851187999999999
rc_a1_t1.0000000000000001e-09_b0,0,1,6,1,2590,2603,14,22819,2603,0.0001304019254643185,0,0.00020020000000000001,0,0.010943893999999999
rc_a1_t1.0000000000000001e-09_b0,0,1,7,1,2590,2603,14,22819,2603,0.0001304019254643185,0,0.00020020000000000001,0,0.010950618000000001
rc_a1_t1.0000000000000001e-09_b0,0,1,8,1,2590,2603,14,22819,2603,0.0001304019254643185,0,0.00020020000000000001,0,0.010974032
rc_a1_t1.0000000000000001e-09_b0,0,1,9,1,2590,2603,14,22819,2603,0.0001304019254643185,0,0.00020020000000000001,0,0.010916373
rc_a1_t1.0000000000000001e-09_b0,0,1,10,1,2590,2603,14,22819,2603,0.0001304019254643185,0,0.00020020000000000001,0,0.011028675
rc_a1_t1.0000000000000001e-09_b0,1,0,0,0,267,300,34,1354,76,0.00030988131527165397,0,0.00020020000000000001,0,0.00073963399999999997
rc_a1_t1.0000000000000001e-09_b0,1,0,1,0,267,300,34,1354,76,0.00030988131527165397,0,0.00020020000000000001,0,0.00073009599999999996
rc_a1_t1.0000000000000001e-09_b0,1,0,2,0,267,300,34,1354,76,0.00030988131527165397,0,0.00020020000000000001,0,0.00076285800000000005
rc_a1_t1.0000000000000001e-09_b0,1,0,3,0,267,300,34,1354,76,0.00030988131527165397,0,0.00020020000000000001,0,0.00073026600000000003
rc_a1_t1.0000000000000001e-09_b0,1,0,4,0,267,300,34,1354,76,0.00030988131527165397,0,0.00020020000000000001,0,0.00074551499999999998
rc_a1_t1.0000000000000001e-09_b0,1,0,5,0,267,300,34,1354,76,0.00030988131527165397,0,0.00020020000000000001,0,0.00073367300000000001
rc_a1_t1.0000000000000001e-09_b0,1,0,6,0,267,300,34,1354,76,0.00030988131527165397,0,0.00020020000000000001,0,0.00070875500000000004
rc_a1_t1.0000000000000001e-09_b0,1,0,7,0,267,300,34,1354,76,0.00030988131527165397,0,0.00020020000000000001,0,0.00074651700000000004
rc_a1_t1.0000000000000001e-09_b0,1,0,8,0,267,300,34,1354,76,0.00030988131527165397,0,0.00020020000000000001,0,0.00076287800000000004
rc_a1_t1.0000000000000001e-09_b0,1,0,9,0,267,300,34,1354,76,0.00030988131527165397,0,0.00020020000000000001,0,0.00076444100000000004
rc_a1_t1.0000000000000001e-09_b0,1,0,10,0,267,300,34,1354,76,0.00030988131527165397,0,0.00020020000000000001,0,0.000728412
rc_a1_t1.0000000000000001e-09_b0,1,1,0,1,2594,2607,14,8395,127,0.00013050607087350397,0,0.00020020000000000001,0,0.0045771079999999999
rc_a1_t1.0000000000000001e-09_b0,1,1,1,1,2594,2607,14,8395,127,0.00013050607087350397,0,0.00020020000000000001,0,0.0046146199999999998
rc_a1_t1.0000000000000001e-09_b0,1,1,2,1,2594,2607,14,8395,127,0.00013050607087350397,0,0.00020020000000000001,0,0.004665265
rc_a1_t1.0000000000000001e-09_b0,1,1,3,1,2594,2607,14,8395,127,0.00013050607087350397,0,0.00020020000000000001,0,0.0046061640000000003
rc_a1_t1.0000000000000001e-09_b0,1,1,4,1,2594,2607,14,8395,127,0.00013050607087350397,0,0.00020020000000000001,0,0.0046134970000000003
rc_a1_t1.0000000000000001e-09_b0,1,1,5,1,2594,2607,14,8395,127,0.00013050607087350397,0,0.00020020000000000001,0,0.0045661080000000001
rc_a1_t1.0000000000000001e-09_b0,1,1,6,1,2594,2607,14,8395,127,0.00013050607087350397,0,0.00020020000000000001,0,0.0046470310000000003
rc_a1_t1.0000000000000001e-09_b0,1,1,7,1,2594,2607,14,8395,127,0.00013050607087350397,0,0.00020020000000000001,0,0.0045876090000000003
rc_a1_t1.0000000000000001e-09_b0,1,1,8,1,2594,2607,14,8395,127,0.00013050607087350397,0,0.00020020000000000001,0,0.0046049419999999999
rc_a1_t1.0000000000000001e-09_b0,1,1,9,1,2594,2607,14,8395,127,0.00013050607087350397,0,0.00020020000000000001,0,0.0045915360000000002
rc_a1_t1.0000000000000001e-09_b0,1,1,10,1,2594,2607,14,8395,127,0.00013050607087350397,0,0.00020020000000000001,0,0.0045726600000000001
rc_a1_t0.001_b0,0,0,0,0,256,289,34,2598,289,0.00033018648739502332,0,0.00020020000000000001,0,0.00126392
rc_a1_t0.001_b0,0,0,1,0,256,289,34,2598,289,0.00033018648739502332,0,0.00020020000000000001,0,0.0012850800000000001
rc_a1_t0.001_b0,0,0,2,0,256,289,34,2598,289,0.00033018648739502332,0,0.00020020000000000001,0,0.001249121
rc_a1_t0.001_b0,0,0,3,0,256,289,34,2598,289,0.00033018648739502332,0,0.00020020000000000001,0,0.0012385510000000001
rc_a1_t0.001_b0,0,0,4,0,256,289,34,2598,289,0.00033018648739502332,0,0.00020020000000000001,0,0.0012795090000000001
rc_a1_t0.001_b0,0,0,5,0,256,289,34,2598,289,0.00033018648739502332,0,0.00020020000000000001,0,0.001278307
rc_a1_t0.001_b0,0,0,6,0,256,289,34,2598,289,0.00033018648739502332,0,0.00020020000000000001,0,0.001265944
rc_a1_t0.001_b0,0,0,7,0,256,289,34,2598,289,0.00033018648739502332,0,0.00020020000000000001,0,0.0012672759999999999
rc_a1_t0.001_b0,0,0,8,0,256,289,34,2598,289,0.00033018648739502332,0,0.00020020000000000001,0,0.0012700210000000001
rc_a1_t0.001_b0,0,0,9,0,256,289,34,2598,289,0.00033018648739502332,0,0.00020020000000000001,0,0.001269259
rc_a1_t0.001_b0,0,0,10,0,256,289,34,2598,289,0.00033018648739502332,0,0.00020020000000000001,0,0.0012488499999999999
rc_a1_t0.001_b0,0,1,0,1,2590,2603,14,22819,2603,0.00013040192545688001,0,0.00020020000000000001,0,0.010905
rc_a1_t0.001_b0,0,1,1,1,2590,2603,14,22819,2603,0.00013040192545688001,0,0.00020020000000000001,0,0.010912715
rc_a1_t0.001_b0,0,1,2,1,2590,2603,14,22819,2603,0.00013040192545688001,0,0.00020020000000000001,0,0.010916502999999999
rc_a1_t0.001_b0,0,1,3,1,2590,2603,14,22819,2603,0.00013040192545688001,0,0.00020020000000000001,0,0.010935418000000001
rc_a1_t0.001_b0,0,1,4,1,2590,2603,14,22819,2603,0.00013040192545688001,0,0.00020020000000000001,0,0.011065656
rc_a1_t0.001_b0,0,1,5,1,2590,2603,14,22819,2603,0.00013040192545688001,0,0.00020020000000000001,0,0.01092079
rc_a1_t0.001_b0,0,1,6,1,2590,2603,14,22819,2603,0.00013040192545688001,0,0.00020020000000000001,0,0.010928976
rc_a1_t0.001_b0,0,1,7,1,2590,2603,14,22819,2603,0.00013040192545688001,0,0.00020020000000000001,0,0.010929417
rc_a1_t0.001_b0,0,1,8,1,2590,2603,14,22819,2603,0.00013040192545688001,0,0.00020020000000000001,0,0.010938404000000001
rc_a1_t0.001_b0,0,1,9,1,2590,2603,14,22819,2603,0.00013040192545688001,0,0.00020020000000000001,0,0.010892186
rc_a1_t0.001_b0,0,1,10,1,2590,2603,14,22819,2603,0.00013040192545688001,0,0.00020020000000000001,0,0.010935368000000001
rc_a1_t0.001_b0,1,0,0,0,267,300,34,1354,76,0.00030988131525477858,0,0.00020020000000000001,0,0.00073431400000000002
rc_a1_t0.001_b0,1,0,1,0,267,300,34,1354,76,0.00030988131525477858,0,0.00020020000000000001,0,0.00072767100000000005
rc_a1_t0.001_b0,1,0,2,0,267,300,34,1354,76,0.00030988131525477858,0,0.00020020000000000001,0,0.00074579599999999996
rc_a1_t0.001_b0,1,0,3,0,267,300,34,1354,76,0.00030988131525477858,0,0.00020020000000000001,0,0.00073066699999999995
rc_a1_t0.001_b0,1,0,4,0,267,300,34,1354,76,0.00030988131525477858,0,0.00020020000000000001,0,0.00070432700000000003
rc_a1_t0.001_b0,1,0,5,0,267,300,34,1354,76,0.00030988131525477858,0,0.00020020000000000001,0,0.00075363100000000005
rc_a1_t0.001_b0,1,0,6,0,267,300,34,1354,76,0.00030988131525477858,0,0.00020020000000000001,0,0.00072725999999999997
rc_a1_t0.001_b0,1,0,7,0,267,300,34,1354,76,0.00030988131525477858,0,0.00020020000000000001,0,0.00072487599999999995
rc_a1_t0.001_b0,1,0,8,0,267,300,34,1354,76,0.00030988131525477858,0,0.00020020000000000001,0,0.00074462300000000003
rc_a1_t0.001_b0,1,0,9,0,267,300,34,1354,76,0.00030988131525477858,0,0.00020020000000000001,0,0.000793876
rc_a1_t0.001_b0,1,0,10,0,267,300,34,1354,76,0.00030988131525477858,0,0.00020020000000000001,0,0.00075385100000000004
rc_a1_t0.001_b0,1,1,0,1,2594,2607,14,8395,127,0.00013050607086795285,0,0.00020020000000000001,0,0.0045489249999999997
rc_a1_t0.001_b0,1,1,1,1,2594,2607,14,8395,127,0.00013050607086795285,0,0.00020020000000000001,0,0.0045584229999999998
rc_a1_t0.001_b0,1,1,2,1,2594,2607,14,8395,127,0.00013050607086795285,0,0.00020020000000000001,0,0.0045600470000000002
rc_a1_t0.001_b0,1,1,3,1,2594,2607,14,8395,127,0.00013050607086795285,0,0.00020020000000000001,0,0.0045922970000000004
rc_a1_t0.001_b0,1,1,4,1,2594,2607,14,8395,127,0.00013050607086795285,0,0.00020020000000000001,0,0.0045615389999999999
rc_a1_t0.001_b0,1,1,5,1,2594,2607,14,8395,127,0.00013050607086795285,0,0.00020020000000000001,0,0.0046169840000000002
rc_a1_t0.001_b0,1,1,6,1,2594,2607,14,8395,127,0.00013050607086795285,0,0.00020020000000000001,0,0.0046414200000000003
rc_a1_t0.001_b0,1,1,7,1,2594,2607,14,8395,127,0.00013050607086795285,0,0.00020020000000000001,0,0.0045953540000000003
rc_a1_t0.001_b0,1,1,8,1,2594,2607,14,8395,127,0.00013050607086795285,0,0.00020020000000000001,0,0.0045752650000000002
rc_a1_t0.001_b0,1,1,9,1,2594,2607,14,8395,127,0.00013050607086795285,0,0.00020020000000000001,0,0.0046000320000000004
rc_a1_t0.001_b0,1,1,10,1,2594,2607,14,8395,127,0.00013050607086795285,0,0.00020020000000000001,0,0.0045588149999999999
rc_a1_t1_b0,0,0,0,0,256,289,34,2598,289,0.00033018648738569745,0,0.00020020000000000001,0,0.001273738
rc_a1_t1_b0,0,0,1,0,256,289,34,2598,289,0.00033018648738569745,0,0.00020020000000000001,0,0.001266384
rc_a1_t1_b0,0,0,2,0,256,289,34,2598,289,0.00033018648738569745,0,0.00020020000000000001,0,0.0012634479999999999
rc_a1_t1_b0,0,0,3,0,256,289,34,2598,289,0.00033018648738569745,0,0.00020020000000000001,0,0.001305708
rc_a1_t1_b0,0,0,4,0,256,289,34,2598,289,0.00033018648738569745,0,0.00020020000000000001,0,0.0012658529999999999
rc_a1_t1_b0,0,0,5,0,256,289,34,2598,289,0.00033018648738569745,0,0.00020020000000000001,0,0.0012604020000000001
rc_a1_t1_b0,0,0,6,0,256,289,34,2598,289,0.00033018648738569745,0,0.00020020000000000001,0,0.001319064
rc_a1_t1_b0,0,0,7,0,256,289,34,2598,289,0.00033018648738569745,0,0.00020020000000000001,0,0.0012751100000000001
rc_a1_t1_b0,0,0,8,0,256,289,34,2598,289,0.00033018648738569745,0,0.00020020000000000001,0,0.001265282
rc_a1_t1_b0,0,0,9,0,256,289,34,2598,289,0.00033018648738569745,0,0.00020020000000000001,0,0.0012575069999999999
rc_a1_t1_b0,0,0,10,0,256,289,34,2598,289,0.00033018648738569745,0,0.00020020000000000001,0,0.001247749
rc_a1_t1_b0,0,1,0,1,2590,2603,14,22819,2603,0.00013040192545843432,0,0.00020020000000000001,0,0.010838514
rc_a1_t1_b0,0,1,1,1,2590,2603,14,22819,2603,0.00013040192545843432,0,0.00020020000000000001,0,0.010838705000000001
rc_a1_t1_b0,0,1,2,1,2590,2603,14,22819,2603,0.00013040192545843432,0,0.00020020000000000001,0,0.010858352
rc_a1_t1_b0,0,1,3,1,2590,2603,14,22819,2603,0.00013040192545843432,0,0.00020020000000000001,0,0.010914549000000001
rc_a1_t1_b0,0,1,4,1,2590,2603,14,22819,2603,0.00013040192545843432,0,0.00020020000000000001,0,0.010880614
rc_a1_t1_b0,0,1,5,1,2590,2603,14,22819,2603,0.00013040192545843432,0,0.00020020000000000001,0,0.010844446000000001
rc_a1_t1_b0,0,1,6,1,2590,2603,14,22819,2603,0.00013040192545843432,0,0.00020020000000000001,0,0.010880845
rc_a1_t1_b0,0,1,7,1,2590,2603,14,22819,2603,0.00013040192545843432,0,0.00020020000000000001,0,0.010880394
rc_a1_t1_b0,0,1,8,1,2590,2603,14,22819,2603,0.00013040192545843432,0,0.00020020000000000001,0,0.010846720000000001
rc_a1_t1_b0,0,1,9,1,2590,2603,14,22819,2603,0.00013040192545843432,0,0.00020020000000000001,0,0.010865115
rc_a1_t1_b0,0,1,10,1,2590,2603,14,22819,2603,0.00013040192545843432,0,0.00020020000000000001,0,0.010887767
rc_a1_t1_b0,1,0,0,0,267,300,34,1354,76,0.00030988131525910845,0,0.00020020000000000001,0,0.00074193900000000005
rc_a1_t1_b0,1,0,1,0,267,300,34,1354,76,0.00030988131525910845,0,0.00020020000000000001,0,0.00074229899999999998
rc_a1_t1_b0,1,0,2,0,267,300,34,1354,76,0.00030988131525910845,0,0.00020020000000000001,0,0.00072701000000000005
rc_a1_t1_b0,1,0,3,0,267,300,34,1354,76,0.00030988131525910845,0,0.00020020000000000001,0,0.00071286299999999999
rc_a1_t1_b0,1,0,4,0,267,300,34,1354,76,0.00030988131525910845,0,0.00020020000000000001,0,0.00071639000000000002
rc_a1_t1_b0,1,0,5,0,267,300,34,1354,76,0.00030988131525910845,0,0.00020020000000000001,0,0.00072757099999999999
rc_a1_t1_b0,1,0,6,0,267,300,34,1354,76,0.00030988131525910845,0,0.00020020000000000001,0,0.00070343599999999999
rc_a1_t1_b0,1,0,7,0,267,300,34,1354,76,0.00030988131525910845,0,0.00020020000000000001,0,0.00073203899999999998
rc_a1_t1_b0,1,0,8,0,267,300,34,1354,76,0.00030988131525910845,0,0.00020020000000000001,0,0.000727661
rc_a1_t1_b0,1,0,9,0,267,300,34,1354,76,0.00030988131525910845,0,0.00020020000000000001,0,0.000732791
rc_a1_t1_b0,1,0,10,0,267,300,34,1354,76,0.00030988131525910845,0,0.00020020000000000001,0,0.00073160900000000004
rc_a1_t1_b0,1,1,0,1,2594,2607,14,8395,127,0.00013050607087083943,0,0.00020020000000000001,0,0.0045581429999999997
rc_a1_t1_b0,1,1,1,1,2594,2607,14,8395,127,0.00013050607087083943,0,0.00020020000000000001,0,0.0045999120000000003
rc_a1_t1_b0,1,1,2,1,2594,2607,14,8395,127,0.00013050607087083943,0,0.00020020000000000001,0,0.0045788219999999998
rc_a1_t1_b0,1,1,3,1,2594,2607,14,8395,127,0.00013050607087083943,0,0.00020020000000000001,0,0.004601735
rc_a1_t1_b0,1,1,4,1,2594,2607,14,8395,127,0.00013050607087083943,0,0.00020020000000000001,0,0.0047733209999999996
rc_a1_t1_b0,1,1,5,1,2594,2607,14,8395,127,0.00013050607087083943,0,0.00020020000000000001,0,0.0046491450000000004
rc_a1_t1_b0,1,1,6,1,2594,2607,14,8395,127,0.00013050607087083943,0,0.00020020000000000001,0,0.005090392
rc_a1_t1_b0,1,1,7,1,2594,2607,14,8395,127,0.00013050607087083943,0,0.00020020000000000001,0,0.0052056519999999998
rc_a1_t1_b0,1,1,8,1,2594,2607,14,8395,127,0.00013050607087083943,0,0.00020020000000000001,0,0.0051332440000000003
rc_a1_t1_b0,1,1,9,1,2594,2607,14,8395,127,0.00013050607087083943,0,0.00020020000000000001,0,0.0050240470000000002
rc_a1_t1_b0,1,1,10,1,2594,2607,14,8395,127,0.00013050607087083943,0,0.00020020000000000001,0,0.0051647639999999996
rc_a100_t0.001_b0,0,0,0,0,274,306,33,2754,306,0.032981436390173258,0,0.020000199999999999,0,0.0016683970000000001
rc_a100_t0.001_b0,0,0,1,0,274,306,33,2754,306,0.032981436390173258,0,0.020000199999999999,0,0.00132205
rc_a100_t0.001_b0,0,0,2,0,274,306,33,2754,306,0.032981436390173258,0,0.020000199999999999,0,0.00140616
rc_a100_t0.001_b0,0,0,3,0,274,306,33,2754,306,0.032981436390173258,0,0.020000199999999999,0,0.0013584890000000001
rc_a100_t0.001_b0,0,0,4,0,274,306,33,2754,306,0.032981436390173258,0,0.020000199999999999,0,0.001519655
rc_a100_t0.001_b0,0,0,5,0,274,306,33,2754,306,0.032981436390173258,0,0.020000199999999999,0,0.001333311
rc_a100_t0.001_b0,0,0,6,0,274,306,33,2754,306,0.032981436390173258,0,0.020000199999999999,0,0.001362467
rc_a100_t0.001_b0,0,0,7,0,274,306,33,2754,306,0.032981436390173258,0,0.020000199999999999,0,0.0013314780000000001
rc_a100_t0.001_b0,0,0,8,0,274,306,33,2754,306,0.032981436390173258,0,0.020000199999999999,0,0.001308374
rc_a100_t0.001_b0,0,0,9,0,274,306,33,2754,306,0.032981436390173258,0,0.020000199999999999,0,0.0013438110000000001
rc_a100_t0.001_b0,0,0,10,0,274,306,33,2754,306,0.032981436390173258,0,0.020000199999999999,0,0.0013283710000000001
rc_a100_t0.001_b0,0,1,0,1,2593,2606,14,23451,2606,0.01306214321793675,0,0.020000199999999999,0,0.011901211
rc_a100_t0.001_b0,0,1,1,1,2593,2606,14,23451,2606,0.01306214321793675,0,0.020000199999999999,0,0.01177397
rc_a100_t0.001_b0,0,1,2,1,2593,2606,14,23451,2606,0.01306214321793675,0,0.020000199999999999,0,0.012038421000000001
rc_a100_t0.001_b0,0,1,3,1,2593,2606,14,23451,2606,0.01306214321793675,0,0.020000199999999999,0,0.011216201
rc_a100_t0.001_b0,0,1,4,1,2593,2606,14,23451,2606,0.01306214321793675,0,0.020000199999999999,0,0.011245247
rc_a100_t0.001_b0,0,1,5,1,2593,2606,14,23451,2606,0.01306214321793675,0,0.020000199999999999,0,0.011185542999999999
rc_a100_t0.001_b0,0,1,6,1,2593,2606,14,23451,2606,0.01306214321793675,0,0.020000199999999999,0,0.011174342
rc_a100_t0.001_b0,0,1,7,1,2593,2606,14,23451,2606,0.01306214321793675,0,0.020000199999999999,0,0.011185553000000001
rc_a100_t0.001_b0,0,1,8,1,2593,2606,14,23451,2606,0.01306214321793675,0,0.020000199999999999,0,0.011185051999999999
rc_a100_t0.001_b0,0,1,9,1,2593,2606,14,23451,2606,0.01306214321793675,0,0.020000199999999999,0,0.01148367
rc_a100_t0.001_b0,0,1,10,1,2593,2606,14,23451,2606,0.01306214321793675,0,0.020000199999999999,0,0.011181416
rc_a100_t0.001_b0,1,0,0,0,279,310,32,1356,71,0.030962000963938863,0,0.020000199999999999,0,0.000786012
rc_a100_t0.001_b0,1,0,1,0,279,310,32,1356,71,0.030962000963938863,0,0.020000199999999999,0,0.00075018399999999999
rc_a100_t0.001_b0,1,0,2,0,279,310,32,1356,71,0.030962000963938863,0,0.020000199999999999,0,0.00073537500000000003
rc_a100_t0.001_b0,1,0,3,0,279,310,32,1356,71,0.030962000963938863,0,0.020000199999999999,0,0.00072890400000000005
rc_a100_t0.001_b0,1,0,4,0,279,310,32,1356,71,0.030962000963938863,0,0.020000199999999999,0,0.00074493400000000005
rc_a100_t0.001_b0,1,0,5,0,279,310,32,1356,71,0.030962000963938863,0,0.020000199999999999,0,0.00071126999999999996
rc_a100_t0.001_b0,1,0,6,0,279,310,32,1356,71,0.030962000963938863,0,0.020000199999999999,0,0.00074817000000000004
rc_a100_t0.001_b0,1,0,7,0,279,310,32,1356,71,0.030962000963938863,0,0.020000199999999999,0,0.00073504500000000003
rc_a100_t0.001_b0,1,0,8,0,279,310,32,1356,71,0.030962000963938863,0,0.020000199999999999,0,0.00071059900000000002
rc_a100_t0.001_b0,1,0,9,0,279,310,32,1356,71,0.030962000963938863,0,0.020000199999999999,0,0.00072489600000000005
rc_a100_t0.001_b0,1,0,10,0,279,310,32,1356,71,0.030962000963938863,0,0.020000199999999999,0,0.00074405300000000005
rc_a100_t0.001_b0,1,1,0,1,2593,2606,14,8559,124,0.013042109702780635,0,0.020000199999999999,0,0.0046096499999999999
rc_a100_t0.001_b0,1,1,1,1,2593,2606,14,8559,124,0.013042109702780635,0,0.020000199999999999,0,0.0047082069999999998
rc_a100_t0.001_b0,1,1,2,1,2593,2606,14,8559,124,0.013042109702780635,0,0.020000199999999999,0,0.0046610480000000001
rc_a100_t0.001_b0,1,1,3,1,2593,2606,14,8559,124,0.013042109702780635,0,0.020000199999999999,0,0.0046333149999999998
rc_a100_t0.001_b0,1,1,4,1,2593,2606,14,8559,124,0.013042109702780635,0,0.020000199999999999,0,0.0047061940000000003
rc_a100_t0.001_b0,1,1,5,1,2593,2606,14,8559,124,0.013042109702780635,0,0.020000199999999999,0,0.0046289269999999997
rc_a100_t0.001_b0,1,1,6,1,2593,2606,14,8559,124,0.013042109702780635,0,0.020000199999999999,0,0.0046601760000000002
rc_a100_t0.001_b0,1,1,7,1,2593,2606,14,8559,124,0.013042109702780635,0,0.020000199999999999,0,0.0046431140000000003
rc_a100_t0.001_b0,1,1,8,1,2593,2606,14,8559,124,0.013042109702780635,0,0.020000199999999999,0,0.0046447270000000004
rc_a100_t0.001_b0,1,1,9,1,2593,2606,14,8559,124,0.013042109702780635,0,0.020000199999999999,0,0.0046653969999999999
rc_a100_t0.001_b0,1,1,10,1,2593,2606,14,8559,124,0.013042109702780635,0,0.020000199999999999,0,0.0046245879999999998
rlc_r0.02_a0.001_t9.9999999999999995e-07_b0,0,0,0,0,590,686,97,6174,686,3.8001635318153626e-05,3.6650921211869641e-05,7.0000000000000007e-06,5.0200000000000002e-06,0.003633528
rlc_r0.02_a0.001_t9.9999999999999995e-07_b0,0,0,1,0,590,686,97,6174,686,3.8001635318153626e-05,3.6650921211869641e-05,7.0000000000000007e-06,5.0200000000000002e-06,0.0036097030000000001
rlc_r0.02_a0.001_t9.9999999999999995e-07_b0,0,0,2,0,590,686,97,6174,686,3.8001635318153626e-05,3.6650921211869641e-05,7.0000000000000007e-06,5.0200000000000002e-06,0.0036339779999999999
rlc_r0.02_a0.001_t9.9999999999999995e-07_b0,0,0,3,0,590,686,97,6174,686,3.8001635318153626e-05,3.6650921211869641e-05,7.0000000000000007e-06,5.0200000000000002e-06,0.003577972
rlc_r0.02_a0.001_t9.9999999999999995e-07_b0,0,0,4,0,590,686,97,6174,686,3.8001635318153626e-05,3.6650921211869641e-05,7.0000000000000007e-06,5.0200000000000002e-06,0.0036533350000000002
rlc_r0.02_a0.001_t9.9999999999999995e-07_b0,0,0,5,0,590,686,97,6174,686,3.8001635318153626e-05,3.6650921211869641e-05,7.0000000000000007e-06,5.0200000000000002e-06,0.0036071469999999998
rlc_r0.02_a0.001_t9.9999999999999995e-07_b0,0,0,6,0,590,686,97,6174,686,3.8001635318153626e-05,3.6650921211869641e-05,7.0000000000000007e-06,5.0200000000000002e-06,0.003599873
rlc_r0.02_a0.001_t9.9999999999999995e-07_b0,0,0,7,0,590,686,97,6174,686,3.8001635318153626e-05,3.6650921211869641e-05,7.0000000000000007e-06,5.0200000000000002e-06,0.00389843
rlc_r0.02_a0.001_t9.9999999999999995e-07_b0,0,0,8,0,590,686,97,6174,686,3.8001635318153626e-05,3.6650921211869641e-05,7.0000000000000007e-06,5.0200000000000002e-06,0.003612447
rlc_r0.02_a0.001_t9.9999999999999995e-07_b0,0,0,9,0,590,686,97,6174,686,3.8001635318153626e-05,3.6650921211869641e-05,7.0000000000000007e-06,5.0200000000000002e-06,0.00360291
rlc_r0.02_a0.001_t9.9999999999999995e-07_b0,0,0,10,0,590,686,97,6174,686,3.8001635318153626e-05,3.6650921211869641e-05,7.0000000000000007e-06,5.0200000000000002e-06,0.0035995229999999999
rlc_r0.02_a0.001_t9.9999999999999995e-07_b0,0,1,0,1,6413,6420,8,57780,6420,3.2634485617240999e-07,3.2394113731043506e-07,7.0000000000000007e-06,5.0200000000000002e-06,0.033784372
rlc_r0.02_a0.001_t9.9999999999999995e-07_b0,0,1,1,1,6413,6420,8,57780,6420,3.2634485617240999e-07,3.2394113731043506e-07,7.0000000000000007e-06,5.0200000000000002e-06,0.033609528999999999
rlc_r0.02_a0.001_t9.9999999999999995e-07_b0,0,1,2,1,6413,6420,8,57780,6420,3.2634485617240999e-07,3.2394113731043506e-07,7.0000000000000007e-06,5.0200000000000002e-06,0.033664744000000003
rlc_r0.02_a0.001_t9.9999999999999995e-07_b0,0,1,3,1,6413,6420,8,57780,6420,3.2634485617240999e-07,3.2394113731043506e-07,7.0000000000000007e-06,5.0200000000000002e-06,0.034377802999999998
rlc_r0.02_a0.001_t9.9999999999999995e-07_b0,0,1,4,1,6413,6420,8,57780,6420,3.2634485617240999e-07,3.2394113731043506e-07,7.0000000000000007e-06,5.0200000000000002e-06,0.034308366
rlc_r0.02_a0.001_t9.9999999999999995e-07_b0,0,1,5,1,6413,6420,8,57780,6420,3.2634485617240999e-07,3.2394113731043506e-07,7.0000000000000007e-06,5.0200000000000002e-06,0.034314729000000002
rlc_r0.02_a0.001_t9.9999999999999995e-07_b0,0,1,6,1,6413,6420,8,57780,6420,3.2634485617240999e-07,3.2394113731043506e-07,7.0000000000000007e-06,5.0200000000000002e-06,0.034395941999999999
rlc_r0.02_a0.001_t9.9999999999999995e-07_b0,0,1,7,1,6413,6420,8,57780,6420,3.2634485617240999e-07,3.2394113731043506e-07,7.0000000000000007e-06,5.0200000000000002e-06,0.034591915000000001
rlc_r0.02_a0.001_t9.9999999999999995e-07_b0,0,1,8,1,6413,6420,8,57780,6420,3.2634485617240999e-07,3.2394113731043506e-07,7.0000000000000007e-06,5.0200000000000002e-06,0.034558761
rlc_r0.02_a0.001_t9.9999999999999995e-07_b0,0,1,9,1,6413,6420,8,57780,6420,3.2634485617240999e-07,3.2394113731043506e-07,7.0000000000000007e-06,5.0200000000000002e-06,0.034354564999999997
rlc_r0.02_a0.001_t9.9999999999999995e-07_b0,0,1,10,1,6413,6420,8,57780,6420,3.2634485617240999e-07,3.2394113731043506e-07,7.0000000000000007e-06,5.0200000000000002e-06,0.034410629999999998
rlc_r0.02_a0.001_t9.9999999999999995e-07_b0,1,0,0,0,586,678,93,2736,117,3.8124513149944794e-05,3.6767396241941868e-05,7.0000000000000007e-06,5.0200000000000002e-06,0.0019614430000000002
rlc_r0.02_a0.001_t9.9999999999999995e-07_b0,1,0,1,0,586,678,93,2736,117,3.8124513149944794e-05,3.6767396241941868e-05,7.0000000000000007e-06,5.0200000000000002e-06,0.0020112789999999999
rlc_r0.02_a0.001_t9.9999999999999995e-07_b0,1,0,2,0,586,678,93,2736,117,3.8124513149944794e-05,3.6767396241941868e-05,7.0000000000000007e-06,5.0200000000000002e-06,0.001926367
rlc_r0.02_a0.001_t9.9999999999999995e-07_b0,1,0,3,0,586,678,93,2736,117,3.8124513149944794e-05,3.6767396241941868e-05,7.0000000000000007e-06,5.0200000000000002e-06,0.0019519559999999999
rlc_r0.02_a0.001_t9.9999999999999995e-07_b0,1,0,4,0,586,678,93,2736,117,3.8124513149944794e-05,3.6767396241941868e-05,7.0000000000000007e-06,5.0200000000000002e-06,0.0019422969999999999
rlc_r0.02_a0.001_t9.9999999999999995e-07_b0,1,0,5,0,586,678,93,2736,117,3.8124513149944794e-05,3.6767396241941868e-05,7.0000000000000007e-06,5.0200000000000002e-06,0.0019281809999999999
rlc_r0.02_a0.001_t9.9999999999999995e-07_b0,1,0,6,0,586,678,93,2736,117,3.8124513149944794e-05,3.6767396241941868e-05,7.0000000000000007e-06,5.0200000000000002e-06,0.001958488
rlc_r0.02_a0.001_t9.9999999999999995e-07_b0,1,0,7,0,586,678,93,2736,117,3.8124513149944794e-05,3.6767396241941868e-05,7.0000000000000007e-06,5.0200000000000002e-06,0.001929463
rlc_r0.02_a0.001_t9.9999999999999995e-07_b0,1,0,8,0,586,678,93,2736,117,3.8124513149944794e-05,3.6767396241941868e-05,7.0000000000000007e-06,5.0200000000000002e-06,0.001937177
rlc_r0.02_a0.001_t9.9999999999999995e-07_b0,1,0,9,0,586,678,93,2736,117,3.8124513149944794e-05,3.6767396241941868e-05,7.0000000000000007e-06,5.0200000000000002e-06,0.0019670339999999999
rlc_r0.02_a0.001_t9.9999999999999995e-07_b0,1,0,10,0,586,678,93,2736,117,3.8124513149944794e-05,3.6767396241941868e-05,7.0000000000000007e-06,5.0200000000000002e-06,0.0019371869999999999
rlc_r0.02_a0.001_t9.9999999999999995e-07_b0,1,1,0,1,6414,6421,8,20847,264,2.5218529737061103e-07,2.5366311246551726e-07,7.0000000000000007e-06,5.0200000000000002e-06,0.015131354
rlc_r0.02_a0.001_t9.9999999999999995e-07_b0,1,1,1,1,6414,6421,8,20847,264,2.5218529737061103e-07,2.5366311246551726e-07,7.0000000000000007e-06,5.0200000000000002e-06,0.015053175
rlc_r0.02_a0.001_t9.9999999999999995e-07_b0,1,1,2,1,6414,6421,8,20847,264,2.5218529737061103e-07,2.5366311246551726e-07,7.0000000000000007e-06,5.0200000000000002e-06,0.015141722999999999
rlc_r0.02_a0.001_t9.9999999999999995e-07_b0,1,1,3,1,6414,6421,8,20847,264,2.5218529737061103e-07,2.5366311246551726e-07,7.0000000000000007e-06,5.0200000000000002e-06,0.015269095
rlc_r0.02_a0.001_t9.9999999999999995e-07_b0,1,1,4,1,6414,6421,8,20847,264,2.5218529737061103e-07,2.5366311246551726e-07,7.0000000000000007e-06,5.0200000000000002e-06,0.015153013999999999
rlc_r0.02_a0.001_t9.9999999999999995e-07_b0,1,1,5,1,6414,6421,8,20847,264,2.5218529737061103e-07,2.5366311246551726e-07,7.0000000000000007e-06,5.0200000000000002e-06,0.015089945
rlc_r0.02_a0.001_t9.9999999999999995e-07_b0,1,1,6,1,6414,6421,8,20847,264,2.5218529737061103e-07,2.5366311246551726e-07,7.0000000000000007e-06,5.0200000000000002e-06,0.015136544
rlc_r0.02_a0.001_t9.9999999999999995e-07_b0,1,1,7,1,6414,6421,8,20847,264,2.5218529737061103e-07,2.5366311246551726e-07,7.0000000000000007e-06,5.0200000000000002e-06,0.014984645
rlc_r0.02_a0.001_t9.9999999999999995e-07_b0,1,1,8,1,6414,6421,8,20847,264,2.5218529737061103e-07,2.5366311246551726e-07,7.0000000000000007e-06,5.0200000000000002e-06,0.014974896
rlc_r0.02_a0.001_t9.9999999999999995e-07_b0,1,1,9,1,6414,6421,8,20847,264,2.5218529737061103e-07,2.5366311246551726e-07,7.0000000000000007e-06,5.0200000000000002e-06,0.015211977
rlc_r0.02_a0.001_t9.9999999999999995e-07_b0,1,1,10,1,6414,6421,8,20847,264,2.5218529737061103e-07,2.5366311246551726e-07,7.0000000000000007e-06,5.0200000000000002e-06,0.015097629
rlc_r0.02_a1_t9.9999999999999995e-07_b0,0,0,0,0,737,903,167,8127,903,0.028383404029640236,0.027525555097784205,0.0050020000000000004,0.00500002,0.0048474319999999996
rlc_r0.02_a1_t9.9999999999999995e-07_b0,0,0,1,0,737,903,167,8127,903,0.028383404029640236,0.027525555097784205,0.0050020000000000004,0.00500002,0.0048380749999999998
rlc_r0.02_a1_t9.9999999999999995e-07_b0,0,0,2,0,737,903,167,8127,903,0.028383404029640236,0.027525555097784205,0.0050020000000000004,0.00500002,0.0048884690000000003
rlc_r0.02_a1_t9.9999999999999995e-07_b0,0,0,3,0,737,903,167,8127,903,0.028383404029640236,0.027525555097784205,0.0050020000000000004,0.00500002,0.0048254099999999996
rlc_r0.02_a1_t9.9999999999999995e-07_b0,0,0,4,0,737,903,167,8127,903,0.028383404029640236,0.027525555097784205,0.0050020000000000004,0.00500002,0.0048089379999999996
rlc_r0.02_a1_t9.9999999999999995e-07_b0,0,0,5,0,737,903,167,8127,903,0.028383404029640236,0.027525555097784205,0.0050020000000000004,0.00500002,0.0048369010000000002
rlc_r0.02_a1_t9.9999999999999995e-07_b0,0,0,6,0,737,903,167,8127,903,0.028383404029640236,0.027525555097784205,0.0050020000000000004,0.00500002,0.0048301489999999997
rlc_r0.02_a1_t9.9999999999999995e-07_b0,0,0,7,0,737,903,167,8127,903,0.028383404029640236,0.027525555097784205,0.0050020000000000004,0.00500002,0.0048424729999999999
rlc_r0.02_a1_t9.9999999999999995e-07_b0,0,0,8,0,737,903,167,8127,903,0.028383404029640236,0.027525555097784205,0.0050020000000000004,0.00500002,0.0048751350000000001
rlc_r0.02_a1_t9.9999999999999995e-07_b0,0,0,9,0,737,903,167,8127,903,0.028383404029640236,0.027525555097784205,0.0050020000000000004,0.00500002,0.0048442559999999999
rlc_r0.02_a1_t9.9999999999999995e-07_b0,0,0,10,0,737,903,167,8127,903,0.028383404029640236,0.027525555097784205,0.0050020000000000004,0.00500002,0.004849496
rlc_r0.02_a1_t9.9999999999999995e-07_b0,0,1,0,1,6424,6439,16,57951,6439,0.00033502606180890737,0.00033228314909816703,0.0050020000000000004,0.00500002,0.034789068999999999
rlc_r0.02_a1_t9.9999999999999995e-07_b0,0,1,1,1,6424,6439,16,57951,6439,0.00033502606180890737,0.00033228314909816703,0.0050020000000000004,0.00500002,0.034673338999999997
rlc_r0.02_a1_t9.9999999999999995e-07_b0,0,1,2,1,6424,6439,16,57951,6439,0.00033502606180890737,0.00033228314909816703,0.0050020000000000004,0.00500002,0.034826790000000003
rlc_r0.02_a1_t9.9999999999999995e-07_b0,0,1,3,1,6424,6439,16,57951,6439,0.00033502606180890737,0.00033228314909816703,0.0050020000000000004,0.00500002,0.034910458999999998
rlc_r0.02_a1_t9.9999999999999995e-07_b0,0,1,4,1,6424,6439,16,57951,6439,0.00033502606180890737,0.00033228314909816703,0.0050020000000000004,0.00500002,0.034738994000000002
rlc_r0.02_a1_t9.9999999999999995e-07_b0,0,1,5,1,6424,6439,16,57951,6439,0.00033502606180890737,0.00033228314909816703,0.0050020000000000004,0.00500002,0.034757238000000003
rlc_r0.02_a1_t9.9999999999999995e-07_b0,0,1,6,1,6424,6439,16,57951,6439,0.00033502606180890737,0.00033228314909816703,0.0050020000000000004,0.00500002,0.034615689999999998
rlc_r0.02_a1_t9.9999999999999995e-07_b0,0,1,7,1,6424,6439,16,57951,6439,0.00033502606180890737,0.00033228314909816703,0.0050020000000000004,0.00500002,0.034548883000000002
rlc_r0.02_a1_t9.9999999999999995e-07_b0,0,1,8,1,6424,6439,16,57951,6439,0.00033502606180890737,0.00033228314909816703,0.0050020000000000004,0.00500002,0.036210918000000002
rlc_r0.02_a1_t9.9999999999999995e-07_b0,0,1,9,1,6424,6439,16,57951,6439,0.00033502606180890737,0.00033228314909816703,0.0050020000000000004,0.00500002,0.034431700000000003
rlc_r0.02_a1_t9.9999999999999995e-07_b0,0,1,10,1,6424,6439,16,57951,6439,0.00033502606180890737,0.00033228314909816703,0.0050020000000000004,0.00500002,0.035037571000000003
rlc_r0.02_a1_t9.9999999999999995e-07_b0,1,0,0,0,732,894,163,3498,136,0.028452616277992115,0.027588496180574684,0.0050020000000000004,0.00500002,0.002511657
rlc_r0.02_a1_t9.9999999999999995e-07_b0,1,0,1,0,732,894,163,3498,136,0.028452616277992115,0.027588496180574684,0.0050020000000000004,0.00500002,0.002459999
rlc_r0.02_a1_t9.9999999999999995e-07_b0,1,0,2,0,732,894,163,3498,136,0.028452616277992115,0.027588496180574684,0.0050020000000000004,0.00500002,0.002481872
rlc_r0.02_a1_t9.9999999999999995e-07_b0,1,0,3,0,732,894,163,3498,136,0.028452616277992115,0.027588496180574684,0.0050020000000000004,0.00500002,0.0025316359999999999
rlc_r0.02_a1_t9.9999999999999995e-07_b0,1,0,4,0,732,894,163,3498,136,0.028452616277992115,0.027588496180574684,0.0050020000000000004,0.00500002,0.002480959
rlc_r0.02_a1_t9.9999999999999995e-07_b0,1,0,5,0,732,894,163,3498,136,0.028452616277992115,0.027588496180574684,0.0050020000000000004,0.00500002,0.0024861200000000001
rlc_r0.02_a1_t9.9999999999999995e-07_b0,1,0,6,0,732,894,163,3498,136,0.028452616277992115,0.027588496180574684,0.0050020000000000004,0.00500002,0.002474768
rlc_r0.02_a1_t9.9999999999999995e-07_b0,1,0,7,0,732,894,163,3498,136,0.028452616277992115,0.027588496180574684,0.0050020000000000004,0.00500002,0.0024875019999999999
rlc_r0.02_a1_t9.9999999999999995e-07_b0,1,0,8,0,732,894,163,3498,136,0.028452616277992115,0.027588496180574684,0.0050020000000000004,0.00500002,0.0024717110000000001
rlc_r0.02_a1_t9.9999999999999995e-07_b0,1,0,9,0,732,894,163,3498,136,0.028452616277992115,0.027588496180574684,0.0050020000000000004,0.00500002,0.002506739
rlc_r0.02_a1_t9.9999999999999995e-07_b0,1,0,10,0,732,894,163,3498,136,0.028452616277992115,0.027588496180574684,0.0050020000000000004,0.00500002,0.002485849
rlc_r0.02_a1_t9.9999999999999995e-07_b0,1,1,0,1,6425,6440,16,20970,275,0.00025830793938075303,0.00025940966184778702,0.0050020000000000004,0.00500002,0.015148075
rlc_r0.02_a1_t9.9999999999999995e-07_b0,1,1,1,1,6425,6440,16,20970,275,0.00025830793938075303,0.00025940966184778702,0.0050020000000000004,0.00500002,0.015523067
rlc_r0.02_a1_t9.9999999999999995e-07_b0,1,1,2,1,6425,6440,16,20970,275,0.00025830793938075303,0.00025940966184778702,0.0050020000000000004,0.00500002,0.014994123
rlc_r0.02_a1_t9.9999999999999995e-07_b0,1,1,3,1,6425,6440,16,20970,275,0.00025830793938075303,0.00025940966184778702,0.0050020000000000004,0.00500002,0.015011777
rlc_r0.02_a1_t9.9999999999999995e-07_b0,1,1,4,1,6425,6440,16,20970,275,0.00025830793938075303,0.00025940966184778702,0.0050020000000000004,0.00500002,0.015304651000000001
rlc_r0.02_a1_t9.9999999999999995e-07_b0,1,1,5,1,6425,6440,16,20970,275,0.00025830793938075303,0.00025940966184778702,0.0050020000000000004,0.00500002,0.015136442999999999
rlc_r0.02_a1_t9.9999999999999995e-07_b0,1,1,6,1,6425,6440,16,20970,275,0.00025830793938075303,0.00025940966184778702,0.0050020000000000004,0.00500002,0.015161691
rlc_r0.02_a1_t9.9999999999999995e-07_b0,1,1,7,1,6425,6440,16,20970,275,0.00025830793938075303,0.00025940966184778702,0.0050020000000000004,0.00500002,0.015203609999999999
rlc_r0.02_a1_t9.9999999999999995e-07_b0,1,1,8,1,6425,6440,16,20970,275,0.00025830793938075303,0.00025940966184778702,0.0050020000000000004,0.00500002,0.014983672999999999
rlc_r0.02_a1_t9.9999999999999995e-07_b0,1,1,9,1,6425,6440,16,20970,275,0.00025830793938075303,0.00025940966184778702,0.0050020000000000004,0.00500002,0.015072722
rlc_r0.02_a1_t9.9999999999999995e-07_b0,1,1,10,1,6425,6440,16,20970,275,0.00025830793938075303,0.00025940966184778702,0.0050020000000000004,0.00500002,0.015076928999999999
rlc_r0.02_a1_t0.001_b400,0,0,0,0,737,903,167,8127,903,0.028383404188815575,0.027525554825554743,0.0050020000000000004,0.00500002,0.0048294380000000001
rlc_r0.02_a1_t0.001_b400,0,0,1,0,737,903,167,8127,903,0.028383404188815575,0.027525554825554743,0.0050020000000000004,0.00500002,0.0048366709999999999
rlc_r0.02_a1_t0.001_b400,0,0,2,0,737,903,167,8127,903,0.028383404188815575,0.027525554825554743,0.0050020000000000004,0.00500002,0.0048189280000000001
rlc_r0.02_a1_t0.001_b400,0,0,3,0,737,903,167,8127,903,0.028383404188815575,0.027525554825554743,0.0050020000000000004,0.00500002,0.0048611979999999997
rlc_r0.02_a1_t0.001_b400,0,0,4,0,737,903,167,8127,903,0.028383404188815575,0.027525554825554743,0.0050020000000000004,0.00500002,0.0048453979999999999
rlc_r0.02_a1_t0.001_b400,0,0,5,0,737,903,167,8127,903,0.028383404188815575,0.027525554825554743,0.0050020000000000004,0.00500002,0.0048126769999999996
rlc_r0.02_a1_t0.001_b400,0,0,6,0,737,903,167,8127,903,0.028383404188815575,0.027525554825554743,0.0050020000000000004,0.00500002,0.0048658360000000001
rlc_r0.02_a1_t0.001_b400,0,0,7,0,737,903,167,8127,903,0.028383404188815575,0.027525554825554743,0.0050020000000000004,0.00500002,0.0048363410000000001
rlc_r0.02_a1_t0.001_b400,0,0,8,0,737,903,167,8127,903,0.028383404188815575,0.027525554825554743,0.0050020000000000004,0.00500002,0.0048004129999999999
rlc_r0.02_a1_t0.001_b400,0,0,9,0,737,903,167,8127,903,0.028383404188815575,0.027525554825554743,0.0050020000000000004,0.00500002,0.004869824
rlc_r0.02_a1_t0.001_b400,0,0,10,0,737,903,167,8127,903,0.028383404188815575,0.027525554825554743,0.0050020000000000004,0.00500002,0.0048756850000000003
rlc_r0.02_a1_t0.001_b400,0,1,0,1,6425,6440,16,57960,6440,0.00025830262730153208,0.00025940585393580129,0.0050020000000000004,0.00500002,0.034418335000000001
rlc_r0.02_a1_t0.001_b400,0,1,1,1,6425,6440,16,57960,6440,0.00025830262730153208,0.00025940585393580129,0.0050020000000000004,0.00500002,0.034407874999999997
rlc_r0.02_a1_t0.001_b400,0,1,2,1,6425,6440,16,57960,6440,0.00025830262730153208,0.00025940585393580129,0.0050020000000000004,0.00500002,0.034336529999999997
rlc_r0.02_a1_t0.001_b400,0,1,3,1,6425,6440,16,57960,6440,0.00025830262730153208,0.00025940585393580129,0.0050020000000000004,0.00500002,0.034414216999999997
rlc_r0.02_a1_t0.001_b400,0,1,4,1,6425,6440,16,57960,6440,0.00025830262730153208,0.00025940585393580129,0.0050020000000000004,0.00500002,0.034534545999999999
rlc_r0.02_a1_t0.001_b400,0,1,5,1,6425,6440,16,57960,6440,0.00025830262730153208,0.00025940585393580129,0.0050020000000000004,0.00500002,0.034342161000000003
rlc_r0.02_a1_t0.001_b400,0,1,6,1,6425,6440,16,57960,6440,0.00025830262730153208,0.00025940585393580129,0.0050020000000000004,0.00500002,0.034293197999999997
rlc_r0.02_a1_t0.001_b400,0,1,7,1,6425,6440,16,57960,6440,0.00025830262730153208,0.00025940585393580129,0.0050020000000000004,0.00500002,0.034138934000000003
rlc_r0.02_a1_t0.001_b400,0,1,8,1,6425,6440,16,57960,6440,0.00025830262730153208,0.00025940585393580129,0.0050020000000000004,0.00500002,0.034323104
rlc_r0.02_a1_t0.001_b400,0,1,9,1,6425,6440,16,57960,6440,0.00025830262730153208,0.00025940585393580129,0.0050020000000000004,0.00500002,0.034304678999999998
rlc_r0.02_a1_t0.001_b400,0,1,10,1,6425,6440,16,57960,6440,0.00025830262730153208,0.00025940585393580129,0.0050020000000000004,0.00500002,0.034437611999999999
rlc_r0.02_a1_t0.001_b400,1,0,0,0,732,894,163,3498,136,0.028452616641487793,0.027588496123482353,0.0050020000000000004,0.00500002,0.002525574
rlc_r0.02_a1_t0.001_b400,1,0,1,0,732,894,163,3498,136,0.028452616641487793,0.027588496123482353,0.0050020000000000004,0.00500002,0.0024551600000000001
rlc_r0.02_a1_t0.001_b400,1,0,2,0,732,894,163,3498,136,0.028452616641487793,0.027588496123482353,0.0050020000000000004,0.00500002,0.002465961
rlc_r0.02_a1_t0.001_b400,1,0,3,0,732,894,163,3498,136,0.028452616641487793,0.027588496123482353,0.0050020000000000004,0.00500002,0.0024768120000000001
rlc_r0.02_a1_t0.001_b400,1,0,4,0,732,894,163,3498,136,0.028452616641487793,0.027588496123482353,0.0050020000000000004,0.00500002,0.0024756399999999999
rlc_r0.02_a1_t0.001_b400,1,0,5,0,732,894,163,3498,136,0.028452616641487793,0.027588496123482353,0.0050020000000000004,0.00500002,0.0024673939999999999
rlc_r0.02_a1_t0.001_b400,1,0,6,0,732,894,163,3498,136,0.028452616641487793,0.027588496123482353,0.0050020000000000004,0.00500002,0.002480117
rlc_r0.02_a1_t0.001_b400,1,0,7,0,732,894,163,3498,136,0.028452616641487793,0.027588496123482353,0.0050020000000000004,0.00500002,0.002479757
rlc_r0.02_a1_t0.001_b400,1,0,8,0,732,894,163,3498,136,0.028452616641487793,0.027588496123482353,0.0050020000000000004,0.00500002,0.0024564330000000001
rlc_r0.02_a1_t0.001_b400,1,0,9,0,732,894,163,3498,136,0.028452616641487793,0.027588496123482353,0.0050020000000000004,0.00500002,0.00246518
rlc_r0.02_a1_t0.001_b400,1,0,10,0,732,894,163,3498,136,0.028452616641487793,0.027588496123482353,0.0050020000000000004,0.00500002,0.0024777739999999999
rlc_r0.02_a1_t0.001_b400,1,1,0,1,6425,6440,16,20970,275,0.00025830810763238787,0.00025940944230407048,0.0050020000000000004,0.00500002,0.015191878000000001
rlc_r0.02_a1_t0.001_b400,1,1,1,1,6425,6440,16,20970,275,0.00025830810763238787,0.00025940944230407048,0.0050020000000000004,0.00500002,0.015228769
rlc_r0.02_a1_t0.001_b400,1,1,2,1,6425,6440,16,20970,275,0.00025830810763238787,0.00025940944230407048,0.0050020000000000004,0.00500002,0.015048766
rlc_r0.02_a1_t0.001_b400,1,1,3,1,6425,6440,16,20970,275,0.00025830810763238787,0.00025940944230407048,0.0050020000000000004,0.00500002,0.014926936
rlc_r0.02_a1_t0.001_b400,1,1,4,1,6425,6440,16,20970,275,0.00025830810763238787,0.00025940944230407048,0.0050020000000000004,0.00500002,0.015295595
rlc_r0.02_a1_t0.001_b400,1,1,5,1,6425,6440,16,20970,275,0.00025830810763238787,0.00025940944230407048,0.0050020000000000004,0.00500002,0.01518196
rlc_r0.02_a1_t0.001_b400,1,1,6,1,6425,6440,16,20970,275,0.00025830810763238787,0.00025940944230407048,0.0050020000000000004,0.00500002,0.015147262999999999
rlc_r0.02_a1_t0.001_b400,1,1,7,1,6425,6440,16,20970,275,0.00025830810763238787,0.00025940944230407048,0.0050020000000000004,0.00500002,0.01495024
rlc_r0.02_a1_t0.001_b400,1,1,8,1,6425,6440,16,20970,275,0.00025830810763238787,0.00025940944230407048,0.0050020000000000004,0.00500002,0.015013929000000001
rlc_r0.02_a1_t0.001_b400,1,1,9,1,6425,6440,16,20970,275,0.00025830810763238787,0.00025940944230407048,0.0050020000000000004,0.00500002,0.014963826
rlc_r0.02_a1_t0.001_b400,1,1,10,1,6425,6440,16,20970,275,0.00025830810763238787,0.00025940944230407048,0.0050020000000000004,0.00500002,0.015005384
rlc_r0.02_a100_t0.001_b0,0,0,0,0,772,951,180,8559,951,2.8377755692319653,2.7523669609420125,0.50000199999999995,0.50000001999999999,0.005091684
rlc_r0.02_a100_t0.001_b0,0,0,1,0,772,951,180,8559,951,2.8377755692319653,2.7523669609420125,0.50000199999999995,0.50000001999999999,0.005128456
rlc_r0.02_a100_t0.001_b0,0,0,2,0,772,951,180,8559,951,2.8377755692319653,2.7523669609420125,0.50000199999999995,0.50000001999999999,0.0050661459999999997
rlc_r0.02_a100_t0.001_b0,0,0,3,0,772,951,180,8559,951,2.8377755692319653,2.7523669609420125,0.50000199999999995,0.50000001999999999,0.00507261
rlc_r0.02_a100_t0.001_b0,0,0,4,0,772,951,180,8559,951,2.8377755692319653,2.7523669609420125,0.50000199999999995,0.50000001999999999,0.0050871459999999999
rlc_r0.02_a100_t0.001_b0,0,0,5,0,772,951,180,8559,951,2.8377755692319653,2.7523669609420125,0.50000199999999995,0.50000001999999999,0.0050969850000000001
rlc_r0.02_a100_t0.001_b0,0,0,6,0,772,951,180,8559,951,2.8377755692319653,2.7523669609420125,0.50000199999999995,0.50000001999999999,0.0051312399999999996
rlc_r0.02_a100_t0.001_b0,0,0,7,0,772,951,180,8559,951,2.8377755692319653,2.7523669609420125,0.50000199999999995,0.50000001999999999,0.0050867669999999999
rlc_r0.02_a100_t0.001_b0,0,0,8,0,772,951,180,8559,951,2.8377755692319653,2.7523669609420125,0.50000199999999995,0.50000001999999999,0.0051955819999999998
rlc_r0.02_a100_t0.001_b0,0,0,9,0,772,951,180,8559,951,2.8377755692319653,2.7523669609420125,0.50000199999999995,0.50000001999999999,0.0050732809999999998
rlc_r0.02_a100_t0.001_b0,0,0,10,0,772,951,180,8559,951,2.8377755692319653,2.7523669609420125,0.50000199999999995,0.50000001999999999,0.0051185069999999996
rlc_r0.02_a100_t0.001_b0,0,1,0,1,6456,6471,16,58239,6471,0.025104005990954192,0.025267161008258654,0.50000199999999995,0.50000001999999999,0.034946848000000003
rlc_r0.02_a100_t0.001_b0,0,1,1,1,6456,6471,16,58239,6471,0.025104005990954192,0.025267161008258654,0.50000199999999995,0.50000001999999999,0.034566556999999998
rlc_r0.02_a100_t0.001_b0,0,1,2,1,6456,6471,16,58239,6471,0.025104005990954192,0.025267161008258654,0.50000199999999995,0.50000001999999999,0.034489379000000001
rlc_r0.02_a100_t0.001_b0,0,1,3,1,6456,6471,16,58239,6471,0.025104005990954192,0.025267161008258654,0.50000199999999995,0.50000001999999999,0.034861616999999998
rlc_r0.02_a100_t0.001_b0,0,1,4,1,6456,6471,16,58239,6471,0.025104005990954192,0.025267161008258654,0.50000199999999995,0.50000001999999999,0.034646878999999998
rlc_r0.02_a100_t0.001_b0,0,1,5,1,6456,6471,16,58239,6471,0.025104005990954192,0.025267161008258654,0.50000199999999995,0.50000001999999999,0.035176274
rlc_r0.02_a100_t0.001_b0,0,1,6,1,6456,6471,16,58239,6471,0.025104005990954192,0.025267161008258654,0.50000199999999995,0.50000001999999999,0.034753481000000003
rlc_r0.02_a100_t0.001_b0,0,1,7,1,6456,6471,16,58239,6471,0.025104005990954192,0.025267161008258654,0.50000199999999995,0.50000001999999999,0.034699328000000002
rlc_r0.02_a100_t0.001_b0,0,1,8,1,6456,6471,16,58239,6471,0.025104005990954192,0.025267161008258654,0.50000199999999995,0.50000001999999999,0.034656958000000002
rlc_r0.02_a100_t0.001_b0,0,1,9,1,6456,6471,16,58239,6471,0.025104005990954192,0.025267161008258654,0.50000199999999995,0.50000001999999999,0.034463700999999999
rlc_r0.02_a100_t0.001_b0,0,1,10,1,6456,6471,16,58239,6471,0.025104005990954192,0.025267161008258654,0.50000199999999995,0.50000001999999999,0.034358482000000003
rlc_r0.02_a100_t0.001_b0,1,0,0,0,767,934,168,3654,142,2.8423129405239749,2.7563339353833598,0.50000199999999995,0.50000001999999999,0.002615624
rlc_r0.02_a100_t0.001_b0,1,0,1,0,767,934,168,3654,142,2.8423129405239749,2.7563339353833598,0.50000199999999995,0.50000001999999999,0.0025611610000000002
rlc_r0.02_a100_t0.001_b0,1,0,2,0,767,934,168,3654,142,2.8423129405239749,2.7563339353833598,0.50000199999999995,0.50000001999999999,0.0025975210000000002
rlc_r0.02_a100_t0.001_b0,1,0,3,0,767,934,168,3654,142,2.8423129405239749,2.7563339353833598,0.50000199999999995,0.50000001999999999,0.0026372460000000002
rlc_r0.02_a100_t0.001_b0,1,0,4,0,767,934,168,3654,142,2.8423129405239749,2.7563339353833598,0.50000199999999995,0.50000001999999999,0.0025983320000000001
rlc_r0.02_a100_t0.001_b0,1,0,5,0,767,934,168,3654,142,2.8423129405239749,2.7563339353833598,0.50000199999999995,0.50000001999999999,0.002584556
rlc_r0.02_a100_t0.001_b0,1,0,6,0,767,934,168,3654,142,2.8423129405239749,2.7563339353833598,0.50000199999999995,0.50000001999999999,0.002558547
rlc_r0.02_a100_t0.001_b0,1,0,7,0,767,934,168,3654,142,2.8423129405239749,2.7563339353833598,0.50000199999999995,0.50000001999999999,0.0025676240000000001
rlc_r0.02_a100_t0.001_b0,1,0,8,0,767,934,168,3654,142,2.8423129405239749,2.7563339353833598,0.50000199999999995,0.50000001999999999,0.0026056059999999999
rlc_r0.02_a100_t0.001_b0,1,0,9,0,767,934,168,3654,142,2.8423129405239749,2.7563339353833598,0.50000199999999995,0.50000001999999999,0.0025484269999999998
rlc_r0.02_a100_t0.001_b0,1,0,10,0,767,934,168,3654,142,2.8423129405239749,2.7563339353833598,0.50000199999999995,0.50000001999999999,0.0025761
rlc_r0.02_a100_t0.001_b0,1,1,0,1,6456,6471,16,21093,280,0.025074905334633968,0.025237904676487233,0.50000199999999995,0.50000001999999999,0.015277611
rlc_r0.02_a100_t0.001_b0,1,1,1,1,6456,6471,16,21093,280,0.025074905334633968,0.025237904676487233,0.50000199999999995,0.50000001999999999,0.015243626
rlc_r0.02_a100_t0.001_b0,1,1,2,1,6456,6471,16,21093,280,0.025074905334633968,0.025237904676487233,0.50000199999999995,0.50000001999999999,0.015353024
rlc_r0.02_a100_t0.001_b0,1,1,3,1,6456,6471,16,21093,280,0.025074905334633968,0.025237904676487233,0.50000199999999995,0.50000001999999999,0.015285806000000001
rlc_r0.02_a100_t0.001_b0,1,1,4,1,6456,6471,16,21093,280,0.025074905334633968,0.025237904676487233,0.50000199999999995,0.50000001999999999,0.015120342
rlc_r0.02_a100_t0.001_b0,1,1,5,1,6456,6471,16,21093,280,0.025074905334633968,0.025237904676487233,0.50000199999999995,0.50000001999999999,0.015097289
rlc_r0.02_a100_t0.001_b0,1,1,6,1,6456,6471,16,21093,280,0.025074905334633968,0.025237904676487233,0.50000199999999995,0.50000001999999999,0.015313459
rlc_r0.02_a100_t0.001_b0,1,1,7,1,6456,6471,16,21093,280,0.025074905334633968,0.025237904676487233,0.50000199999999995,0.50000001999999999,0.015188352
rlc_r0.02_a100_t0.001_b0,1,1,8,1,6456,6471,16,21093,280,0.025074905334633968,0.025237904676487233,0.50000199999999995,0.50000001999999999,0.015286508000000001
rlc_r0.02_a100_t0.001_b0,1,1,9,1,6456,6471,16,21093,280,0.025074905334633968,0.025237904676487233,0.50000199999999995,0.50000001999999999,0.015296697
rlc_r0.02_a100_t0.001_b0,1,1,10,1,6456,6471,16,21093,280,0.025074905334633968,0.025237904676487233,0.50000199999999995,0.50000001999999999,0.015198059
rlc_r0.5_a0.001_t9.9999999999999995e-07_b0,0,0,0,1,510,585,76,5265,585,2.5445575947047241e-06,2.514973392938962e-06,7.0000000000000007e-06,5.0200000000000002e-06,0.0031528950000000002
rlc_r0.5_a0.001_t9.9999999999999995e-07_b0,0,0,1,1,510,585,76,5265,585,2.5445575947047241e-06,2.514973392938962e-06,7.0000000000000007e-06,5.0200000000000002e-06,0.0031655989999999998
rlc_r0.5_a0.001_t9.9999999999999995e-07_b0,0,0,2,1,510,585,76,5265,585,2.5445575947047241e-06,2.514973392938962e-06,7.0000000000000007e-06,5.0200000000000002e-06,0.0031244509999999999
rlc_r0.5_a0.001_t9.9999999999999995e-07_b0,0,0,3,1,510,585,76,5265,585,2.5445575947047241e-06,2.514973392938962e-06,7.0000000000000007e-06,5.0200000000000002e-06,0.0032165869999999999
rlc_r0.5_a0.001_t9.9999999999999995e-07_b0,0,0,4,1,510,585,76,5265,585,2.5445575947047241e-06,2.514973392938962e-06,7.0000000000000007e-06,5.0200000000000002e-06,0.003171531
rlc_r0.5_a0.001_t9.9999999999999995e-07_b0,0,0,5,1,510,585,76,5265,585,2.5445575947047241e-06,2.514973392938962e-06,7.0000000000000007e-06,5.0200000000000002e-06,0.0031432859999999999
rlc_r0.5_a0.001_t9.9999999999999995e-07_b0,0,0,6,1,510,585,76,5265,585,2.5445575947047241e-06,2.514973392938962e-06,7.0000000000000007e-06,5.0200000000000002e-06,0.0031811690000000002
rlc_r0.5_a0.001_t9.9999999999999995e-07_b0,0,0,7,1,510,585,76,5265,585,2.5445575947047241e-06,2.514973392938962e-06,7.0000000000000007e-06,5.0200000000000002e-06,0.0031631839999999999
rlc_r0.5_a0.001_t9.9999999999999995e-07_b0,0,0,8,1,510,585,76,5265,585,2.5445575947047241e-06,2.514973392938962e-06,7.0000000000000007e-06,5.0200000000000002e-06,0.0031253520000000001
rlc_r0.5_a0.001_t9.9999999999999995e-07_b0,0,0,9,1,510,585,76,5265,585,2.5445575947047241e-06,2.514973392938962e-06,7.0000000000000007e-06,5.0200000000000002e-06,0.0031422339999999998
rlc_r0.5_a0.001_t9.9999999999999995e-07_b0,0,0,10,1,510,585,76,5265,585,2.5445575947047241e-06,2.514973392938962e-06,7.0000000000000007e-06,5.0200000000000002e-06,0.0031556409999999998
rlc_r0.5_a0.001_t9.9999999999999995e-07_b0,0,1,0,1,6423,6436,14,57924,6436,6.5732158049947031e-09,8.3995511032935056e-09,7.0000000000000007e-06,5.0200000000000002e-06,0.034623885
rlc_r0.5_a0.001_t9.9999999999999995e-07_b0,0,1,1,1,6423,6436,14,57924,6436,6.5732158049947031e-09,8.3995511032935056e-09,7.0000000000000007e-06,5.0200000000000002e-06,0.034659433000000003
rlc_r0.5_a0.001_t9.9999999999999995e-07_b0,0,1,2,1,6423,6436,14,57924,6436,6.5732158049947031e-09,8.3995511032935056e-09,7.0000000000000007e-06,5.0200000000000002e-06,0.034548150999999999
rlc_r0.5_a0.001_t9.9999999999999995e-07_b0,0,1,3,1,6423,6436,14,57924,6436,6.5732158049947031e-09,8.3995511032935056e-09,7.0000000000000007e-06,5.0200000000000002e-06,0.034549043000000002
rlc_r0.5_a0.001_t9.9999999999999995e-07_b0,0,1,4,1,6423,6436,14,57924,6436,6.5732158049947031e-09,8.3995511032935056e-09,7.0000000000000007e-06,5.0200000000000002e-06,0.034463514000000001
rlc_r0.5_a0.001_t9.9999999999999995e-07_b0,0,1,5,1,6423,6436,14,57924,6436,6.5732158049947031e-09,8.3995511032935056e-09,7.0000000000000007e-06,5.0200000000000002e-06,0.034440419
rlc_r0.5_a0.001_t9.9999999999999995e-07_b0,0,1,6,1,6423,6436,14,57924,6436,6.5732158049947031e-09,8.3995511032935056e-09,7.0000000000000007e-06,5.0200000000000002e-06,0.034603330000000002
rlc_r0.5_a0.001_t9.9999999999999995e-07_b0,0,1,7,1,6423,6436,14,57924,6436,6.5732158049947031e-09,8.3995511032935056e-09,7.0000000000000007e-06,5.0200000000000002e-06,0.034456419000000002
rlc_r0.5_a0.001_t9.9999999999999995e-07_b0,0,1,8,1,6423,6436,14,57924,6436,6.5732158049947031e-09,8.3995511032935056e-09,7.0000000000000007e-06,5.0200000000000002e-06,0.034454216000000003
rlc_r0.5_a0.001_t9.9999999999999995e-07_b0,0,1,9,1,6423,6436,14,57924,6436,6.5732158049947031e-09,8.3995511032935056e-09,7.0000000000000007e-06,5.0200000000000002e-06,0.034423046999999998
rlc_r0.5_a0.001_t9.9999999999999995e-07_b0,0,1,10,1,6423,6436,14,57924,6436,6.5732158049947031e-09,8.3995511032935056e-09,7.0000000000000007e-06,5.0200000000000002e-06,0.034406895
rlc_r0.5_a0.001_t9.9999999999999995e-07_b0,1,0,0,1,517,595,79,2679,149,2.4660083572070838e-06,2.4749649670478672e-06,7.0000000000000007e-06,5.0200000000000002e-06,0.00190675
rlc_r0.5_a0.001_t9.9999999999999995e-07_b0,1,0,1,1,517,595,79,2679,149,2.4660083572070838e-06,2.4749649670478672e-06,7.0000000000000007e-06,5.0200000000000002e-06,0.001867194
rlc_r0.5_a0.001_t9.9999999999999995e-07_b0,1,0,2,1,517,595,79,2679,149,2.4660083572070838e-06,2.4749649670478672e-06,7.0000000000000007e-06,5.0200000000000002e-06,0.001882012
rlc_r0.5_a0.001_t9.9999999999999995e-07_b0,1,0,3,1,517,595,79,2679,149,2.4660083572070838e-06,2.4749649670478672e-06,7.0000000000000007e-06,5.0200000000000002e-06,0.0018226500000000001
rlc_r0.5_a0.001_t9.9999999999999995e-07_b0,1,0,4,1,517,595,79,2679,149,2.4660083572070838e-06,2.4749649670478672e-06,7.0000000000000007e-06,5.0200000000000002e-06,0.0018860999999999999
rlc_r0.5_a0.001_t9.9999999999999995e-07_b0,1,0,5,1,517,595,79,2679,149,2.4660083572070838e-06,2.4749649670478672e-06,7.0000000000000007e-06,5.0200000000000002e-06,0.0018748390000000001
rlc_r0.5_a0.001_t9.9999999999999995e-07_b0,1,0,6,1,517,595,79,2679,149,2.4660083572070838e-06,2.4749649670478672e-06,7.0000000000000007e-06,5.0200000000000002e-06,0.0018480479999999999
rlc_r0.5_a0.001_t9.9999999999999995e-07_b0,1,0,7,1,517,595,79,2679,149,2.4660083572070838e-06,2.4749649670478672e-06,7.0000000000000007e-06,5.0200000000000002e-06,0.001891701
rlc_r0.5_a0.001_t9.9999999999999995e-07_b0,1,0,8,1,517,595,79,2679,149,2.4660083572070838e-06,2.4749649670478672e-06,7.0000000000000007e-06,5.0200000000000002e-06,0.0018496509999999999
rlc_r0.5_a0.001_t9.9999999999999995e-07_b0,1,0,9,1,517,595,79,2679,149,2.4660083572070838e-06,2.4749649670478672e-06,7.0000000000000007e-06,5.0200000000000002e-06,0.001860001
rlc_r0.5_a0.001_t9.9999999999999995e-07_b0,1,0,10,1,517,595,79,2679,149,2.4660083572070838e-06,2.4749649670478672e-06,7.0000000000000007e-06,5.0200000000000002e-06,0.001843199
rlc_r0.5_a0.001_t9.9999999999999995e-07_b0,1,1,0,1,6423,6436,14,20952,274,6.5732158238598209e-09,8.3995511349793141e-09,7.0000000000000007e-06,5.0200000000000002e-06,0.015236504
rlc_r0.5_a0.001_t9.9999999999999995e-07_b0,1,1,1,1,6423,6436,14,20952,274,6.5732158238598209e-09,8.3995511349793141e-09,7.0000000000000007e-06,5.0200000000000002e-06,0.015223268999999999
rlc_r0.5_a0.001_t9.9999999999999995e-07_b0,1,1,2,1,6423,6436,14,20952,274,6.5732158238598209e-09,8.3995511349793141e-09,7.0000000000000007e-06,5.0200000000000002e-06,0.015236674
rlc_r0.5_a0.001_t9.9999999999999995e-07_b0,1,1,3,1,6423,6436,14,20952,274,6.5732158238598209e-09,8.3995511349793141e-09,7.0000000000000007e-06,5.0200000000000002e-06,0.015232546
rlc_r0.5_a0.001_t9.9999999999999995e-07_b0,1,1,4,1,6423,6436,14,20952,274,6.5732158238598209e-09,8.3995511349793141e-09,7.0000000000000007e-06,5.0200000000000002e-06,0.015238056999999999
rlc_r0.5_a0.001_t9.9999999999999995e-07_b0,1,1,5,1,6423,6436,14,20952,274,6.5732158238598209e-09,8.3995511349793141e-09,7.0000000000000007e-06,5.0200000000000002e-06,0.015082082
rlc_r0.5_a0.001_t9.9999999999999995e-07_b0,1,1,6,1,6423,6436,14,20952,274,6.5732158238598209e-09,8.3995511349793141e-09,7.0000000000000007e-06,5.0200000000000002e-06,0.015155992
rlc_r0.5_a0.001_t9.9999999999999995e-07_b0,1,1,7,1,6423,6436,14,20952,274,6.5732158238598209e-09,8.3995511349793141e-09,7.0000000000000007e-06,5.0200000000000002e-06,0.015495004
rlc_r0.5_a0.001_t9.9999999999999995e-07_b0,1,1,8,1,6423,6436,14,20952,274,6.5732158238598209e-09,8.3995511349793141e-09,7.0000000000000007e-06,5.0200000000000002e-06,0.015193984000000001
rlc_r0.5_a0.001_t9.9999999999999995e-07_b0,1,1,9,1,6423,6436,14,20952,274,6.5732158238598209e-09,8.3995511349793141e-09,7.0000000000000007e-06,5.0200000000000002e-06,0.015114934
rlc_r0.5_a0.001_t9.9999999999999995e-07_b0,1,1,10,1,6423,6436,14,20952,274,6.5732158238598209e-09,8.3995511349793141e-09,7.0000000000000007e-06,5.0200000000000002e-06,0.015018180000000001
rlc_r0.5_a1_t9.9999999999999995e-07_b0,0,0,0,1,652,799,148,7191,799,0.0019131658405742158,0.0020112964372204223,0.0050020000000000004,0.00500002,0.0043258319999999999
rlc_r0.5_a1_t9.9999999999999995e-07_b0,0,0,1,1,652,799,148,7191,799,0.0019131658405742158,0.0020112964372204223,0.0050020000000000004,0.00500002,0.0042580930000000001
rlc_r0.5_a1_t9.9999999999999995e-07_b0,0,0,2,1,652,799,148,7191,799,0.0019131658405742158,0.0020112964372204223,0.0050020000000000004,0.00500002,0.0046189680000000002
rlc_r0.5_a1_t9.9999999999999995e-07_b0,0,0,3,1,652,799,148,7191,799,0.0019131658405742158,0.0020112964372204223,0.0050020000000000004,0.00500002,0.0042949219999999996
rlc_r0.5_a1_t9.9999999999999995e-07_b0,0,0,4,1,652,799,148,7191,799,0.0019131658405742158,0.0020112964372204223,0.0050020000000000004,0.00500002,0.0042945830000000003
rlc_r0.5_a1_t9.9999999999999995e-07_b0,0,0,5,1,652,799,148,7191,799,0.0019131658405742158,0.0020112964372204223,0.0050020000000000004,0.00500002,0.0042560590000000004
rlc_r0.5_a1_t9.9999999999999995e-07_b0,0,0,6,1,652,799,148,7191,799,0.0019131658405742158,0.0020112964372204223,0.0050020000000000004,0.00500002,0.0042939709999999997
rlc_r0.5_a1_t9.9999999999999995e-07_b0,0,0,7,1,652,799,148,7191,799,0.0019131658405742158,0.0020112964372204223,0.0050020000000000004,0.00500002,0.004253504
rlc_r0.5_a1_t9.9999999999999995e-07_b0,0,0,8,1,652,799,148,7191,799,0.0019131658405742158,0.0020112964372204223,0.0050020000000000004,0.00500002,0.0042841529999999997
rlc_r0.5_a1_t9.9999999999999995e-07_b0,0,0,9,1,652,799,148,7191,799,0.0019131658405742158,0.0020112964372204223,0.0050020000000000004,0.00500002,0.0043150819999999996
rlc_r0.5_a1_t9.9999999999999995e-07_b0,0,0,10,1,652,799,148,7191,799,0.0019131658405742158,0.0020112964372204223,0.0050020000000000004,0.00500002,0.0042926689999999998
rlc_r0.5_a1_t9.9999999999999995e-07_b0,0,1,0,1,6437,6459,23,58131,6459,7.8486482432138516e-06,1.1318259463710678e-05,0.0050020000000000004,0.00500002,0.034867941
rlc_r0.5_a1_t9.9999999999999995e-07_b0,0,1,1,1,6437,6459,23,58131,6459,7.8486482432138516e-06,1.1318259463710678e-05,0.0050020000000000004,0.00500002,0.034644056999999999
rlc_r0.5_a1_t9.9999999999999995e-07_b0,0,1,2,1,6437,6459,23,58131,6459,7.8486482432138516e-06,1.1318259463710678e-05,0.0050020000000000004,0.00500002,0.034844585999999997
rlc_r0.5_a1_t9.9999999999999995e-07_b0,0,1,3,1,6437,6459,23,58131,6459,7.8486482432138516e-06,1.1318259463710678e-05,0.0050020000000000004,0.00500002,0.034749898000000001
rlc_r0.5_a1_t9.9999999999999995e-07_b0,0,1,4,1,6437,6459,23,58131,6459,7.8486482432138516e-06,1.1318259463710678e-05,0.0050020000000000004,0.00500002,0.034639446999999997
rlc_r0.5_a1_t9.9999999999999995e-07_b0,0,1,5,1,6437,6459,23,58131,6459,7.8486482432138516e-06,1.1318259463710678e-05,0.0050020000000000004,0.00500002,0.034494162000000002
rlc_r0.5_a1_t9.9999999999999995e-07_b0,0,1,6,1,6437,6459,23,58131,6459,7.8486482432138516e-06,1.1318259463710678e-05,0.0050020000000000004,0.00500002,0.034867730999999999
rlc_r0.5_a1_t9.9999999999999995e-07_b0,0,1,7,1,6437,6459,23,58131,6459,7.8486482432138516e-06,1.1318259463710678e-05,0.0050020000000000004,0.00500002,0.034774082999999997
rlc_r0.5_a1_t9.9999999999999995e-07_b0,0,1,8,1,6437,6459,23,58131,6459,7.8486482432138516e-06,1.1318259463710678e-05,0.0050020000000000004,0.00500002,0.034667670999999997
rlc_r0.5_a1_t9.9999999999999995e-07_b0,0,1,9,1,6437,6459,23,58131,6459,7.8486482432138516e-06,1.1318259463710678e-05,0.0050020000000000004,0.00500002,0.034978552000000003
rlc_r0.5_a1_t9.9999999999999995e-07_b0,0,1,10,1,6437,6459,23,58131,6459,7.8486482432138516e-06,1.1318259463710678e-05,0.0050020000000000004,0.00500002,0.034756570000000001
rlc_r0.5_a1_t9.9999999999999995e-07_b0,1,0,0,1,656,796,141,3354,161,0.0018622244228603257,0.0019737302517635058,0.0050020000000000004,0.00500002,0.0023662520000000001
rlc_r0.5_a1_t9.9999999999999995e-07_b0,1,0,1,1,656,796,141,3354,161,0.0018622244228603257,0.0019737302517635058,0.0050020000000000004,0.00500002,0.0023311260000000002
rlc_r0.5_a1_t9.9999999999999995e-07_b0,1,0,2,1,656,796,141,3354,161,0.0018622244228603257,0.0019737302517635058,0.0050020000000000004,0.00500002,0.0023441
rlc_r0.5_a1_t9.9999999999999995e-07_b0,1,0,3,1,656,796,141,3354,161,0.0018622244228603257,0.0019737302517635058,0.0050020000000000004,0.00500002,0.002336365
rlc_r0.5_a1_t9.9999999999999995e-07_b0,1,0,4,1,656,796,141,3354,161,0.0018622244228603257,0.0019737302517635058,0.0050020000000000004,0.00500002,0.0023226990000000001
rlc_r0.5_a1_t9.9999999999999995e-07_b0,1,0,5,1,656,796,141,3354,161,0.0018622244228603257,0.0019737302517635058,0.0050020000000000004,0.00500002,0.002321217
rlc_r0.5_a1_t9.9999999999999995e-07_b0,1,0,6,1,656,796,141,3354,161,0.0018622244228603257,0.0019737302517635058,0.0050020000000000004,0.00500002,0.0023300629999999998
rlc_r0.5_a1_t9.9999999999999995e-07_b0,1,0,7,1,656,796,141,3354,161,0.0018622244228603257,0.0019737302517635058,0.0050020000000000004,0.00500002,0.0023254450000000002
rlc_r0.5_a1_t9.9999999999999995e-07_b0,1,0,8,1,656,796,141,3354,161,0.0018622244228603257,0.0019737302517635058,0.0050020000000000004,0.00500002,0.0023353139999999998
rlc_r0.5_a1_t9.9999999999999995e-07_b0,1,0,9,1,656,796,141,3354,161,0.0018622244228603257,0.0019737302517635058,0.0050020000000000004,0.00500002,0.0023659520000000002
rlc_r0.5_a1_t9.9999999999999995e-07_b0,1,0,10,1,656,796,141,3354,161,0.0018622244228603257,0.0019737302517635058,0.0050020000000000004,0.00500002,0.0023364359999999999
rlc_r0.5_a1_t9.9999999999999995e-07_b0,1,1,0,1,6436,6461,26,21153,295,8.3009751558060785e-06,1.0754204661150846e-05,0.0050020000000000004,0.00500002,0.015336954999999999
rlc_r0.5_a1_t9.9999999999999995e-07_b0,1,1,1,1,6436,6461,26,21153,295,8.3009751558060785e-06,1.0754204661150846e-05,0.0050020000000000004,0.00500002,0.015223248999999999
rlc_r0.5_a1_t9.9999999999999995e-07_b0,1,1,2,1,6436,6461,26,21153,295,8.3009751558060785e-06,1.0754204661150846e-05,0.0050020000000000004,0.00500002,0.015283412999999999
rlc_r0.5_a1_t9.9999999999999995e-07_b0,1,1,3,1,6436,6461,26,21153,295,8.3009751558060785e-06,1.0754204661150846e-05,0.0050020000000000004,0.00500002,0.015090067
rlc_r0.5_a1_t9.9999999999999995e-07_b0,1,1,4,1,6436,6461,26,21153,295,8.3009751558060785e-06,1.0754204661150846e-05,0.0050020000000000004,0.00500002,0.017352190999999999
rlc_r0.5_a1_t9.9999999999999995e-07_b0,1,1,5,1,6436,6461,26,21153,295,8.3009751558060785e-06,1.0754204661150846e-05,0.0050020000000000004,0.00500002,0.015179586
rlc_r0.5_a1_t9.9999999999999995e-07_b0,1,1,6,1,6436,6461,26,21153,295,8.3009751558060785e-06,1.0754204661150846e-05,0.0050020000000000004,0.00500002,0.015093692000000001
rlc_r0.5_a1_t9.9999999999999995e-07_b0,1,1,7,1,6436,6461,26,21153,295,8.3009751558060785e-06,1.0754204661150846e-05,0.0050020000000000004,0.00500002,0.015140412000000001
rlc_r0.5_a1_t9.9999999999999995e-07_b0,1,1,8,1,6436,6461,26,21153,295,8.3009751558060785e-06,1.0754204661150846e-05,0.0050020000000000004,0.00500002,0.015126344999999999
rlc_r0.5_a1_t9.9999999999999995e-07_b0,1,1,9,1,6436,6461,26,21153,295,8.3009751558060785e-06,1.0754204661150846e-05,0.0050020000000000004,0.00500002,0.015117808999999999
rlc_r0.5_a1_t9.9999999999999995e-07_b0,1,1,10,1,6436,6461,26,21153,295,8.3009751558060785e-06,1.0754204661150846e-05,0.0050020000000000004,0.00500002,0.015162493000000001
rlc_r0.5_a1_t0.001_b400,0,0,0,1,652,799,148,7191,799,0.0019131662451883358,0.0020112969032872186,0.0050020000000000004,0.00500002,0.0042454199999999997
rlc_r0.5_a1_t0.001_b400,0,0,1,1,652,799,148,7191,799,0.0019131662451883358,0.0020112969032872186,0.0050020000000000004,0.00500002,0.0043218450000000004
rlc_r0.5_a1_t0.001_b400,0,0,2,1,652,799,148,7191,799,0.0019131662451883358,0.0020112969032872186,0.0050020000000000004,0.00500002,0.0042944330000000003
rlc_r0.5_a1_t0.001_b400,0,0,3,1,652,799,148,7191,799,0.0019131662451883358,0.0020112969032872186,0.0050020000000000004,0.00500002,0.00430891
rlc_r0.5_a1_t0.001_b400,0,0,4,1,652,799,148,7191,799,0.0019131662451883358,0.0020112969032872186,0.0050020000000000004,0.00500002,0.0042966159999999996
rlc_r0.5_a1_t0.001_b400,0,0,5,1,652,799,148,7191,799,0.0019131662451883358,0.0020112969032872186,0.0050020000000000004,0.00500002,0.004297899
rlc_r0.5_a1_t0.001_b400,0,0,6,1,652,799,148,7191,799,0.0019131662451883358,0.0020112969032872186,0.0050020000000000004,0.00500002,0.00427736
rlc_r0.5_a1_t0.001_b400,0,0,7,1,652,799,148,7191,799,0.0019131662451883358,0.0020112969032872186,0.0050020000000000004,0.00500002,0.0042605380000000003
rlc_r0.5_a1_t0.001_b400,0,0,8,1,652,799,148,7191,799,0.0019131662451883358,0.0020112969032872186,0.0050020000000000004,0.00500002,0.0043065359999999997
rlc_r0.5_a1_t0.001_b400,0,0,9,1,652,799,148,7191,799,0.0019131662451883358,0.0020112969032872186,0.0050020000000000004,0.00500002,0.0042846840000000004
rlc_r0.5_a1_t0.001_b400,0,0,10,1,652,799,148,7191,799,0.0019131662451883358,0.0020112969032872186,0.0050020000000000004,0.00500002,0.0042730219999999996
rlc_r0.5_a1_t0.001_b400,0,1,0,1,6437,6459,23,58131,6459,7.849031236295545e-06,1.13179986199613e-05,0.0050020000000000004,0.00500002,0.034615892000000002
rlc_r0.5_a1_t0.001_b400,0,1,1,1,6437,6459,23,58131,6459,7.849031236295545e-06,1.13179986199613e-05,0.0050020000000000004,0.00500002,0.034410022999999998
rlc_r0.5_a1_t0.001_b400,0,1,2,1,6437,6459,23,58131,6459,7.849031236295545e-06,1.13179986199613e-05,0.0050020000000000004,0.00500002,0.034336291999999997
rlc_r0.5_a1_t0.001_b400,0,1,3,1,6437,6459,23,58131,6459,7.849031236295545e-06,1.13179986199613e-05,0.0050020000000000004,0.00500002,0.034222597
rlc_r0.5_a1_t0.001_b400,0,1,4,1,6437,6459,23,58131,6459,7.849031236295545e-06,1.13179986199613e-05,0.0050020000000000004,0.00500002,0.034275406000000001
rlc_r0.5_a1_t0.001_b400,0,1,5,1,6437,6459,23,58131,6459,7.849031236295545e-06,1.13179986199613e-05,0.0050020000000000004,0.00500002,0.034347424000000001
rlc_r0.5_a1_t0.001_b400,0,1,6,1,6437,6459,23,58131,6459,7.849031236295545e-06,1.13179986199613e-05,0.0050020000000000004,0.00500002,0.034702015000000003
rlc_r0.5_a1_t0.001_b400,0,1,7,1,6437,6459,23,58131,6459,7.849031236295545e-06,1.13179986199613e-05,0.0050020000000000004,0.00500002,0.034522245
rlc_r0.5_a1_t0.001_b400,0,1,8,1,6437,6459,23,58131,6459,7.849031236295545e-06,1.13179986199613e-05,0.0050020000000000004,0.00500002,0.034821642999999999
rlc_r0.5_a1_t0.001_b400,0,1,9,1,6437,6459,23,58131,6459,7.849031236295545e-06,1.13179986199613e-05,0.0050020000000000004,0.00500002,0.034478663
rlc_r0.5_a1_t0.001_b400,0,1,10,1,6437,6459,23,58131,6459,7.849031236295545e-06,1.13179986199613e-05,0.0050020000000000004,0.00500002,0.034354811999999998
rlc_r0.5_a1_t0.001_b400,1,0,0,1,656,796,141,3354,161,0.0018622248532409458,0.0019737306736781202,0.0050020000000000004,0.00500002,0.002304375
rlc_r0.5_a1_t0.001_b400,1,0,1,1,656,796,141,3354,161,0.0018622248532409458,0.0019737306736781202,0.0050020000000000004,0.00500002,0.0023393110000000002
rlc_r0.5_a1_t0.001_b400,1,0,2,1,656,796,141,3354,161,0.0018622248532409458,0.0019737306736781202,0.0050020000000000004,0.00500002,0.0022803089999999999
rlc_r0.5_a1_t0.001_b400,1,0,3,1,656,796,141,3354,161,0.0018622248532409458,0.0019737306736781202,0.0050020000000000004,0.00500002,0.0022708210000000001
rlc_r0.5_a1_t0.001_b400,1,0,4,1,656,796,141,3354,161,0.0018622248532409458,0.0019737306736781202,0.0050020000000000004,0.00500002,0.0023335299999999999
rlc_r0.5_a1_t0.001_b400,1,0,5,1,656,796,141,3354,161,0.0018622248532409458,0.0019737306736781202,0.0050020000000000004,0.00500002,0.0023043640000000002
rlc_r0.5_a1_t0.001_b400,1,0,6,1,656,796,141,3354,161,0.0018622248532409458,0.0019737306736781202,0.0050020000000000004,0.00500002,0.0023281
rlc_r0.5_a1_t0.001_b400,1,0,7,1,656,796,141,3354,161,0.0018622248532409458,0.0019737306736781202,0.0050020000000000004,0.00500002,0.0022793869999999999
rlc_r0.5_a1_t0.001_b400,1,0,8,1,656,796,141,3354,161,0.0018622248532409458,0.0019737306736781202,0.0050020000000000004,0.00500002,0.0022955369999999998
rlc_r0.5_a1_t0.001_b400,1,0,9,1,656,796,141,3354,161,0.0018622248532409458,0.0019737306736781202,0.0050020000000000004,0.00500002,0.0023106770000000001
rlc_r0.5_a1_t0.001_b400,1,0,10,1,656,796,141,3354,161,0.0018622248532409458,0.0019737306736781202,0.0050020000000000004,0.00500002,0.0022798179999999999
rlc_r0.5_a1_t0.001_b400,1,1,0,1,6436,6461,26,21153,295,8.3023910983914817e-06,1.0752476415493151e-05,0.0050020000000000004,0.00500002,0.015106227
rlc_r0.5_a1_t0.001_b400,1,1,1,1,6436,6461,26,21153,295,8.3023910983914817e-06,1.0752476415493151e-05,0.0050020000000000004,0.00500002,0.015010515
rlc_r0.5_a1_t0.001_b400,1,1,2,1,6436,6461,26,21153,295,8.3023910983914817e-06,1.0752476415493151e-05,0.0050020000000000004,0.00500002,0.015055361
rlc_r0.5_a1_t0.001_b400,1,1,3,1,6436,6461,26,21153,295,8.3023910983914817e-06,1.0752476415493151e-05,0.0050020000000000004,0.00500002,0.0150499
rlc_r0.5_a1_t0.001_b400,1,1,4,1,6436,6461,26,21153,295,8.3023910983914817e-06,1.0752476415493151e-05,0.0050020000000000004,0.00500002,0.015036704999999999
rlc_r0.5_a1_t0.001_b400,1,1,5,1,6436,6461,26,21153,295,8.3023910983914817e-06,1.0752476415493151e-05,0.0050020000000000004,0.00500002,0.014970007
rlc_r0.5_a1_t0.001_b400,1,1,6,1,6436,6461,26,21153,295,8.3023910983914817e-06,1.0752476415493151e-05,0.0050020000000000004,0.00500002,0.015092009999999999
rlc_r0.5_a1_t0.001_b400,1,1,7,1,6436,6461,26,21153,295,8.3023910983914817e-06,1.0752476415493151e-05,0.0050020000000000004,0.00500002,0.015458085
rlc_r0.5_a1_t0.001_b400,1,1,8,1,6436,6461,26,21153,295,8.3023910983914817e-06,1.0752476415493151e-05,0.0050020000000000004,0.00500002,0.016439328
rlc_r0.5_a1_t0.001_b400,1,1,9,1,6436,6461,26,21153,295,8.3023910983914817e-06,1.0752476415493151e-05,0.0050020000000000004,0.00500002,0.016371687999999999
rlc_r0.5_a1_t0.001_b400,1,1,10,1,6436,6461,26,21153,295,8.3023910983914817e-06,1.0752476415493151e-05,0.0050020000000000004,0.00500002,0.016040871000000002
rlc_r0.5_a100_t0.001_b0,0,0,0,1,686,826,141,7434,826,0.19115136872744642,0.20081774151415743,0.50000199999999995,0.50000001999999999,0.0054151499999999997
rlc_r0.5_a100_t0.001_b0,0,0,1,1,686,826,141,7434,826,0.19115136872744642,0.20081774151415743,0.50000199999999995,0.50000001999999999,0.0050035790000000002
rlc_r0.5_a100_t0.001_b0,0,0,2,1,686,826,141,7434,826,0.19115136872744642,0.20081774151415743,0.50000199999999995,0.50000001999999999,0.0047447469999999997
rlc_r0.5_a100_t0.001_b0,0,0,3,1,686,826,141,7434,826,0.19115136872744642,0.20081774151415743,0.50000199999999995,0.50000001999999999,0.004353885
rlc_r0.5_a100_t0.001_b0,0,0,4,1,686,826,141,7434,826,0.19115136872744642,0.20081774151415743,0.50000199999999995,0.50000001999999999,0.0050198489999999998
rlc_r0.5_a100_t0.001_b0,0,0,5,1,686,826,141,7434,826,0.19115136872744642,0.20081774151415743,0.50000199999999995,0.50000001999999999,0.004853914
rlc_r0.5_a100_t0.001_b0,0,0,6,1,686,826,141,7434,826,0.19115136872744642,0.20081774151415743,0.50000199999999995,0.50000001999999999,0.0043452489999999998
rlc_r0.5_a100_t0.001_b0,0,0,7,1,686,826,141,7434,826,0.19115136872744642,0.20081774151415743,0.50000199999999995,0.50000001999999999,0.0043453889999999998
rlc_r0.5_a100_t0.001_b0,0,0,8,1,686,826,141,7434,826,0.19115136872744642,0.20081774151415743,0.50000199999999995,0.50000001999999999,0.0043630630000000004
rlc_r0.5_a100_t0.001_b0,0,0,9,1,686,826,141,7434,826,0.19115136872744642,0.20081774151415743,0.50000199999999995,0.50000001999999999,0.0043947029999999998
rlc_r0.5_a100_t0.001_b0,0,0,10,1,686,826,141,7434,826,0.19115136872744642,0.20081774151415743,0.50000199999999995,0.50000001999999999,0.0043711770000000004
rlc_r0.5_a100_t0.001_b0,0,1,0,1,6471,6498,28,58482,6498,0.00081332637597597568,0.0010850427746689206,0.50000199999999995,0.50000001999999999,0.034228547999999998
rlc_r0.5_a100_t0.001_b0,0,1,1,1,6471,6498,28,58482,6498,0.00081332637597597568,0.0010850427746689206,0.50000199999999995,0.50000001999999999,0.034251720999999999
rlc_r0.5_a100_t0.001_b0,0,1,2,1,6471,6498,28,58482,6498,0.00081332637597597568,0.0010850427746689206,0.50000199999999995,0.50000001999999999,0.034007648000000001
rlc_r0.5_a100_t0.001_b0,0,1,3,1,6471,6498,28,58482,6498,0.00081332637597597568,0.0010850427746689206,0.50000199999999995,0.50000001999999999,0.034045609999999997
rlc_r0.5_a100_t0.001_b0,0,1,4,1,6471,6498,28,58482,6498,0.00081332637597597568,0.0010850427746689206,0.50000199999999995,0.50000001999999999,0.034329059000000002
rlc_r0.5_a100_t0.001_b0,0,1,5,1,6471,6498,28,58482,6498,0.00081332637597597568,0.0010850427746689206,0.50000199999999995,0.50000001999999999,0.034138215999999999
rlc_r0.5_a100_t0.001_b0,0,1,6,1,6471,6498,28,58482,6498,0.00081332637597597568,0.0010850427746689206,0.50000199999999995,0.50000001999999999,0.035937292000000003
rlc_r0.5_a100_t0.001_b0,0,1,7,1,6471,6498,28,58482,6498,0.00081332637597597568,0.0010850427746689206,0.50000199999999995,0.50000001999999999,0.034045560000000002
rlc_r0.5_a100_t0.001_b0,0,1,8,1,6471,6498,28,58482,6498,0.00081332637597597568,0.0010850427746689206,0.50000199999999995,0.50000001999999999,0.034309272000000002
rlc_r0.5_a100_t0.001_b0,0,1,9,1,6471,6498,28,58482,6498,0.00081332637597597568,0.0010850427746689206,0.50000199999999995,0.50000001999999999,0.034186066000000001
rlc_r0.5_a100_t0.001_b0,0,1,10,1,6471,6498,28,58482,6498,0.00081332637597597568,0.0010850427746689206,0.50000199999999995,0.50000001999999999,0.034234589000000003
rlc_r0.5_a100_t0.001_b0,1,0,0,1,687,835,149,3525,170,0.1863195414705956,0.19793981581020148,0.50000199999999995,0.50000001999999999,0.0024054469999999998
rlc_r0.5_a100_t0.001_b0,1,0,1,1,687,835,149,3525,170,0.1863195414705956,0.19793981581020148,0.50000199999999995,0.50000001999999999,0.0024605209999999998
rlc_r0.5_a100_t0.001_b0,1,0,2,1,687,835,149,3525,170,0.1863195414705956,0.19793981581020148,0.50000199999999995,0.50000001999999999,0.0024014589999999999
rlc_r0.5_a100_t0.001_b0,1,0,3,1,687,835,149,3525,170,0.1863195414705956,0.19793981581020148,0.50000199999999995,0.50000001999999999,0.0024040929999999999
rlc_r0.5_a100_t0.001_b0,1,0,4,1,687,835,149,3525,170,0.1863195414705956,0.19793981581020148,0.50000199999999995,0.50000001999999999,0.0023864009999999998
rlc_r0.5_a100_t0.001_b0,1,0,5,1,687,835,149,3525,170,0.1863195414705956,0.19793981581020148,0.50000199999999995,0.50000001999999999,0.0024232709999999998
rlc_r0.5_a100_t0.001_b0,1,0,6,1,687,835,149,3525,170,0.1863195414705956,0.19793981581020148,0.50000199999999995,0.50000001999999999,0.0024165979999999998
rlc_r0.5_a100_t0.001_b0,1,0,7,1,687,835,149,3525,170,0.1863195414705956,0.19793981581020148,0.50000199999999995,0.50000001999999999,0.0024453320000000001
rlc_r0.5_a100_t0.001_b0,1,0,8,1,687,835,149,3525,170,0.1863195414705956,0.19793981581020148,0.50000199999999995,0.50000001999999999,0.0024058170000000002
rlc_r0.5_a100_t0.001_b0,1,0,9,1,687,835,149,3525,170,0.1863195414705956,0.19793981581020148,0.50000199999999995,0.50000001999999999,0.0023756089999999999
rlc_r0.5_a100_t0.001_b0,1,0,10,1,687,835,149,3525,170,0.1863195414705956,0.19793981581020148,0.50000199999999995,0.50000001999999999,0.0024216469999999999
rlc_r0.5_a100_t0.001_b0,1,1,0,1,6469,6494,26,21270,298,0.00077644774584939569,0.0011350279761508375,0.50000199999999995,0.50000001999999999,0.015141414000000001
rlc_r0.5_a100_t0.001_b0,1,1,1,1,6469,6494,26,21270,298,0.00077644774584939569,0.0011350279761508375,0.50000199999999995,0.50000001999999999,0.015094293999999999
rlc_r0.5_a100_t0.001_b0,1,1,2,1,6469,6494,26,21270,298,0.00077644774584939569,0.0011350279761508375,0.50000199999999995,0.50000001999999999,0.015003041
rlc_r0.5_a100_t0.001_b0,1,1,3,1,6469,6494,26,21270,298,0.00077644774584939569,0.0011350279761508375,0.50000199999999995,0.50000001999999999,0.014979154999999999
rlc_r0.5_a100_t0.001_b0,1,1,4,1,6469,6494,26,21270,298,0.00077644774584939569,0.0011350279761508375,0.50000199999999995,0.50000001999999999,0.014962523
rlc_r0.5_a100_t0.001_b0,1,1,5,1,6469,6494,26,21270,298,0.00077644774584939569,0.0011350279761508375,0.50000199999999995,0.50000001999999999,0.014963356000000001
rlc_r0.5_a100_t0.001_b0,1,1,6,1,6469,6494,26,21270,298,0.00077644774584939569,0.0011350279761508375,0.50000199999999995,0.50000001999999999,0.015261581
rlc_r0.5_a100_t0.001_b0,1,1,7,1,6469,6494,26,21270,298,0.00077644774584939569,0.0011350279761508375,0.50000199999999995,0.50000001999999999,0.015129181
rlc_r0.5_a100_t0.001_b0,1,1,8,1,6469,6494,26,21270,298,0.00077644774584939569,0.0011350279761508375,0.50000199999999995,0.50000001999999999,0.015249608
rlc_r0.5_a100_t0.001_b0,1,1,9,1,6469,6494,26,21270,298,0.00077644774584939569,0.0011350279761508375,0.50000199999999995,0.50000001999999999,0.015294053
rlc_r0.5_a100_t0.001_b0,1,1,10,1,6469,6494,26,21270,298,0.00077644774584939569,0.0011350279761508375,0.50000199999999995,0.50000001999999999,0.015185748000000001
rlc_r20_a0.001_t9.9999999999999995e-07_b0,0,0,0,1,351,383,33,3447,383,5.2853037512973905e-09,2.143332307165749e-08,7.0000000000000007e-06,5.0200000000000002e-06,0.0020530269999999998
rlc_r20_a0.001_t9.9999999999999995e-07_b0,0,0,1,1,351,383,33,3447,383,5.2853037512973905e-09,2.143332307165749e-08,7.0000000000000007e-06,5.0200000000000002e-06,0.0020726450000000001
rlc_r20_a0.001_t9.9999999999999995e-07_b0,0,0,2,1,351,383,33,3447,383,5.2853037512973905e-09,2.143332307165749e-08,7.0000000000000007e-06,5.0200000000000002e-06,0.002072314
rlc_r20_a0.001_t9.9999999999999995e-07_b0,0,0,3,1,351,383,33,3447,383,5.2853037512973905e-09,2.143332307165749e-08,7.0000000000000007e-06,5.0200000000000002e-06,0.002060952
rlc_r20_a0.001_t9.9999999999999995e-07_b0,0,0,4,1,351,383,33,3447,383,5.2853037512973905e-09,2.143332307165749e-08,7.0000000000000007e-06,5.0200000000000002e-06,0.0020270179999999998
rlc_r20_a0.001_t9.9999999999999995e-07_b0,0,0,5,1,351,383,33,3447,383,5.2853037512973905e-09,2.143332307165749e-08,7.0000000000000007e-06,5.0200000000000002e-06,0.0020531270000000001
rlc_r20_a0.001_t9.9999999999999995e-07_b0,0,0,6,1,351,383,33,3447,383,5.2853037512973905e-09,2.143332307165749e-08,7.0000000000000007e-06,5.0200000000000002e-06,0.0020412550000000001
rlc_r20_a0.001_t9.9999999999999995e-07_b0,0,0,7,1,351,383,33,3447,383,5.2853037512973905e-09,2.143332307165749e-08,7.0000000000000007e-06,5.0200000000000002e-06,0.0020536980000000001
rlc_r20_a0.001_t9.9999999999999995e-07_b0,0,0,8,1,351,383,33,3447,383,5.2853037512973905e-09,2.143332307165749e-08,7.0000000000000007e-06,5.0200000000000002e-06,0.0020443610000000002
rlc_r20_a0.001_t9.9999999999999995e-07_b0,0,0,9,1,351,383,33,3447,383,5.2853037512973905e-09,2.143332307165749e-08,7.0000000000000007e-06,5.0200000000000002e-06,0.0021067600000000001
rlc_r20_a0.001_t9.9999999999999995e-07_b0,0,0,10,1,351,383,33,3447,383,5.2853037512973905e-09,2.143332307165749e-08,7.0000000000000007e-06,5.0200000000000002e-06,0.0020302440000000001
rlc_r20_a0.001_t9.9999999999999995e-07_b0,0,1,0,1,6432,6447,16,58023,6447,1.0380869599796623e-09,1.3817409304120958e-08,7.0000000000000007e-06,5.0200000000000002e-06,0.033807358000000003
rlc_r20_a0.001_t9.9999999999999995e-07_b0,0,1,1,1,6432,6447,16,58023,6447,1.0380869599796623e-09,1.3817409304120958e-08,7.0000000000000007e-06,5.0200000000000002e-06,0.033506237000000001
rlc_r20_a0.001_t9.9999999999999995e-07_b0,0,1,2,1,6432,6447,16,58023,6447,1.0380869599796623e-09,1.3817409304120958e-08,7.0000000000000007e-06,5.0200000000000002e-06,0.033790605000000001
rlc_r20_a0.001_t9.9999999999999995e-07_b0,0,1,3,1,6432,6447,16,58023,6447,1.0380869599796623e-09,1.3817409304120958e-08,7.0000000000000007e-06,5.0200000000000002e-06,0.033656290999999998
rlc_r20_a0.001_t9.9999999999999995e-07_b0,0,1,4,1,6432,6447,16,58023,6447,1.0380869599796623e-09,1.3817409304120958e-08,7.0000000000000007e-06,5.0200000000000002e-06,0.033647665
rlc_r20_a0.001_t9.9999999999999995e-07_b0,0,1,5,1,6432,6447,16,58023,6447,1.0380869599796623e-09,1.3817409304120958e-08,7.0000000000000007e-06,5.0200000000000002e-06,0.033578233999999998
rlc_r20_a0.001_t9.9999999999999995e-07_b0,0,1,6,1,6432,6447,16,58023,6447,1.0380869599796623e-09,1.3817409304120958e-08,7.0000000000000007e-06,5.0200000000000002e-06,0.033672541
rlc_r20_a0.001_t9.9999999999999995e-07_b0,0,1,7,1,6432,6447,16,58023,6447,1.0380869599796623e-09,1.3817409304120958e-08,7.0000000000000007e-06,5.0200000000000002e-06,0.033456392000000001
rlc_r20_a0.001_t9.9999999999999995e-07_b0,0,1,8,1,6432,6447,16,58023,6447,1.0380869599796623e-09,1.3817409304120958e-08,7.0000000000000007e-06,5.0200000000000002e-06,0.033348775999999997
rlc_r20_a0.001_t9.9999999999999995e-07_b0,0,1,9,1,6432,6447,16,58023,6447,1.0380869599796623e-09,1.3817409304120958e-08,7.0000000000000007e-06,5.0200000000000002e-06,0.033414953999999997
rlc_r20_a0.001_t9.9999999999999995e-07_b0,0,1,10,1,6432,6447,16,58023,6447,1.0380869599796623e-09,1.3817409304120958e-08,7.0000000000000007e-06,5.0200000000000002e-06,0.033401607
rlc_r20_a0.001_t9.9999999999999995e-07_b0,1,0,0,1,356,380,25,1554,69,1.3519737172991951e-08,1.839899384460848e-08,7.0000000000000007e-06,5.0200000000000002e-06,0.0010815930000000001
rlc_r20_a0.001_t9.9999999999999995e-07_b0,1,0,1,1,356,380,25,1554,69,1.3519737172991951e-08,1.839899384460848e-08,7.0000000000000007e-06,5.0200000000000002e-06,0.0010445929999999999
rlc_r20_a0.001_t9.9999999999999995e-07_b0,1,0,2,1,356,380,25,1554,69,1.3519737172991951e-08,1.839899384460848e-08,7.0000000000000007e-06,5.0200000000000002e-06,0.0011420480000000001
rlc_r20_a0.001_t9.9999999999999995e-07_b0,1,0,3,1,356,380,25,1554,69,1.3519737172991951e-08,1.839899384460848e-08,7.0000000000000007e-06,5.0200000000000002e-06,0.0010521370000000001
rlc_r20_a0.001_t9.9999999999999995e-07_b0,1,0,4,1,356,380,25,1554,69,1.3519737172991951e-08,1.839899384460848e-08,7.0000000000000007e-06,5.0200000000000002e-06,0.0010391230000000001
rlc_r20_a0.001_t9.9999999999999995e-07_b0,1,0,5,1,356,380,25,1554,69,1.3519737172991951e-08,1.839899384460848e-08,7.0000000000000007e-06,5.0200000000000002e-06,0.001048029
rlc_r20_a0.001_t9.9999999999999995e-07_b0,1,0,6,1,356,380,25,1554,69,1.3519737172991951e-08,1.839899384460848e-08,7.0000000000000007e-06,5.0200000000000002e-06,0.0010681779999999999
rlc_r20_a0.001_t9.9999999999999995e-07_b0,1,0,7,1,356,380,25,1554,69,1.3519737172991951e-08,1.839899384460848e-08,7.0000000000000007e-06,5.0200000000000002e-06,0.0010417479999999999
rlc_r20_a0.001_t9.9999999999999995e-07_b0,1,0,8,1,356,380,25,1554,69,1.3519737172991951e-08,1.839899384460848e-08,7.0000000000000007e-06,5.0200000000000002e-06,0.0010659140000000001
rlc_r20_a0.001_t9.9999999999999995e-07_b0,1,0,9,1,356,380,25,1554,69,1.3519737172991951e-08,1.839899384460848e-08,7.0000000000000007e-06,5.0200000000000002e-06,0.0010463670000000001
rlc_r20_a0.001_t9.9999999999999995e-07_b0,1,0,10,1,356,380,25,1554,69,1.3519737172991951e-08,1.839899384460848e-08,7.0000000000000007e-06,5.0200000000000002e-06,0.0010714640000000001
rlc_r20_a0.001_t9.9999999999999995e-07_b0,1,1,0,1,6434,6452,19,20892,256,1.7107013182871174e-09,1.3732024449853786e-08,7.0000000000000007e-06,5.0200000000000002e-06,0.014320355
rlc_r20_a0.001_t9.9999999999999995e-07_b0,1,1,1,1,6434,6452,19,20892,256,1.7107013182871174e-09,1.3732024449853786e-08,7.0000000000000007e-06,5.0200000000000002e-06,0.014268496
rlc_r20_a0.001_t9.9999999999999995e-07_b0,1,1,2,1,6434,6452,19,20892,256,1.7107013182871174e-09,1.3732024449853786e-08,7.0000000000000007e-06,5.0200000000000002e-06,0.014337857000000001
rlc_r20_a0.001_t9.9999999999999995e-07_b0,1,1,3,1,6434,6452,19,20892,256,1.7107013182871174e-09,1.3732024449853786e-08,7.0000000000000007e-06,5.0200000000000002e-06,0.014254721
rlc_r20_a0.001_t9.9999999999999995e-07_b0,1,1,4,1,6434,6452,19,20892,256,1.7107013182871174e-09,1.3732024449853786e-08,7.0000000000000007e-06,5.0200000000000002e-06,0.014144731000000001
rlc_r20_a0.001_t9.9999999999999995e-07_b0,1,1,5,1,6434,6452,19,20892,256,1.7107013182871174e-09,1.3732024449853786e-08,7.0000000000000007e-06,5.0200000000000002e-06,0.014130234
rlc_r20_a0.001_t9.9999999999999995e-07_b0,1,1,6,1,6434,6452,19,20892,256,1.7107013182871174e-09,1.3732024449853786e-08,7.0000000000000007e-06,5.0200000000000002e-06,0.014122920000000001
rlc_r20_a0.001_t9.9999999999999995e-07_b0,1,1,7,1,6434,6452,19,20892,256,1.7107013182871174e-09,1.3732024449853786e-08,7.0000000000000007e-06,5.0200000000000002e-06,0.014126767
rlc_r20_a0.001_t9.9999999999999995e-07_b0,1,1,8,1,6434,6452,19,20892,256,1.7107013182871174e-09,1.3732024449853786e-08,7.0000000000000007e-06,5.0200000000000002e-06,0.014136897000000001
rlc_r20_a0.001_t9.9999999999999995e-07_b0,1,1,9,1,6434,6452,19,20892,256,1.7107013182871174e-09,1.3732024449853786e-08,7.0000000000000007e-06,5.0200000000000002e-06,0.014090468
rlc_r20_a0.001_t9.9999999999999995e-07_b0,1,1,10,1,6434,6452,19,20892,256,1.7107013182871174e-09,1.3732024449853786e-08,7.0000000000000007e-06,5.0200000000000002e-06,0.014180981
rlc_r20_a1_t9.9999999999999995e-07_b0,0,0,0,1,396,439,44,3951,439,4.1781825185216448e-06,1.9377624636982005e-05,0.0050020000000000004,0.00500002,0.002315896
rlc_r20_a1_t9.9999999999999995e-07_b0,0,0,1,1,396,439,44,3951,439,4.1781825185216448e-06,1.9377624636982005e-05,0.0050020000000000004,0.00500002,0.0023704400000000001
rlc_r20_a1_t9.9999999999999995e-07_b0,0,0,2,1,396,439,44,3951,439,4.1781825185216448e-06,1.9377624636982005e-05,0.0050020000000000004,0.00500002,0.0023373370000000001
rlc_r20_a1_t9.9999999999999995e-07_b0,0,0,3,1,396,439,44,3951,439,4.1781825185216448e-06,1.9377624636982005e-05,0.0050020000000000004,0.00500002,0.0023337399999999999
rlc_r20_a1_t9.9999999999999995e-07_b0,0,0,4,1,396,439,44,3951,439,4.1781825185216448e-06,1.9377624636982005e-05,0.0050020000000000004,0.00500002,0.0023253240000000001
rlc_r20_a1_t9.9999999999999995e-07_b0,0,0,5,1,396,439,44,3951,439,4.1781825185216448e-06,1.9377624636982005e-05,0.0050020000000000004,0.00500002,0.0023423960000000001
rlc_r20_a1_t9.9999999999999995e-07_b0,0,0,6,1,396,439,44,3951,439,4.1781825185216448e-06,1.9377624636982005e-05,0.0050020000000000004,0.00500002,0.002328971
rlc_r20_a1_t9.9999999999999995e-07_b0,0,0,7,1,396,439,44,3951,439,4.1781825185216448e-06,1.9377624636982005e-05,0.0050020000000000004,0.00500002,0.0023469749999999998
rlc_r20_a1_t9.9999999999999995e-07_b0,0,0,8,1,396,439,44,3951,439,4.1781825185216448e-06,1.9377624636982005e-05,0.0050020000000000004,0.00500002,0.0023212369999999999
rlc_r20_a1_t9.9999999999999995e-07_b0,0,0,9,1,396,439,44,3951,439,4.1781825185216448e-06,1.9377624636982005e-05,0.0050020000000000004,0.00500002,0.002335794
rlc_r20_a1_t9.9999999999999995e-07_b0,0,0,10,1,396,439,44,3951,439,4.1781825185216448e-06,1.9377624636982005e-05,0.0050020000000000004,0.00500002,0.0023131409999999999
rlc_r20_a1_t9.9999999999999995e-07_b0,0,1,0,1,6471,6498,28,58482,6498,1.5237812179824672e-06,1.4049855212125428e-05,0.0050020000000000004,0.00500002,0.033804031999999998
rlc_r20_a1_t9.9999999999999995e-07_b0,0,1,1,1,6471,6498,28,58482,6498,1.5237812179824672e-06,1.4049855212125428e-05,0.0050020000000000004,0.00500002,0.033707709000000002
rlc_r20_a1_t9.9999999999999995e-07_b0,0,1,2,1,6471,6498,28,58482,6498,1.5237812179824672e-06,1.4049855212125428e-05,0.0050020000000000004,0.00500002,0.033675398000000002
rlc_r20_a1_t9.9999999999999995e-07_b0,0,1,3,1,6471,6498,28,58482,6498,1.5237812179824672e-06,1.4049855212125428e-05,0.0050020000000000004,0.00500002,0.033810001999999999
rlc_r20_a1_t9.9999999999999995e-07_b0,0,1,4,1,6471,6498,28,58482,6498,1.5237812179824672e-06,1.4049855212125428e-05,0.0050020000000000004,0.00500002,0.033812658000000002
rlc_r20_a1_t9.9999999999999995e-07_b0,0,1,5,1,6471,6498,28,58482,6498,1.5237812179824672e-06,1.4049855212125428e-05,0.0050020000000000004,0.00500002,0.033673562999999997
rlc_r20_a1_t9.9999999999999995e-07_b0,0,1,6,1,6471,6498,28,58482,6498,1.5237812179824672e-06,1.4049855212125428e-05,0.0050020000000000004,0.00500002,0.034007007999999998
rlc_r20_a1_t9.9999999999999995e-07_b0,0,1,7,1,6471,6498,28,58482,6498,1.5237812179824672e-06,1.4049855212125428e-05,0.0050020000000000004,0.00500002,0.033879615000000002
rlc_r20_a1_t9.9999999999999995e-07_b0,0,1,8,1,6471,6498,28,58482,6498,1.5237812179824672e-06,1.4049855212125428e-05,0.0050020000000000004,0.00500002,0.033692649999999998
rlc_r20_a1_t9.9999999999999995e-07_b0,0,1,9,1,6471,6498,28,58482,6498,1.5237812179824672e-06,1.4049855212125428e-05,0.0050020000000000004,0.00500002,0.033712407
rlc_r20_a1_t9.9999999999999995e-07_b0,0,1,10,1,6471,6498,28,58482,6498,1.5237812179824672e-06,1.4049855212125428e-05,0.0050020000000000004,0.00500002,0.033660539000000003
rlc_r20_a1_t9.9999999999999995e-07_b0,1,0,0,1,404,448,45,1854,85,9.3410699921192553e-06,1.7609918121358481e-05,0.0050020000000000004,0.00500002,0.001311991
rlc_r20_a1_t9.9999999999999995e-07_b0,1,0,1,1,404,448,45,1854,85,9.3410699921192553e-06,1.7609918121358481e-05,0.0050020000000000004,0.00500002,0.0012485899999999999
rlc_r20_a1_t9.9999999999999995e-07_b0,1,0,2,1,404,448,45,1854,85,9.3410699921192553e-06,1.7609918121358481e-05,0.0050020000000000004,0.00500002,0.001232229
rlc_r20_a1_t9.9999999999999995e-07_b0,1,0,3,1,404,448,45,1854,85,9.3410699921192553e-06,1.7609918121358481e-05,0.0050020000000000004,0.00500002,0.0012685280000000001
rlc_r20_a1_t9.9999999999999995e-07_b0,1,0,4,1,404,448,45,1854,85,9.3410699921192553e-06,1.7609918121358481e-05,0.0050020000000000004,0.00500002,0.0012815529999999999
rlc_r20_a1_t9.9999999999999995e-07_b0,1,0,5,1,404,448,45,1854,85,9.3410699921192553e-06,1.7609918121358481e-05,0.0050020000000000004,0.00500002,0.001251526
rlc_r20_a1_t9.9999999999999995e-07_b0,1,0,6,1,404,448,45,1854,85,9.3410699921192553e-06,1.7609918121358481e-05,0.0050020000000000004,0.00500002,0.00124343
rlc_r20_a1_t9.9999999999999995e-07_b0,1,0,7,1,404,448,45,1854,85,9.3410699921192553e-06,1.7609918121358481e-05,0.0050020000000000004,0.00500002,0.0012590699999999999
rlc_r20_a1_t9.9999999999999995e-07_b0,1,0,8,1,404,448,45,1854,85,9.3410699921192553e-06,1.7609918121358481e-05,0.0050020000000000004,0.00500002,0.0012519969999999999
rlc_r20_a1_t9.9999999999999995e-07_b0,1,0,9,1,404,448,45,1854,85,9.3410699921192553e-06,1.7609918121358481e-05,0.0050020000000000004,0.00500002,0.001243301
rlc_r20_a1_t9.9999999999999995e-07_b0,1,0,10,1,404,448,45,1854,85,9.3410699921192553e-06,1.7609918121358481e-05,0.0050020000000000004,0.00500002,0.001249422
rlc_r20_a1_t9.9999999999999995e-07_b0,1,1,0,1,6475,6510,36,21144,269,1.0920944396586307e-06,1.3965977378897765e-05,0.0050020000000000004,0.00500002,0.014456803000000001
rlc_r20_a1_t9.9999999999999995e-07_b0,1,1,1,1,6475,6510,36,21144,269,1.0920944396586307e-06,1.3965977378897765e-05,0.0050020000000000004,0.00500002,0.014393283
rlc_r20_a1_t9.9999999999999995e-07_b0,1,1,2,1,6475,6510,36,21144,269,1.0920944396586307e-06,1.3965977378897765e-05,0.0050020000000000004,0.00500002,0.014837886999999999
rlc_r20_a1_t9.9999999999999995e-07_b0,1,1,3,1,6475,6510,36,21144,269,1.0920944396586307e-06,1.3965977378897765e-05,0.0050020000000000004,0.00500002,0.014499846
rlc_r20_a1_t9.9999999999999995e-07_b0,1,1,4,1,6475,6510,36,21144,269,1.0920944396586307e-06,1.3965977378897765e-05,0.0050020000000000004,0.00500002,0.014392630999999999
rlc_r20_a1_t9.9999999999999995e-07_b0,1,1,5,1,6475,6510,36,21144,269,1.0920944396586307e-06,1.3965977378897765e-05,0.0050020000000000004,0.00500002,0.014382633000000001
rlc_r20_a1_t9.9999999999999995e-07_b0,1,1,6,1,6475,6510,36,21144,269,1.0920944396586307e-06,1.3965977378897765e-05,0.0050020000000000004,0.00500002,0.014294195000000001
rlc_r20_a1_t9.9999999999999995e-07_b0,1,1,7,1,6475,6510,36,21144,269,1.0920944396586307e-06,1.3965977378897765e-05,0.0050020000000000004,0.00500002,0.014319613
rlc_r20_a1_t9.9999999999999995e-07_b0,1,1,8,1,6475,6510,36,21144,269,1.0920944396586307e-06,1.3965977378897765e-05,0.0050020000000000004,0.00500002,0.014320275
rlc_r20_a1_t9.9999999999999995e-07_b0,1,1,9,1,6475,6510,36,21144,269,1.0920944396586307e-06,1.3965977378897765e-05,0.0050020000000000004,0.00500002,0.014875568
rlc_r20_a1_t9.9999999999999995e-07_b0,1,1,10,1,6475,6510,36,21144,269,1.0920944396586307e-06,1.3965977378897765e-05,0.0050020000000000004,0.00500002,0.014457315
rlc_r20_a1_t0.001_b400,0,0,0,1,396,439,44,3951,439,4.195185198341278e-06,1.9377089477454201e-05,0.0050020000000000004,0.00500002,0.0023430579999999999
rlc_r20_a1_t0.001_b400,0,0,1,1,396,439,44,3951,439,4.195185198341278e-06,1.9377089477454201e-05,0.0050020000000000004,0.00500002,0.0024515840000000001
rlc_r20_a1_t0.001_b400,0,0,2,1,396,439,44,3951,439,4.195185198341278e-06,1.9377089477454201e-05,0.0050020000000000004,0.00500002,0.0023216869999999998
rlc_r20_a1_t0.001_b400,0,0,3,1,396,439,44,3951,439,4.195185198341278e-06,1.9377089477454201e-05,0.0050020000000000004,0.00500002,0.0022995749999999999
rlc_r20_a1_t0.001_b400,0,0,4,1,396,439,44,3951,439,4.195185198341278e-06,1.9377089477454201e-05,0.0050020000000000004,0.00500002,0.0023408140000000001
rlc_r20_a1_t0.001_b400,0,0,5,1,396,439,44,3951,439,4.195185198341278e-06,1.9377089477454201e-05,0.0050020000000000004,0.00500002,0.0023364150000000001
rlc_r20_a1_t0.001_b400,0,0,6,1,396,439,44,3951,439,4.195185198341278e-06,1.9377089477454201e-05,0.0050020000000000004,0.00500002,0.0023310459999999998
rlc_r20_a1_t0.001_b400,0,0,7,1,396,439,44,3951,439,4.195185198341278e-06,1.9377089477454201e-05,0.0050020000000000004,0.00500002,0.0024971210000000001
rlc_r20_a1_t0.001_b400,0,0,8,1,396,439,44,3951,439,4.195185198341278e-06,1.9377089477454201e-05,0.0050020000000000004,0.00500002,0.0024504510000000002
rlc_r20_a1_t0.001_b400,0,0,9,1,396,439,44,3951,439,4.195185198341278e-06,1.9377089477454201e-05,0.0050020000000000004,0.00500002,0.0023244329999999999
rlc_r20_a1_t0.001_b400,0,0,10,1,396,439,44,3951,439,4.195185198341278e-06,1.9377089477454201e-05,0.0050020000000000004,0.00500002,0.0023201749999999998
rlc_r20_a1_t0.001_b400,0,1,0,1,6471,6498,28,58482,6498,1.5399297704221659e-06,1.4049447336086929e-05,0.0050020000000000004,0.00500002,0.033754337000000002
rlc_r20_a1_t0.001_b400,0,1,1,1,6471,6498,28,58482,6498,1.5399297704221659e-06,1.4049447336086929e-05,0.0050020000000000004,0.00500002,0.033544149000000002
rlc_r20_a1_t0.001_b400,0,1,2,1,6471,6498,28,58482,6498,1.5399297704221659e-06,1.4049447336086929e-05,0.0050020000000000004,0.00500002,0.033555849999999998
rlc_r20_a1_t0.001_b400,0,1,3,1,6471,6498,28,58482,6498,1.5399297704221659e-06,1.4049447336086929e-05,0.0050020000000000004,0.00500002,0.033431044
rlc_r20_a1_t0.001_b400,0,1,4,1,6471,6498,28,58482,6498,1.5399297704221659e-06,1.4049447336086929e-05,0.0050020000000000004,0.00500002,0.033622476999999998
rlc_r20_a1_t0.001_b400,0,1,5,1,6471,6498,28,58482,6498,1.5399297704221659e-06,1.4049447336086929e-05,0.0050020000000000004,0.00500002,0.033533768999999998
rlc_r20_a1_t0.001_b400,0,1,6,1,6471,6498,28,58482,6498,1.5399297704221659e-06,1.4049447336086929e-05,0.0050020000000000004,0.00500002,0.033513929999999997
rlc_r20_a1_t0.001_b400,0,1,7,1,6471,6498,28,58482,6498,1.5399297704221659e-06,1.4049447336086929e-05,0.0050020000000000004,0.00500002,0.033514481999999998
rlc_r20_a1_t0.001_b400,0,1,8,1,6471,6498,28,58482,6498,1.5399297704221659e-06,1.4049447336086929e-05,0.0050020000000000004,0.00500002,0.033423529
rlc_r20_a1_t0.001_b400,0,1,9,1,6471,6498,28,58482,6498,1.5399297704221659e-06,1.4049447336086929e-05,0.0050020000000000004,0.00500002,0.033786708999999998
rlc_r20_a1_t0.001_b400,0,1,10,1,6471,6498,28,58482,6498,1.5399297704221659e-06,1.4049447336086929e-05,0.0050020000000000004,0.00500002,0.033549747999999997
rlc_r20_a1_t0.001_b400,1,0,0,1,404,448,45,1854,85,9.3570839041490217e-06,1.7609513634497809e-05,0.0050020000000000004,0.00500002,0.0012536100000000001
rlc_r20_a1_t0.001_b400,1,0,1,1,404,448,45,1854,85,9.3570839041490217e-06,1.7609513634497809e-05,0.0050020000000000004,0.00500002,0.00123821
rlc_r20_a1_t0.001_b400,1,0,2,1,404,448,45,1854,85,9.3570839041490217e-06,1.7609513634497809e-05,0.0050020000000000004,0.00500002,0.001298244
rlc_r20_a1_t0.001_b400,1,0,3,1,404,448,45,1854,85,9.3570839041490217e-06,1.7609513634497809e-05,0.0050020000000000004,0.00500002,0.0012408549999999999
rlc_r20_a1_t0.001_b400,1,0,4,1,404,448,45,1854,85,9.3570839041490217e-06,1.7609513634497809e-05,0.0050020000000000004,0.00500002,0.0012523269999999999
rlc_r20_a1_t0.001_b400,1,0,5,1,404,448,45,1854,85,9.3570839041490217e-06,1.7609513634497809e-05,0.0050020000000000004,0.00500002,0.0012645600000000001
rlc_r20_a1_t0.001_b400,1,0,6,1,404,448,45,1854,85,9.3570839041490217e-06,1.7609513634497809e-05,0.0050020000000000004,0.00500002,0.001267486
rlc_r20_a1_t0.001_b400,1,0,7,1,404,448,45,1854,85,9.3570839041490217e-06,1.7609513634497809e-05,0.0050020000000000004,0.00500002,0.0012414469999999999
rlc_r20_a1_t0.001_b400,1,0,8,1,404,448,45,1854,85,9.3570839041490217e-06,1.7609513634497809e-05,0.0050020000000000004,0.00500002,0.001268298
rlc_r20_a1_t0.001_b400,1,0,9,1,404,448,45,1854,85,9.3570839041490217e-06,1.7609513634497809e-05,0.0050020000000000004,0.00500002,0.0012505140000000001
rlc_r20_a1_t0.001_b400,1,0,10,1,404,448,45,1854,85,9.3570839041490217e-06,1.7609513634497809e-05,0.0050020000000000004,0.00500002,0.0012493020000000001
rlc_r20_a1_t0.001_b400,1,1,0,1,6475,6510,36,21144,269,1.1082422981534279e-06,1.3965570706070407e-05,0.0050020000000000004,0.00500002,0.014495558
rlc_r20_a1_t0.001_b400,1,1,1,1,6475,6510,36,21144,269,1.1082422981534279e-06,1.3965570706070407e-05,0.0050020000000000004,0.00500002,0.014411818999999999
rlc_r20_a1_t0.001_b400,1,1,2,1,6475,6510,36,21144,269,1.1082422981534279e-06,1.3965570706070407e-05,0.0050020000000000004,0.00500002,0.014485628
rlc_r20_a1_t0.001_b400,1,1,3,1,6475,6510,36,21144,269,1.1082422981534279e-06,1.3965570706070407e-05,0.0050020000000000004,0.00500002,0.014343719
rlc_r20_a1_t0.001_b400,1,1,4,1,6475,6510,36,21144,269,1.1082422981534279e-06,1.3965570706070407e-05,0.0050020000000000004,0.00500002,0.014496289000000001
rlc_r20_a1_t0.001_b400,1,1,5,1,6475,6510,36,21144,269,1.1082422981534279e-06,1.3965570706070407e-05,0.0050020000000000004,0.00500002,0.01451261
rlc_r20_a1_t0.001_b400,1,1,6,1,6475,6510,36,21144,269,1.1082422981534279e-06,1.3965570706070407e-05,0.0050020000000000004,0.00500002,0.014381150000000001
rlc_r20_a1_t0.001_b400,1,1,7,1,6475,6510,36,21144,269,1.1082422981534279e-06,1.3965570706070407e-05,0.0050020000000000004,0.00500002,0.014419431999999999
rlc_r20_a1_t0.001_b400,1,1,8,1,6475,6510,36,21144,269,1.1082422981534279e-06,1.3965570706070407e-05,0.0050020000000000004,0.00500002,0.014413822
rlc_r20_a1_t0.001_b400,1,1,9,1,6475,6510,36,21144,269,1.1082422981534279e-06,1.3965570706070407e-05,0.0050020000000000004,0.00500002,0.014460891999999999
rlc_r20_a1_t0.001_b400,1,1,10,1,6475,6510,36,21144,269,1.1082422981534279e-06,1.3965570706070407e-05,0.0050020000000000004,0.00500002,0.014393224
rlc_r20_a100_t0.001_b0,0,0,0,1,413,461,49,4149,461,0.00060431306024355536,0.0019194391498551511,0.50000199999999995,0.50000001999999999,0.0024406530000000001
rlc_r20_a100_t0.001_b0,0,0,1,1,413,461,49,4149,461,0.00060431306024355536,0.0019194391498551511,0.50000199999999995,0.50000001999999999,0.0024441100000000002
rlc_r20_a100_t0.001_b0,0,0,2,1,413,461,49,4149,461,0.00060431306024355536,0.0019194391498551511,0.50000199999999995,0.50000001999999999,0.002428801
rlc_r20_a100_t0.001_b0,0,0,3,1,413,461,49,4149,461,0.00060431306024355536,0.0019194391498551511,0.50000199999999995,0.50000001999999999,0.0024472560000000001
rlc_r20_a100_t0.001_b0,0,0,4,1,413,461,49,4149,461,0.00060431306024355536,0.0019194391498551511,0.50000199999999995,0.50000001999999999,0.0024034820000000002
rlc_r20_a100_t0.001_b0,0,0,5,1,413,461,49,4149,461,0.00060431306024355536,0.0019194391498551511,0.50000199999999995,0.50000001999999999,0.0024809789999999999
rlc_r20_a100_t0.001_b0,0,0,6,1,413,461,49,4149,461,0.00060431306024355536,0.0019194391498551511,0.50000199999999995,0.50000001999999999,0.0024192020000000001
rlc_r20_a100_t0.001_b0,0,0,7,1,413,461,49,4149,461,0.00060431306024355536,0.0019194391498551511,0.50000199999999995,0.50000001999999999,0.002440542
rlc_r20_a100_t0.001_b0,0,0,8,1,413,461,49,4149,461,0.00060431306024355536,0.0019194391498551511,0.50000199999999995,0.50000001999999999,0.0024299819999999998
rlc_r20_a100_t0.001_b0,0,0,9,1,413,461,49,4149,461,0.00060431306024355536,0.0019194391498551511,0.50000199999999995,0.50000001999999999,0.002442517
rlc_r20_a100_t0.001_b0,0,0,10,1,413,461,49,4149,461,0.00060431306024355536,0.0019194391498551511,0.50000199999999995,0.50000001999999999,0.0024548399999999998
rlc_r20_a100_t0.001_b0,0,1,0,1,6487,6512,26,58608,6512,0.0001160779137450163,0.0014301156139318039,0.50000199999999995,0.50000001999999999,0.033521084999999999
rlc_r20_a100_t0.001_b0,0,1,1,1,6487,6512,26,58608,6512,0.0001160779137450163,0.0014301156139318039,0.50000199999999995,0.50000001999999999,0.033693621999999999
rlc_r20_a100_t0.001_b0,0,1,2,1,6487,6512,26,58608,6512,0.0001160779137450163,0.0014301156139318039,0.50000199999999995,0.50000001999999999,0.033547164999999997
rlc_r20_a100_t0.001_b0,0,1,3,1,6487,6512,26,58608,6512,0.0001160779137450163,0.0014301156139318039,0.50000199999999995,0.50000001999999999,0.033704301999999998
rlc_r20_a100_t0.001_b0,0,1,4,1,6487,6512,26,58608,6512,0.0001160779137450163,0.0014301156139318039,0.50000199999999995,0.50000001999999999,0.034502178000000001
rlc_r20_a100_t0.001_b0,0,1,5,1,6487,6512,26,58608,6512,0.0001160779137450163,0.0014301156139318039,0.50000199999999995,0.50000001999999999,0.033928396999999999
rlc_r20_a100_t0.001_b0,0,1,6,1,6487,6512,26,58608,6512,0.0001160779137450163,0.0014301156139318039,0.50000199999999995,0.50000001999999999,0.033899193000000001
rlc_r20_a100_t0.001_b0,0,1,7,1,6487,6512,26,58608,6512,0.0001160779137450163,0.0014301156139318039,0.50000199999999995,0.50000001999999999,0.033714381000000002
rlc_r20_a100_t0.001_b0,0,1,8,1,6487,6512,26,58608,6512,0.0001160779137450163,0.0014301156139318039,0.50000199999999995,0.50000001999999999,0.033802148999999997
rlc_r20_a100_t0.001_b0,0,1,9,1,6487,6512,26,58608,6512,0.0001160779137450163,0.0014301156139318039,0.50000199999999995,0.50000001999999999,0.033855859000000002
rlc_r20_a100_t0.001_b0,0,1,10,1,6487,6512,26,58608,6512,0.0001160779137450163,0.0014301156139318039,0.50000199999999995,0.50000001999999999,0.033497539999999999
rlc_r20_a100_t0.001_b0,1,0,0,1,424,469,46,1953,91,0.00043172909376920643,0.0017499868037109678,0.50000199999999995,0.50000001999999999,0.0013177519999999999
rlc_r20_a100_t0.001_b0,1,0,1,1,424,469,46,1953,91,0.00043172909376920643,0.0017499868037109678,0.50000199999999995,0.50000001999999999,0.001313884
rlc_r20_a100_t0.001_b0,1,0,2,1,424,469,46,1953,91,0.00043172909376920643,0.0017499868037109678,0.50000199999999995,0.50000001999999999,0.0013499429999999999
rlc_r20_a100_t0.001_b0,1,0,3,1,424,469,46,1953,91,0.00043172909376920643,0.0017499868037109678,0.50000199999999995,0.50000001999999999,0.001292664
rlc_r20_a100_t0.001_b0,1,0,4,1,424,469,46,1953,91,0.00043172909376920643,0.0017499868037109678,0.50000199999999995,0.50000001999999999,0.001307051
rlc_r20_a100_t0.001_b0,1,0,5,1,424,469,46,1953,91,0.00043172909376920643,0.0017499868037109678,0.50000199999999995,0.50000001999999999,0.0013420769999999999
rlc_r20_a100_t0.001_b0,1,0,6,1,424,469,46,1953,91,0.00043172909376920643,0.0017499868037109678,0.50000199999999995,0.50000001999999999,0.001291372
rlc_r20_a100_t0.001_b0,1,0,7,1,424,469,46,1953,91,0.00043172909376920643,0.0017499868037109678,0.50000199999999995,0.50000001999999999,0.0012911509999999999
rlc_r20_a100_t0.001_b0,1,0,8,1,424,469,46,1953,91,0.00043172909376920643,0.0017499868037109678,0.50000199999999995,0.50000001999999999,0.001324705
rlc_r20_a100_t0.001_b0,1,0,9,1,424,469,46,1953,91,0.00043172909376920643,0.0017499868037109678,0.50000199999999995,0.50000001999999999,0.0014137640000000001
rlc_r20_a100_t0.001_b0,1,0,10,1,424,469,46,1953,91,0.00043172909376920643,0.0017499868037109678,0.50000199999999995,0.50000001999999999,0.0015208470000000001
rlc_r20_a100_t0.001_b0,1,1,0,1,6492,6527,36,21219,273,0.00011585889741638766,0.0013456258869739557,0.50000199999999995,0.50000001999999999,0.014538397999999999
rlc_r20_a100_t0.001_b0,1,1,1,1,6492,6527,36,21219,273,0.00011585889741638766,0.0013456258869739557,0.50000199999999995,0.50000001999999999,0.014469008
rlc_r20_a100_t0.001_b0,1,1,2,1,6492,6527,36,21219,273,0.00011585889741638766,0.0013456258869739557,0.50000199999999995,0.50000001999999999,0.014381572
rlc_r20_a100_t0.001_b0,1,1,3,1,6492,6527,36,21219,273,0.00011585889741638766,0.0013456258869739557,0.50000199999999995,0.50000001999999999,0.014574868
rlc_r20_a100_t0.001_b0,1,1,4,1,6492,6527,36,21219,273,0.00011585889741638766,0.0013456258869739557,0.50000199999999995,0.50000001999999999,0.014434582
rlc_r20_a100_t0.001_b0,1,1,5,1,6492,6527,36,21219,273,0.00011585889741638766,0.0013456258869739557,0.50000199999999995,0.50000001999999999,0.01437125
rlc_r20_a100_t0.001_b0,1,1,6,1,6492,6527,36,21219,273,0.00011585889741638766,0.0013456258869739557,0.50000199999999995,0.50000001999999999,0.014582684
rlc_r20_a100_t0.001_b0,1,1,7,1,6492,6527,36,21219,273,0.00011585889741638766,0.0013456258869739557,0.50000199999999995,0.50000001999999999,0.014491911
rlc_r20_a100_t0.001_b0,1,1,8,1,6492,6527,36,21219,273,0.00011585889741638766,0.0013456258869739557,0.50000199999999995,0.50000001999999999,0.014365050000000001
rlc_r20_a100_t0.001_b0,1,1,9,1,6492,6527,36,21219,273,0.00011585889741638766,0.0013456258869739557,0.50000199999999995,0.50000001999999999,0.015961980000000001
rlc_r20_a100_t0.001_b0,1,1,10,1,6492,6527,36,21219,273,0.00011585889741638766,0.0013456258869739557,0.50000199999999995,0.50000001999999999,0.014479969000000001
nonlinear_charge_a0.001,0,0,0,0,144,169,26,1863,169,1.1255450172999662e-05,0,2.2000000000000001e-06,0,0.0010050580000000001
nonlinear_charge_a0.001,0,0,1,0,144,169,26,1863,169,1.1255450172999662e-05,0,2.2000000000000001e-06,0,0.00100577
nonlinear_charge_a0.001,0,0,2,0,144,169,26,1863,169,1.1255450172999662e-05,0,2.2000000000000001e-06,0,0.00098864700000000005
nonlinear_charge_a0.001,0,0,3,0,144,169,26,1863,169,1.1255450172999662e-05,0,2.2000000000000001e-06,0,0.00098578100000000003
nonlinear_charge_a0.001,0,0,4,0,144,169,26,1863,169,1.1255450172999662e-05,0,2.2000000000000001e-06,0,0.00096585400000000004
nonlinear_charge_a0.001,0,0,5,0,144,169,26,1863,169,1.1255450172999662e-05,0,2.2000000000000001e-06,0,0.0010042860000000001
nonlinear_charge_a0.001,0,0,6,0,144,169,26,1863,169,1.1255450172999662e-05,0,2.2000000000000001e-06,0,0.001044082
nonlinear_charge_a0.001,0,0,7,0,144,169,26,1863,169,1.1255450172999662e-05,0,2.2000000000000001e-06,0,0.00098846599999999991
nonlinear_charge_a0.001,0,0,8,0,144,169,26,1863,169,1.1255450172999662e-05,0,2.2000000000000001e-06,0,0.00096741700000000004
nonlinear_charge_a0.001,0,0,9,0,144,169,26,1863,169,1.1255450172999662e-05,0,2.2000000000000001e-06,0,0.001002934
nonlinear_charge_a0.001,0,0,10,0,144,169,26,1863,169,1.1255450172999662e-05,0,2.2000000000000001e-06,0,0.000976855
nonlinear_charge_a0.001,0,1,0,1,2568,2571,4,22216,2571,1.1550452727719408e-06,0,2.2000000000000001e-06,0,0.011442712000000001
nonlinear_charge_a0.001,0,1,1,1,2568,2571,4,22216,2571,1.1550452727719408e-06,0,2.2000000000000001e-06,0,0.011449885999999999
nonlinear_charge_a0.001,0,1,2,1,2568,2571,4,22216,2571,1.1550452727719408e-06,0,2.2000000000000001e-06,0,0.011439657000000001
nonlinear_charge_a0.001,0,1,3,1,2568,2571,4,22216,2571,1.1550452727719408e-06,0,2.2000000000000001e-06,0,0.011437322
nonlinear_charge_a0.001,0,1,4,1,2568,2571,4,22216,2571,1.1550452727719408e-06,0,2.2000000000000001e-06,0,0.011473661
nonlinear_charge_a0.001,0,1,5,1,2568,2571,4,22216,2571,1.1550452727719408e-06,0,2.2000000000000001e-06,0,0.011361227
nonlinear_charge_a0.001,0,1,6,1,2568,2571,4,22216,2571,1.1550452727719408e-06,0,2.2000000000000001e-06,0,0.011478571
nonlinear_charge_a0.001,0,1,7,1,2568,2571,4,22216,2571,1.1550452727719408e-06,0,2.2000000000000001e-06,0,0.011484812
nonlinear_charge_a0.001,0,1,8,1,2568,2571,4,22216,2571,1.1550452727719408e-06,0,2.2000000000000001e-06,0,0.011493247999999999
nonlinear_charge_a0.001,0,1,9,1,2568,2571,4,22216,2571,1.1550452727719408e-06,0,2.2000000000000001e-06,0,0.011399899999999999
nonlinear_charge_a0.001,0,1,10,1,2568,2571,4,22216,2571,1.1550452727719408e-06,0,2.2000000000000001e-06,0,0.011442923000000001
nonlinear_charge_a0.001,1,0,0,0,145,170,26,901,39,1.2470167178369575e-05,0,2.2000000000000001e-06,0,0.00054904300000000004
nonlinear_charge_a0.001,1,0,1,0,145,170,26,901,39,1.2470167178369575e-05,0,2.2000000000000001e-06,0,0.00051099999999999995
nonlinear_charge_a0.001,1,0,2,0,145,170,26,901,39,1.2470167178369575e-05,0,2.2000000000000001e-06,0,0.00052192099999999995
nonlinear_charge_a0.001,1,0,3,0,145,170,26,901,39,1.2470167178369575e-05,0,2.2000000000000001e-06,0,0.000533713
nonlinear_charge_a0.001,1,0,4,0,145,170,26,901,39,1.2470167178369575e-05,0,2.2000000000000001e-06,0,0.00050700300000000001
nonlinear_charge_a0.001,1,0,5,0,145,170,26,901,39,1.2470167178369575e-05,0,2.2000000000000001e-06,0,0.00050319600000000003
nonlinear_charge_a0.001,1,0,6,0,145,170,26,901,39,1.2470167178369575e-05,0,2.2000000000000001e-06,0,0.00052095899999999998
nonlinear_charge_a0.001,1,0,7,0,145,170,26,901,39,1.2470167178369575e-05,0,2.2000000000000001e-06,0,0.00053070799999999996
nonlinear_charge_a0.001,1,0,8,0,145,170,26,901,39,1.2470167178369575e-05,0,2.2000000000000001e-06,0,0.00058165500000000004
nonlinear_charge_a0.001,1,0,9,0,145,170,26,901,39,1.2470167178369575e-05,0,2.2000000000000001e-06,0,0.00053225099999999997
nonlinear_charge_a0.001,1,0,10,0,145,170,26,901,39,1.2470167178369575e-05,0,2.2000000000000001e-06,0,0.00051830400000000003
nonlinear_charge_a0.001,1,1,0,1,2568,2571,4,8239,110,1.1550452723200928e-06,0,2.2000000000000001e-06,0,0.0047559580000000002
nonlinear_charge_a0.001,1,1,1,1,2568,2571,4,8239,110,1.1550452723200928e-06,0,2.2000000000000001e-06,0,0.0047399180000000001
nonlinear_charge_a0.001,1,1,2,1,2568,2571,4,8239,110,1.1550452723200928e-06,0,2.2000000000000001e-06,0,0.004784323
nonlinear_charge_a0.001,1,1,3,1,2568,2571,4,8239,110,1.1550452723200928e-06,0,2.2000000000000001e-06,0,0.004775245
nonlinear_charge_a0.001,1,1,4,1,2568,2571,4,8239,110,1.1550452723200928e-06,0,2.2000000000000001e-06,0,0.0047353999999999999
nonlinear_charge_a0.001,1,1,5,1,2568,2571,4,8239,110,1.1550452723200928e-06,0,2.2000000000000001e-06,0,0.0047427830000000004
nonlinear_charge_a0.001,1,1,6,1,2568,2571,4,8239,110,1.1550452723200928e-06,0,2.2000000000000001e-06,0,0.0047456490000000002
nonlinear_charge_a0.001,1,1,7,1,2568,2571,4,8239,110,1.1550452723200928e-06,0,2.2000000000000001e-06,0,0.0047690830000000003
nonlinear_charge_a0.001,1,1,8,1,2568,2571,4,8239,110,1.1550452723200928e-06,0,2.2000000000000001e-06,0,0.0047629220000000002
nonlinear_charge_a0.001,1,1,9,1,2568,2571,4,8239,110,1.1550452723200928e-06,0,2.2000000000000001e-06,0,0.0047843419999999996
nonlinear_charge_a0.001,1,1,10,1,2568,2571,4,8239,110,1.1550452723200928e-06,0,2.2000000000000001e-06,0,0.004755998
nonlinear_charge_a1,0,0,0,0,195,246,52,2717,246,0.0043881161179644404,0,0.0020002000000000002,0,0.00145414
nonlinear_charge_a1,0,0,1,0,195,246,52,2717,246,0.0043881161179644404,0,0.0020002000000000002,0,0.0014291429999999999
nonlinear_charge_a1,0,0,2,0,195,246,52,2717,246,0.0043881161179644404,0,0.0020002000000000002,0,0.0013850990000000001
nonlinear_charge_a1,0,0,3,0,195,246,52,2717,246,0.0043881161179644404,0,0.0020002000000000002,0,0.001425146
nonlinear_charge_a1,0,0,4,0,195,246,52,2717,246,0.0043881161179644404,0,0.0020002000000000002,0,0.0014515350000000001
nonlinear_charge_a1,0,0,5,0,195,246,52,2717,246,0.0043881161179644404,0,0.0020002000000000002,0,0.001425176
nonlinear_charge_a1,0,0,6,0,195,246,52,2717,246,0.0043881161179644404,0,0.0020002000000000002,0,0.0013987050000000001
nonlinear_charge_a1,0,0,7,0,195,246,52,2717,246,0.0043881161179644404,0,0.0020002000000000002,0,0.0014350750000000001
nonlinear_charge_a1,0,0,8,0,195,246,52,2717,246,0.0043881161179644404,0,0.0020002000000000002,0,0.001441908
nonlinear_charge_a1,0,0,9,0,195,246,52,2717,246,0.0043881161179644404,0,0.0020002000000000002,0,0.001393746
nonlinear_charge_a1,0,0,10,0,195,246,52,2717,246,0.0043881161179644404,0,0.0020002000000000002,0,0.001424093
nonlinear_charge_a1,0,1,0,1,2587,2603,17,22726,2603,0.0012175812545471491,0,0.0020002000000000002,0,0.011685563
nonlinear_charge_a1,0,1,1,1,2587,2603,17,22726,2603,0.0012175812545471491,0,0.0020002000000000002,0,0.011721462
nonlinear_charge_a1,0,1,2,1,2587,2603,17,22726,2603,0.0012175812545471491,0,0.0020002000000000002,0,0.011655847
nonlinear_charge_a1,0,1,3,1,2587,2603,17,22726,2603,0.0012175812545471491,0,0.0020002000000000002,0,0.011680744
nonlinear_charge_a1,0,1,4,1,2587,2603,17,22726,2603,0.0012175812545471491,0,0.0020002000000000002,0,0.012067197999999999
nonlinear_charge_a1,0,1,5,1,2587,2603,17,22726,2603,0.0012175812545471491,0,0.0020002000000000002,0,0.011908416999999999
nonlinear_charge_a1,0,1,6,1,2587,2603,17,22726,2603,0.0012175812545471491,0,0.0020002000000000002,0,0.011718134999999999
nonlinear_charge_a1,0,1,7,1,2587,2603,17,22726,2603,0.0012175812545471491,0,0.0020002000000000002,0,0.011669733999999999
nonlinear_charge_a1,0,1,8,1,2587,2603,17,22726,2603,0.0012175812545471491,0,0.0020002000000000002,0,0.011667429
nonlinear_charge_a1,0,1,9,1,2587,2603,17,22726,2603,0.0012175812545471491,0,0.0020002000000000002,0,0.011698747000000001
nonlinear_charge_a1,0,1,10,1,2587,2603,17,22726,2603,0.0012175812545471491,0,0.0020002000000000002,0,0.011682918
nonlinear_charge_a1,1,0,0,0,193,238,46,1267,58,0.0051675459275939521,0,0.0020002000000000002,0,0.00073853199999999997
nonlinear_charge_a1,1,0,1,0,193,238,46,1267,58,0.0051675459275939521,0,0.0020002000000000002,0,0.000711851
nonlinear_charge_a1,1,0,2,0,193,238,46,1267,58,0.0051675459275939521,0,0.0020002000000000002,0,0.00071644999999999999
nonlinear_charge_a1,1,0,3,0,193,238,46,1267,58,0.0051675459275939521,0,0.0020002000000000002,0,0.000729314
nonlinear_charge_a1,1,0,4,0,193,238,46,1267,58,0.0051675459275939521,0,0.0020002000000000002,0,0.00072991600000000005
nonlinear_charge_a1,1,0,5,0,193,238,46,1267,58,0.0051675459275939521,0,0.0020002000000000002,0,0.00073152899999999997
nonlinear_charge_a1,1,0,6,0,193,238,46,1267,58,0.0051675459275939521,0,0.0020002000000000002,0,0.00073549599999999998
nonlinear_charge_a1,1,0,7,0,193,238,46,1267,58,0.0051675459275939521,0,0.0020002000000000002,0,0.00072397399999999995
nonlinear_charge_a1,1,0,8,0,193,238,46,1267,58,0.0051675459275939521,0,0.0020002000000000002,0,0.00072968600000000001
nonlinear_charge_a1,1,0,9,0,193,238,46,1267,58,0.0051675459275939521,0,0.0020002000000000002,0,0.00071868400000000003
nonlinear_charge_a1,1,0,10,0,193,238,46,1267,58,0.0051675459275939521,0,0.0020002000000000002,0,0.00071168100000000003
nonlinear_charge_a1,1,1,0,1,2587,2603,17,8553,128,0.0012175764287995724,0,0.0020002000000000002,0,0.0049220430000000001
nonlinear_charge_a1,1,1,1,1,2587,2603,17,8553,128,0.0012175764287995724,0,0.0020002000000000002,0,0.0048848030000000001
nonlinear_charge_a1,1,1,2,1,2587,2603,17,8553,128,0.0012175764287995724,0,0.0020002000000000002,0,0.0048746739999999998
nonlinear_charge_a1,1,1,3,1,2587,2603,17,8553,128,0.0012175764287995724,0,0.0020002000000000002,0,0.004903559
nonlinear_charge_a1,1,1,4,1,2587,2603,17,8553,128,0.0012175764287995724,0,0.0020002000000000002,0,0.0048817979999999997
nonlinear_charge_a1,1,1,5,1,2587,2603,17,8553,128,0.0012175764287995724,0,0.0020002000000000002,0,0.0048936700000000001
nonlinear_charge_a1,1,1,6,1,2587,2603,17,8553,128,0.0012175764287995724,0,0.0020002000000000002,0,0.0049590540000000001
nonlinear_charge_a1,1,1,7,1,2587,2603,17,8553,128,0.0012175764287995724,0,0.0020002000000000002,0,0.0049153499999999998
nonlinear_charge_a1,1,1,8,1,2587,2603,17,8553,128,0.0012175764287995724,0,0.0020002000000000002,0,0.0049124160000000002
nonlinear_charge_a1,1,1,9,1,2587,2603,17,8553,128,0.0012175764287995724,0,0.0020002000000000002,0,0.0049586129999999997
nonlinear_charge_a1,1,1,10,1,2587,2603,17,8553,128,0.0012175764287995724,0,0.0020002000000000002,0,0.0049169039999999997
nonlinear_charge_a100,0,0,0,0,195,248,54,2734,248,0.65169252807812905,0,0.20000020000000002,0,0.001435495
nonlinear_charge_a100,0,0,1,0,195,248,54,2734,248,0.65169252807812905,0,0.20000020000000002,0,0.0014419669999999999
nonlinear_charge_a100,0,0,2,0,195,248,54,2734,248,0.65169252807812905,0,0.20000020000000002,0,0.0014376289999999999
nonlinear_charge_a100,0,0,3,0,195,248,54,2734,248,0.65169252807812905,0,0.20000020000000002,0,0.0014263679999999999
nonlinear_charge_a100,0,0,4,0,195,248,54,2734,248,0.65169252807812905,0,0.20000020000000002,0,0.0014564249999999999
nonlinear_charge_a100,0,0,5,0,195,248,54,2734,248,0.65169252807812905,0,0.20000020000000002,0,0.0014195550000000001
nonlinear_charge_a100,0,0,6,0,195,248,54,2734,248,0.65169252807812905,0,0.20000020000000002,0,0.0014778549999999999
nonlinear_charge_a100,0,0,7,0,195,248,54,2734,248,0.65169252807812905,0,0.20000020000000002,0,0.0014310670000000001
nonlinear_charge_a100,0,0,8,0,195,248,54,2734,248,0.65169252807812905,0,0.20000020000000002,0,0.001436908
nonlinear_charge_a100,0,0,9,0,195,248,54,2734,248,0.65169252807812905,0,0.20000020000000002,0,0.0014371989999999999
nonlinear_charge_a100,0,0,10,0,195,248,54,2734,248,0.65169252807812905,0,0.20000020000000002,0,0.00144348
nonlinear_charge_a100,0,1,0,1,2584,2599,16,22678,2599,0.12003338595854718,0,0.20000020000000002,0,0.011759192999999999
nonlinear_charge_a100,0,1,1,1,2584,2599,16,22678,2599,0.12003338595854718,0,0.20000020000000002,0,0.0116472
nonlinear_charge_a100,0,1,2,1,2584,2599,16,22678,2599,0.12003338595854718,0,0.20000020000000002,0,0.011675774999999999
nonlinear_charge_a100,0,1,3,1,2584,2599,16,22678,2599,0.12003338595854718,0,0.20000020000000002,0,0.011676956
nonlinear_charge_a100,0,1,4,1,2584,2599,16,22678,2599,0.12003338595854718,0,0.20000020000000002,0,0.011642431999999999
nonlinear_charge_a100,0,1,5,1,2584,2599,16,22678,2599,0.12003338595854718,0,0.20000020000000002,0,0.011673080000000001
nonlinear_charge_a100,0,1,6,1,2584,2599,16,22678,2599,0.12003338595854718,0,0.20000020000000002,0,0.011623435999999999
nonlinear_charge_a100,0,1,7,1,2584,2599,16,22678,2599,0.12003338595854718,0,0.20000020000000002,0,0.011708737
nonlinear_charge_a100,0,1,8,1,2584,2599,16,22678,2599,0.12003338595854718,0,0.20000020000000002,0,0.011693838999999999
nonlinear_charge_a100,0,1,9,1,2584,2599,16,22678,2599,0.12003338595854718,0,0.20000020000000002,0,0.011698267
nonlinear_charge_a100,0,1,10,1,2584,2599,16,22678,2599,0.12003338595854718,0,0.20000020000000002,0,0.011680322999999999
nonlinear_charge_a100,1,0,0,0,193,242,50,1290,60,0.52349729354772134,0,0.20000020000000002,0,0.00074894200000000005
nonlinear_charge_a100,1,0,1,0,193,242,50,1290,60,0.52349729354772134,0,0.20000020000000002,0,0.00075577499999999998
nonlinear_charge_a100,1,0,2,0,193,242,50,1290,60,0.52349729354772134,0,0.20000020000000002,0,0.00075079499999999996
nonlinear_charge_a100,1,0,3,0,193,242,50,1290,60,0.52349729354772134,0,0.20000020000000002,0,0.000722972
nonlinear_charge_a100,1,0,4,0,193,242,50,1290,60,0.52349729354772134,0,0.20000020000000002,0,0.00071914500000000003
nonlinear_charge_a100,1,0,5,0,193,242,50,1290,60,0.52349729354772134,0,0.20000020000000002,0,0.00074463399999999999
nonlinear_charge_a100,1,0,6,0,193,242,50,1290,60,0.52349729354772134,0,0.20000020000000002,0,0.00073357299999999995
nonlinear_charge_a100,1,0,7,0,193,242,50,1290,60,0.52349729354772134,0,0.20000020000000002,0,0.00076836899999999997
nonlinear_charge_a100,1,0,8,0,193,242,50,1290,60,0.52349729354772134,0,0.20000020000000002,0,0.000727792
nonlinear_charge_a100,1,0,9,0,193,242,50,1290,60,0.52349729354772134,0,0.20000020000000002,0,0.00072807199999999996
nonlinear_charge_a100,1,0,10,0,193,242,50,1290,60,0.52349729354772134,0,0.20000020000000002,0,0.00073225000000000004
nonlinear_charge_a100,1,1,0,1,2584,2599,16,8523,126,0.12003266868387155,0,0.20000020000000002,0,0.0048722690000000003
nonlinear_charge_a100,1,1,1,1,2584,2599,16,8523,126,0.12003266868387155,0,0.20000020000000002,0,0.004947913
nonlinear_charge_a100,1,1,2,1,2584,2599,16,8523,126,0.12003266868387155,0,0.20000020000000002,0,0.004885655
nonlinear_charge_a100,1,1,3,1,2584,2599,16,8523,126,0.12003266868387155,0,0.20000020000000002,0,0.0048833799999999997
nonlinear_charge_a100,1,1,4,1,2584,2599,16,8523,126,0.12003266868387155,0,0.20000020000000002,0,0.0049480030000000003
nonlinear_charge_a100,1,1,5,1,2584,2599,16,8523,126,0.12003266868387155,0,0.20000020000000002,0,0.004888379
nonlinear_charge_a100,1,1,6,1,2584,2599,16,8523,126,0.12003266868387155,0,0.20000020000000002,0,0.0049177750000000001
nonlinear_charge_a100,1,1,7,1,2584,2599,16,8523,126,0.12003266868387155,0,0.20000020000000002,0,0.0049451169999999997
nonlinear_charge_a100,1,1,8,1,2584,2599,16,8523,126,0.12003266868387155,0,0.20000020000000002,0,0.0048909549999999998
nonlinear_charge_a100,1,1,9,1,2584,2599,16,8523,126,0.12003266868387155,0,0.20000020000000002,0,0.0048896119999999998
nonlinear_charge_a100,1,1,10,1,2584,2599,16,8523,126,0.12003266868387155,0,0.20000020000000002,0,0.0049209609999999997
